attempt_id,configuration_id,run_id,study,experiment_id,job_id,eligible,recorded_outcome,documented_completion,failure_kind,exclusion_reason,last_completed_step_if_documented,evidence_files,scheduler_evidence
attempt-008cd5b7b91feefd,cfg-17e69bcf1b041bd9,run-008cd5b7b91feefd,four_gpu,rev-topology-phi4_mini-gsm8k-c3-s113-four_gpu,5045354,1,completed,1,,,,output/revision_topology/rev-topology-phi4_mini-gsm8k-c3-s113-four_gpu/attempt-5045354/environment-5045354.json;output/revision_topology/rev-topology-phi4_mini-gsm8k-c3-s113-four_gpu/attempt-5045354/gpu-memory-5045354.csv;output/revision_topology/rev-topology-phi4_mini-gsm8k-c3-s113-four_gpu/attempt-5045354/gpu-telemetry-5045354.csv;output/revision_topology/rev-topology-phi4_mini-gsm8k-c3-s113-four_gpu/attempt-5045354/phase-memory-5045354.csv;output/revision_topology/rev-topology-phi4_mini-gsm8k-c3-s113-four_gpu/attempt-5045354/training-5045354.log;output/revision_topology/rev-topology-phi4_mini-gsm8k-c3-s113-four_gpu/attempt-5045354/trial-5045354.json;output/revision_topology/rev-topology-phi4_mini-gsm8k-c3-s113-four_gpu/trial-5045354.json,
attempt-00f0fdcc3cf29a61,cfg-4e0b53e75324e5f8,run-00f0fdcc3cf29a61,state_release,strong-node-qwen25_3b-grpo-gsm8k-near_boundary-s82-p2-release,5031092,1,completed,1,,,,output/strengthening_same_node_residency/strong-node-qwen25_3b-grpo-gsm8k-near_boundary-s82-p2-release/environment-5031092.json;output/strengthening_same_node_residency/strong-node-qwen25_3b-grpo-gsm8k-near_boundary-s82-p2-release/gpu-memory-5031092.csv;output/strengthening_same_node_residency/strong-node-qwen25_3b-grpo-gsm8k-near_boundary-s82-p2-release/gpu-telemetry-5031092.csv;output/strengthening_same_node_residency/strong-node-qwen25_3b-grpo-gsm8k-near_boundary-s82-p2-release/phase-memory-5031092.csv;output/strengthening_same_node_residency/strong-node-qwen25_3b-grpo-gsm8k-near_boundary-s82-p2-release/training-5031092.log;output/strengthening_same_node_residency/strong-node-qwen25_3b-grpo-gsm8k-near_boundary-s82-p2-release/trial-5031092.json,
attempt-0149080116bfd0c6,cfg-18285c3cb50308d4,run-0149080116bfd0c6,boundary,mr-xm-confirm-phi4_mini-grpo-code_heavy_tail-c1-s53,5003711,1,completed,1,,,,output/major_revision_cross_model_confirmatory/mr-xm-confirm-phi4_mini-grpo-code_heavy_tail-c1-s53/environment-5003711.json;output/major_revision_cross_model_confirmatory/mr-xm-confirm-phi4_mini-grpo-code_heavy_tail-c1-s53/gpu-memory-5003711.csv;output/major_revision_cross_model_confirmatory/mr-xm-confirm-phi4_mini-grpo-code_heavy_tail-c1-s53/gpu-telemetry-5003711.csv;output/major_revision_cross_model_confirmatory/mr-xm-confirm-phi4_mini-grpo-code_heavy_tail-c1-s53/phase-memory-5003711.csv;output/major_revision_cross_model_confirmatory/mr-xm-confirm-phi4_mini-grpo-code_heavy_tail-c1-s53/training-5003711.log;output/major_revision_cross_model_confirmatory/mr-xm-confirm-phi4_mini-grpo-code_heavy_tail-c1-s53/trial-5003711.json,
attempt-01c3bc12b2795a8c,cfg-73c06764ba28a56b,run-01c3bc12b2795a8c,boundary,strong-granite-confirmatory-grpo-gsm8k_long-c3-s93,5031240,1,completed,1,,,,output/strengthening_granite_confirmatory/strong-granite-confirmatory-grpo-gsm8k_long-c3-s93/environment-5031240.json;output/strengthening_granite_confirmatory/strong-granite-confirmatory-grpo-gsm8k_long-c3-s93/gpu-memory-5031240.csv;output/strengthening_granite_confirmatory/strong-granite-confirmatory-grpo-gsm8k_long-c3-s93/gpu-telemetry-5031240.csv;output/strengthening_granite_confirmatory/strong-granite-confirmatory-grpo-gsm8k_long-c3-s93/phase-memory-5031240.csv;output/strengthening_granite_confirmatory/strong-granite-confirmatory-grpo-gsm8k_long-c3-s93/training-5031240.log;output/strengthening_granite_confirmatory/strong-granite-confirmatory-grpo-gsm8k_long-c3-s93/trial-5031240.json,
attempt-01fa8aec3396244b,cfg-b7f5b55ef67a8883,run-01fa8aec3396244b,batch_reservation,strong-factorial-qwen25_3b-grpo-code_heavy_tail-reservation_only-s94,5031989,1,completed,1,,,,output/strengthening_factorial/strong-factorial-qwen25_3b-grpo-code_heavy_tail-reservation_only-s94/environment-5031989.json;output/strengthening_factorial/strong-factorial-qwen25_3b-grpo-code_heavy_tail-reservation_only-s94/gpu-memory-5031989.csv;output/strengthening_factorial/strong-factorial-qwen25_3b-grpo-code_heavy_tail-reservation_only-s94/gpu-telemetry-5031989.csv;output/strengthening_factorial/strong-factorial-qwen25_3b-grpo-code_heavy_tail-reservation_only-s94/phase-memory-5031989.csv;output/strengthening_factorial/strong-factorial-qwen25_3b-grpo-code_heavy_tail-reservation_only-s94/training-5031989.log;output/strengthening_factorial/strong-factorial-qwen25_3b-grpo-code_heavy_tail-reservation_only-s94/trial-5031989.json,
attempt-0266fae0b96a7550,cfg-a188f9742074d270,run-0266fae0b96a7550,state_release,strong-node-qwen25_3b-grpo-gsm8k-near_boundary-s83-p2-resident,5031094,1,memory_failure,0,weight_sync_oom,,,output/strengthening_same_node_residency/strong-node-qwen25_3b-grpo-gsm8k-near_boundary-s83-p2-resident/environment-5031094.json;output/strengthening_same_node_residency/strong-node-qwen25_3b-grpo-gsm8k-near_boundary-s83-p2-resident/gpu-memory-5031094.csv;output/strengthening_same_node_residency/strong-node-qwen25_3b-grpo-gsm8k-near_boundary-s83-p2-resident/gpu-telemetry-5031094.csv;output/strengthening_same_node_residency/strong-node-qwen25_3b-grpo-gsm8k-near_boundary-s83-p2-resident/phase-memory-5031094.csv;output/strengthening_same_node_residency/strong-node-qwen25_3b-grpo-gsm8k-near_boundary-s83-p2-resident/training-5031094.log;output/strengthening_same_node_residency/strong-node-qwen25_3b-grpo-gsm8k-near_boundary-s83-p2-resident/trial-5031094.json,
attempt-0274ea382bb4411e,cfg-a8e7e878a371de68,run-0274ea382bb4411e,batch_reservation,strong-factorial-phi4_mini-grpo-code_standard-base-s96,5031747,1,completed,1,,,,output/strengthening_factorial/strong-factorial-phi4_mini-grpo-code_standard-base-s96/environment-5031747.json;output/strengthening_factorial/strong-factorial-phi4_mini-grpo-code_standard-base-s96/gpu-memory-5031747.csv;output/strengthening_factorial/strong-factorial-phi4_mini-grpo-code_standard-base-s96/gpu-telemetry-5031747.csv;output/strengthening_factorial/strong-factorial-phi4_mini-grpo-code_standard-base-s96/phase-memory-5031747.csv;output/strengthening_factorial/strong-factorial-phi4_mini-grpo-code_standard-base-s96/training-5031747.log;output/strengthening_factorial/strong-factorial-phi4_mini-grpo-code_standard-base-s96/trial-5031747.json,
attempt-029e116495a7b815,cfg-399f6b038d6f65f9,run-029e116495a7b815,four_gpu,rev-topology-qwen25_3b-gsm8k-c2-s111-four_gpu,5045273,1,completed,1,,,,output/revision_topology/rev-topology-qwen25_3b-gsm8k-c2-s111-four_gpu/attempt-5045273/environment-5045273.json;output/revision_topology/rev-topology-qwen25_3b-gsm8k-c2-s111-four_gpu/attempt-5045273/gpu-memory-5045273.csv;output/revision_topology/rev-topology-qwen25_3b-gsm8k-c2-s111-four_gpu/attempt-5045273/gpu-telemetry-5045273.csv;output/revision_topology/rev-topology-qwen25_3b-gsm8k-c2-s111-four_gpu/attempt-5045273/phase-memory-5045273.csv;output/revision_topology/rev-topology-qwen25_3b-gsm8k-c2-s111-four_gpu/attempt-5045273/training-5045273.log;output/revision_topology/rev-topology-qwen25_3b-gsm8k-c2-s111-four_gpu/attempt-5045273/trial-5045273.json;output/revision_topology/rev-topology-qwen25_3b-gsm8k-c2-s111-four_gpu/trial-5045273.json,
attempt-02cd07da6caa1a64,cfg-338d9224eb9d2f3a,run-02cd07da6caa1a64,boundary,v2cf-confirm-qwen25_3b-grpo-gsm8k_long-c2-s42,4935810,1,completed,1,,,,output/benchmark_v2_cross_family_confirmatory/v2cf-confirm-qwen25_3b-grpo-gsm8k_long-c2-s42/environment-4935810.json;output/benchmark_v2_cross_family_confirmatory/v2cf-confirm-qwen25_3b-grpo-gsm8k_long-c2-s42/gpu-memory-4935810.csv;output/benchmark_v2_cross_family_confirmatory/v2cf-confirm-qwen25_3b-grpo-gsm8k_long-c2-s42/gpu-telemetry-4935810.csv;output/benchmark_v2_cross_family_confirmatory/v2cf-confirm-qwen25_3b-grpo-gsm8k_long-c2-s42/phase-memory-4935810.csv;output/benchmark_v2_cross_family_confirmatory/v2cf-confirm-qwen25_3b-grpo-gsm8k_long-c2-s42/training-4935810.log;output/benchmark_v2_cross_family_confirmatory/v2cf-confirm-qwen25_3b-grpo-gsm8k_long-c2-s42/trial-4935810.json,
attempt-030884a3697e9a81,cfg-2d4026e56a7ee4fe,run-030884a3697e9a81,instrumentation,rev-instrumentation-granite33_2b-math-c4-s113-external,5045282,1,completed,1,,,,output/revision_instrumentation/rev-instrumentation-granite33_2b-math-c4-s113-external/attempt-5045282/environment-5045282.json;output/revision_instrumentation/rev-instrumentation-granite33_2b-math-c4-s113-external/attempt-5045282/gpu-memory-5045282.csv;output/revision_instrumentation/rev-instrumentation-granite33_2b-math-c4-s113-external/attempt-5045282/gpu-telemetry-5045282.csv;output/revision_instrumentation/rev-instrumentation-granite33_2b-math-c4-s113-external/attempt-5045282/phase-memory-5045282.csv;output/revision_instrumentation/rev-instrumentation-granite33_2b-math-c4-s113-external/attempt-5045282/training-5045282.log;output/revision_instrumentation/rev-instrumentation-granite33_2b-math-c4-s113-external/attempt-5045282/trial-5045282.json;output/revision_instrumentation/rev-instrumentation-granite33_2b-math-c4-s113-external/trial-5045282.json,
attempt-0357b851b79ef830,cfg-e80b4f00d0546932,run-0357b851b79ef830,instrumentation,rev-instrumentation-granite33_2b-math-c3-s112-full,5045391,1,completed,1,,,,output/revision_instrumentation/rev-instrumentation-granite33_2b-math-c3-s112-full/attempt-5045391/environment-5045391.json;output/revision_instrumentation/rev-instrumentation-granite33_2b-math-c3-s112-full/attempt-5045391/gpu-memory-5045391.csv;output/revision_instrumentation/rev-instrumentation-granite33_2b-math-c3-s112-full/attempt-5045391/gpu-telemetry-5045391.csv;output/revision_instrumentation/rev-instrumentation-granite33_2b-math-c3-s112-full/attempt-5045391/phase-memory-5045391.csv;output/revision_instrumentation/rev-instrumentation-granite33_2b-math-c3-s112-full/attempt-5045391/training-5045391.log;output/revision_instrumentation/rev-instrumentation-granite33_2b-math-c3-s112-full/attempt-5045391/trial-5045391.json;output/revision_instrumentation/rev-instrumentation-granite33_2b-math-c3-s112-full/trial-5045391.json,
attempt-0410e7cc800b89a1,cfg-c38f036ca97204f7,run-0410e7cc800b89a1,temporal_40,v2time-grpo-gsm8k-qwen25_3b-safe_margin-s41,4935431,1,completed,1,,,,output/benchmark_v2_temporal_confirmatory/v2time-grpo-gsm8k-qwen25_3b-safe_margin-s41/environment-4935431.json;output/benchmark_v2_temporal_confirmatory/v2time-grpo-gsm8k-qwen25_3b-safe_margin-s41/gpu-memory-4935431.csv;output/benchmark_v2_temporal_confirmatory/v2time-grpo-gsm8k-qwen25_3b-safe_margin-s41/gpu-telemetry-4935431.csv;output/benchmark_v2_temporal_confirmatory/v2time-grpo-gsm8k-qwen25_3b-safe_margin-s41/phase-memory-4935431.csv;output/benchmark_v2_temporal_confirmatory/v2time-grpo-gsm8k-qwen25_3b-safe_margin-s41/training-4935431.log;output/benchmark_v2_temporal_confirmatory/v2time-grpo-gsm8k-qwen25_3b-safe_margin-s41/trial-4935431.json,
attempt-0456548fec311ba1,cfg-7a98d0694b7ff8f8,run-0456548fec311ba1,sampling_calibration,v2tel-04-qwen25_3b-grpo-gsm8k-near_boundary-10ms,4935155,1,completed,1,,,,output/benchmark_v2_telemetry_calibration/v2tel-04-qwen25_3b-grpo-gsm8k-near_boundary-10ms/environment-4935155.json;output/benchmark_v2_telemetry_calibration/v2tel-04-qwen25_3b-grpo-gsm8k-near_boundary-10ms/gpu-memory-4935155.csv;output/benchmark_v2_telemetry_calibration/v2tel-04-qwen25_3b-grpo-gsm8k-near_boundary-10ms/gpu-telemetry-4935155.csv;output/benchmark_v2_telemetry_calibration/v2tel-04-qwen25_3b-grpo-gsm8k-near_boundary-10ms/phase-memory-4935155.csv;output/benchmark_v2_telemetry_calibration/v2tel-04-qwen25_3b-grpo-gsm8k-near_boundary-10ms/training-4935155.log;output/benchmark_v2_telemetry_calibration/v2tel-04-qwen25_3b-grpo-gsm8k-near_boundary-10ms/trial-4935155.json,
attempt-05cc986ee8b775be,cfg-6a4562db98b38d6f,run-05cc986ee8b775be,boundary,strong-granite-confirmatory-grpo-gsm8k_long-c4-s92,5031243,1,completed,1,,,,output/strengthening_granite_confirmatory/strong-granite-confirmatory-grpo-gsm8k_long-c4-s92/environment-5031243.json;output/strengthening_granite_confirmatory/strong-granite-confirmatory-grpo-gsm8k_long-c4-s92/gpu-memory-5031243.csv;output/strengthening_granite_confirmatory/strong-granite-confirmatory-grpo-gsm8k_long-c4-s92/gpu-telemetry-5031243.csv;output/strengthening_granite_confirmatory/strong-granite-confirmatory-grpo-gsm8k_long-c4-s92/phase-memory-5031243.csv;output/strengthening_granite_confirmatory/strong-granite-confirmatory-grpo-gsm8k_long-c4-s92/training-5031243.log;output/strengthening_granite_confirmatory/strong-granite-confirmatory-grpo-gsm8k_long-c4-s92/trial-5031243.json,
attempt-0642d5dc18f1ac77,cfg-966f5804dc918967,run-0642d5dc18f1ac77,boundary,v2cf-confirm-phi4_mini-grpo-gsm8k_long-c4-s41,4936236,1,memory_failure,0,rollout_init_memory,,,output/benchmark_v2_cross_family_confirmatory/v2cf-confirm-phi4_mini-grpo-gsm8k_long-c4-s41/environment-4936236.json;output/benchmark_v2_cross_family_confirmatory/v2cf-confirm-phi4_mini-grpo-gsm8k_long-c4-s41/gpu-memory-4936236.csv;output/benchmark_v2_cross_family_confirmatory/v2cf-confirm-phi4_mini-grpo-gsm8k_long-c4-s41/gpu-telemetry-4936236.csv;output/benchmark_v2_cross_family_confirmatory/v2cf-confirm-phi4_mini-grpo-gsm8k_long-c4-s41/phase-memory-4936236.csv;output/benchmark_v2_cross_family_confirmatory/v2cf-confirm-phi4_mini-grpo-gsm8k_long-c4-s41/training-4936236.log;output/benchmark_v2_cross_family_confirmatory/v2cf-confirm-phi4_mini-grpo-gsm8k_long-c4-s41/trial-4936236.json,
attempt-076591b13d710b8c,cfg-fd4d4789145230df,run-076591b13d710b8c,boundary,strong-granite-confirmatory-grpo-math_short-c1-s93,5031334,1,completed,1,,,,output/strengthening_granite_confirmatory/strong-granite-confirmatory-grpo-math_short-c1-s93/environment-5031334.json;output/strengthening_granite_confirmatory/strong-granite-confirmatory-grpo-math_short-c1-s93/gpu-memory-5031334.csv;output/strengthening_granite_confirmatory/strong-granite-confirmatory-grpo-math_short-c1-s93/gpu-telemetry-5031334.csv;output/strengthening_granite_confirmatory/strong-granite-confirmatory-grpo-math_short-c1-s93/phase-memory-5031334.csv;output/strengthening_granite_confirmatory/strong-granite-confirmatory-grpo-math_short-c1-s93/training-5031334.log;output/strengthening_granite_confirmatory/strong-granite-confirmatory-grpo-math_short-c1-s93/trial-5031334.json,
attempt-07e241ceb1cd9225,cfg-08730ad4a3df95fa,run-07e241ceb1cd9225,batch_reservation,strong-factorial-granite33_2b-grpo-code_heavy_tail-reservation_only-s96,5031602,1,completed,1,,,,output/strengthening_factorial/strong-factorial-granite33_2b-grpo-code_heavy_tail-reservation_only-s96/environment-5031602.json;output/strengthening_factorial/strong-factorial-granite33_2b-grpo-code_heavy_tail-reservation_only-s96/gpu-memory-5031602.csv;output/strengthening_factorial/strong-factorial-granite33_2b-grpo-code_heavy_tail-reservation_only-s96/gpu-telemetry-5031602.csv;output/strengthening_factorial/strong-factorial-granite33_2b-grpo-code_heavy_tail-reservation_only-s96/phase-memory-5031602.csv;output/strengthening_factorial/strong-factorial-granite33_2b-grpo-code_heavy_tail-reservation_only-s96/training-5031602.log;output/strengthening_factorial/strong-factorial-granite33_2b-grpo-code_heavy_tail-reservation_only-s96/trial-5031602.json,
attempt-082e697850e93a1a,cfg-7d5384d3ac8311c8,run-082e697850e93a1a,horizon_followup,rev-temporal-phi4_mini-gsm8k-interpolated-s111-source,5045281,1,completed,1,,,,output/revision_temporal/rev-temporal-phi4_mini-gsm8k-interpolated-s111-source/attempt-5045281/environment-5045281.json;output/revision_temporal/rev-temporal-phi4_mini-gsm8k-interpolated-s111-source/attempt-5045281/gpu-memory-5045281.csv;output/revision_temporal/rev-temporal-phi4_mini-gsm8k-interpolated-s111-source/attempt-5045281/gpu-telemetry-5045281.csv;output/revision_temporal/rev-temporal-phi4_mini-gsm8k-interpolated-s111-source/attempt-5045281/phase-memory-5045281.csv;output/revision_temporal/rev-temporal-phi4_mini-gsm8k-interpolated-s111-source/attempt-5045281/training-5045281.log;output/revision_temporal/rev-temporal-phi4_mini-gsm8k-interpolated-s111-source/attempt-5045281/trial-5045281.json;output/revision_temporal/rev-temporal-phi4_mini-gsm8k-interpolated-s111-source/trial-5045281.json,
attempt-0878641754683d89,cfg-c0605c1607caa079,run-0878641754683d89,boundary,v2cf-confirm-phi4_mini-grpo-gsm8k_long-c3-s41,4936192,1,completed,1,,,,output/benchmark_v2_cross_family_confirmatory/v2cf-confirm-phi4_mini-grpo-gsm8k_long-c3-s41/environment-4936192.json;output/benchmark_v2_cross_family_confirmatory/v2cf-confirm-phi4_mini-grpo-gsm8k_long-c3-s41/gpu-memory-4936192.csv;output/benchmark_v2_cross_family_confirmatory/v2cf-confirm-phi4_mini-grpo-gsm8k_long-c3-s41/gpu-telemetry-4936192.csv;output/benchmark_v2_cross_family_confirmatory/v2cf-confirm-phi4_mini-grpo-gsm8k_long-c3-s41/phase-memory-4936192.csv;output/benchmark_v2_cross_family_confirmatory/v2cf-confirm-phi4_mini-grpo-gsm8k_long-c3-s41/training-4936192.log;output/benchmark_v2_cross_family_confirmatory/v2cf-confirm-phi4_mini-grpo-gsm8k_long-c3-s41/trial-4936192.json,
attempt-08c99e12d8e431cb,cfg-399f6b038d6f65f9,,four_gpu,rev-topology-qwen25_3b-gsm8k-c2-s111-four_gpu,5045268,0,other_failure,0,environment,revision_four_gpu_port_span,,output/revision_topology/rev-topology-qwen25_3b-gsm8k-c2-s111-four_gpu/attempt-5045268/environment-5045268.json;output/revision_topology/rev-topology-qwen25_3b-gsm8k-c2-s111-four_gpu/attempt-5045268/gpu-memory-5045268.csv;output/revision_topology/rev-topology-qwen25_3b-gsm8k-c2-s111-four_gpu/attempt-5045268/gpu-telemetry-5045268.csv;output/revision_topology/rev-topology-qwen25_3b-gsm8k-c2-s111-four_gpu/attempt-5045268/phase-memory-5045268.csv;output/revision_topology/rev-topology-qwen25_3b-gsm8k-c2-s111-four_gpu/attempt-5045268/training-5045268.log;output/revision_topology/rev-topology-qwen25_3b-gsm8k-c2-s111-four_gpu/attempt-5045268/trial-5045268.json;output/revision_topology/rev-topology-qwen25_3b-gsm8k-c2-s111-four_gpu/trial-5045268.json,
attempt-09224dcdec18b7ce,cfg-28f3c14e91d01934,run-09224dcdec18b7ce,batch_reservation,strong-factorial-granite33_2b-grpo-code_heavy_tail-joint-s95,5031590,1,completed,1,,,,output/strengthening_factorial/strong-factorial-granite33_2b-grpo-code_heavy_tail-joint-s95/environment-5031590.json;output/strengthening_factorial/strong-factorial-granite33_2b-grpo-code_heavy_tail-joint-s95/gpu-memory-5031590.csv;output/strengthening_factorial/strong-factorial-granite33_2b-grpo-code_heavy_tail-joint-s95/gpu-telemetry-5031590.csv;output/strengthening_factorial/strong-factorial-granite33_2b-grpo-code_heavy_tail-joint-s95/phase-memory-5031590.csv;output/strengthening_factorial/strong-factorial-granite33_2b-grpo-code_heavy_tail-joint-s95/training-5031590.log;output/strengthening_factorial/strong-factorial-granite33_2b-grpo-code_heavy_tail-joint-s95/trial-5031590.json,
attempt-09333bc88b35688d,cfg-62f371a80968a0ba,run-09333bc88b35688d,boundary,v2cf-confirm-qwen25_3b-grpo-math_short-c1-s42,4935542,1,completed,1,,,,output/benchmark_v2_cross_family_confirmatory/v2cf-confirm-qwen25_3b-grpo-math_short-c1-s42/environment-4935542.json;output/benchmark_v2_cross_family_confirmatory/v2cf-confirm-qwen25_3b-grpo-math_short-c1-s42/gpu-memory-4935542.csv;output/benchmark_v2_cross_family_confirmatory/v2cf-confirm-qwen25_3b-grpo-math_short-c1-s42/gpu-telemetry-4935542.csv;output/benchmark_v2_cross_family_confirmatory/v2cf-confirm-qwen25_3b-grpo-math_short-c1-s42/phase-memory-4935542.csv;output/benchmark_v2_cross_family_confirmatory/v2cf-confirm-qwen25_3b-grpo-math_short-c1-s42/training-4935542.log;output/benchmark_v2_cross_family_confirmatory/v2cf-confirm-qwen25_3b-grpo-math_short-c1-s42/trial-4935542.json,
attempt-095297a4072b6658,cfg-b5352215babfeba6,run-095297a4072b6658,boundary,strong-granite-confirmatory-grpo-math_short-c2-s93,5031367,1,completed,1,,,,output/strengthening_granite_confirmatory/strong-granite-confirmatory-grpo-math_short-c2-s93/environment-5031367.json;output/strengthening_granite_confirmatory/strong-granite-confirmatory-grpo-math_short-c2-s93/gpu-memory-5031367.csv;output/strengthening_granite_confirmatory/strong-granite-confirmatory-grpo-math_short-c2-s93/gpu-telemetry-5031367.csv;output/strengthening_granite_confirmatory/strong-granite-confirmatory-grpo-math_short-c2-s93/phase-memory-5031367.csv;output/strengthening_granite_confirmatory/strong-granite-confirmatory-grpo-math_short-c2-s93/training-5031367.log;output/strengthening_granite_confirmatory/strong-granite-confirmatory-grpo-math_short-c2-s93/trial-5031367.json,
attempt-098ee575226a062a,cfg-78c440d3891ddbc2,run-098ee575226a062a,four_gpu,rev-topology-qwen25_3b-gsm8k-c4-s112-four_gpu,5045298,1,completed,1,,,,output/revision_topology/rev-topology-qwen25_3b-gsm8k-c4-s112-four_gpu/attempt-5045298/environment-5045298.json;output/revision_topology/rev-topology-qwen25_3b-gsm8k-c4-s112-four_gpu/attempt-5045298/gpu-memory-5045298.csv;output/revision_topology/rev-topology-qwen25_3b-gsm8k-c4-s112-four_gpu/attempt-5045298/gpu-telemetry-5045298.csv;output/revision_topology/rev-topology-qwen25_3b-gsm8k-c4-s112-four_gpu/attempt-5045298/phase-memory-5045298.csv;output/revision_topology/rev-topology-qwen25_3b-gsm8k-c4-s112-four_gpu/attempt-5045298/training-5045298.log;output/revision_topology/rev-topology-qwen25_3b-gsm8k-c4-s112-four_gpu/attempt-5045298/trial-5045298.json;output/revision_topology/rev-topology-qwen25_3b-gsm8k-c4-s112-four_gpu/trial-5045298.json,
attempt-09bd0ad46801b725,cfg-4eeaf0596358fc50,run-09bd0ad46801b725,sampling_calibration,v2tel-06-qwen25_3b-grpo-math-near_boundary-10ms,4935223,1,completed,1,,,,output/benchmark_v2_telemetry_calibration/v2tel-06-qwen25_3b-grpo-math-near_boundary-10ms/environment-4935223.json;output/benchmark_v2_telemetry_calibration/v2tel-06-qwen25_3b-grpo-math-near_boundary-10ms/gpu-memory-4935223.csv;output/benchmark_v2_telemetry_calibration/v2tel-06-qwen25_3b-grpo-math-near_boundary-10ms/gpu-telemetry-4935223.csv;output/benchmark_v2_telemetry_calibration/v2tel-06-qwen25_3b-grpo-math-near_boundary-10ms/phase-memory-4935223.csv;output/benchmark_v2_telemetry_calibration/v2tel-06-qwen25_3b-grpo-math-near_boundary-10ms/training-4935223.log;output/benchmark_v2_telemetry_calibration/v2tel-06-qwen25_3b-grpo-math-near_boundary-10ms/trial-4935223.json,
attempt-09c61cb7b6e86735,cfg-30f98456fdb322c1,run-09c61cb7b6e86735,boundary,v2cf-confirm-qwen25_3b-grpo-math_short-c2-s43,4935949,1,completed,1,,,,output/benchmark_v2_cross_family_confirmatory/v2cf-confirm-qwen25_3b-grpo-math_short-c2-s43/environment-4935949.json;output/benchmark_v2_cross_family_confirmatory/v2cf-confirm-qwen25_3b-grpo-math_short-c2-s43/gpu-memory-4935949.csv;output/benchmark_v2_cross_family_confirmatory/v2cf-confirm-qwen25_3b-grpo-math_short-c2-s43/gpu-telemetry-4935949.csv;output/benchmark_v2_cross_family_confirmatory/v2cf-confirm-qwen25_3b-grpo-math_short-c2-s43/phase-memory-4935949.csv;output/benchmark_v2_cross_family_confirmatory/v2cf-confirm-qwen25_3b-grpo-math_short-c2-s43/training-4935949.log;output/benchmark_v2_cross_family_confirmatory/v2cf-confirm-qwen25_3b-grpo-math_short-c2-s43/trial-4935949.json,
attempt-0a90994fada35da0,cfg-835067f7405e89a2,run-0a90994fada35da0,boundary,strong-granite-confirmatory-grpo-math_short-c3-s92,5031369,1,completed,1,,,,output/strengthening_granite_confirmatory/strong-granite-confirmatory-grpo-math_short-c3-s92/environment-5031369.json;output/strengthening_granite_confirmatory/strong-granite-confirmatory-grpo-math_short-c3-s92/gpu-memory-5031369.csv;output/strengthening_granite_confirmatory/strong-granite-confirmatory-grpo-math_short-c3-s92/gpu-telemetry-5031369.csv;output/strengthening_granite_confirmatory/strong-granite-confirmatory-grpo-math_short-c3-s92/phase-memory-5031369.csv;output/strengthening_granite_confirmatory/strong-granite-confirmatory-grpo-math_short-c3-s92/training-5031369.log;output/strengthening_granite_confirmatory/strong-granite-confirmatory-grpo-math_short-c3-s92/trial-5031369.json,
attempt-0ad56852ba6e16cf,cfg-7ee75feb0b09675f,run-0ad56852ba6e16cf,batch_reservation,strong-factorial-qwen25_3b-grpo-math-actor_only-s95,5032051,1,completed,1,,,,output/strengthening_factorial/strong-factorial-qwen25_3b-grpo-math-actor_only-s95/environment-5032051.json;output/strengthening_factorial/strong-factorial-qwen25_3b-grpo-math-actor_only-s95/gpu-memory-5032051.csv;output/strengthening_factorial/strong-factorial-qwen25_3b-grpo-math-actor_only-s95/gpu-telemetry-5032051.csv;output/strengthening_factorial/strong-factorial-qwen25_3b-grpo-math-actor_only-s95/phase-memory-5032051.csv;output/strengthening_factorial/strong-factorial-qwen25_3b-grpo-math-actor_only-s95/training-5032051.log;output/strengthening_factorial/strong-factorial-qwen25_3b-grpo-math-actor_only-s95/trial-5032051.json,
attempt-0b08f43f00db84b6,cfg-402f13fde534d758,run-0b08f43f00db84b6,batch_reservation,strong-factorial-qwen25_3b-grpo-gsm8k-actor_only-s94,5032031,1,completed,1,,,,output/strengthening_factorial/strong-factorial-qwen25_3b-grpo-gsm8k-actor_only-s94/environment-5032031.json;output/strengthening_factorial/strong-factorial-qwen25_3b-grpo-gsm8k-actor_only-s94/gpu-memory-5032031.csv;output/strengthening_factorial/strong-factorial-qwen25_3b-grpo-gsm8k-actor_only-s94/gpu-telemetry-5032031.csv;output/strengthening_factorial/strong-factorial-qwen25_3b-grpo-gsm8k-actor_only-s94/phase-memory-5032031.csv;output/strengthening_factorial/strong-factorial-qwen25_3b-grpo-gsm8k-actor_only-s94/training-5032031.log;output/strengthening_factorial/strong-factorial-qwen25_3b-grpo-gsm8k-actor_only-s94/trial-5032031.json,
attempt-0b567559093d33d0,cfg-32977d5aa42a41cb,,boundary,strong-granite-confirmatory-grpo-math_short-c5-s92,5031270,0,other_failure,0,distributed_port_collision,granite_vllm_replica_port_collision,,output/strengthening_granite_confirmatory/strong-granite-confirmatory-grpo-math_short-c5-s92/environment-5031270.json;output/strengthening_granite_confirmatory/strong-granite-confirmatory-grpo-math_short-c5-s92/gpu-memory-5031270.csv;output/strengthening_granite_confirmatory/strong-granite-confirmatory-grpo-math_short-c5-s92/gpu-telemetry-5031270.csv;output/strengthening_granite_confirmatory/strong-granite-confirmatory-grpo-math_short-c5-s92/phase-memory-5031270.csv;output/strengthening_granite_confirmatory/strong-granite-confirmatory-grpo-math_short-c5-s92/training-5031270.log;output/strengthening_granite_confirmatory/strong-granite-confirmatory-grpo-math_short-c5-s92/trial-5031270.json,
attempt-0bac4d651ad7fc57,cfg-b56fb353c2f2fa3e,,boundary,strong-granite-confirmatory-grpo-math_short-c0-s92,5031252,0,other_failure,0,runtime,granite_live_launcher_replacement_failure,,output/strengthening_granite_confirmatory/strong-granite-confirmatory-grpo-math_short-c0-s92/environment-5031252.json;output/strengthening_granite_confirmatory/strong-granite-confirmatory-grpo-math_short-c0-s92/gpu-memory-5031252.csv;output/strengthening_granite_confirmatory/strong-granite-confirmatory-grpo-math_short-c0-s92/gpu-telemetry-5031252.csv;output/strengthening_granite_confirmatory/strong-granite-confirmatory-grpo-math_short-c0-s92/phase-memory-5031252.csv;output/strengthening_granite_confirmatory/strong-granite-confirmatory-grpo-math_short-c0-s92/training-5031252.log;output/strengthening_granite_confirmatory/strong-granite-confirmatory-grpo-math_short-c0-s92/trial-5031252.json,
attempt-0bcf8514799accce,cfg-cc5f4f0c2e1256ba,,boundary,strong-granite-confirmatory-grpo-code_standard-c1-s93,5031278,0,other_failure,0,distributed_port_collision,granite_vllm_replica_port_collision,,output/strengthening_granite_confirmatory/strong-granite-confirmatory-grpo-code_standard-c1-s93/environment-5031278.json;output/strengthening_granite_confirmatory/strong-granite-confirmatory-grpo-code_standard-c1-s93/gpu-memory-5031278.csv;output/strengthening_granite_confirmatory/strong-granite-confirmatory-grpo-code_standard-c1-s93/gpu-telemetry-5031278.csv;output/strengthening_granite_confirmatory/strong-granite-confirmatory-grpo-code_standard-c1-s93/phase-memory-5031278.csv;output/strengthening_granite_confirmatory/strong-granite-confirmatory-grpo-code_standard-c1-s93/training-5031278.log;output/strengthening_granite_confirmatory/strong-granite-confirmatory-grpo-code_standard-c1-s93/trial-5031278.json,
attempt-0c16dc0e9b017276,cfg-b5007322fb2e1772,run-0c16dc0e9b017276,boundary,mr-xm-confirm-qwen25_3b-grpo-code_heavy_tail-c0-s51,4999495,1,completed,1,,,,output/major_revision_cross_model_confirmatory/mr-xm-confirm-qwen25_3b-grpo-code_heavy_tail-c0-s51/environment-4999495.json;output/major_revision_cross_model_confirmatory/mr-xm-confirm-qwen25_3b-grpo-code_heavy_tail-c0-s51/gpu-memory-4999495.csv;output/major_revision_cross_model_confirmatory/mr-xm-confirm-qwen25_3b-grpo-code_heavy_tail-c0-s51/gpu-telemetry-4999495.csv;output/major_revision_cross_model_confirmatory/mr-xm-confirm-qwen25_3b-grpo-code_heavy_tail-c0-s51/phase-memory-4999495.csv;output/major_revision_cross_model_confirmatory/mr-xm-confirm-qwen25_3b-grpo-code_heavy_tail-c0-s51/training-4999495.log;output/major_revision_cross_model_confirmatory/mr-xm-confirm-qwen25_3b-grpo-code_heavy_tail-c0-s51/trial-4999495.json,
attempt-0c67495ac95c7533,cfg-3c3a7527d888e069,run-0c67495ac95c7533,instrumentation,rev-instrumentation-phi4_mini-gsm8k-c3-s112-full,5045357,1,completed,1,,,,output/revision_instrumentation/rev-instrumentation-phi4_mini-gsm8k-c3-s112-full/attempt-5045357/environment-5045357.json;output/revision_instrumentation/rev-instrumentation-phi4_mini-gsm8k-c3-s112-full/attempt-5045357/gpu-memory-5045357.csv;output/revision_instrumentation/rev-instrumentation-phi4_mini-gsm8k-c3-s112-full/attempt-5045357/gpu-telemetry-5045357.csv;output/revision_instrumentation/rev-instrumentation-phi4_mini-gsm8k-c3-s112-full/attempt-5045357/phase-memory-5045357.csv;output/revision_instrumentation/rev-instrumentation-phi4_mini-gsm8k-c3-s112-full/attempt-5045357/training-5045357.log;output/revision_instrumentation/rev-instrumentation-phi4_mini-gsm8k-c3-s112-full/attempt-5045357/trial-5045357.json;output/revision_instrumentation/rev-instrumentation-phi4_mini-gsm8k-c3-s112-full/trial-5045357.json,
attempt-0c81351f6a1a045a,cfg-3ffb5c1bf8440754,run-0c81351f6a1a045a,batch_reservation,strong-factorial-phi4_mini-grpo-code_heavy_tail-reservation_only-s95,5031721,1,completed,1,,,,output/strengthening_factorial/strong-factorial-phi4_mini-grpo-code_heavy_tail-reservation_only-s95/environment-5031721.json;output/strengthening_factorial/strong-factorial-phi4_mini-grpo-code_heavy_tail-reservation_only-s95/gpu-memory-5031721.csv;output/strengthening_factorial/strong-factorial-phi4_mini-grpo-code_heavy_tail-reservation_only-s95/gpu-telemetry-5031721.csv;output/strengthening_factorial/strong-factorial-phi4_mini-grpo-code_heavy_tail-reservation_only-s95/phase-memory-5031721.csv;output/strengthening_factorial/strong-factorial-phi4_mini-grpo-code_heavy_tail-reservation_only-s95/training-5031721.log;output/strengthening_factorial/strong-factorial-phi4_mini-grpo-code_heavy_tail-reservation_only-s95/trial-5031721.json,
attempt-0cf80a7a16cc4a96,cfg-49d9bccfe873f5c6,run-0cf80a7a16cc4a96,boundary,mr-xm-confirm-qwen25_3b-grpo-code_heavy_tail-c4-s53,4999833,1,memory_failure,0,rollout_oom,,,output/major_revision_cross_model_confirmatory/mr-xm-confirm-qwen25_3b-grpo-code_heavy_tail-c4-s53/environment-4999833.json;output/major_revision_cross_model_confirmatory/mr-xm-confirm-qwen25_3b-grpo-code_heavy_tail-c4-s53/gpu-memory-4999833.csv;output/major_revision_cross_model_confirmatory/mr-xm-confirm-qwen25_3b-grpo-code_heavy_tail-c4-s53/gpu-telemetry-4999833.csv;output/major_revision_cross_model_confirmatory/mr-xm-confirm-qwen25_3b-grpo-code_heavy_tail-c4-s53/phase-memory-4999833.csv;output/major_revision_cross_model_confirmatory/mr-xm-confirm-qwen25_3b-grpo-code_heavy_tail-c4-s53/training-4999833.log;output/major_revision_cross_model_confirmatory/mr-xm-confirm-qwen25_3b-grpo-code_heavy_tail-c4-s53/trial-4999833.json,
attempt-0d0a8a08d9d99c01,cfg-967e29810f12167f,run-0d0a8a08d9d99c01,temporal_40,v2time-grpo-gsm8k-qwen25_3b-one_step_unsafe-s41,4943140,1,memory_failure,0,rollout_init_memory,,,output/benchmark_v2_temporal_confirmatory/v2time-grpo-gsm8k-qwen25_3b-one_step_unsafe-s41/environment-4943140.json;output/benchmark_v2_temporal_confirmatory/v2time-grpo-gsm8k-qwen25_3b-one_step_unsafe-s41/gpu-memory-4943140.csv;output/benchmark_v2_temporal_confirmatory/v2time-grpo-gsm8k-qwen25_3b-one_step_unsafe-s41/gpu-telemetry-4943140.csv;output/benchmark_v2_temporal_confirmatory/v2time-grpo-gsm8k-qwen25_3b-one_step_unsafe-s41/phase-memory-4943140.csv;output/benchmark_v2_temporal_confirmatory/v2time-grpo-gsm8k-qwen25_3b-one_step_unsafe-s41/training-4943140.log;output/benchmark_v2_temporal_confirmatory/v2time-grpo-gsm8k-qwen25_3b-one_step_unsafe-s41/trial-4943140.json,
attempt-0d1d57b08517c771,cfg-00e900d266f3e8a4,run-0d1d57b08517c771,batch_reservation,strong-factorial-qwen25_3b-grpo-code_standard-base-s96,5032007,1,completed,1,,,,output/strengthening_factorial/strong-factorial-qwen25_3b-grpo-code_standard-base-s96/environment-5032007.json;output/strengthening_factorial/strong-factorial-qwen25_3b-grpo-code_standard-base-s96/gpu-memory-5032007.csv;output/strengthening_factorial/strong-factorial-qwen25_3b-grpo-code_standard-base-s96/gpu-telemetry-5032007.csv;output/strengthening_factorial/strong-factorial-qwen25_3b-grpo-code_standard-base-s96/phase-memory-5032007.csv;output/strengthening_factorial/strong-factorial-qwen25_3b-grpo-code_standard-base-s96/training-5032007.log;output/strengthening_factorial/strong-factorial-qwen25_3b-grpo-code_standard-base-s96/trial-5032007.json,
attempt-0d9673e50a75b7c1,cfg-a0eeadfadfa890b0,run-0d9673e50a75b7c1,batch_logging_control,review-control-qwen25_3b-code_heavy_tail-s123-external_b8,5048501,1,completed,1,,,,output/review_instrumentation_batch/review-control-qwen25_3b-code_heavy_tail-s123-external_b8/trial-5048501.json,
attempt-0f1cec996010dbc6,cfg-cc5f4f0c2e1256ba,,boundary,strong-granite-confirmatory-grpo-code_standard-c1-s91,5031276,0,other_failure,0,distributed_port_collision,granite_vllm_replica_port_collision,,output/strengthening_granite_confirmatory/strong-granite-confirmatory-grpo-code_standard-c1-s91/environment-5031276.json;output/strengthening_granite_confirmatory/strong-granite-confirmatory-grpo-code_standard-c1-s91/gpu-memory-5031276.csv;output/strengthening_granite_confirmatory/strong-granite-confirmatory-grpo-code_standard-c1-s91/gpu-telemetry-5031276.csv;output/strengthening_granite_confirmatory/strong-granite-confirmatory-grpo-code_standard-c1-s91/phase-memory-5031276.csv;output/strengthening_granite_confirmatory/strong-granite-confirmatory-grpo-code_standard-c1-s91/training-5031276.log;output/strengthening_granite_confirmatory/strong-granite-confirmatory-grpo-code_standard-c1-s91/trial-5031276.json,
attempt-0fdde96c688f32c7,cfg-402f13fde534d758,run-0fdde96c688f32c7,batch_reservation,strong-factorial-qwen25_3b-grpo-gsm8k-actor_only-s95,5032034,1,completed,1,,,,output/strengthening_factorial/strong-factorial-qwen25_3b-grpo-gsm8k-actor_only-s95/environment-5032034.json;output/strengthening_factorial/strong-factorial-qwen25_3b-grpo-gsm8k-actor_only-s95/gpu-memory-5032034.csv;output/strengthening_factorial/strong-factorial-qwen25_3b-grpo-gsm8k-actor_only-s95/gpu-telemetry-5032034.csv;output/strengthening_factorial/strong-factorial-qwen25_3b-grpo-gsm8k-actor_only-s95/phase-memory-5032034.csv;output/strengthening_factorial/strong-factorial-qwen25_3b-grpo-gsm8k-actor_only-s95/training-5032034.log;output/strengthening_factorial/strong-factorial-qwen25_3b-grpo-gsm8k-actor_only-s95/trial-5032034.json,
attempt-0fe57a740983b1de,cfg-409a2028c2748c88,run-0fe57a740983b1de,batch_logging_control,review-control-phi4_mini-gsm8k-s122-external_b16,5048577,1,completed,1,,,,output/review_instrumentation_batch/review-control-phi4_mini-gsm8k-s122-external_b16/trial-5048577.json,
attempt-1006cbf4927f6a13,cfg-818aa43be2ebba5e,run-1006cbf4927f6a13,horizon_followup,rev-temporal-phi4_mini-math-interpolated-s111-long,5045338,1,completed,1,,,,output/revision_temporal/rev-temporal-phi4_mini-math-interpolated-s111-long/attempt-5045338/environment-5045338.json;output/revision_temporal/rev-temporal-phi4_mini-math-interpolated-s111-long/attempt-5045338/gpu-memory-5045338.csv;output/revision_temporal/rev-temporal-phi4_mini-math-interpolated-s111-long/attempt-5045338/gpu-telemetry-5045338.csv;output/revision_temporal/rev-temporal-phi4_mini-math-interpolated-s111-long/attempt-5045338/phase-memory-5045338.csv;output/revision_temporal/rev-temporal-phi4_mini-math-interpolated-s111-long/attempt-5045338/training-5045338.log;output/revision_temporal/rev-temporal-phi4_mini-math-interpolated-s111-long/attempt-5045338/trial-5045338.json;output/revision_temporal/rev-temporal-phi4_mini-math-interpolated-s111-long/trial-5045338.json,
attempt-111ffec932918be2,cfg-a24e9cdd2f6143f2,run-111ffec932918be2,boundary,mr-xm-confirm-phi4_mini-grpo-code_heavy_tail-c0-s51,5003405,1,completed,1,,,,output/major_revision_cross_model_confirmatory/mr-xm-confirm-phi4_mini-grpo-code_heavy_tail-c0-s51/environment-5003405.json;output/major_revision_cross_model_confirmatory/mr-xm-confirm-phi4_mini-grpo-code_heavy_tail-c0-s51/gpu-memory-5003405.csv;output/major_revision_cross_model_confirmatory/mr-xm-confirm-phi4_mini-grpo-code_heavy_tail-c0-s51/gpu-telemetry-5003405.csv;output/major_revision_cross_model_confirmatory/mr-xm-confirm-phi4_mini-grpo-code_heavy_tail-c0-s51/phase-memory-5003405.csv;output/major_revision_cross_model_confirmatory/mr-xm-confirm-phi4_mini-grpo-code_heavy_tail-c0-s51/training-5003405.log;output/major_revision_cross_model_confirmatory/mr-xm-confirm-phi4_mini-grpo-code_heavy_tail-c0-s51/trial-5003405.json,
attempt-1143b68a594ed2fa,cfg-c2a8e6e8e140e109,run-1143b68a594ed2fa,four_gpu,rev-topology-granite33_2b-gsm8k-c3-s111-four_gpu,5045392,1,completed,1,,,,output/revision_topology/rev-topology-granite33_2b-gsm8k-c3-s111-four_gpu/attempt-5045392/environment-5045392.json;output/revision_topology/rev-topology-granite33_2b-gsm8k-c3-s111-four_gpu/attempt-5045392/gpu-memory-5045392.csv;output/revision_topology/rev-topology-granite33_2b-gsm8k-c3-s111-four_gpu/attempt-5045392/gpu-telemetry-5045392.csv;output/revision_topology/rev-topology-granite33_2b-gsm8k-c3-s111-four_gpu/attempt-5045392/phase-memory-5045392.csv;output/revision_topology/rev-topology-granite33_2b-gsm8k-c3-s111-four_gpu/attempt-5045392/training-5045392.log;output/revision_topology/rev-topology-granite33_2b-gsm8k-c3-s111-four_gpu/attempt-5045392/trial-5045392.json;output/revision_topology/rev-topology-granite33_2b-gsm8k-c3-s111-four_gpu/trial-5045392.json,
attempt-11725abd32e6345f,cfg-78c440d3891ddbc2,run-11725abd32e6345f,four_gpu,rev-topology-qwen25_3b-gsm8k-c4-s111-four_gpu,5045297,1,completed,1,,,,output/revision_topology/rev-topology-qwen25_3b-gsm8k-c4-s111-four_gpu/attempt-5045297/environment-5045297.json;output/revision_topology/rev-topology-qwen25_3b-gsm8k-c4-s111-four_gpu/attempt-5045297/gpu-memory-5045297.csv;output/revision_topology/rev-topology-qwen25_3b-gsm8k-c4-s111-four_gpu/attempt-5045297/gpu-telemetry-5045297.csv;output/revision_topology/rev-topology-qwen25_3b-gsm8k-c4-s111-four_gpu/attempt-5045297/phase-memory-5045297.csv;output/revision_topology/rev-topology-qwen25_3b-gsm8k-c4-s111-four_gpu/attempt-5045297/training-5045297.log;output/revision_topology/rev-topology-qwen25_3b-gsm8k-c4-s111-four_gpu/attempt-5045297/trial-5045297.json;output/revision_topology/rev-topology-qwen25_3b-gsm8k-c4-s111-four_gpu/trial-5045297.json,
attempt-11923134231cbe6e,cfg-4fc35dde1bc7253c,run-11923134231cbe6e,instrumentation,rev-instrumentation-granite33_2b-gsm8k-c4-s112-full,5045386,1,completed,1,,,,output/revision_instrumentation/rev-instrumentation-granite33_2b-gsm8k-c4-s112-full/attempt-5045386/environment-5045386.json;output/revision_instrumentation/rev-instrumentation-granite33_2b-gsm8k-c4-s112-full/attempt-5045386/gpu-memory-5045386.csv;output/revision_instrumentation/rev-instrumentation-granite33_2b-gsm8k-c4-s112-full/attempt-5045386/gpu-telemetry-5045386.csv;output/revision_instrumentation/rev-instrumentation-granite33_2b-gsm8k-c4-s112-full/attempt-5045386/phase-memory-5045386.csv;output/revision_instrumentation/rev-instrumentation-granite33_2b-gsm8k-c4-s112-full/attempt-5045386/training-5045386.log;output/revision_instrumentation/rev-instrumentation-granite33_2b-gsm8k-c4-s112-full/attempt-5045386/trial-5045386.json;output/revision_instrumentation/rev-instrumentation-granite33_2b-gsm8k-c4-s112-full/trial-5045386.json,
attempt-12bbd13dd5d69530,cfg-d559324a0b1e4ecd,run-12bbd13dd5d69530,instrumentation,rev-instrumentation-granite33_2b-gsm8k-c3-s111-full,5045376,1,completed,1,,,,output/revision_instrumentation/rev-instrumentation-granite33_2b-gsm8k-c3-s111-full/attempt-5045376/environment-5045376.json;output/revision_instrumentation/rev-instrumentation-granite33_2b-gsm8k-c3-s111-full/attempt-5045376/gpu-memory-5045376.csv;output/revision_instrumentation/rev-instrumentation-granite33_2b-gsm8k-c3-s111-full/attempt-5045376/gpu-telemetry-5045376.csv;output/revision_instrumentation/rev-instrumentation-granite33_2b-gsm8k-c3-s111-full/attempt-5045376/phase-memory-5045376.csv;output/revision_instrumentation/rev-instrumentation-granite33_2b-gsm8k-c3-s111-full/attempt-5045376/training-5045376.log;output/revision_instrumentation/rev-instrumentation-granite33_2b-gsm8k-c3-s111-full/attempt-5045376/trial-5045376.json;output/revision_instrumentation/rev-instrumentation-granite33_2b-gsm8k-c3-s111-full/trial-5045376.json,
attempt-1392dfe9ab81dc02,cfg-a330fc0dc0b46c34,run-1392dfe9ab81dc02,horizon_followup,rev-temporal-granite33_2b-gsm8k-interpolated-s112-long,5045429,1,completed,1,,,,output/revision_temporal/rev-temporal-granite33_2b-gsm8k-interpolated-s112-long/attempt-5045429/environment-5045429.json;output/revision_temporal/rev-temporal-granite33_2b-gsm8k-interpolated-s112-long/attempt-5045429/gpu-memory-5045429.csv;output/revision_temporal/rev-temporal-granite33_2b-gsm8k-interpolated-s112-long/attempt-5045429/gpu-telemetry-5045429.csv;output/revision_temporal/rev-temporal-granite33_2b-gsm8k-interpolated-s112-long/attempt-5045429/phase-memory-5045429.csv;output/revision_temporal/rev-temporal-granite33_2b-gsm8k-interpolated-s112-long/attempt-5045429/training-5045429.log;output/revision_temporal/rev-temporal-granite33_2b-gsm8k-interpolated-s112-long/attempt-5045429/trial-5045429.json;output/revision_temporal/rev-temporal-granite33_2b-gsm8k-interpolated-s112-long/trial-5045429.json,
attempt-1481d86d11d81180,cfg-acfa4acda15c3599,run-1481d86d11d81180,boundary,strong-granite-confirmatory-grpo-code_heavy_tail-c2-s91,5031345,1,completed,1,,,,output/strengthening_granite_confirmatory/strong-granite-confirmatory-grpo-code_heavy_tail-c2-s91/environment-5031345.json;output/strengthening_granite_confirmatory/strong-granite-confirmatory-grpo-code_heavy_tail-c2-s91/gpu-memory-5031345.csv;output/strengthening_granite_confirmatory/strong-granite-confirmatory-grpo-code_heavy_tail-c2-s91/gpu-telemetry-5031345.csv;output/strengthening_granite_confirmatory/strong-granite-confirmatory-grpo-code_heavy_tail-c2-s91/phase-memory-5031345.csv;output/strengthening_granite_confirmatory/strong-granite-confirmatory-grpo-code_heavy_tail-c2-s91/training-5031345.log;output/strengthening_granite_confirmatory/strong-granite-confirmatory-grpo-code_heavy_tail-c2-s91/trial-5031345.json,
attempt-14b716da6713bab4,cfg-00e900d266f3e8a4,run-14b716da6713bab4,batch_reservation,strong-factorial-qwen25_3b-grpo-code_standard-base-s95,5032006,1,completed,1,,,,output/strengthening_factorial/strong-factorial-qwen25_3b-grpo-code_standard-base-s95/environment-5032006.json;output/strengthening_factorial/strong-factorial-qwen25_3b-grpo-code_standard-base-s95/gpu-memory-5032006.csv;output/strengthening_factorial/strong-factorial-qwen25_3b-grpo-code_standard-base-s95/gpu-telemetry-5032006.csv;output/strengthening_factorial/strong-factorial-qwen25_3b-grpo-code_standard-base-s95/phase-memory-5032006.csv;output/strengthening_factorial/strong-factorial-qwen25_3b-grpo-code_standard-base-s95/training-5032006.log;output/strengthening_factorial/strong-factorial-qwen25_3b-grpo-code_standard-base-s95/trial-5032006.json,
attempt-154259ed14525d2a,cfg-cad8341dbbff10ba,run-154259ed14525d2a,boundary,v2cf-confirm-qwen25_3b-grpo-math_short-c5-s42,4935983,1,memory_failure,0,rollout_init_memory,,,output/benchmark_v2_cross_family_confirmatory/v2cf-confirm-qwen25_3b-grpo-math_short-c5-s42/environment-4935983.json;output/benchmark_v2_cross_family_confirmatory/v2cf-confirm-qwen25_3b-grpo-math_short-c5-s42/gpu-memory-4935983.csv;output/benchmark_v2_cross_family_confirmatory/v2cf-confirm-qwen25_3b-grpo-math_short-c5-s42/gpu-telemetry-4935983.csv;output/benchmark_v2_cross_family_confirmatory/v2cf-confirm-qwen25_3b-grpo-math_short-c5-s42/phase-memory-4935983.csv;output/benchmark_v2_cross_family_confirmatory/v2cf-confirm-qwen25_3b-grpo-math_short-c5-s42/training-4935983.log;output/benchmark_v2_cross_family_confirmatory/v2cf-confirm-qwen25_3b-grpo-math_short-c5-s42/trial-4935983.json,
attempt-156386d35d0a38cd,cfg-49d9bccfe873f5c6,run-156386d35d0a38cd,boundary,mr-xm-confirm-qwen25_3b-grpo-code_heavy_tail-c4-s52,4999827,1,memory_failure,0,rollout_oom,,,output/major_revision_cross_model_confirmatory/mr-xm-confirm-qwen25_3b-grpo-code_heavy_tail-c4-s52/environment-4999827.json;output/major_revision_cross_model_confirmatory/mr-xm-confirm-qwen25_3b-grpo-code_heavy_tail-c4-s52/gpu-memory-4999827.csv;output/major_revision_cross_model_confirmatory/mr-xm-confirm-qwen25_3b-grpo-code_heavy_tail-c4-s52/gpu-telemetry-4999827.csv;output/major_revision_cross_model_confirmatory/mr-xm-confirm-qwen25_3b-grpo-code_heavy_tail-c4-s52/phase-memory-4999827.csv;output/major_revision_cross_model_confirmatory/mr-xm-confirm-qwen25_3b-grpo-code_heavy_tail-c4-s52/training-4999827.log;output/major_revision_cross_model_confirmatory/mr-xm-confirm-qwen25_3b-grpo-code_heavy_tail-c4-s52/trial-4999827.json,
attempt-157438278cd7f470,cfg-7d5384d3ac8311c8,,horizon_followup,rev-temporal-phi4_mini-gsm8k-interpolated-s111-source,5045255,0,other_failure,0,runtime,revision_snapshot_missing_hydra_data_config,,output/revision_temporal/rev-temporal-phi4_mini-gsm8k-interpolated-s111-source/attempt-5045255/environment-5045255.json;output/revision_temporal/rev-temporal-phi4_mini-gsm8k-interpolated-s111-source/attempt-5045255/gpu-memory-5045255.csv;output/revision_temporal/rev-temporal-phi4_mini-gsm8k-interpolated-s111-source/attempt-5045255/gpu-telemetry-5045255.csv;output/revision_temporal/rev-temporal-phi4_mini-gsm8k-interpolated-s111-source/attempt-5045255/phase-memory-5045255.csv;output/revision_temporal/rev-temporal-phi4_mini-gsm8k-interpolated-s111-source/attempt-5045255/training-5045255.log;output/revision_temporal/rev-temporal-phi4_mini-gsm8k-interpolated-s111-source/attempt-5045255/trial-5045255.json;output/revision_temporal/rev-temporal-phi4_mini-gsm8k-interpolated-s111-source/trial-5045255.json,
attempt-15b7e41909f62734,cfg-331bb196cd92fe75,run-15b7e41909f62734,temporal_100,strong-time-grpo-gsm8k-qwen25_3b-safe_margin-s91,5032254,1,completed,1,,,,output/strengthening_temporal_phases/strong-time-grpo-gsm8k-qwen25_3b-safe_margin-s91/environment-5032254.json;output/strengthening_temporal_phases/strong-time-grpo-gsm8k-qwen25_3b-safe_margin-s91/gpu-memory-5032254.csv;output/strengthening_temporal_phases/strong-time-grpo-gsm8k-qwen25_3b-safe_margin-s91/gpu-telemetry-5032254.csv;output/strengthening_temporal_phases/strong-time-grpo-gsm8k-qwen25_3b-safe_margin-s91/phase-memory-5032254.csv;output/strengthening_temporal_phases/strong-time-grpo-gsm8k-qwen25_3b-safe_margin-s91/training-5032254.log;output/strengthening_temporal_phases/strong-time-grpo-gsm8k-qwen25_3b-safe_margin-s91/trial-5032254.json,
attempt-1677fa3ecaffcc0b,cfg-c52a49b3491283c7,,temporal_100,strong-time-grpo-gsm8k-qwen25_3b-near_boundary-s91,5032257,0,no_trial_record,0,,temporal_weight_sync_no_progress,77,output/strengthening_temporal_phases/strong-time-grpo-gsm8k-qwen25_3b-near_boundary-s91/environment-5032257.json;output/strengthening_temporal_phases/strong-time-grpo-gsm8k-qwen25_3b-near_boundary-s91/gpu-memory-5032257.csv;output/strengthening_temporal_phases/strong-time-grpo-gsm8k-qwen25_3b-near_boundary-s91/gpu-telemetry-5032257.csv;output/strengthening_temporal_phases/strong-time-grpo-gsm8k-qwen25_3b-near_boundary-s91/phase-memory-5032257.csv;output/strengthening_temporal_phases/strong-time-grpo-gsm8k-qwen25_3b-near_boundary-s91/training-5032257.log,
attempt-168853dccd7223a7,cfg-ca36112516a10a19,run-168853dccd7223a7,instrumentation,rev-instrumentation-phi4_mini-math-c3-s111-external,5045369,1,completed,1,,,,output/revision_instrumentation/rev-instrumentation-phi4_mini-math-c3-s111-external/attempt-5045369/environment-5045369.json;output/revision_instrumentation/rev-instrumentation-phi4_mini-math-c3-s111-external/attempt-5045369/gpu-memory-5045369.csv;output/revision_instrumentation/rev-instrumentation-phi4_mini-math-c3-s111-external/attempt-5045369/gpu-telemetry-5045369.csv;output/revision_instrumentation/rev-instrumentation-phi4_mini-math-c3-s111-external/attempt-5045369/phase-memory-5045369.csv;output/revision_instrumentation/rev-instrumentation-phi4_mini-math-c3-s111-external/attempt-5045369/training-5045369.log;output/revision_instrumentation/rev-instrumentation-phi4_mini-math-c3-s111-external/attempt-5045369/trial-5045369.json;output/revision_instrumentation/rev-instrumentation-phi4_mini-math-c3-s111-external/trial-5045369.json,
attempt-16aed4751b5f8c13,cfg-ea5a23a40ad5ca50,run-16aed4751b5f8c13,boundary,mr-xm-confirm-qwen25_3b-grpo-code_standard-c4-s52,4999424,1,memory_failure,0,rollout_oom,,,output/major_revision_cross_model_confirmatory/mr-xm-confirm-qwen25_3b-grpo-code_standard-c4-s52/environment-4999424.json;output/major_revision_cross_model_confirmatory/mr-xm-confirm-qwen25_3b-grpo-code_standard-c4-s52/gpu-memory-4999424.csv;output/major_revision_cross_model_confirmatory/mr-xm-confirm-qwen25_3b-grpo-code_standard-c4-s52/gpu-telemetry-4999424.csv;output/major_revision_cross_model_confirmatory/mr-xm-confirm-qwen25_3b-grpo-code_standard-c4-s52/phase-memory-4999424.csv;output/major_revision_cross_model_confirmatory/mr-xm-confirm-qwen25_3b-grpo-code_standard-c4-s52/training-4999424.log;output/major_revision_cross_model_confirmatory/mr-xm-confirm-qwen25_3b-grpo-code_standard-c4-s52/trial-4999424.json,
attempt-1752a22f46393009,cfg-f21b459aeb04a6a7,run-1752a22f46393009,instrumentation,rev-instrumentation-qwen25_3b-math-c4-s113-external,5045333,1,memory_failure,0,rollout_init_memory,,,output/revision_instrumentation/rev-instrumentation-qwen25_3b-math-c4-s113-external/attempt-5045333/environment-5045333.json;output/revision_instrumentation/rev-instrumentation-qwen25_3b-math-c4-s113-external/attempt-5045333/gpu-memory-5045333.csv;output/revision_instrumentation/rev-instrumentation-qwen25_3b-math-c4-s113-external/attempt-5045333/gpu-telemetry-5045333.csv;output/revision_instrumentation/rev-instrumentation-qwen25_3b-math-c4-s113-external/attempt-5045333/phase-memory-5045333.csv;output/revision_instrumentation/rev-instrumentation-qwen25_3b-math-c4-s113-external/attempt-5045333/training-5045333.log;output/revision_instrumentation/rev-instrumentation-qwen25_3b-math-c4-s113-external/attempt-5045333/trial-5045333.json;output/revision_instrumentation/rev-instrumentation-qwen25_3b-math-c4-s113-external/trial-5045333.json,
attempt-177327206a8c16b7,cfg-d9397d15f234d541,run-177327206a8c16b7,boundary,strong-granite-confirmatory-grpo-code_heavy_tail-c1-s92,5031315,1,completed,1,,,,output/strengthening_granite_confirmatory/strong-granite-confirmatory-grpo-code_heavy_tail-c1-s92/environment-5031315.json;output/strengthening_granite_confirmatory/strong-granite-confirmatory-grpo-code_heavy_tail-c1-s92/gpu-memory-5031315.csv;output/strengthening_granite_confirmatory/strong-granite-confirmatory-grpo-code_heavy_tail-c1-s92/gpu-telemetry-5031315.csv;output/strengthening_granite_confirmatory/strong-granite-confirmatory-grpo-code_heavy_tail-c1-s92/phase-memory-5031315.csv;output/strengthening_granite_confirmatory/strong-granite-confirmatory-grpo-code_heavy_tail-c1-s92/training-5031315.log;output/strengthening_granite_confirmatory/strong-granite-confirmatory-grpo-code_heavy_tail-c1-s92/trial-5031315.json,
attempt-178b4724202d1604,cfg-1c5278f8be90a50a,run-178b4724202d1604,boundary,mr-xm-confirm-qwen25_3b-grpo-code_heavy_tail-c3-s52,4999808,1,completed,1,,,,output/major_revision_cross_model_confirmatory/mr-xm-confirm-qwen25_3b-grpo-code_heavy_tail-c3-s52/environment-4999808.json;output/major_revision_cross_model_confirmatory/mr-xm-confirm-qwen25_3b-grpo-code_heavy_tail-c3-s52/gpu-memory-4999808.csv;output/major_revision_cross_model_confirmatory/mr-xm-confirm-qwen25_3b-grpo-code_heavy_tail-c3-s52/gpu-telemetry-4999808.csv;output/major_revision_cross_model_confirmatory/mr-xm-confirm-qwen25_3b-grpo-code_heavy_tail-c3-s52/phase-memory-4999808.csv;output/major_revision_cross_model_confirmatory/mr-xm-confirm-qwen25_3b-grpo-code_heavy_tail-c3-s52/training-4999808.log;output/major_revision_cross_model_confirmatory/mr-xm-confirm-qwen25_3b-grpo-code_heavy_tail-c3-s52/trial-4999808.json,
attempt-1841e2c0d781c74b,cfg-55811d23c5144bb7,run-1841e2c0d781c74b,boundary,v2cf-confirm-qwen25_3b-grpo-math_short-c4-s42,4935967,1,memory_failure,0,rollout_init_memory,,,output/benchmark_v2_cross_family_confirmatory/v2cf-confirm-qwen25_3b-grpo-math_short-c4-s42/environment-4935967.json;output/benchmark_v2_cross_family_confirmatory/v2cf-confirm-qwen25_3b-grpo-math_short-c4-s42/gpu-memory-4935967.csv;output/benchmark_v2_cross_family_confirmatory/v2cf-confirm-qwen25_3b-grpo-math_short-c4-s42/gpu-telemetry-4935967.csv;output/benchmark_v2_cross_family_confirmatory/v2cf-confirm-qwen25_3b-grpo-math_short-c4-s42/phase-memory-4935967.csv;output/benchmark_v2_cross_family_confirmatory/v2cf-confirm-qwen25_3b-grpo-math_short-c4-s42/training-4935967.log;output/benchmark_v2_cross_family_confirmatory/v2cf-confirm-qwen25_3b-grpo-math_short-c4-s42/trial-4935967.json,
attempt-185759787327a1e5,cfg-d02503f8c9804a2d,run-185759787327a1e5,boundary,strong-granite-confirmatory-grpo-math_short-c4-s93,5031390,1,completed,1,,,,output/strengthening_granite_confirmatory/strong-granite-confirmatory-grpo-math_short-c4-s93/environment-5031390.json;output/strengthening_granite_confirmatory/strong-granite-confirmatory-grpo-math_short-c4-s93/gpu-memory-5031390.csv;output/strengthening_granite_confirmatory/strong-granite-confirmatory-grpo-math_short-c4-s93/gpu-telemetry-5031390.csv;output/strengthening_granite_confirmatory/strong-granite-confirmatory-grpo-math_short-c4-s93/phase-memory-5031390.csv;output/strengthening_granite_confirmatory/strong-granite-confirmatory-grpo-math_short-c4-s93/training-5031390.log;output/strengthening_granite_confirmatory/strong-granite-confirmatory-grpo-math_short-c4-s93/trial-5031390.json,
attempt-185a1e6e6e4082b4,cfg-e82e70f37087dd01,,batch_reservation,strong-factorial-qwen25_3b-grpo-code_standard-reservation_only-s94,5032017,0,other_failure,0,environment,factorial_ray_startup_segfault,,output/strengthening_factorial/strong-factorial-qwen25_3b-grpo-code_standard-reservation_only-s94/environment-5032017.json;output/strengthening_factorial/strong-factorial-qwen25_3b-grpo-code_standard-reservation_only-s94/gpu-memory-5032017.csv;output/strengthening_factorial/strong-factorial-qwen25_3b-grpo-code_standard-reservation_only-s94/gpu-telemetry-5032017.csv;output/strengthening_factorial/strong-factorial-qwen25_3b-grpo-code_standard-reservation_only-s94/phase-memory-5032017.csv;output/strengthening_factorial/strong-factorial-qwen25_3b-grpo-code_standard-reservation_only-s94/training-5032017.log;output/strengthening_factorial/strong-factorial-qwen25_3b-grpo-code_standard-reservation_only-s94/trial-5032017.json,
attempt-18f953f654c9c150,cfg-f03e4e98c682240e,run-18f953f654c9c150,four_gpu,rev-topology-qwen25_3b-math-c2-s112-four_gpu,5045318,1,completed,1,,,,output/revision_topology/rev-topology-qwen25_3b-math-c2-s112-four_gpu/attempt-5045318/environment-5045318.json;output/revision_topology/rev-topology-qwen25_3b-math-c2-s112-four_gpu/attempt-5045318/gpu-memory-5045318.csv;output/revision_topology/rev-topology-qwen25_3b-math-c2-s112-four_gpu/attempt-5045318/gpu-telemetry-5045318.csv;output/revision_topology/rev-topology-qwen25_3b-math-c2-s112-four_gpu/attempt-5045318/phase-memory-5045318.csv;output/revision_topology/rev-topology-qwen25_3b-math-c2-s112-four_gpu/attempt-5045318/training-5045318.log;output/revision_topology/rev-topology-qwen25_3b-math-c2-s112-four_gpu/attempt-5045318/trial-5045318.json;output/revision_topology/rev-topology-qwen25_3b-math-c2-s112-four_gpu/trial-5045318.json,
attempt-19a95273a2b69dde,cfg-5047dff55c13e55f,run-19a95273a2b69dde,batch_reservation,strong-factorial-qwen25_3b-grpo-gsm8k-base-s95,5032029,1,completed,1,,,,output/strengthening_factorial/strong-factorial-qwen25_3b-grpo-gsm8k-base-s95/environment-5032029.json;output/strengthening_factorial/strong-factorial-qwen25_3b-grpo-gsm8k-base-s95/gpu-memory-5032029.csv;output/strengthening_factorial/strong-factorial-qwen25_3b-grpo-gsm8k-base-s95/gpu-telemetry-5032029.csv;output/strengthening_factorial/strong-factorial-qwen25_3b-grpo-gsm8k-base-s95/phase-memory-5032029.csv;output/strengthening_factorial/strong-factorial-qwen25_3b-grpo-gsm8k-base-s95/training-5032029.log;output/strengthening_factorial/strong-factorial-qwen25_3b-grpo-gsm8k-base-s95/trial-5032029.json,
attempt-19bfb0150a518fd6,cfg-aca3236b5ba27772,run-19bfb0150a518fd6,batch_logging_control,review-control-phi4_mini-gsm8k-s121-external_b8,5048502,1,completed,1,,,,output/review_instrumentation_batch/review-control-phi4_mini-gsm8k-s121-external_b8/trial-5048502.json,
attempt-19e526fd4d600c0b,cfg-a026693bae37d30b,run-19e526fd4d600c0b,boundary,mr-xm-confirm-phi4_mini-grpo-code_standard-c3-s51,5002740,1,completed,1,,,,output/major_revision_cross_model_confirmatory/mr-xm-confirm-phi4_mini-grpo-code_standard-c3-s51/environment-5002740.json;output/major_revision_cross_model_confirmatory/mr-xm-confirm-phi4_mini-grpo-code_standard-c3-s51/gpu-memory-5002740.csv;output/major_revision_cross_model_confirmatory/mr-xm-confirm-phi4_mini-grpo-code_standard-c3-s51/gpu-telemetry-5002740.csv;output/major_revision_cross_model_confirmatory/mr-xm-confirm-phi4_mini-grpo-code_standard-c3-s51/phase-memory-5002740.csv;output/major_revision_cross_model_confirmatory/mr-xm-confirm-phi4_mini-grpo-code_standard-c3-s51/training-5002740.log;output/major_revision_cross_model_confirmatory/mr-xm-confirm-phi4_mini-grpo-code_standard-c3-s51/trial-5002740.json,
attempt-19ff7c5a71e30198,cfg-62f371a80968a0ba,run-19ff7c5a71e30198,boundary,v2cf-confirm-qwen25_3b-grpo-math_short-c1-s43,4935556,1,completed,1,,,,output/benchmark_v2_cross_family_confirmatory/v2cf-confirm-qwen25_3b-grpo-math_short-c1-s43/environment-4935556.json;output/benchmark_v2_cross_family_confirmatory/v2cf-confirm-qwen25_3b-grpo-math_short-c1-s43/gpu-memory-4935556.csv;output/benchmark_v2_cross_family_confirmatory/v2cf-confirm-qwen25_3b-grpo-math_short-c1-s43/gpu-telemetry-4935556.csv;output/benchmark_v2_cross_family_confirmatory/v2cf-confirm-qwen25_3b-grpo-math_short-c1-s43/phase-memory-4935556.csv;output/benchmark_v2_cross_family_confirmatory/v2cf-confirm-qwen25_3b-grpo-math_short-c1-s43/training-4935556.log;output/benchmark_v2_cross_family_confirmatory/v2cf-confirm-qwen25_3b-grpo-math_short-c1-s43/trial-4935556.json,
attempt-1a30bc35e1e7a5ef,cfg-db87c67536995ab0,run-1a30bc35e1e7a5ef,boundary,mr-xm-confirm-qwen25_3b-grpo-code_standard-c1-s53,4999353,1,completed,1,,,,output/major_revision_cross_model_confirmatory/mr-xm-confirm-qwen25_3b-grpo-code_standard-c1-s53/environment-4999353.json;output/major_revision_cross_model_confirmatory/mr-xm-confirm-qwen25_3b-grpo-code_standard-c1-s53/gpu-memory-4999353.csv;output/major_revision_cross_model_confirmatory/mr-xm-confirm-qwen25_3b-grpo-code_standard-c1-s53/gpu-telemetry-4999353.csv;output/major_revision_cross_model_confirmatory/mr-xm-confirm-qwen25_3b-grpo-code_standard-c1-s53/phase-memory-4999353.csv;output/major_revision_cross_model_confirmatory/mr-xm-confirm-qwen25_3b-grpo-code_standard-c1-s53/training-4999353.log;output/major_revision_cross_model_confirmatory/mr-xm-confirm-qwen25_3b-grpo-code_standard-c1-s53/trial-4999353.json,
attempt-1ad38d95ed55b4ef,cfg-3b9787f775169f3d,run-1ad38d95ed55b4ef,batch_reservation,strong-factorial-granite33_2b-grpo-math_short-actor_only-s96,5031431,1,completed,1,,,,output/strengthening_factorial/strong-factorial-granite33_2b-grpo-math_short-actor_only-s96/environment-5031431.json;output/strengthening_factorial/strong-factorial-granite33_2b-grpo-math_short-actor_only-s96/gpu-memory-5031431.csv;output/strengthening_factorial/strong-factorial-granite33_2b-grpo-math_short-actor_only-s96/gpu-telemetry-5031431.csv;output/strengthening_factorial/strong-factorial-granite33_2b-grpo-math_short-actor_only-s96/phase-memory-5031431.csv;output/strengthening_factorial/strong-factorial-granite33_2b-grpo-math_short-actor_only-s96/training-5031431.log;output/strengthening_factorial/strong-factorial-granite33_2b-grpo-math_short-actor_only-s96/trial-5031431.json,
attempt-1bf72aa78c85243a,cfg-aa33c72e0a449b9c,run-1bf72aa78c85243a,boundary,strong-granite-confirmatory-grpo-code_heavy_tail-c3-s93,5031364,1,completed,1,,,,output/strengthening_granite_confirmatory/strong-granite-confirmatory-grpo-code_heavy_tail-c3-s93/environment-5031364.json;output/strengthening_granite_confirmatory/strong-granite-confirmatory-grpo-code_heavy_tail-c3-s93/gpu-memory-5031364.csv;output/strengthening_granite_confirmatory/strong-granite-confirmatory-grpo-code_heavy_tail-c3-s93/gpu-telemetry-5031364.csv;output/strengthening_granite_confirmatory/strong-granite-confirmatory-grpo-code_heavy_tail-c3-s93/phase-memory-5031364.csv;output/strengthening_granite_confirmatory/strong-granite-confirmatory-grpo-code_heavy_tail-c3-s93/training-5031364.log;output/strengthening_granite_confirmatory/strong-granite-confirmatory-grpo-code_heavy_tail-c3-s93/trial-5031364.json,
attempt-1ca25751126ef871,cfg-445e1547e9317cd0,run-1ca25751126ef871,batch_reservation,strong-factorial-granite33_2b-grpo-gsm8k_long-base-s95,5031354,1,completed,1,,,,output/strengthening_factorial/strong-factorial-granite33_2b-grpo-gsm8k_long-base-s95/environment-5031354.json;output/strengthening_factorial/strong-factorial-granite33_2b-grpo-gsm8k_long-base-s95/gpu-memory-5031354.csv;output/strengthening_factorial/strong-factorial-granite33_2b-grpo-gsm8k_long-base-s95/gpu-telemetry-5031354.csv;output/strengthening_factorial/strong-factorial-granite33_2b-grpo-gsm8k_long-base-s95/phase-memory-5031354.csv;output/strengthening_factorial/strong-factorial-granite33_2b-grpo-gsm8k_long-base-s95/training-5031354.log;output/strengthening_factorial/strong-factorial-granite33_2b-grpo-gsm8k_long-base-s95/trial-5031354.json,
attempt-1d1ad0f9c5a5469b,cfg-fd4d4789145230df,run-1d1ad0f9c5a5469b,boundary,strong-granite-confirmatory-grpo-math_short-c1-s91,5031332,1,completed,1,,,,output/strengthening_granite_confirmatory/strong-granite-confirmatory-grpo-math_short-c1-s91/environment-5031332.json;output/strengthening_granite_confirmatory/strong-granite-confirmatory-grpo-math_short-c1-s91/gpu-memory-5031332.csv;output/strengthening_granite_confirmatory/strong-granite-confirmatory-grpo-math_short-c1-s91/gpu-telemetry-5031332.csv;output/strengthening_granite_confirmatory/strong-granite-confirmatory-grpo-math_short-c1-s91/phase-memory-5031332.csv;output/strengthening_granite_confirmatory/strong-granite-confirmatory-grpo-math_short-c1-s91/training-5031332.log;output/strengthening_granite_confirmatory/strong-granite-confirmatory-grpo-math_short-c1-s91/trial-5031332.json,
attempt-1da3aedb62f70d0e,cfg-3b9787f775169f3d,run-1da3aedb62f70d0e,batch_reservation,strong-factorial-granite33_2b-grpo-math_short-actor_only-s94,5031429,1,completed,1,,,,output/strengthening_factorial/strong-factorial-granite33_2b-grpo-math_short-actor_only-s94/environment-5031429.json;output/strengthening_factorial/strong-factorial-granite33_2b-grpo-math_short-actor_only-s94/gpu-memory-5031429.csv;output/strengthening_factorial/strong-factorial-granite33_2b-grpo-math_short-actor_only-s94/gpu-telemetry-5031429.csv;output/strengthening_factorial/strong-factorial-granite33_2b-grpo-math_short-actor_only-s94/phase-memory-5031429.csv;output/strengthening_factorial/strong-factorial-granite33_2b-grpo-math_short-actor_only-s94/training-5031429.log;output/strengthening_factorial/strong-factorial-granite33_2b-grpo-math_short-actor_only-s94/trial-5031429.json,
attempt-1e97cb8f65810f9c,cfg-b5352215babfeba6,,boundary,strong-granite-confirmatory-grpo-math_short-c2-s91,5031258,0,other_failure,0,distributed_port_collision,granite_vllm_replica_port_collision,,output/strengthening_granite_confirmatory/strong-granite-confirmatory-grpo-math_short-c2-s91/environment-5031258.json;output/strengthening_granite_confirmatory/strong-granite-confirmatory-grpo-math_short-c2-s91/gpu-memory-5031258.csv;output/strengthening_granite_confirmatory/strong-granite-confirmatory-grpo-math_short-c2-s91/gpu-telemetry-5031258.csv;output/strengthening_granite_confirmatory/strong-granite-confirmatory-grpo-math_short-c2-s91/phase-memory-5031258.csv;output/strengthening_granite_confirmatory/strong-granite-confirmatory-grpo-math_short-c2-s91/training-5031258.log;output/strengthening_granite_confirmatory/strong-granite-confirmatory-grpo-math_short-c2-s91/trial-5031258.json,
attempt-1ea07dd20cf118b2,cfg-ea5a23a40ad5ca50,run-1ea07dd20cf118b2,boundary,mr-xm-confirm-qwen25_3b-grpo-code_standard-c4-s53,4999486,1,memory_failure,0,rollout_oom,,,output/major_revision_cross_model_confirmatory/mr-xm-confirm-qwen25_3b-grpo-code_standard-c4-s53/environment-4999486.json;output/major_revision_cross_model_confirmatory/mr-xm-confirm-qwen25_3b-grpo-code_standard-c4-s53/gpu-memory-4999486.csv;output/major_revision_cross_model_confirmatory/mr-xm-confirm-qwen25_3b-grpo-code_standard-c4-s53/gpu-telemetry-4999486.csv;output/major_revision_cross_model_confirmatory/mr-xm-confirm-qwen25_3b-grpo-code_standard-c4-s53/phase-memory-4999486.csv;output/major_revision_cross_model_confirmatory/mr-xm-confirm-qwen25_3b-grpo-code_standard-c4-s53/training-4999486.log;output/major_revision_cross_model_confirmatory/mr-xm-confirm-qwen25_3b-grpo-code_standard-c4-s53/trial-4999486.json,
attempt-1ee5389d31f3c2db,cfg-40dbe09dcfdb5368,,batch_reservation,strong-factorial-granite33_2b-grpo-code_heavy_tail-actor_only-s96,5031287,0,other_failure,0,distributed_port_collision,factorial_vllm_replica_port_collision,,output/strengthening_factorial/strong-factorial-granite33_2b-grpo-code_heavy_tail-actor_only-s96/environment-5031287.json;output/strengthening_factorial/strong-factorial-granite33_2b-grpo-code_heavy_tail-actor_only-s96/gpu-memory-5031287.csv;output/strengthening_factorial/strong-factorial-granite33_2b-grpo-code_heavy_tail-actor_only-s96/gpu-telemetry-5031287.csv;output/strengthening_factorial/strong-factorial-granite33_2b-grpo-code_heavy_tail-actor_only-s96/phase-memory-5031287.csv;output/strengthening_factorial/strong-factorial-granite33_2b-grpo-code_heavy_tail-actor_only-s96/training-5031287.log;output/strengthening_factorial/strong-factorial-granite33_2b-grpo-code_heavy_tail-actor_only-s96/trial-5031287.json,
attempt-211ac103cea42555,cfg-419301d6d3eea82b,run-211ac103cea42555,state_release,strong-node-qwen25_3b-grpo-gsm8k-safe_margin-s83-p1-resident,5031106,1,completed,1,,,,output/strengthening_same_node_residency/strong-node-qwen25_3b-grpo-gsm8k-safe_margin-s83-p1-resident/environment-5031106.json;output/strengthening_same_node_residency/strong-node-qwen25_3b-grpo-gsm8k-safe_margin-s83-p1-resident/gpu-memory-5031106.csv;output/strengthening_same_node_residency/strong-node-qwen25_3b-grpo-gsm8k-safe_margin-s83-p1-resident/gpu-telemetry-5031106.csv;output/strengthening_same_node_residency/strong-node-qwen25_3b-grpo-gsm8k-safe_margin-s83-p1-resident/phase-memory-5031106.csv;output/strengthening_same_node_residency/strong-node-qwen25_3b-grpo-gsm8k-safe_margin-s83-p1-resident/training-5031106.log;output/strengthening_same_node_residency/strong-node-qwen25_3b-grpo-gsm8k-safe_margin-s83-p1-resident/trial-5031106.json,
attempt-21226a472c7182cd,cfg-14d47144a7cbb833,run-21226a472c7182cd,batch_reservation,strong-factorial-phi4_mini-grpo-gsm8k-base-s95,5031779,1,completed,1,,,,output/strengthening_factorial/strong-factorial-phi4_mini-grpo-gsm8k-base-s95/environment-5031779.json;output/strengthening_factorial/strong-factorial-phi4_mini-grpo-gsm8k-base-s95/gpu-memory-5031779.csv;output/strengthening_factorial/strong-factorial-phi4_mini-grpo-gsm8k-base-s95/gpu-telemetry-5031779.csv;output/strengthening_factorial/strong-factorial-phi4_mini-grpo-gsm8k-base-s95/phase-memory-5031779.csv;output/strengthening_factorial/strong-factorial-phi4_mini-grpo-gsm8k-base-s95/training-5031779.log;output/strengthening_factorial/strong-factorial-phi4_mini-grpo-gsm8k-base-s95/trial-5031779.json,
attempt-21f4e701a6105c44,cfg-b1aeb72d4434b30d,run-21f4e701a6105c44,batch_reservation,strong-factorial-phi4_mini-grpo-gsm8k-reservation_only-s94,5031797,1,completed,1,,,,output/strengthening_factorial/strong-factorial-phi4_mini-grpo-gsm8k-reservation_only-s94/environment-5031797.json;output/strengthening_factorial/strong-factorial-phi4_mini-grpo-gsm8k-reservation_only-s94/gpu-memory-5031797.csv;output/strengthening_factorial/strong-factorial-phi4_mini-grpo-gsm8k-reservation_only-s94/gpu-telemetry-5031797.csv;output/strengthening_factorial/strong-factorial-phi4_mini-grpo-gsm8k-reservation_only-s94/phase-memory-5031797.csv;output/strengthening_factorial/strong-factorial-phi4_mini-grpo-gsm8k-reservation_only-s94/training-5031797.log;output/strengthening_factorial/strong-factorial-phi4_mini-grpo-gsm8k-reservation_only-s94/trial-5031797.json,
attempt-2261feb942043104,cfg-5629d7e19157784a,,batch_reservation,strong-factorial-granite33_2b-grpo-code_heavy_tail-base-s94,5031282,0,other_failure,0,distributed_port_collision,factorial_vllm_replica_port_collision,,output/strengthening_factorial/strong-factorial-granite33_2b-grpo-code_heavy_tail-base-s94/environment-5031282.json;output/strengthening_factorial/strong-factorial-granite33_2b-grpo-code_heavy_tail-base-s94/gpu-memory-5031282.csv;output/strengthening_factorial/strong-factorial-granite33_2b-grpo-code_heavy_tail-base-s94/gpu-telemetry-5031282.csv;output/strengthening_factorial/strong-factorial-granite33_2b-grpo-code_heavy_tail-base-s94/phase-memory-5031282.csv;output/strengthening_factorial/strong-factorial-granite33_2b-grpo-code_heavy_tail-base-s94/training-5031282.log;output/strengthening_factorial/strong-factorial-granite33_2b-grpo-code_heavy_tail-base-s94/trial-5031282.json,
attempt-226e7788ecb92b3d,cfg-191bdf2aa4d09de2,run-226e7788ecb92b3d,batch_reservation,strong-factorial-phi4_mini-grpo-math-base-s95,5031824,1,completed,1,,,,output/strengthening_factorial/strong-factorial-phi4_mini-grpo-math-base-s95/environment-5031824.json;output/strengthening_factorial/strong-factorial-phi4_mini-grpo-math-base-s95/gpu-memory-5031824.csv;output/strengthening_factorial/strong-factorial-phi4_mini-grpo-math-base-s95/gpu-telemetry-5031824.csv;output/strengthening_factorial/strong-factorial-phi4_mini-grpo-math-base-s95/phase-memory-5031824.csv;output/strengthening_factorial/strong-factorial-phi4_mini-grpo-math-base-s95/training-5031824.log;output/strengthening_factorial/strong-factorial-phi4_mini-grpo-math-base-s95/trial-5031824.json,
attempt-2306e561112631b4,cfg-fad1b555f8b37235,run-2306e561112631b4,boundary,mr-xm-confirm-qwen25_3b-grpo-code_heavy_tail-c5-s53,4999868,1,memory_failure,0,rollout_init_memory,,,output/major_revision_cross_model_confirmatory/mr-xm-confirm-qwen25_3b-grpo-code_heavy_tail-c5-s53/environment-4999868.json;output/major_revision_cross_model_confirmatory/mr-xm-confirm-qwen25_3b-grpo-code_heavy_tail-c5-s53/gpu-memory-4999868.csv;output/major_revision_cross_model_confirmatory/mr-xm-confirm-qwen25_3b-grpo-code_heavy_tail-c5-s53/gpu-telemetry-4999868.csv;output/major_revision_cross_model_confirmatory/mr-xm-confirm-qwen25_3b-grpo-code_heavy_tail-c5-s53/phase-memory-4999868.csv;output/major_revision_cross_model_confirmatory/mr-xm-confirm-qwen25_3b-grpo-code_heavy_tail-c5-s53/training-4999868.log;output/major_revision_cross_model_confirmatory/mr-xm-confirm-qwen25_3b-grpo-code_heavy_tail-c5-s53/trial-4999868.json,
attempt-23b9fb5e02ab59df,cfg-f75b68f479767290,run-23b9fb5e02ab59df,boundary,mr-xm-confirm-phi4_mini-grpo-code_standard-c1-s51,5002557,1,completed,1,,,,output/major_revision_cross_model_confirmatory/mr-xm-confirm-phi4_mini-grpo-code_standard-c1-s51/environment-5002557.json;output/major_revision_cross_model_confirmatory/mr-xm-confirm-phi4_mini-grpo-code_standard-c1-s51/gpu-memory-5002557.csv;output/major_revision_cross_model_confirmatory/mr-xm-confirm-phi4_mini-grpo-code_standard-c1-s51/gpu-telemetry-5002557.csv;output/major_revision_cross_model_confirmatory/mr-xm-confirm-phi4_mini-grpo-code_standard-c1-s51/phase-memory-5002557.csv;output/major_revision_cross_model_confirmatory/mr-xm-confirm-phi4_mini-grpo-code_standard-c1-s51/training-5002557.log;output/major_revision_cross_model_confirmatory/mr-xm-confirm-phi4_mini-grpo-code_standard-c1-s51/trial-5002557.json,
attempt-23bbb63202f57ac5,cfg-42a07dcd991102a7,,batch_reservation,strong-factorial-granite33_2b-grpo-code_standard-base-s94,5031303,0,other_failure,0,runtime,factorial_live_launcher_replacement_failure,,output/strengthening_factorial/strong-factorial-granite33_2b-grpo-code_standard-base-s94/environment-5031303.json;output/strengthening_factorial/strong-factorial-granite33_2b-grpo-code_standard-base-s94/gpu-memory-5031303.csv;output/strengthening_factorial/strong-factorial-granite33_2b-grpo-code_standard-base-s94/gpu-telemetry-5031303.csv;output/strengthening_factorial/strong-factorial-granite33_2b-grpo-code_standard-base-s94/phase-memory-5031303.csv;output/strengthening_factorial/strong-factorial-granite33_2b-grpo-code_standard-base-s94/training-5031303.log;output/strengthening_factorial/strong-factorial-granite33_2b-grpo-code_standard-base-s94/trial-5031303.json,
attempt-23c83a081ae6fb32,cfg-4c4910aff27c5f91,run-23c83a081ae6fb32,sampling_calibration,v2tel-05-qwen25_3b-grpo-gsm8k-safe_margin-10ms,4935211,1,completed,1,,,,output/benchmark_v2_telemetry_calibration/v2tel-05-qwen25_3b-grpo-gsm8k-safe_margin-10ms/environment-4935211.json;output/benchmark_v2_telemetry_calibration/v2tel-05-qwen25_3b-grpo-gsm8k-safe_margin-10ms/gpu-memory-4935211.csv;output/benchmark_v2_telemetry_calibration/v2tel-05-qwen25_3b-grpo-gsm8k-safe_margin-10ms/gpu-telemetry-4935211.csv;output/benchmark_v2_telemetry_calibration/v2tel-05-qwen25_3b-grpo-gsm8k-safe_margin-10ms/phase-memory-4935211.csv;output/benchmark_v2_telemetry_calibration/v2tel-05-qwen25_3b-grpo-gsm8k-safe_margin-10ms/training-4935211.log;output/benchmark_v2_telemetry_calibration/v2tel-05-qwen25_3b-grpo-gsm8k-safe_margin-10ms/trial-4935211.json,
attempt-23d9fafb0b5eb037,cfg-a94bf7877633dfda,,boundary,strong-granite-confirmatory-grpo-code_standard-c2-s93,5031292,0,other_failure,0,distributed_port_collision,granite_vllm_replica_port_collision,,output/strengthening_granite_confirmatory/strong-granite-confirmatory-grpo-code_standard-c2-s93/environment-5031292.json;output/strengthening_granite_confirmatory/strong-granite-confirmatory-grpo-code_standard-c2-s93/gpu-memory-5031292.csv;output/strengthening_granite_confirmatory/strong-granite-confirmatory-grpo-code_standard-c2-s93/gpu-telemetry-5031292.csv;output/strengthening_granite_confirmatory/strong-granite-confirmatory-grpo-code_standard-c2-s93/phase-memory-5031292.csv;output/strengthening_granite_confirmatory/strong-granite-confirmatory-grpo-code_standard-c2-s93/training-5031292.log;output/strengthening_granite_confirmatory/strong-granite-confirmatory-grpo-code_standard-c2-s93/trial-5031292.json,
attempt-23f0078f77c42951,cfg-8a39420e5b484230,run-23f0078f77c42951,batch_reservation,strong-factorial-phi4_mini-grpo-math-reservation_only-s94,5031838,1,completed,1,,,,output/strengthening_factorial/strong-factorial-phi4_mini-grpo-math-reservation_only-s94/environment-5031838.json;output/strengthening_factorial/strong-factorial-phi4_mini-grpo-math-reservation_only-s94/gpu-memory-5031838.csv;output/strengthening_factorial/strong-factorial-phi4_mini-grpo-math-reservation_only-s94/gpu-telemetry-5031838.csv;output/strengthening_factorial/strong-factorial-phi4_mini-grpo-math-reservation_only-s94/phase-memory-5031838.csv;output/strengthening_factorial/strong-factorial-phi4_mini-grpo-math-reservation_only-s94/training-5031838.log;output/strengthening_factorial/strong-factorial-phi4_mini-grpo-math-reservation_only-s94/trial-5031838.json,
attempt-241026e9cbd44d76,cfg-c3f0ad157d299d39,run-241026e9cbd44d76,boundary,strong-granite-confirmatory-grpo-code_standard-c3-s91,5031382,1,completed,1,,,,output/strengthening_granite_confirmatory/strong-granite-confirmatory-grpo-code_standard-c3-s91/environment-5031382.json;output/strengthening_granite_confirmatory/strong-granite-confirmatory-grpo-code_standard-c3-s91/gpu-memory-5031382.csv;output/strengthening_granite_confirmatory/strong-granite-confirmatory-grpo-code_standard-c3-s91/gpu-telemetry-5031382.csv;output/strengthening_granite_confirmatory/strong-granite-confirmatory-grpo-code_standard-c3-s91/phase-memory-5031382.csv;output/strengthening_granite_confirmatory/strong-granite-confirmatory-grpo-code_standard-c3-s91/training-5031382.log;output/strengthening_granite_confirmatory/strong-granite-confirmatory-grpo-code_standard-c3-s91/trial-5031382.json,
attempt-24d31fead95d3089,cfg-a188f9742074d270,run-24d31fead95d3089,state_release,strong-node-qwen25_3b-grpo-gsm8k-near_boundary-s81-p2-resident,5031091,1,memory_failure,0,weight_sync_oom,,,output/strengthening_same_node_residency/strong-node-qwen25_3b-grpo-gsm8k-near_boundary-s81-p2-resident/environment-5031091.json;output/strengthening_same_node_residency/strong-node-qwen25_3b-grpo-gsm8k-near_boundary-s81-p2-resident/gpu-memory-5031091.csv;output/strengthening_same_node_residency/strong-node-qwen25_3b-grpo-gsm8k-near_boundary-s81-p2-resident/gpu-telemetry-5031091.csv;output/strengthening_same_node_residency/strong-node-qwen25_3b-grpo-gsm8k-near_boundary-s81-p2-resident/phase-memory-5031091.csv;output/strengthening_same_node_residency/strong-node-qwen25_3b-grpo-gsm8k-near_boundary-s81-p2-resident/training-5031091.log;output/strengthening_same_node_residency/strong-node-qwen25_3b-grpo-gsm8k-near_boundary-s81-p2-resident/trial-5031091.json,
attempt-254b76d27348fbce,cfg-c52a49b3491283c7,run-254b76d27348fbce,temporal_100,strong-time-grpo-gsm8k-qwen25_3b-near_boundary-s92,5032500,1,completed,1,,,,output/strengthening_temporal_phases/strong-time-grpo-gsm8k-qwen25_3b-near_boundary-s92/environment-5032500.json;output/strengthening_temporal_phases/strong-time-grpo-gsm8k-qwen25_3b-near_boundary-s92/gpu-memory-5032500.csv;output/strengthening_temporal_phases/strong-time-grpo-gsm8k-qwen25_3b-near_boundary-s92/gpu-telemetry-5032500.csv;output/strengthening_temporal_phases/strong-time-grpo-gsm8k-qwen25_3b-near_boundary-s92/phase-memory-5032500.csv;output/strengthening_temporal_phases/strong-time-grpo-gsm8k-qwen25_3b-near_boundary-s92/training-5032500.log;output/strengthening_temporal_phases/strong-time-grpo-gsm8k-qwen25_3b-near_boundary-s92/trial-5032500.json,
attempt-26556af229c766af,cfg-bfb83ff32b7fd921,run-26556af229c766af,boundary,mr-xm-confirm-qwen25_3b-grpo-code_heavy_tail-c1-s52,4999655,1,completed,1,,,,output/major_revision_cross_model_confirmatory/mr-xm-confirm-qwen25_3b-grpo-code_heavy_tail-c1-s52/environment-4999655.json;output/major_revision_cross_model_confirmatory/mr-xm-confirm-qwen25_3b-grpo-code_heavy_tail-c1-s52/gpu-memory-4999655.csv;output/major_revision_cross_model_confirmatory/mr-xm-confirm-qwen25_3b-grpo-code_heavy_tail-c1-s52/gpu-telemetry-4999655.csv;output/major_revision_cross_model_confirmatory/mr-xm-confirm-qwen25_3b-grpo-code_heavy_tail-c1-s52/phase-memory-4999655.csv;output/major_revision_cross_model_confirmatory/mr-xm-confirm-qwen25_3b-grpo-code_heavy_tail-c1-s52/training-4999655.log;output/major_revision_cross_model_confirmatory/mr-xm-confirm-qwen25_3b-grpo-code_heavy_tail-c1-s52/trial-4999655.json,
attempt-26e3224353ef75d1,cfg-e5f3439a7c655274,run-26e3224353ef75d1,temporal_40,v2time-grpo-gsm8k-qwen25_3b-near_boundary-s43,4943041,1,completed,1,,,,output/benchmark_v2_temporal_confirmatory/v2time-grpo-gsm8k-qwen25_3b-near_boundary-s43/environment-4943041.json;output/benchmark_v2_temporal_confirmatory/v2time-grpo-gsm8k-qwen25_3b-near_boundary-s43/gpu-memory-4943041.csv;output/benchmark_v2_temporal_confirmatory/v2time-grpo-gsm8k-qwen25_3b-near_boundary-s43/gpu-telemetry-4943041.csv;output/benchmark_v2_temporal_confirmatory/v2time-grpo-gsm8k-qwen25_3b-near_boundary-s43/phase-memory-4943041.csv;output/benchmark_v2_temporal_confirmatory/v2time-grpo-gsm8k-qwen25_3b-near_boundary-s43/training-4943041.log;output/benchmark_v2_temporal_confirmatory/v2time-grpo-gsm8k-qwen25_3b-near_boundary-s43/trial-4943041.json,
attempt-27b3d2d3151fa554,cfg-32977d5aa42a41cb,run-27b3d2d3151fa554,boundary,strong-granite-confirmatory-grpo-math_short-c5-s92,5031391,1,memory_failure,0,rollout_init_memory,,,output/strengthening_granite_confirmatory/strong-granite-confirmatory-grpo-math_short-c5-s92/environment-5031391.json;output/strengthening_granite_confirmatory/strong-granite-confirmatory-grpo-math_short-c5-s92/gpu-memory-5031391.csv;output/strengthening_granite_confirmatory/strong-granite-confirmatory-grpo-math_short-c5-s92/gpu-telemetry-5031391.csv;output/strengthening_granite_confirmatory/strong-granite-confirmatory-grpo-math_short-c5-s92/phase-memory-5031391.csv;output/strengthening_granite_confirmatory/strong-granite-confirmatory-grpo-math_short-c5-s92/training-5031391.log;output/strengthening_granite_confirmatory/strong-granite-confirmatory-grpo-math_short-c5-s92/trial-5031391.json,
attempt-27e9d00ab1d16c97,cfg-e2763ffc8afa3602,run-27e9d00ab1d16c97,batch_reservation,strong-factorial-granite33_2b-grpo-gsm8k_long-reservation_only-s95,5031394,1,completed,1,,,,output/strengthening_factorial/strong-factorial-granite33_2b-grpo-gsm8k_long-reservation_only-s95/environment-5031394.json;output/strengthening_factorial/strong-factorial-granite33_2b-grpo-gsm8k_long-reservation_only-s95/gpu-memory-5031394.csv;output/strengthening_factorial/strong-factorial-granite33_2b-grpo-gsm8k_long-reservation_only-s95/gpu-telemetry-5031394.csv;output/strengthening_factorial/strong-factorial-granite33_2b-grpo-gsm8k_long-reservation_only-s95/phase-memory-5031394.csv;output/strengthening_factorial/strong-factorial-granite33_2b-grpo-gsm8k_long-reservation_only-s95/training-5031394.log;output/strengthening_factorial/strong-factorial-granite33_2b-grpo-gsm8k_long-reservation_only-s95/trial-5031394.json,
attempt-2892724d6e7b2ae0,cfg-cc5f4f0c2e1256ba,run-2892724d6e7b2ae0,boundary,strong-granite-confirmatory-grpo-code_standard-c1-s93,5031418,1,completed,1,,,,output/strengthening_granite_confirmatory/strong-granite-confirmatory-grpo-code_standard-c1-s93/environment-5031418.json;output/strengthening_granite_confirmatory/strong-granite-confirmatory-grpo-code_standard-c1-s93/gpu-memory-5031418.csv;output/strengthening_granite_confirmatory/strong-granite-confirmatory-grpo-code_standard-c1-s93/gpu-telemetry-5031418.csv;output/strengthening_granite_confirmatory/strong-granite-confirmatory-grpo-code_standard-c1-s93/phase-memory-5031418.csv;output/strengthening_granite_confirmatory/strong-granite-confirmatory-grpo-code_standard-c1-s93/training-5031418.log;output/strengthening_granite_confirmatory/strong-granite-confirmatory-grpo-code_standard-c1-s93/trial-5031418.json,
attempt-291422f03d5c31ce,cfg-b062fc673112f583,run-291422f03d5c31ce,batch_reservation,strong-factorial-phi4_mini-grpo-code_heavy_tail-joint-s95,5031730,1,completed,1,,,,output/strengthening_factorial/strong-factorial-phi4_mini-grpo-code_heavy_tail-joint-s95/environment-5031730.json;output/strengthening_factorial/strong-factorial-phi4_mini-grpo-code_heavy_tail-joint-s95/gpu-memory-5031730.csv;output/strengthening_factorial/strong-factorial-phi4_mini-grpo-code_heavy_tail-joint-s95/gpu-telemetry-5031730.csv;output/strengthening_factorial/strong-factorial-phi4_mini-grpo-code_heavy_tail-joint-s95/phase-memory-5031730.csv;output/strengthening_factorial/strong-factorial-phi4_mini-grpo-code_heavy_tail-joint-s95/training-5031730.log;output/strengthening_factorial/strong-factorial-phi4_mini-grpo-code_heavy_tail-joint-s95/trial-5031730.json,
attempt-294352cf62ba89f1,cfg-a330fc0dc0b46c34,run-294352cf62ba89f1,horizon_followup,rev-temporal-granite33_2b-gsm8k-interpolated-s113-long,5045430,1,completed,1,,,,output/revision_temporal/rev-temporal-granite33_2b-gsm8k-interpolated-s113-long/attempt-5045430/environment-5045430.json;output/revision_temporal/rev-temporal-granite33_2b-gsm8k-interpolated-s113-long/attempt-5045430/gpu-memory-5045430.csv;output/revision_temporal/rev-temporal-granite33_2b-gsm8k-interpolated-s113-long/attempt-5045430/gpu-telemetry-5045430.csv;output/revision_temporal/rev-temporal-granite33_2b-gsm8k-interpolated-s113-long/attempt-5045430/phase-memory-5045430.csv;output/revision_temporal/rev-temporal-granite33_2b-gsm8k-interpolated-s113-long/attempt-5045430/training-5045430.log;output/revision_temporal/rev-temporal-granite33_2b-gsm8k-interpolated-s113-long/attempt-5045430/trial-5045430.json;output/revision_temporal/rev-temporal-granite33_2b-gsm8k-interpolated-s113-long/trial-5045430.json,
attempt-295d65824fa3093e,cfg-e117f15dd5ccfb30,run-295d65824fa3093e,boundary,mr-xm-confirm-phi4_mini-grpo-code_heavy_tail-c2-s52,5003942,1,completed,1,,,,output/major_revision_cross_model_confirmatory/mr-xm-confirm-phi4_mini-grpo-code_heavy_tail-c2-s52/environment-5003942.json;output/major_revision_cross_model_confirmatory/mr-xm-confirm-phi4_mini-grpo-code_heavy_tail-c2-s52/gpu-memory-5003942.csv;output/major_revision_cross_model_confirmatory/mr-xm-confirm-phi4_mini-grpo-code_heavy_tail-c2-s52/gpu-telemetry-5003942.csv;output/major_revision_cross_model_confirmatory/mr-xm-confirm-phi4_mini-grpo-code_heavy_tail-c2-s52/phase-memory-5003942.csv;output/major_revision_cross_model_confirmatory/mr-xm-confirm-phi4_mini-grpo-code_heavy_tail-c2-s52/training-5003942.log;output/major_revision_cross_model_confirmatory/mr-xm-confirm-phi4_mini-grpo-code_heavy_tail-c2-s52/trial-5003942.json,
attempt-2991a07d2cf97778,cfg-61c14de21a34d0e6,run-2991a07d2cf97778,boundary,strong-granite-confirmatory-grpo-code_standard-c4-s92,5031386,1,completed,1,,,,output/strengthening_granite_confirmatory/strong-granite-confirmatory-grpo-code_standard-c4-s92/environment-5031386.json;output/strengthening_granite_confirmatory/strong-granite-confirmatory-grpo-code_standard-c4-s92/gpu-memory-5031386.csv;output/strengthening_granite_confirmatory/strong-granite-confirmatory-grpo-code_standard-c4-s92/gpu-telemetry-5031386.csv;output/strengthening_granite_confirmatory/strong-granite-confirmatory-grpo-code_standard-c4-s92/phase-memory-5031386.csv;output/strengthening_granite_confirmatory/strong-granite-confirmatory-grpo-code_standard-c4-s92/training-5031386.log;output/strengthening_granite_confirmatory/strong-granite-confirmatory-grpo-code_standard-c4-s92/trial-5031386.json,
attempt-29fa8d54bb45846e,cfg-c2d27e8a89945048,run-29fa8d54bb45846e,batch_reservation,strong-factorial-qwen25_3b-grpo-gsm8k-joint-s96,5032042,1,completed,1,,,,output/strengthening_factorial/strong-factorial-qwen25_3b-grpo-gsm8k-joint-s96/environment-5032042.json;output/strengthening_factorial/strong-factorial-qwen25_3b-grpo-gsm8k-joint-s96/gpu-memory-5032042.csv;output/strengthening_factorial/strong-factorial-qwen25_3b-grpo-gsm8k-joint-s96/gpu-telemetry-5032042.csv;output/strengthening_factorial/strong-factorial-qwen25_3b-grpo-gsm8k-joint-s96/phase-memory-5032042.csv;output/strengthening_factorial/strong-factorial-qwen25_3b-grpo-gsm8k-joint-s96/training-5032042.log;output/strengthening_factorial/strong-factorial-qwen25_3b-grpo-gsm8k-joint-s96/trial-5032042.json,
attempt-2a039ed87f6652cc,cfg-a23a9ffc1f670139,run-2a039ed87f6652cc,four_gpu,rev-topology-qwen25_3b-math-c4-s111-four_gpu,5045331,1,completed,1,,,,output/revision_topology/rev-topology-qwen25_3b-math-c4-s111-four_gpu/attempt-5045331/environment-5045331.json;output/revision_topology/rev-topology-qwen25_3b-math-c4-s111-four_gpu/attempt-5045331/gpu-memory-5045331.csv;output/revision_topology/rev-topology-qwen25_3b-math-c4-s111-four_gpu/attempt-5045331/gpu-telemetry-5045331.csv;output/revision_topology/rev-topology-qwen25_3b-math-c4-s111-four_gpu/attempt-5045331/phase-memory-5045331.csv;output/revision_topology/rev-topology-qwen25_3b-math-c4-s111-four_gpu/attempt-5045331/training-5045331.log;output/revision_topology/rev-topology-qwen25_3b-math-c4-s111-four_gpu/attempt-5045331/trial-5045331.json;output/revision_topology/rev-topology-qwen25_3b-math-c4-s111-four_gpu/trial-5045331.json,
attempt-2abc00f0e2aa44eb,cfg-072bd7669d20f8fa,run-2abc00f0e2aa44eb,four_gpu,rev-topology-phi4_mini-math-c3-s112-four_gpu,5045374,1,completed,1,,,,output/revision_topology/rev-topology-phi4_mini-math-c3-s112-four_gpu/attempt-5045374/environment-5045374.json;output/revision_topology/rev-topology-phi4_mini-math-c3-s112-four_gpu/attempt-5045374/gpu-memory-5045374.csv;output/revision_topology/rev-topology-phi4_mini-math-c3-s112-four_gpu/attempt-5045374/gpu-telemetry-5045374.csv;output/revision_topology/rev-topology-phi4_mini-math-c3-s112-four_gpu/attempt-5045374/phase-memory-5045374.csv;output/revision_topology/rev-topology-phi4_mini-math-c3-s112-four_gpu/attempt-5045374/training-5045374.log;output/revision_topology/rev-topology-phi4_mini-math-c3-s112-four_gpu/attempt-5045374/trial-5045374.json;output/revision_topology/rev-topology-phi4_mini-math-c3-s112-four_gpu/trial-5045374.json,
attempt-2ba0c38b4d8a3ef2,cfg-f439d2dd90137a80,run-2ba0c38b4d8a3ef2,four_gpu,rev-topology-granite33_2b-gsm8k-c4-s111-four_gpu,5045396,1,completed,1,,,,output/revision_topology/rev-topology-granite33_2b-gsm8k-c4-s111-four_gpu/attempt-5045396/environment-5045396.json;output/revision_topology/rev-topology-granite33_2b-gsm8k-c4-s111-four_gpu/attempt-5045396/gpu-memory-5045396.csv;output/revision_topology/rev-topology-granite33_2b-gsm8k-c4-s111-four_gpu/attempt-5045396/gpu-telemetry-5045396.csv;output/revision_topology/rev-topology-granite33_2b-gsm8k-c4-s111-four_gpu/attempt-5045396/phase-memory-5045396.csv;output/revision_topology/rev-topology-granite33_2b-gsm8k-c4-s111-four_gpu/attempt-5045396/training-5045396.log;output/revision_topology/rev-topology-granite33_2b-gsm8k-c4-s111-four_gpu/attempt-5045396/trial-5045396.json;output/revision_topology/rev-topology-granite33_2b-gsm8k-c4-s111-four_gpu/trial-5045396.json,
attempt-2cdcfeefad5700fe,cfg-792be3e27c84b0cb,run-2cdcfeefad5700fe,temporal_40,v2time-grpo-math-qwen25_1p5b-one_step_unsafe-s43,4947252,1,completed,1,,,,output/benchmark_v2_temporal_confirmatory/v2time-grpo-math-qwen25_1p5b-one_step_unsafe-s43/environment-4947252.json;output/benchmark_v2_temporal_confirmatory/v2time-grpo-math-qwen25_1p5b-one_step_unsafe-s43/gpu-memory-4947252.csv;output/benchmark_v2_temporal_confirmatory/v2time-grpo-math-qwen25_1p5b-one_step_unsafe-s43/gpu-telemetry-4947252.csv;output/benchmark_v2_temporal_confirmatory/v2time-grpo-math-qwen25_1p5b-one_step_unsafe-s43/phase-memory-4947252.csv;output/benchmark_v2_temporal_confirmatory/v2time-grpo-math-qwen25_1p5b-one_step_unsafe-s43/training-4947252.log;output/benchmark_v2_temporal_confirmatory/v2time-grpo-math-qwen25_1p5b-one_step_unsafe-s43/trial-4947252.json,
attempt-2ce3f0e8e0e379e9,cfg-d02503f8c9804a2d,,boundary,strong-granite-confirmatory-grpo-math_short-c4-s92,5031389,0,no_trial_record,0,,granite_startup_deadlock,,output/strengthening_granite_confirmatory/strong-granite-confirmatory-grpo-math_short-c4-s92/environment-5031389.json;output/strengthening_granite_confirmatory/strong-granite-confirmatory-grpo-math_short-c4-s92/gpu-memory-5031389.csv;output/strengthening_granite_confirmatory/strong-granite-confirmatory-grpo-math_short-c4-s92/gpu-telemetry-5031389.csv;output/strengthening_granite_confirmatory/strong-granite-confirmatory-grpo-math_short-c4-s92/phase-memory-5031389.csv;output/strengthening_granite_confirmatory/strong-granite-confirmatory-grpo-math_short-c4-s92/training-5031389.log,
attempt-2de410a057ffa7cc,cfg-a28f89c750c3d53b,,instrumentation,rev-instrumentation-qwen25_3b-gsm8k-c3-s111-external,5045251,0,no_trial_record,0,,revision_snapshot_missing_submodule,,,
attempt-2df2f64c005f98e5,cfg-08730ad4a3df95fa,,batch_reservation,strong-factorial-granite33_2b-grpo-code_heavy_tail-reservation_only-s96,5031299,0,other_failure,0,runtime,factorial_live_launcher_replacement_failure,,output/strengthening_factorial/strong-factorial-granite33_2b-grpo-code_heavy_tail-reservation_only-s96/environment-5031299.json;output/strengthening_factorial/strong-factorial-granite33_2b-grpo-code_heavy_tail-reservation_only-s96/gpu-memory-5031299.csv;output/strengthening_factorial/strong-factorial-granite33_2b-grpo-code_heavy_tail-reservation_only-s96/gpu-telemetry-5031299.csv;output/strengthening_factorial/strong-factorial-granite33_2b-grpo-code_heavy_tail-reservation_only-s96/phase-memory-5031299.csv;output/strengthening_factorial/strong-factorial-granite33_2b-grpo-code_heavy_tail-reservation_only-s96/training-5031299.log;output/strengthening_factorial/strong-factorial-granite33_2b-grpo-code_heavy_tail-reservation_only-s96/trial-5031299.json,
attempt-2e181a70865aed1b,cfg-32977d5aa42a41cb,,boundary,strong-granite-confirmatory-grpo-math_short-c5-s93,5031271,0,other_failure,0,distributed_port_collision,granite_vllm_replica_port_collision,,output/strengthening_granite_confirmatory/strong-granite-confirmatory-grpo-math_short-c5-s93/environment-5031271.json;output/strengthening_granite_confirmatory/strong-granite-confirmatory-grpo-math_short-c5-s93/gpu-memory-5031271.csv;output/strengthening_granite_confirmatory/strong-granite-confirmatory-grpo-math_short-c5-s93/gpu-telemetry-5031271.csv;output/strengthening_granite_confirmatory/strong-granite-confirmatory-grpo-math_short-c5-s93/phase-memory-5031271.csv;output/strengthening_granite_confirmatory/strong-granite-confirmatory-grpo-math_short-c5-s93/training-5031271.log;output/strengthening_granite_confirmatory/strong-granite-confirmatory-grpo-math_short-c5-s93/trial-5031271.json,
attempt-2e23d70581407d15,cfg-b1aeb72d4434b30d,run-2e23d70581407d15,batch_reservation,strong-factorial-phi4_mini-grpo-gsm8k-reservation_only-s95,5031801,1,completed,1,,,,output/strengthening_factorial/strong-factorial-phi4_mini-grpo-gsm8k-reservation_only-s95/environment-5031801.json;output/strengthening_factorial/strong-factorial-phi4_mini-grpo-gsm8k-reservation_only-s95/gpu-memory-5031801.csv;output/strengthening_factorial/strong-factorial-phi4_mini-grpo-gsm8k-reservation_only-s95/gpu-telemetry-5031801.csv;output/strengthening_factorial/strong-factorial-phi4_mini-grpo-gsm8k-reservation_only-s95/phase-memory-5031801.csv;output/strengthening_factorial/strong-factorial-phi4_mini-grpo-gsm8k-reservation_only-s95/training-5031801.log;output/strengthening_factorial/strong-factorial-phi4_mini-grpo-gsm8k-reservation_only-s95/trial-5031801.json,
attempt-2ed007c4c6529d9f,cfg-fb0b705fb78cbfa7,run-2ed007c4c6529d9f,batch_reservation,strong-factorial-granite33_2b-grpo-code_standard-reservation_only-s94,5031320,1,completed,1,,,,output/strengthening_factorial/strong-factorial-granite33_2b-grpo-code_standard-reservation_only-s94/environment-5031320.json;output/strengthening_factorial/strong-factorial-granite33_2b-grpo-code_standard-reservation_only-s94/gpu-memory-5031320.csv;output/strengthening_factorial/strong-factorial-granite33_2b-grpo-code_standard-reservation_only-s94/gpu-telemetry-5031320.csv;output/strengthening_factorial/strong-factorial-granite33_2b-grpo-code_standard-reservation_only-s94/phase-memory-5031320.csv;output/strengthening_factorial/strong-factorial-granite33_2b-grpo-code_standard-reservation_only-s94/training-5031320.log;output/strengthening_factorial/strong-factorial-granite33_2b-grpo-code_standard-reservation_only-s94/trial-5031320.json,
attempt-2f6bddb55ccb53bd,cfg-44b1b60788cfb061,run-2f6bddb55ccb53bd,state_release,strong-node-qwen25_3b-grpo-gsm8k-safe_margin-s81-p2-release,5031101,1,completed,1,,,,output/strengthening_same_node_residency/strong-node-qwen25_3b-grpo-gsm8k-safe_margin-s81-p2-release/environment-5031101.json;output/strengthening_same_node_residency/strong-node-qwen25_3b-grpo-gsm8k-safe_margin-s81-p2-release/gpu-memory-5031101.csv;output/strengthening_same_node_residency/strong-node-qwen25_3b-grpo-gsm8k-safe_margin-s81-p2-release/gpu-telemetry-5031101.csv;output/strengthening_same_node_residency/strong-node-qwen25_3b-grpo-gsm8k-safe_margin-s81-p2-release/phase-memory-5031101.csv;output/strengthening_same_node_residency/strong-node-qwen25_3b-grpo-gsm8k-safe_margin-s81-p2-release/training-5031101.log;output/strengthening_same_node_residency/strong-node-qwen25_3b-grpo-gsm8k-safe_margin-s81-p2-release/trial-5031101.json,
attempt-2fa1910e47d7229e,cfg-997a5dca920f4fb3,,state_release,strong-node-qwen25_1p5b-grpo-gsm8k-near_boundary-s82-p1-resident,5031042,0,completed,1,,same_node_pair_infrastructure_failure,,output/strengthening_same_node_residency/strong-node-qwen25_1p5b-grpo-gsm8k-near_boundary-s82-p1-resident/environment-5031042.json;output/strengthening_same_node_residency/strong-node-qwen25_1p5b-grpo-gsm8k-near_boundary-s82-p1-resident/gpu-memory-5031042.csv;output/strengthening_same_node_residency/strong-node-qwen25_1p5b-grpo-gsm8k-near_boundary-s82-p1-resident/gpu-telemetry-5031042.csv;output/strengthening_same_node_residency/strong-node-qwen25_1p5b-grpo-gsm8k-near_boundary-s82-p1-resident/phase-memory-5031042.csv;output/strengthening_same_node_residency/strong-node-qwen25_1p5b-grpo-gsm8k-near_boundary-s82-p1-resident/training-5031042.log;output/strengthening_same_node_residency/strong-node-qwen25_1p5b-grpo-gsm8k-near_boundary-s82-p1-resident/trial-5031042.json,
attempt-30f65fdaf0e63332,cfg-18285c3cb50308d4,run-30f65fdaf0e63332,boundary,mr-xm-confirm-phi4_mini-grpo-code_heavy_tail-c1-s52,5003710,1,completed,1,,,,output/major_revision_cross_model_confirmatory/mr-xm-confirm-phi4_mini-grpo-code_heavy_tail-c1-s52/environment-5003710.json;output/major_revision_cross_model_confirmatory/mr-xm-confirm-phi4_mini-grpo-code_heavy_tail-c1-s52/gpu-memory-5003710.csv;output/major_revision_cross_model_confirmatory/mr-xm-confirm-phi4_mini-grpo-code_heavy_tail-c1-s52/gpu-telemetry-5003710.csv;output/major_revision_cross_model_confirmatory/mr-xm-confirm-phi4_mini-grpo-code_heavy_tail-c1-s52/phase-memory-5003710.csv;output/major_revision_cross_model_confirmatory/mr-xm-confirm-phi4_mini-grpo-code_heavy_tail-c1-s52/training-5003710.log;output/major_revision_cross_model_confirmatory/mr-xm-confirm-phi4_mini-grpo-code_heavy_tail-c1-s52/trial-5003710.json,
attempt-31080a1c082d1626,cfg-f439d2dd90137a80,run-31080a1c082d1626,four_gpu,rev-topology-granite33_2b-gsm8k-c4-s113-four_gpu,5045399,1,completed,1,,,,output/revision_topology/rev-topology-granite33_2b-gsm8k-c4-s113-four_gpu/attempt-5045399/environment-5045399.json;output/revision_topology/rev-topology-granite33_2b-gsm8k-c4-s113-four_gpu/attempt-5045399/gpu-memory-5045399.csv;output/revision_topology/rev-topology-granite33_2b-gsm8k-c4-s113-four_gpu/attempt-5045399/gpu-telemetry-5045399.csv;output/revision_topology/rev-topology-granite33_2b-gsm8k-c4-s113-four_gpu/attempt-5045399/phase-memory-5045399.csv;output/revision_topology/rev-topology-granite33_2b-gsm8k-c4-s113-four_gpu/attempt-5045399/training-5045399.log;output/revision_topology/rev-topology-granite33_2b-gsm8k-c4-s113-four_gpu/attempt-5045399/trial-5045399.json;output/revision_topology/rev-topology-granite33_2b-gsm8k-c4-s113-four_gpu/trial-5045399.json,
attempt-33c58cd83cf8f1d9,cfg-0f540d3f6fe4661b,run-33c58cd83cf8f1d9,boundary,v2cf-confirm-phi4_mini-grpo-math_short-c2-s41,4936279,1,completed,1,,,,output/benchmark_v2_cross_family_confirmatory/v2cf-confirm-phi4_mini-grpo-math_short-c2-s41/environment-4936279.json;output/benchmark_v2_cross_family_confirmatory/v2cf-confirm-phi4_mini-grpo-math_short-c2-s41/gpu-memory-4936279.csv;output/benchmark_v2_cross_family_confirmatory/v2cf-confirm-phi4_mini-grpo-math_short-c2-s41/gpu-telemetry-4936279.csv;output/benchmark_v2_cross_family_confirmatory/v2cf-confirm-phi4_mini-grpo-math_short-c2-s41/phase-memory-4936279.csv;output/benchmark_v2_cross_family_confirmatory/v2cf-confirm-phi4_mini-grpo-math_short-c2-s41/training-4936279.log;output/benchmark_v2_cross_family_confirmatory/v2cf-confirm-phi4_mini-grpo-math_short-c2-s41/trial-4936279.json,
attempt-34094f97ef3c3e79,cfg-b5352215babfeba6,run-34094f97ef3c3e79,boundary,strong-granite-confirmatory-grpo-math_short-c2-s92,5031347,1,completed,1,,,,output/strengthening_granite_confirmatory/strong-granite-confirmatory-grpo-math_short-c2-s92/environment-5031347.json;output/strengthening_granite_confirmatory/strong-granite-confirmatory-grpo-math_short-c2-s92/gpu-memory-5031347.csv;output/strengthening_granite_confirmatory/strong-granite-confirmatory-grpo-math_short-c2-s92/gpu-telemetry-5031347.csv;output/strengthening_granite_confirmatory/strong-granite-confirmatory-grpo-math_short-c2-s92/phase-memory-5031347.csv;output/strengthening_granite_confirmatory/strong-granite-confirmatory-grpo-math_short-c2-s92/training-5031347.log;output/strengthening_granite_confirmatory/strong-granite-confirmatory-grpo-math_short-c2-s92/trial-5031347.json,
attempt-34665cd38bc55a2c,cfg-9139b72537023523,run-34665cd38bc55a2c,batch_reservation,strong-factorial-granite33_2b-grpo-code_standard-joint-s95,5031351,1,completed,1,,,,output/strengthening_factorial/strong-factorial-granite33_2b-grpo-code_standard-joint-s95/environment-5031351.json;output/strengthening_factorial/strong-factorial-granite33_2b-grpo-code_standard-joint-s95/gpu-memory-5031351.csv;output/strengthening_factorial/strong-factorial-granite33_2b-grpo-code_standard-joint-s95/gpu-telemetry-5031351.csv;output/strengthening_factorial/strong-factorial-granite33_2b-grpo-code_standard-joint-s95/phase-memory-5031351.csv;output/strengthening_factorial/strong-factorial-granite33_2b-grpo-code_standard-joint-s95/training-5031351.log;output/strengthening_factorial/strong-factorial-granite33_2b-grpo-code_standard-joint-s95/trial-5031351.json,
attempt-347d7d3a06445629,cfg-0804f13209d60a6b,run-347d7d3a06445629,instrumentation,rev-instrumentation-phi4_mini-gsm8k-c2-s113-full,5045343,1,completed,1,,,,output/revision_instrumentation/rev-instrumentation-phi4_mini-gsm8k-c2-s113-full/attempt-5045343/environment-5045343.json;output/revision_instrumentation/rev-instrumentation-phi4_mini-gsm8k-c2-s113-full/attempt-5045343/gpu-memory-5045343.csv;output/revision_instrumentation/rev-instrumentation-phi4_mini-gsm8k-c2-s113-full/attempt-5045343/gpu-telemetry-5045343.csv;output/revision_instrumentation/rev-instrumentation-phi4_mini-gsm8k-c2-s113-full/attempt-5045343/phase-memory-5045343.csv;output/revision_instrumentation/rev-instrumentation-phi4_mini-gsm8k-c2-s113-full/attempt-5045343/training-5045343.log;output/revision_instrumentation/rev-instrumentation-phi4_mini-gsm8k-c2-s113-full/attempt-5045343/trial-5045343.json;output/revision_instrumentation/rev-instrumentation-phi4_mini-gsm8k-c2-s113-full/trial-5045343.json,
attempt-34c6eb4118888676,cfg-2b2cf1d2c3374464,run-34c6eb4118888676,instrumentation,rev-instrumentation-granite33_2b-math-c4-s113-full,5045282,1,completed,1,,,,output/revision_instrumentation/rev-instrumentation-granite33_2b-math-c4-s113-full/attempt-5045282/environment-5045282.json;output/revision_instrumentation/rev-instrumentation-granite33_2b-math-c4-s113-full/attempt-5045282/gpu-memory-5045282.csv;output/revision_instrumentation/rev-instrumentation-granite33_2b-math-c4-s113-full/attempt-5045282/gpu-telemetry-5045282.csv;output/revision_instrumentation/rev-instrumentation-granite33_2b-math-c4-s113-full/attempt-5045282/phase-memory-5045282.csv;output/revision_instrumentation/rev-instrumentation-granite33_2b-math-c4-s113-full/attempt-5045282/training-5045282.log;output/revision_instrumentation/rev-instrumentation-granite33_2b-math-c4-s113-full/attempt-5045282/trial-5045282.json;output/revision_instrumentation/rev-instrumentation-granite33_2b-math-c4-s113-full/trial-5045282.json,
attempt-34d6a4750523c783,cfg-cb0fb55fdae06bd1,run-34d6a4750523c783,sampling_calibration,v2tel-00-qwen25_1p5b-grpo-gsm8k-near_boundary-100ms,4935039,1,completed,1,,,,output/benchmark_v2_telemetry_calibration/v2tel-00-qwen25_1p5b-grpo-gsm8k-near_boundary-100ms/environment-4935039.json;output/benchmark_v2_telemetry_calibration/v2tel-00-qwen25_1p5b-grpo-gsm8k-near_boundary-100ms/gpu-memory-4935039.csv;output/benchmark_v2_telemetry_calibration/v2tel-00-qwen25_1p5b-grpo-gsm8k-near_boundary-100ms/gpu-telemetry-4935039.csv;output/benchmark_v2_telemetry_calibration/v2tel-00-qwen25_1p5b-grpo-gsm8k-near_boundary-100ms/phase-memory-4935039.csv;output/benchmark_v2_telemetry_calibration/v2tel-00-qwen25_1p5b-grpo-gsm8k-near_boundary-100ms/training-4935039.log;output/benchmark_v2_telemetry_calibration/v2tel-00-qwen25_1p5b-grpo-gsm8k-near_boundary-100ms/trial-4935039.json,
attempt-363da2ea8680c36d,cfg-96ccf395b84393f7,run-363da2ea8680c36d,boundary,v2cf-confirm-phi4_mini-grpo-gsm8k_long-c2-s43,4936185,1,completed,1,,,,output/benchmark_v2_cross_family_confirmatory/v2cf-confirm-phi4_mini-grpo-gsm8k_long-c2-s43/environment-4936185.json;output/benchmark_v2_cross_family_confirmatory/v2cf-confirm-phi4_mini-grpo-gsm8k_long-c2-s43/gpu-memory-4936185.csv;output/benchmark_v2_cross_family_confirmatory/v2cf-confirm-phi4_mini-grpo-gsm8k_long-c2-s43/gpu-telemetry-4936185.csv;output/benchmark_v2_cross_family_confirmatory/v2cf-confirm-phi4_mini-grpo-gsm8k_long-c2-s43/phase-memory-4936185.csv;output/benchmark_v2_cross_family_confirmatory/v2cf-confirm-phi4_mini-grpo-gsm8k_long-c2-s43/training-4936185.log;output/benchmark_v2_cross_family_confirmatory/v2cf-confirm-phi4_mini-grpo-gsm8k_long-c2-s43/trial-4936185.json,
attempt-3665a3d91bc715e0,cfg-71a1a1a191bc4135,run-3665a3d91bc715e0,instrumentation,rev-instrumentation-granite33_2b-gsm8k-c4-s111-external,5045385,1,completed,1,,,,output/revision_instrumentation/rev-instrumentation-granite33_2b-gsm8k-c4-s111-external/attempt-5045385/environment-5045385.json;output/revision_instrumentation/rev-instrumentation-granite33_2b-gsm8k-c4-s111-external/attempt-5045385/gpu-memory-5045385.csv;output/revision_instrumentation/rev-instrumentation-granite33_2b-gsm8k-c4-s111-external/attempt-5045385/gpu-telemetry-5045385.csv;output/revision_instrumentation/rev-instrumentation-granite33_2b-gsm8k-c4-s111-external/attempt-5045385/phase-memory-5045385.csv;output/revision_instrumentation/rev-instrumentation-granite33_2b-gsm8k-c4-s111-external/attempt-5045385/training-5045385.log;output/revision_instrumentation/rev-instrumentation-granite33_2b-gsm8k-c4-s111-external/attempt-5045385/trial-5045385.json;output/revision_instrumentation/rev-instrumentation-granite33_2b-gsm8k-c4-s111-external/trial-5045385.json,
attempt-372ba3119c34744d,cfg-3ca7715d60421fe4,run-372ba3119c34744d,batch_reservation,strong-factorial-phi4_mini-grpo-math-joint-s95,5031860,1,completed,1,,,,output/strengthening_factorial/strong-factorial-phi4_mini-grpo-math-joint-s95/environment-5031860.json;output/strengthening_factorial/strong-factorial-phi4_mini-grpo-math-joint-s95/gpu-memory-5031860.csv;output/strengthening_factorial/strong-factorial-phi4_mini-grpo-math-joint-s95/gpu-telemetry-5031860.csv;output/strengthening_factorial/strong-factorial-phi4_mini-grpo-math-joint-s95/phase-memory-5031860.csv;output/strengthening_factorial/strong-factorial-phi4_mini-grpo-math-joint-s95/training-5031860.log;output/strengthening_factorial/strong-factorial-phi4_mini-grpo-math-joint-s95/trial-5031860.json,
attempt-373bacb4f2a2c17a,cfg-ca71b56dc3189305,run-373bacb4f2a2c17a,boundary,mr-xm-confirm-qwen25_3b-grpo-code_standard-c5-s51,4999453,1,memory_failure,0,rollout_init_memory,,,output/major_revision_cross_model_confirmatory/mr-xm-confirm-qwen25_3b-grpo-code_standard-c5-s51/environment-4999453.json;output/major_revision_cross_model_confirmatory/mr-xm-confirm-qwen25_3b-grpo-code_standard-c5-s51/gpu-memory-4999453.csv;output/major_revision_cross_model_confirmatory/mr-xm-confirm-qwen25_3b-grpo-code_standard-c5-s51/gpu-telemetry-4999453.csv;output/major_revision_cross_model_confirmatory/mr-xm-confirm-qwen25_3b-grpo-code_standard-c5-s51/phase-memory-4999453.csv;output/major_revision_cross_model_confirmatory/mr-xm-confirm-qwen25_3b-grpo-code_standard-c5-s51/training-4999453.log;output/major_revision_cross_model_confirmatory/mr-xm-confirm-qwen25_3b-grpo-code_standard-c5-s51/trial-4999453.json,
attempt-375fe6c04485057e,cfg-10644b5d0a82d5c3,run-375fe6c04485057e,boundary,mr-xm-confirm-phi4_mini-grpo-code_heavy_tail-c5-s52,5003971,1,memory_failure,0,rollout_init_memory,,,output/major_revision_cross_model_confirmatory/mr-xm-confirm-phi4_mini-grpo-code_heavy_tail-c5-s52/environment-5003971.json;output/major_revision_cross_model_confirmatory/mr-xm-confirm-phi4_mini-grpo-code_heavy_tail-c5-s52/gpu-memory-5003971.csv;output/major_revision_cross_model_confirmatory/mr-xm-confirm-phi4_mini-grpo-code_heavy_tail-c5-s52/gpu-telemetry-5003971.csv;output/major_revision_cross_model_confirmatory/mr-xm-confirm-phi4_mini-grpo-code_heavy_tail-c5-s52/phase-memory-5003971.csv;output/major_revision_cross_model_confirmatory/mr-xm-confirm-phi4_mini-grpo-code_heavy_tail-c5-s52/training-5003971.log;output/major_revision_cross_model_confirmatory/mr-xm-confirm-phi4_mini-grpo-code_heavy_tail-c5-s52/trial-5003971.json,
attempt-37bd45b12125a656,cfg-7ee75feb0b09675f,run-37bd45b12125a656,batch_reservation,strong-factorial-qwen25_3b-grpo-math-actor_only-s96,5032052,1,completed,1,,,,output/strengthening_factorial/strong-factorial-qwen25_3b-grpo-math-actor_only-s96/environment-5032052.json;output/strengthening_factorial/strong-factorial-qwen25_3b-grpo-math-actor_only-s96/gpu-memory-5032052.csv;output/strengthening_factorial/strong-factorial-qwen25_3b-grpo-math-actor_only-s96/gpu-telemetry-5032052.csv;output/strengthening_factorial/strong-factorial-qwen25_3b-grpo-math-actor_only-s96/phase-memory-5032052.csv;output/strengthening_factorial/strong-factorial-qwen25_3b-grpo-math-actor_only-s96/training-5032052.log;output/strengthening_factorial/strong-factorial-qwen25_3b-grpo-math-actor_only-s96/trial-5032052.json,
attempt-37f374765f300ebf,cfg-09d34ea9e791de94,run-37f374765f300ebf,batch_reservation,strong-factorial-qwen25_3b-grpo-gsm8k-reservation_only-s96,5032039,1,completed,1,,,,output/strengthening_factorial/strong-factorial-qwen25_3b-grpo-gsm8k-reservation_only-s96/environment-5032039.json;output/strengthening_factorial/strong-factorial-qwen25_3b-grpo-gsm8k-reservation_only-s96/gpu-memory-5032039.csv;output/strengthening_factorial/strong-factorial-qwen25_3b-grpo-gsm8k-reservation_only-s96/gpu-telemetry-5032039.csv;output/strengthening_factorial/strong-factorial-qwen25_3b-grpo-gsm8k-reservation_only-s96/phase-memory-5032039.csv;output/strengthening_factorial/strong-factorial-qwen25_3b-grpo-gsm8k-reservation_only-s96/training-5032039.log;output/strengthening_factorial/strong-factorial-qwen25_3b-grpo-gsm8k-reservation_only-s96/trial-5032039.json,
attempt-387dbc5b40f063d3,cfg-3ca7715d60421fe4,run-387dbc5b40f063d3,batch_reservation,strong-factorial-phi4_mini-grpo-math-joint-s94,5031857,1,completed,1,,,,output/strengthening_factorial/strong-factorial-phi4_mini-grpo-math-joint-s94/environment-5031857.json;output/strengthening_factorial/strong-factorial-phi4_mini-grpo-math-joint-s94/gpu-memory-5031857.csv;output/strengthening_factorial/strong-factorial-phi4_mini-grpo-math-joint-s94/gpu-telemetry-5031857.csv;output/strengthening_factorial/strong-factorial-phi4_mini-grpo-math-joint-s94/phase-memory-5031857.csv;output/strengthening_factorial/strong-factorial-phi4_mini-grpo-math-joint-s94/training-5031857.log;output/strengthening_factorial/strong-factorial-phi4_mini-grpo-math-joint-s94/trial-5031857.json,
attempt-389a3a84296e479b,cfg-fd4d4789145230df,,boundary,strong-granite-confirmatory-grpo-math_short-c1-s93,5031257,0,other_failure,0,runtime,granite_live_launcher_replacement_failure,,output/strengthening_granite_confirmatory/strong-granite-confirmatory-grpo-math_short-c1-s93/environment-5031257.json;output/strengthening_granite_confirmatory/strong-granite-confirmatory-grpo-math_short-c1-s93/gpu-memory-5031257.csv;output/strengthening_granite_confirmatory/strong-granite-confirmatory-grpo-math_short-c1-s93/gpu-telemetry-5031257.csv;output/strengthening_granite_confirmatory/strong-granite-confirmatory-grpo-math_short-c1-s93/phase-memory-5031257.csv;output/strengthening_granite_confirmatory/strong-granite-confirmatory-grpo-math_short-c1-s93/training-5031257.log;output/strengthening_granite_confirmatory/strong-granite-confirmatory-grpo-math_short-c1-s93/trial-5031257.json,
attempt-38a9e28e077dac64,cfg-cc030db9324662ea,run-38a9e28e077dac64,horizon_followup,rev-temporal-granite33_2b-gsm8k-interpolated-s113-source,5045430,1,completed,1,,,,output/revision_temporal/rev-temporal-granite33_2b-gsm8k-interpolated-s113-source/attempt-5045430/environment-5045430.json;output/revision_temporal/rev-temporal-granite33_2b-gsm8k-interpolated-s113-source/attempt-5045430/gpu-memory-5045430.csv;output/revision_temporal/rev-temporal-granite33_2b-gsm8k-interpolated-s113-source/attempt-5045430/gpu-telemetry-5045430.csv;output/revision_temporal/rev-temporal-granite33_2b-gsm8k-interpolated-s113-source/attempt-5045430/phase-memory-5045430.csv;output/revision_temporal/rev-temporal-granite33_2b-gsm8k-interpolated-s113-source/attempt-5045430/training-5045430.log;output/revision_temporal/rev-temporal-granite33_2b-gsm8k-interpolated-s113-source/attempt-5045430/trial-5045430.json;output/revision_temporal/rev-temporal-granite33_2b-gsm8k-interpolated-s113-source/trial-5045430.json,
attempt-38c7b29882a02ba3,cfg-a988dbb2ba8e6b83,run-38c7b29882a02ba3,temporal_100,strong-time-grpo-math-qwen25_1p5b-safe_margin-s92,5032510,1,completed,1,,,,output/strengthening_temporal_phases/strong-time-grpo-math-qwen25_1p5b-safe_margin-s92/environment-5032510.json;output/strengthening_temporal_phases/strong-time-grpo-math-qwen25_1p5b-safe_margin-s92/gpu-memory-5032510.csv;output/strengthening_temporal_phases/strong-time-grpo-math-qwen25_1p5b-safe_margin-s92/gpu-telemetry-5032510.csv;output/strengthening_temporal_phases/strong-time-grpo-math-qwen25_1p5b-safe_margin-s92/phase-memory-5032510.csv;output/strengthening_temporal_phases/strong-time-grpo-math-qwen25_1p5b-safe_margin-s92/training-5032510.log;output/strengthening_temporal_phases/strong-time-grpo-math-qwen25_1p5b-safe_margin-s92/trial-5032510.json,
attempt-38e29046b6118e96,cfg-7898c5f5e25f7757,run-38e29046b6118e96,temporal_100,strong-time-grpo-math-qwen25_1p5b-near_boundary-s92,5034326,1,completed,1,,,,output/strengthening_temporal_phases/strong-time-grpo-math-qwen25_1p5b-near_boundary-s92/environment-5034326.json;output/strengthening_temporal_phases/strong-time-grpo-math-qwen25_1p5b-near_boundary-s92/gpu-memory-5034326.csv;output/strengthening_temporal_phases/strong-time-grpo-math-qwen25_1p5b-near_boundary-s92/gpu-telemetry-5034326.csv;output/strengthening_temporal_phases/strong-time-grpo-math-qwen25_1p5b-near_boundary-s92/phase-memory-5034326.csv;output/strengthening_temporal_phases/strong-time-grpo-math-qwen25_1p5b-near_boundary-s92/training-5034326.log;output/strengthening_temporal_phases/strong-time-grpo-math-qwen25_1p5b-near_boundary-s92/trial-5034326.json,
attempt-396379757c10ee10,cfg-e8893b12558f51dd,,boundary,strong-granite-confirmatory-grpo-gsm8k_long-c5-s92,5031248,0,other_failure,0,runtime,granite_live_launcher_replacement_failure,,output/strengthening_granite_confirmatory/strong-granite-confirmatory-grpo-gsm8k_long-c5-s92/environment-5031248.json;output/strengthening_granite_confirmatory/strong-granite-confirmatory-grpo-gsm8k_long-c5-s92/gpu-memory-5031248.csv;output/strengthening_granite_confirmatory/strong-granite-confirmatory-grpo-gsm8k_long-c5-s92/gpu-telemetry-5031248.csv;output/strengthening_granite_confirmatory/strong-granite-confirmatory-grpo-gsm8k_long-c5-s92/phase-memory-5031248.csv;output/strengthening_granite_confirmatory/strong-granite-confirmatory-grpo-gsm8k_long-c5-s92/training-5031248.log;output/strengthening_granite_confirmatory/strong-granite-confirmatory-grpo-gsm8k_long-c5-s92/trial-5031248.json,
attempt-39cb1c41ce8f8303,cfg-7d5384d3ac8311c8,run-39cb1c41ce8f8303,horizon_followup,rev-temporal-phi4_mini-gsm8k-interpolated-s113-source,5045337,1,completed,1,,,,output/revision_temporal/rev-temporal-phi4_mini-gsm8k-interpolated-s113-source/attempt-5045337/environment-5045337.json;output/revision_temporal/rev-temporal-phi4_mini-gsm8k-interpolated-s113-source/attempt-5045337/gpu-memory-5045337.csv;output/revision_temporal/rev-temporal-phi4_mini-gsm8k-interpolated-s113-source/attempt-5045337/gpu-telemetry-5045337.csv;output/revision_temporal/rev-temporal-phi4_mini-gsm8k-interpolated-s113-source/attempt-5045337/phase-memory-5045337.csv;output/revision_temporal/rev-temporal-phi4_mini-gsm8k-interpolated-s113-source/attempt-5045337/training-5045337.log;output/revision_temporal/rev-temporal-phi4_mini-gsm8k-interpolated-s113-source/attempt-5045337/trial-5045337.json;output/revision_temporal/rev-temporal-phi4_mini-gsm8k-interpolated-s113-source/trial-5045337.json,
attempt-39fcbad6aacd21e2,cfg-5f2f431355dfcb31,run-39fcbad6aacd21e2,batch_reservation,strong-factorial-phi4_mini-grpo-code_standard-reservation_only-s95,5031759,1,completed,1,,,,output/strengthening_factorial/strong-factorial-phi4_mini-grpo-code_standard-reservation_only-s95/environment-5031759.json;output/strengthening_factorial/strong-factorial-phi4_mini-grpo-code_standard-reservation_only-s95/gpu-memory-5031759.csv;output/strengthening_factorial/strong-factorial-phi4_mini-grpo-code_standard-reservation_only-s95/gpu-telemetry-5031759.csv;output/strengthening_factorial/strong-factorial-phi4_mini-grpo-code_standard-reservation_only-s95/phase-memory-5031759.csv;output/strengthening_factorial/strong-factorial-phi4_mini-grpo-code_standard-reservation_only-s95/training-5031759.log;output/strengthening_factorial/strong-factorial-phi4_mini-grpo-code_standard-reservation_only-s95/trial-5031759.json,
attempt-3a16d7dba3ba6015,cfg-a026693bae37d30b,run-3a16d7dba3ba6015,boundary,mr-xm-confirm-phi4_mini-grpo-code_standard-c3-s52,5002761,1,completed,1,,,,output/major_revision_cross_model_confirmatory/mr-xm-confirm-phi4_mini-grpo-code_standard-c3-s52/environment-5002761.json;output/major_revision_cross_model_confirmatory/mr-xm-confirm-phi4_mini-grpo-code_standard-c3-s52/gpu-memory-5002761.csv;output/major_revision_cross_model_confirmatory/mr-xm-confirm-phi4_mini-grpo-code_standard-c3-s52/gpu-telemetry-5002761.csv;output/major_revision_cross_model_confirmatory/mr-xm-confirm-phi4_mini-grpo-code_standard-c3-s52/phase-memory-5002761.csv;output/major_revision_cross_model_confirmatory/mr-xm-confirm-phi4_mini-grpo-code_standard-c3-s52/training-5002761.log;output/major_revision_cross_model_confirmatory/mr-xm-confirm-phi4_mini-grpo-code_standard-c3-s52/trial-5002761.json,
attempt-3a3f9391d21a67b7,cfg-0a36e5abf5f9732e,run-3a3f9391d21a67b7,temporal_40,v2time-grpo-math-qwen25_1p5b-safe_margin-s43,4945926,1,completed,1,,,,output/benchmark_v2_temporal_confirmatory/v2time-grpo-math-qwen25_1p5b-safe_margin-s43/environment-4945926.json;output/benchmark_v2_temporal_confirmatory/v2time-grpo-math-qwen25_1p5b-safe_margin-s43/gpu-memory-4945926.csv;output/benchmark_v2_temporal_confirmatory/v2time-grpo-math-qwen25_1p5b-safe_margin-s43/gpu-telemetry-4945926.csv;output/benchmark_v2_temporal_confirmatory/v2time-grpo-math-qwen25_1p5b-safe_margin-s43/phase-memory-4945926.csv;output/benchmark_v2_temporal_confirmatory/v2time-grpo-math-qwen25_1p5b-safe_margin-s43/training-4945926.log;output/benchmark_v2_temporal_confirmatory/v2time-grpo-math-qwen25_1p5b-safe_margin-s43/trial-4945926.json,
attempt-3a4f6cfe342e81a0,cfg-c608f00aea4f9b32,run-3a4f6cfe342e81a0,batch_reservation,strong-factorial-granite33_2b-grpo-code_standard-actor_only-s94,5031317,1,completed,1,,,,output/strengthening_factorial/strong-factorial-granite33_2b-grpo-code_standard-actor_only-s94/environment-5031317.json;output/strengthening_factorial/strong-factorial-granite33_2b-grpo-code_standard-actor_only-s94/gpu-memory-5031317.csv;output/strengthening_factorial/strong-factorial-granite33_2b-grpo-code_standard-actor_only-s94/gpu-telemetry-5031317.csv;output/strengthening_factorial/strong-factorial-granite33_2b-grpo-code_standard-actor_only-s94/phase-memory-5031317.csv;output/strengthening_factorial/strong-factorial-granite33_2b-grpo-code_standard-actor_only-s94/training-5031317.log;output/strengthening_factorial/strong-factorial-granite33_2b-grpo-code_standard-actor_only-s94/trial-5031317.json,
attempt-3a8ff69f2aea0e3a,cfg-3197439008c27071,run-3a8ff69f2aea0e3a,horizon_followup,rev-temporal-granite33_2b-math-interpolated-s113-long,5045335,1,completed,1,,,,output/revision_temporal/rev-temporal-granite33_2b-math-interpolated-s113-long/attempt-5045335/environment-5045335.json;output/revision_temporal/rev-temporal-granite33_2b-math-interpolated-s113-long/attempt-5045335/gpu-memory-5045335.csv;output/revision_temporal/rev-temporal-granite33_2b-math-interpolated-s113-long/attempt-5045335/gpu-telemetry-5045335.csv;output/revision_temporal/rev-temporal-granite33_2b-math-interpolated-s113-long/attempt-5045335/phase-memory-5045335.csv;output/revision_temporal/rev-temporal-granite33_2b-math-interpolated-s113-long/attempt-5045335/training-5045335.log;output/revision_temporal/rev-temporal-granite33_2b-math-interpolated-s113-long/attempt-5045335/trial-5045335.json;output/revision_temporal/rev-temporal-granite33_2b-math-interpolated-s113-long/trial-5045335.json,
attempt-3ad909fd6f698915,cfg-9160dc45a0171a10,run-3ad909fd6f698915,boundary,mr-xm-confirm-qwen25_3b-grpo-code_standard-c0-s52,4998842,1,completed,1,,,,output/major_revision_cross_model_confirmatory/mr-xm-confirm-qwen25_3b-grpo-code_standard-c0-s52/environment-4998842.json;output/major_revision_cross_model_confirmatory/mr-xm-confirm-qwen25_3b-grpo-code_standard-c0-s52/gpu-memory-4998842.csv;output/major_revision_cross_model_confirmatory/mr-xm-confirm-qwen25_3b-grpo-code_standard-c0-s52/gpu-telemetry-4998842.csv;output/major_revision_cross_model_confirmatory/mr-xm-confirm-qwen25_3b-grpo-code_standard-c0-s52/phase-memory-4998842.csv;output/major_revision_cross_model_confirmatory/mr-xm-confirm-qwen25_3b-grpo-code_standard-c0-s52/training-4998842.log;output/major_revision_cross_model_confirmatory/mr-xm-confirm-qwen25_3b-grpo-code_standard-c0-s52/trial-4998842.json,
attempt-3b139e9a9db9041b,cfg-0a36e5abf5f9732e,run-3b139e9a9db9041b,temporal_40,v2time-grpo-math-qwen25_1p5b-safe_margin-s42,4945505,1,completed,1,,,,output/benchmark_v2_temporal_confirmatory/v2time-grpo-math-qwen25_1p5b-safe_margin-s42/environment-4945505.json;output/benchmark_v2_temporal_confirmatory/v2time-grpo-math-qwen25_1p5b-safe_margin-s42/gpu-memory-4945505.csv;output/benchmark_v2_temporal_confirmatory/v2time-grpo-math-qwen25_1p5b-safe_margin-s42/gpu-telemetry-4945505.csv;output/benchmark_v2_temporal_confirmatory/v2time-grpo-math-qwen25_1p5b-safe_margin-s42/phase-memory-4945505.csv;output/benchmark_v2_temporal_confirmatory/v2time-grpo-math-qwen25_1p5b-safe_margin-s42/training-4945505.log;output/benchmark_v2_temporal_confirmatory/v2time-grpo-math-qwen25_1p5b-safe_margin-s42/trial-4945505.json,
attempt-3b172729e627eb93,cfg-5629d7e19157784a,run-3b172729e627eb93,batch_reservation,strong-factorial-granite33_2b-grpo-code_heavy_tail-base-s96,5031338,1,completed,1,,,,output/strengthening_factorial/strong-factorial-granite33_2b-grpo-code_heavy_tail-base-s96/environment-5031338.json;output/strengthening_factorial/strong-factorial-granite33_2b-grpo-code_heavy_tail-base-s96/gpu-memory-5031338.csv;output/strengthening_factorial/strong-factorial-granite33_2b-grpo-code_heavy_tail-base-s96/gpu-telemetry-5031338.csv;output/strengthening_factorial/strong-factorial-granite33_2b-grpo-code_heavy_tail-base-s96/phase-memory-5031338.csv;output/strengthening_factorial/strong-factorial-granite33_2b-grpo-code_heavy_tail-base-s96/training-5031338.log;output/strengthening_factorial/strong-factorial-granite33_2b-grpo-code_heavy_tail-base-s96/trial-5031338.json,
attempt-3b1a3089614e30bc,cfg-0804f13209d60a6b,run-3b1a3089614e30bc,instrumentation,rev-instrumentation-phi4_mini-gsm8k-c2-s111-full,5045334,1,completed,1,,,,output/revision_instrumentation/rev-instrumentation-phi4_mini-gsm8k-c2-s111-full/attempt-5045334/environment-5045334.json;output/revision_instrumentation/rev-instrumentation-phi4_mini-gsm8k-c2-s111-full/attempt-5045334/gpu-memory-5045334.csv;output/revision_instrumentation/rev-instrumentation-phi4_mini-gsm8k-c2-s111-full/attempt-5045334/gpu-telemetry-5045334.csv;output/revision_instrumentation/rev-instrumentation-phi4_mini-gsm8k-c2-s111-full/attempt-5045334/phase-memory-5045334.csv;output/revision_instrumentation/rev-instrumentation-phi4_mini-gsm8k-c2-s111-full/attempt-5045334/training-5045334.log;output/revision_instrumentation/rev-instrumentation-phi4_mini-gsm8k-c2-s111-full/attempt-5045334/trial-5045334.json;output/revision_instrumentation/rev-instrumentation-phi4_mini-gsm8k-c2-s111-full/trial-5045334.json,
attempt-3b63c91236a27ad7,cfg-71b33248b3cb3190,run-3b63c91236a27ad7,batch_reservation,strong-factorial-granite33_2b-grpo-math_short-joint-s96,5031498,1,completed,1,,,,output/strengthening_factorial/strong-factorial-granite33_2b-grpo-math_short-joint-s96/environment-5031498.json;output/strengthening_factorial/strong-factorial-granite33_2b-grpo-math_short-joint-s96/gpu-memory-5031498.csv;output/strengthening_factorial/strong-factorial-granite33_2b-grpo-math_short-joint-s96/gpu-telemetry-5031498.csv;output/strengthening_factorial/strong-factorial-granite33_2b-grpo-math_short-joint-s96/phase-memory-5031498.csv;output/strengthening_factorial/strong-factorial-granite33_2b-grpo-math_short-joint-s96/training-5031498.log;output/strengthening_factorial/strong-factorial-granite33_2b-grpo-math_short-joint-s96/trial-5031498.json,
attempt-3bd00ac4b0cc413f,cfg-872fe55d8f69b30c,run-3bd00ac4b0cc413f,temporal_40,v2time-grpo-math-qwen25_1p5b-near_boundary-s43,4946539,1,completed,1,,,,output/benchmark_v2_temporal_confirmatory/v2time-grpo-math-qwen25_1p5b-near_boundary-s43/environment-4946539.json;output/benchmark_v2_temporal_confirmatory/v2time-grpo-math-qwen25_1p5b-near_boundary-s43/gpu-memory-4946539.csv;output/benchmark_v2_temporal_confirmatory/v2time-grpo-math-qwen25_1p5b-near_boundary-s43/gpu-telemetry-4946539.csv;output/benchmark_v2_temporal_confirmatory/v2time-grpo-math-qwen25_1p5b-near_boundary-s43/phase-memory-4946539.csv;output/benchmark_v2_temporal_confirmatory/v2time-grpo-math-qwen25_1p5b-near_boundary-s43/training-4946539.log;output/benchmark_v2_temporal_confirmatory/v2time-grpo-math-qwen25_1p5b-near_boundary-s43/trial-4946539.json,
attempt-3cb77483c440bed8,cfg-997a5dca920f4fb3,run-3cb77483c440bed8,state_release,strong-node-qwen25_1p5b-grpo-gsm8k-near_boundary-s82-p1-resident,5031120,1,completed,1,,,,output/strengthening_same_node_residency/strong-node-qwen25_1p5b-grpo-gsm8k-near_boundary-s82-p1-resident/environment-5031120.json;output/strengthening_same_node_residency/strong-node-qwen25_1p5b-grpo-gsm8k-near_boundary-s82-p1-resident/gpu-memory-5031120.csv;output/strengthening_same_node_residency/strong-node-qwen25_1p5b-grpo-gsm8k-near_boundary-s82-p1-resident/gpu-telemetry-5031120.csv;output/strengthening_same_node_residency/strong-node-qwen25_1p5b-grpo-gsm8k-near_boundary-s82-p1-resident/phase-memory-5031120.csv;output/strengthening_same_node_residency/strong-node-qwen25_1p5b-grpo-gsm8k-near_boundary-s82-p1-resident/training-5031120.log;output/strengthening_same_node_residency/strong-node-qwen25_1p5b-grpo-gsm8k-near_boundary-s82-p1-resident/trial-5031120.json,
attempt-3d20ff163c859369,cfg-b7f5b55ef67a8883,run-3d20ff163c859369,batch_reservation,strong-factorial-qwen25_3b-grpo-code_heavy_tail-reservation_only-s95,5031990,1,completed,1,,,,output/strengthening_factorial/strong-factorial-qwen25_3b-grpo-code_heavy_tail-reservation_only-s95/environment-5031990.json;output/strengthening_factorial/strong-factorial-qwen25_3b-grpo-code_heavy_tail-reservation_only-s95/gpu-memory-5031990.csv;output/strengthening_factorial/strong-factorial-qwen25_3b-grpo-code_heavy_tail-reservation_only-s95/gpu-telemetry-5031990.csv;output/strengthening_factorial/strong-factorial-qwen25_3b-grpo-code_heavy_tail-reservation_only-s95/phase-memory-5031990.csv;output/strengthening_factorial/strong-factorial-qwen25_3b-grpo-code_heavy_tail-reservation_only-s95/training-5031990.log;output/strengthening_factorial/strong-factorial-qwen25_3b-grpo-code_heavy_tail-reservation_only-s95/trial-5031990.json,
attempt-3d3a2e274f16cfdd,cfg-399f6b038d6f65f9,,four_gpu,rev-topology-qwen25_3b-gsm8k-c2-s111-four_gpu,5045256,0,other_failure,0,runtime,revision_snapshot_missing_hydra_data_config,,output/revision_topology/rev-topology-qwen25_3b-gsm8k-c2-s111-four_gpu/attempt-5045256/environment-5045256.json;output/revision_topology/rev-topology-qwen25_3b-gsm8k-c2-s111-four_gpu/attempt-5045256/gpu-memory-5045256.csv;output/revision_topology/rev-topology-qwen25_3b-gsm8k-c2-s111-four_gpu/attempt-5045256/gpu-telemetry-5045256.csv;output/revision_topology/rev-topology-qwen25_3b-gsm8k-c2-s111-four_gpu/attempt-5045256/phase-memory-5045256.csv;output/revision_topology/rev-topology-qwen25_3b-gsm8k-c2-s111-four_gpu/attempt-5045256/training-5045256.log;output/revision_topology/rev-topology-qwen25_3b-gsm8k-c2-s111-four_gpu/attempt-5045256/trial-5045256.json;output/revision_topology/rev-topology-qwen25_3b-gsm8k-c2-s111-four_gpu/trial-5045256.json,
attempt-3e0ae7ccfb253599,cfg-2b2cf1d2c3374464,run-3e0ae7ccfb253599,instrumentation,rev-instrumentation-granite33_2b-math-c4-s111-full,5045397,1,completed,1,,,,output/revision_instrumentation/rev-instrumentation-granite33_2b-math-c4-s111-full/attempt-5045397/environment-5045397.json;output/revision_instrumentation/rev-instrumentation-granite33_2b-math-c4-s111-full/attempt-5045397/gpu-memory-5045397.csv;output/revision_instrumentation/rev-instrumentation-granite33_2b-math-c4-s111-full/attempt-5045397/gpu-telemetry-5045397.csv;output/revision_instrumentation/rev-instrumentation-granite33_2b-math-c4-s111-full/attempt-5045397/phase-memory-5045397.csv;output/revision_instrumentation/rev-instrumentation-granite33_2b-math-c4-s111-full/attempt-5045397/training-5045397.log;output/revision_instrumentation/rev-instrumentation-granite33_2b-math-c4-s111-full/attempt-5045397/trial-5045397.json;output/revision_instrumentation/rev-instrumentation-granite33_2b-math-c4-s111-full/trial-5045397.json,
attempt-3ed4ca520e77af31,cfg-6467c4b5acff38f3,run-3ed4ca520e77af31,instrumentation,rev-instrumentation-phi4_mini-math-c3-s113-full,5045375,1,completed,1,,,,output/revision_instrumentation/rev-instrumentation-phi4_mini-math-c3-s113-full/attempt-5045375/environment-5045375.json;output/revision_instrumentation/rev-instrumentation-phi4_mini-math-c3-s113-full/attempt-5045375/gpu-memory-5045375.csv;output/revision_instrumentation/rev-instrumentation-phi4_mini-math-c3-s113-full/attempt-5045375/gpu-telemetry-5045375.csv;output/revision_instrumentation/rev-instrumentation-phi4_mini-math-c3-s113-full/attempt-5045375/phase-memory-5045375.csv;output/revision_instrumentation/rev-instrumentation-phi4_mini-math-c3-s113-full/attempt-5045375/training-5045375.log;output/revision_instrumentation/rev-instrumentation-phi4_mini-math-c3-s113-full/attempt-5045375/trial-5045375.json;output/revision_instrumentation/rev-instrumentation-phi4_mini-math-c3-s113-full/trial-5045375.json,
attempt-3ee68485032172dd,cfg-cadb236b55d403e1,run-3ee68485032172dd,horizon_followup,rev-temporal-phi4_mini-gsm8k-interpolated-s113-long,5045337,1,completed,1,,,,output/revision_temporal/rev-temporal-phi4_mini-gsm8k-interpolated-s113-long/attempt-5045337/environment-5045337.json;output/revision_temporal/rev-temporal-phi4_mini-gsm8k-interpolated-s113-long/attempt-5045337/gpu-memory-5045337.csv;output/revision_temporal/rev-temporal-phi4_mini-gsm8k-interpolated-s113-long/attempt-5045337/gpu-telemetry-5045337.csv;output/revision_temporal/rev-temporal-phi4_mini-gsm8k-interpolated-s113-long/attempt-5045337/phase-memory-5045337.csv;output/revision_temporal/rev-temporal-phi4_mini-gsm8k-interpolated-s113-long/attempt-5045337/training-5045337.log;output/revision_temporal/rev-temporal-phi4_mini-gsm8k-interpolated-s113-long/attempt-5045337/trial-5045337.json;output/revision_temporal/rev-temporal-phi4_mini-gsm8k-interpolated-s113-long/trial-5045337.json,
attempt-3f160ea4fd9cde89,cfg-42a07dcd991102a7,run-3f160ea4fd9cde89,batch_reservation,strong-factorial-granite33_2b-grpo-code_standard-base-s95,5031372,1,completed,1,,,,output/strengthening_factorial/strong-factorial-granite33_2b-grpo-code_standard-base-s95/environment-5031372.json;output/strengthening_factorial/strong-factorial-granite33_2b-grpo-code_standard-base-s95/gpu-memory-5031372.csv;output/strengthening_factorial/strong-factorial-granite33_2b-grpo-code_standard-base-s95/gpu-telemetry-5031372.csv;output/strengthening_factorial/strong-factorial-granite33_2b-grpo-code_standard-base-s95/phase-memory-5031372.csv;output/strengthening_factorial/strong-factorial-granite33_2b-grpo-code_standard-base-s95/training-5031372.log;output/strengthening_factorial/strong-factorial-granite33_2b-grpo-code_standard-base-s95/trial-5031372.json,
attempt-3f6af9a39b81e314,cfg-211b6fafd167a310,run-3f6af9a39b81e314,batch_reservation,strong-factorial-phi4_mini-grpo-math-actor_only-s94,5031829,1,completed,1,,,,output/strengthening_factorial/strong-factorial-phi4_mini-grpo-math-actor_only-s94/environment-5031829.json;output/strengthening_factorial/strong-factorial-phi4_mini-grpo-math-actor_only-s94/gpu-memory-5031829.csv;output/strengthening_factorial/strong-factorial-phi4_mini-grpo-math-actor_only-s94/gpu-telemetry-5031829.csv;output/strengthening_factorial/strong-factorial-phi4_mini-grpo-math-actor_only-s94/phase-memory-5031829.csv;output/strengthening_factorial/strong-factorial-phi4_mini-grpo-math-actor_only-s94/training-5031829.log;output/strengthening_factorial/strong-factorial-phi4_mini-grpo-math-actor_only-s94/trial-5031829.json,
attempt-4085b88cb89e172a,cfg-b7a35495ef8f0eb3,run-4085b88cb89e172a,batch_reservation,strong-factorial-qwen25_3b-grpo-math-reservation_only-s96,5032056,1,completed,1,,,,output/strengthening_factorial/strong-factorial-qwen25_3b-grpo-math-reservation_only-s96/environment-5032056.json;output/strengthening_factorial/strong-factorial-qwen25_3b-grpo-math-reservation_only-s96/gpu-memory-5032056.csv;output/strengthening_factorial/strong-factorial-qwen25_3b-grpo-math-reservation_only-s96/gpu-telemetry-5032056.csv;output/strengthening_factorial/strong-factorial-qwen25_3b-grpo-math-reservation_only-s96/phase-memory-5032056.csv;output/strengthening_factorial/strong-factorial-qwen25_3b-grpo-math-reservation_only-s96/training-5032056.log;output/strengthening_factorial/strong-factorial-qwen25_3b-grpo-math-reservation_only-s96/trial-5032056.json,
attempt-41742b89de6e2ff7,cfg-5244d13eac3116ad,run-41742b89de6e2ff7,boundary,v2cf-confirm-qwen25_3b-grpo-gsm8k_long-c0-s43,4935739,1,completed,1,,,,output/benchmark_v2_cross_family_confirmatory/v2cf-confirm-qwen25_3b-grpo-gsm8k_long-c0-s43/environment-4935739.json;output/benchmark_v2_cross_family_confirmatory/v2cf-confirm-qwen25_3b-grpo-gsm8k_long-c0-s43/gpu-memory-4935739.csv;output/benchmark_v2_cross_family_confirmatory/v2cf-confirm-qwen25_3b-grpo-gsm8k_long-c0-s43/gpu-telemetry-4935739.csv;output/benchmark_v2_cross_family_confirmatory/v2cf-confirm-qwen25_3b-grpo-gsm8k_long-c0-s43/phase-memory-4935739.csv;output/benchmark_v2_cross_family_confirmatory/v2cf-confirm-qwen25_3b-grpo-gsm8k_long-c0-s43/training-4935739.log;output/benchmark_v2_cross_family_confirmatory/v2cf-confirm-qwen25_3b-grpo-gsm8k_long-c0-s43/trial-4935739.json,
attempt-41ae1610098c9aa1,cfg-a94bf7877633dfda,run-41ae1610098c9aa1,boundary,strong-granite-confirmatory-grpo-code_standard-c2-s91,5031427,1,completed,1,,,,output/strengthening_granite_confirmatory/strong-granite-confirmatory-grpo-code_standard-c2-s91/environment-5031427.json;output/strengthening_granite_confirmatory/strong-granite-confirmatory-grpo-code_standard-c2-s91/gpu-memory-5031427.csv;output/strengthening_granite_confirmatory/strong-granite-confirmatory-grpo-code_standard-c2-s91/gpu-telemetry-5031427.csv;output/strengthening_granite_confirmatory/strong-granite-confirmatory-grpo-code_standard-c2-s91/phase-memory-5031427.csv;output/strengthening_granite_confirmatory/strong-granite-confirmatory-grpo-code_standard-c2-s91/training-5031427.log;output/strengthening_granite_confirmatory/strong-granite-confirmatory-grpo-code_standard-c2-s91/trial-5031427.json,
attempt-42117be20d7eaab6,cfg-10644b5d0a82d5c3,run-42117be20d7eaab6,boundary,mr-xm-confirm-phi4_mini-grpo-code_heavy_tail-c5-s53,5004074,1,memory_failure,0,rollout_init_memory,,,output/major_revision_cross_model_confirmatory/mr-xm-confirm-phi4_mini-grpo-code_heavy_tail-c5-s53/environment-5004074.json;output/major_revision_cross_model_confirmatory/mr-xm-confirm-phi4_mini-grpo-code_heavy_tail-c5-s53/gpu-memory-5004074.csv;output/major_revision_cross_model_confirmatory/mr-xm-confirm-phi4_mini-grpo-code_heavy_tail-c5-s53/gpu-telemetry-5004074.csv;output/major_revision_cross_model_confirmatory/mr-xm-confirm-phi4_mini-grpo-code_heavy_tail-c5-s53/phase-memory-5004074.csv;output/major_revision_cross_model_confirmatory/mr-xm-confirm-phi4_mini-grpo-code_heavy_tail-c5-s53/training-5004074.log;output/major_revision_cross_model_confirmatory/mr-xm-confirm-phi4_mini-grpo-code_heavy_tail-c5-s53/trial-5004074.json,
attempt-426145c5f4e0a441,cfg-ef2331208f38fbaf,run-426145c5f4e0a441,batch_reservation,strong-factorial-qwen25_3b-grpo-math-joint-s95,5032059,1,completed,1,,,,output/strengthening_factorial/strong-factorial-qwen25_3b-grpo-math-joint-s95/environment-5032059.json;output/strengthening_factorial/strong-factorial-qwen25_3b-grpo-math-joint-s95/gpu-memory-5032059.csv;output/strengthening_factorial/strong-factorial-qwen25_3b-grpo-math-joint-s95/gpu-telemetry-5032059.csv;output/strengthening_factorial/strong-factorial-qwen25_3b-grpo-math-joint-s95/phase-memory-5032059.csv;output/strengthening_factorial/strong-factorial-qwen25_3b-grpo-math-joint-s95/training-5032059.log;output/strengthening_factorial/strong-factorial-qwen25_3b-grpo-math-joint-s95/trial-5032059.json,
attempt-42c5678ad2a32691,cfg-9c461415e6bb9702,run-42c5678ad2a32691,boundary,mr-xm-confirm-phi4_mini-grpo-code_standard-c0-s53,5002544,1,completed,1,,,,output/major_revision_cross_model_confirmatory/mr-xm-confirm-phi4_mini-grpo-code_standard-c0-s53/environment-5002544.json;output/major_revision_cross_model_confirmatory/mr-xm-confirm-phi4_mini-grpo-code_standard-c0-s53/gpu-memory-5002544.csv;output/major_revision_cross_model_confirmatory/mr-xm-confirm-phi4_mini-grpo-code_standard-c0-s53/gpu-telemetry-5002544.csv;output/major_revision_cross_model_confirmatory/mr-xm-confirm-phi4_mini-grpo-code_standard-c0-s53/phase-memory-5002544.csv;output/major_revision_cross_model_confirmatory/mr-xm-confirm-phi4_mini-grpo-code_standard-c0-s53/training-5002544.log;output/major_revision_cross_model_confirmatory/mr-xm-confirm-phi4_mini-grpo-code_standard-c0-s53/trial-5002544.json,
attempt-43a6cd76fca65267,cfg-3197439008c27071,run-43a6cd76fca65267,horizon_followup,rev-temporal-granite33_2b-math-interpolated-s112-long,5045432,1,completed,1,,,,output/revision_temporal/rev-temporal-granite33_2b-math-interpolated-s112-long/attempt-5045432/environment-5045432.json;output/revision_temporal/rev-temporal-granite33_2b-math-interpolated-s112-long/attempt-5045432/gpu-memory-5045432.csv;output/revision_temporal/rev-temporal-granite33_2b-math-interpolated-s112-long/attempt-5045432/gpu-telemetry-5045432.csv;output/revision_temporal/rev-temporal-granite33_2b-math-interpolated-s112-long/attempt-5045432/phase-memory-5045432.csv;output/revision_temporal/rev-temporal-granite33_2b-math-interpolated-s112-long/attempt-5045432/training-5045432.log;output/revision_temporal/rev-temporal-granite33_2b-math-interpolated-s112-long/attempt-5045432/trial-5045432.json;output/revision_temporal/rev-temporal-granite33_2b-math-interpolated-s112-long/trial-5045432.json,
attempt-43b09af6d052d6eb,cfg-e2a205be8efba055,run-43b09af6d052d6eb,boundary,v2cf-confirm-phi4_mini-grpo-math_short-c0-s41,4936266,1,completed,1,,,,output/benchmark_v2_cross_family_confirmatory/v2cf-confirm-phi4_mini-grpo-math_short-c0-s41/environment-4936266.json;output/benchmark_v2_cross_family_confirmatory/v2cf-confirm-phi4_mini-grpo-math_short-c0-s41/gpu-memory-4936266.csv;output/benchmark_v2_cross_family_confirmatory/v2cf-confirm-phi4_mini-grpo-math_short-c0-s41/gpu-telemetry-4936266.csv;output/benchmark_v2_cross_family_confirmatory/v2cf-confirm-phi4_mini-grpo-math_short-c0-s41/phase-memory-4936266.csv;output/benchmark_v2_cross_family_confirmatory/v2cf-confirm-phi4_mini-grpo-math_short-c0-s41/training-4936266.log;output/benchmark_v2_cross_family_confirmatory/v2cf-confirm-phi4_mini-grpo-math_short-c0-s41/trial-4936266.json,
attempt-43e99a8d168e6aa2,cfg-d02503f8c9804a2d,,boundary,strong-granite-confirmatory-grpo-math_short-c4-s92,5031267,0,other_failure,0,distributed_port_collision,granite_vllm_replica_port_collision,,output/strengthening_granite_confirmatory/strong-granite-confirmatory-grpo-math_short-c4-s92/environment-5031267.json;output/strengthening_granite_confirmatory/strong-granite-confirmatory-grpo-math_short-c4-s92/gpu-memory-5031267.csv;output/strengthening_granite_confirmatory/strong-granite-confirmatory-grpo-math_short-c4-s92/gpu-telemetry-5031267.csv;output/strengthening_granite_confirmatory/strong-granite-confirmatory-grpo-math_short-c4-s92/phase-memory-5031267.csv;output/strengthening_granite_confirmatory/strong-granite-confirmatory-grpo-math_short-c4-s92/training-5031267.log;output/strengthening_granite_confirmatory/strong-granite-confirmatory-grpo-math_short-c4-s92/trial-5031267.json,
attempt-44851f688ecccd08,cfg-e2763ffc8afa3602,run-44851f688ecccd08,batch_reservation,strong-factorial-granite33_2b-grpo-gsm8k_long-reservation_only-s94,5031393,1,completed,1,,,,output/strengthening_factorial/strong-factorial-granite33_2b-grpo-gsm8k_long-reservation_only-s94/environment-5031393.json;output/strengthening_factorial/strong-factorial-granite33_2b-grpo-gsm8k_long-reservation_only-s94/gpu-memory-5031393.csv;output/strengthening_factorial/strong-factorial-granite33_2b-grpo-gsm8k_long-reservation_only-s94/gpu-telemetry-5031393.csv;output/strengthening_factorial/strong-factorial-granite33_2b-grpo-gsm8k_long-reservation_only-s94/phase-memory-5031393.csv;output/strengthening_factorial/strong-factorial-granite33_2b-grpo-gsm8k_long-reservation_only-s94/training-5031393.log;output/strengthening_factorial/strong-factorial-granite33_2b-grpo-gsm8k_long-reservation_only-s94/trial-5031393.json,
attempt-44b0631aa7ed3858,cfg-4743c1c830bad982,run-44b0631aa7ed3858,instrumentation,rev-instrumentation-phi4_mini-math-c2-s112-full,5045360,1,completed,1,,,,output/revision_instrumentation/rev-instrumentation-phi4_mini-math-c2-s112-full/attempt-5045360/environment-5045360.json;output/revision_instrumentation/rev-instrumentation-phi4_mini-math-c2-s112-full/attempt-5045360/gpu-memory-5045360.csv;output/revision_instrumentation/rev-instrumentation-phi4_mini-math-c2-s112-full/attempt-5045360/gpu-telemetry-5045360.csv;output/revision_instrumentation/rev-instrumentation-phi4_mini-math-c2-s112-full/attempt-5045360/phase-memory-5045360.csv;output/revision_instrumentation/rev-instrumentation-phi4_mini-math-c2-s112-full/attempt-5045360/training-5045360.log;output/revision_instrumentation/rev-instrumentation-phi4_mini-math-c2-s112-full/attempt-5045360/trial-5045360.json;output/revision_instrumentation/rev-instrumentation-phi4_mini-math-c2-s112-full/trial-5045360.json,
attempt-45488b857bdd8d52,cfg-8a39420e5b484230,run-45488b857bdd8d52,batch_reservation,strong-factorial-phi4_mini-grpo-math-reservation_only-s95,5031841,1,completed,1,,,,output/strengthening_factorial/strong-factorial-phi4_mini-grpo-math-reservation_only-s95/environment-5031841.json;output/strengthening_factorial/strong-factorial-phi4_mini-grpo-math-reservation_only-s95/gpu-memory-5031841.csv;output/strengthening_factorial/strong-factorial-phi4_mini-grpo-math-reservation_only-s95/gpu-telemetry-5031841.csv;output/strengthening_factorial/strong-factorial-phi4_mini-grpo-math-reservation_only-s95/phase-memory-5031841.csv;output/strengthening_factorial/strong-factorial-phi4_mini-grpo-math-reservation_only-s95/training-5031841.log;output/strengthening_factorial/strong-factorial-phi4_mini-grpo-math-reservation_only-s95/trial-5031841.json,
attempt-45cd94879346c8fc,cfg-e8893b12558f51dd,run-45cd94879346c8fc,boundary,strong-granite-confirmatory-grpo-gsm8k_long-c5-s92,5031328,1,memory_failure,0,rollout_init_memory,,,output/strengthening_granite_confirmatory/strong-granite-confirmatory-grpo-gsm8k_long-c5-s92/environment-5031328.json;output/strengthening_granite_confirmatory/strong-granite-confirmatory-grpo-gsm8k_long-c5-s92/gpu-memory-5031328.csv;output/strengthening_granite_confirmatory/strong-granite-confirmatory-grpo-gsm8k_long-c5-s92/gpu-telemetry-5031328.csv;output/strengthening_granite_confirmatory/strong-granite-confirmatory-grpo-gsm8k_long-c5-s92/phase-memory-5031328.csv;output/strengthening_granite_confirmatory/strong-granite-confirmatory-grpo-gsm8k_long-c5-s92/training-5031328.log;output/strengthening_granite_confirmatory/strong-granite-confirmatory-grpo-gsm8k_long-c5-s92/trial-5031328.json,
attempt-45cf40daf74bfe5b,cfg-a3987314cb2f9f12,run-45cf40daf74bfe5b,boundary,v2cf-confirm-phi4_mini-grpo-math_short-c3-s43,4936304,1,completed,1,,,,output/benchmark_v2_cross_family_confirmatory/v2cf-confirm-phi4_mini-grpo-math_short-c3-s43/environment-4936304.json;output/benchmark_v2_cross_family_confirmatory/v2cf-confirm-phi4_mini-grpo-math_short-c3-s43/gpu-memory-4936304.csv;output/benchmark_v2_cross_family_confirmatory/v2cf-confirm-phi4_mini-grpo-math_short-c3-s43/gpu-telemetry-4936304.csv;output/benchmark_v2_cross_family_confirmatory/v2cf-confirm-phi4_mini-grpo-math_short-c3-s43/phase-memory-4936304.csv;output/benchmark_v2_cross_family_confirmatory/v2cf-confirm-phi4_mini-grpo-math_short-c3-s43/training-4936304.log;output/benchmark_v2_cross_family_confirmatory/v2cf-confirm-phi4_mini-grpo-math_short-c3-s43/trial-4936304.json,
attempt-46371e1c7ad0bec8,cfg-e91942abb5b4f847,run-46371e1c7ad0bec8,boundary,mr-xm-confirm-qwen25_3b-grpo-code_heavy_tail-c2-s51,4999681,1,completed,1,,,,output/major_revision_cross_model_confirmatory/mr-xm-confirm-qwen25_3b-grpo-code_heavy_tail-c2-s51/environment-4999681.json;output/major_revision_cross_model_confirmatory/mr-xm-confirm-qwen25_3b-grpo-code_heavy_tail-c2-s51/gpu-memory-4999681.csv;output/major_revision_cross_model_confirmatory/mr-xm-confirm-qwen25_3b-grpo-code_heavy_tail-c2-s51/gpu-telemetry-4999681.csv;output/major_revision_cross_model_confirmatory/mr-xm-confirm-qwen25_3b-grpo-code_heavy_tail-c2-s51/phase-memory-4999681.csv;output/major_revision_cross_model_confirmatory/mr-xm-confirm-qwen25_3b-grpo-code_heavy_tail-c2-s51/training-4999681.log;output/major_revision_cross_model_confirmatory/mr-xm-confirm-qwen25_3b-grpo-code_heavy_tail-c2-s51/trial-4999681.json,
attempt-46776c04a6d66bde,cfg-0804f13209d60a6b,run-46776c04a6d66bde,instrumentation,rev-instrumentation-phi4_mini-gsm8k-c2-s112-full,5045342,1,completed,1,,,,output/revision_instrumentation/rev-instrumentation-phi4_mini-gsm8k-c2-s112-full/attempt-5045342/environment-5045342.json;output/revision_instrumentation/rev-instrumentation-phi4_mini-gsm8k-c2-s112-full/attempt-5045342/gpu-memory-5045342.csv;output/revision_instrumentation/rev-instrumentation-phi4_mini-gsm8k-c2-s112-full/attempt-5045342/gpu-telemetry-5045342.csv;output/revision_instrumentation/rev-instrumentation-phi4_mini-gsm8k-c2-s112-full/attempt-5045342/phase-memory-5045342.csv;output/revision_instrumentation/rev-instrumentation-phi4_mini-gsm8k-c2-s112-full/attempt-5045342/training-5045342.log;output/revision_instrumentation/rev-instrumentation-phi4_mini-gsm8k-c2-s112-full/attempt-5045342/trial-5045342.json;output/revision_instrumentation/rev-instrumentation-phi4_mini-gsm8k-c2-s112-full/trial-5045342.json,
attempt-46cf22d01b4cf8b4,cfg-409a2028c2748c88,run-46cf22d01b4cf8b4,batch_logging_control,review-control-phi4_mini-gsm8k-s123-external_b16,5048576,1,completed,1,,,,output/review_instrumentation_batch/review-control-phi4_mini-gsm8k-s123-external_b16/trial-5048576.json,
attempt-484dc619c6b6ab92,cfg-3bbff1090fab73f9,run-484dc619c6b6ab92,instrumentation,rev-instrumentation-qwen25_3b-gsm8k-c3-s111-full,5045266,1,completed,1,,,,output/revision_instrumentation/rev-instrumentation-qwen25_3b-gsm8k-c3-s111-full/attempt-5045266/environment-5045266.json;output/revision_instrumentation/rev-instrumentation-qwen25_3b-gsm8k-c3-s111-full/attempt-5045266/gpu-memory-5045266.csv;output/revision_instrumentation/rev-instrumentation-qwen25_3b-gsm8k-c3-s111-full/attempt-5045266/gpu-telemetry-5045266.csv;output/revision_instrumentation/rev-instrumentation-qwen25_3b-gsm8k-c3-s111-full/attempt-5045266/phase-memory-5045266.csv;output/revision_instrumentation/rev-instrumentation-qwen25_3b-gsm8k-c3-s111-full/attempt-5045266/training-5045266.log;output/revision_instrumentation/rev-instrumentation-qwen25_3b-gsm8k-c3-s111-full/attempt-5045266/trial-5045266.json;output/revision_instrumentation/rev-instrumentation-qwen25_3b-gsm8k-c3-s111-full/trial-5045266.json,
attempt-48c5d6ebd2802dbe,cfg-399f6b038d6f65f9,run-48c5d6ebd2802dbe,four_gpu,rev-topology-qwen25_3b-gsm8k-c2-s112-four_gpu,5045290,1,completed,1,,,,output/revision_topology/rev-topology-qwen25_3b-gsm8k-c2-s112-four_gpu/attempt-5045290/environment-5045290.json;output/revision_topology/rev-topology-qwen25_3b-gsm8k-c2-s112-four_gpu/attempt-5045290/gpu-memory-5045290.csv;output/revision_topology/rev-topology-qwen25_3b-gsm8k-c2-s112-four_gpu/attempt-5045290/gpu-telemetry-5045290.csv;output/revision_topology/rev-topology-qwen25_3b-gsm8k-c2-s112-four_gpu/attempt-5045290/phase-memory-5045290.csv;output/revision_topology/rev-topology-qwen25_3b-gsm8k-c2-s112-four_gpu/attempt-5045290/training-5045290.log;output/revision_topology/rev-topology-qwen25_3b-gsm8k-c2-s112-four_gpu/attempt-5045290/trial-5045290.json;output/revision_topology/rev-topology-qwen25_3b-gsm8k-c2-s112-four_gpu/trial-5045290.json,
attempt-492ea6e36c2a95f9,cfg-93d4f41e600c9079,run-492ea6e36c2a95f9,boundary,strong-granite-confirmatory-grpo-code_heavy_tail-c4-s92,5031374,1,completed,1,,,,output/strengthening_granite_confirmatory/strong-granite-confirmatory-grpo-code_heavy_tail-c4-s92/environment-5031374.json;output/strengthening_granite_confirmatory/strong-granite-confirmatory-grpo-code_heavy_tail-c4-s92/gpu-memory-5031374.csv;output/strengthening_granite_confirmatory/strong-granite-confirmatory-grpo-code_heavy_tail-c4-s92/gpu-telemetry-5031374.csv;output/strengthening_granite_confirmatory/strong-granite-confirmatory-grpo-code_heavy_tail-c4-s92/phase-memory-5031374.csv;output/strengthening_granite_confirmatory/strong-granite-confirmatory-grpo-code_heavy_tail-c4-s92/training-5031374.log;output/strengthening_granite_confirmatory/strong-granite-confirmatory-grpo-code_heavy_tail-c4-s92/trial-5031374.json,
attempt-4934a60990bbe4c9,cfg-0a36e5abf5f9732e,run-4934a60990bbe4c9,temporal_40,v2time-grpo-math-qwen25_1p5b-safe_margin-s41,4943156,1,completed,1,,,,output/benchmark_v2_temporal_confirmatory/v2time-grpo-math-qwen25_1p5b-safe_margin-s41/environment-4943156.json;output/benchmark_v2_temporal_confirmatory/v2time-grpo-math-qwen25_1p5b-safe_margin-s41/gpu-memory-4943156.csv;output/benchmark_v2_temporal_confirmatory/v2time-grpo-math-qwen25_1p5b-safe_margin-s41/gpu-telemetry-4943156.csv;output/benchmark_v2_temporal_confirmatory/v2time-grpo-math-qwen25_1p5b-safe_margin-s41/phase-memory-4943156.csv;output/benchmark_v2_temporal_confirmatory/v2time-grpo-math-qwen25_1p5b-safe_margin-s41/training-4943156.log;output/benchmark_v2_temporal_confirmatory/v2time-grpo-math-qwen25_1p5b-safe_margin-s41/trial-4943156.json,
attempt-4a6de4a106fe8784,cfg-df5e492a5bd02117,,instrumentation,rev-instrumentation-qwen25_3b-gsm8k-c4-s112-external,5045287,0,no_trial_record,0,,revision_startup_stall_timeout,,output/revision_instrumentation/rev-instrumentation-qwen25_3b-gsm8k-c4-s112-external/attempt-5045287/environment-5045287.json;output/revision_instrumentation/rev-instrumentation-qwen25_3b-gsm8k-c4-s112-external/attempt-5045287/gpu-memory-5045287.csv;output/revision_instrumentation/rev-instrumentation-qwen25_3b-gsm8k-c4-s112-external/attempt-5045287/gpu-telemetry-5045287.csv;output/revision_instrumentation/rev-instrumentation-qwen25_3b-gsm8k-c4-s112-external/attempt-5045287/phase-memory-5045287.csv;output/revision_instrumentation/rev-instrumentation-qwen25_3b-gsm8k-c4-s112-external/attempt-5045287/training-5045287.log,
attempt-4aff73c159192f96,cfg-0f8a31ef7ac4c551,run-4aff73c159192f96,boundary,v2cf-confirm-phi4_mini-grpo-math_short-c1-s43,4935682,1,completed,1,,,,output/benchmark_v2_cross_family_confirmatory/v2cf-confirm-phi4_mini-grpo-math_short-c1-s43/environment-4935682.json;output/benchmark_v2_cross_family_confirmatory/v2cf-confirm-phi4_mini-grpo-math_short-c1-s43/gpu-memory-4935682.csv;output/benchmark_v2_cross_family_confirmatory/v2cf-confirm-phi4_mini-grpo-math_short-c1-s43/gpu-telemetry-4935682.csv;output/benchmark_v2_cross_family_confirmatory/v2cf-confirm-phi4_mini-grpo-math_short-c1-s43/phase-memory-4935682.csv;output/benchmark_v2_cross_family_confirmatory/v2cf-confirm-phi4_mini-grpo-math_short-c1-s43/training-4935682.log;output/benchmark_v2_cross_family_confirmatory/v2cf-confirm-phi4_mini-grpo-math_short-c1-s43/trial-4935682.json,
attempt-4b11b993eada1544,cfg-d9397d15f234d541,run-4b11b993eada1544,boundary,strong-granite-confirmatory-grpo-code_heavy_tail-c1-s91,5031314,1,completed,1,,,,output/strengthening_granite_confirmatory/strong-granite-confirmatory-grpo-code_heavy_tail-c1-s91/environment-5031314.json;output/strengthening_granite_confirmatory/strong-granite-confirmatory-grpo-code_heavy_tail-c1-s91/gpu-memory-5031314.csv;output/strengthening_granite_confirmatory/strong-granite-confirmatory-grpo-code_heavy_tail-c1-s91/gpu-telemetry-5031314.csv;output/strengthening_granite_confirmatory/strong-granite-confirmatory-grpo-code_heavy_tail-c1-s91/phase-memory-5031314.csv;output/strengthening_granite_confirmatory/strong-granite-confirmatory-grpo-code_heavy_tail-c1-s91/training-5031314.log;output/strengthening_granite_confirmatory/strong-granite-confirmatory-grpo-code_heavy_tail-c1-s91/trial-5031314.json,
attempt-4b237c4180176570,cfg-835067f7405e89a2,,boundary,strong-granite-confirmatory-grpo-math_short-c3-s92,5031264,0,other_failure,0,distributed_port_collision,granite_vllm_replica_port_collision,,output/strengthening_granite_confirmatory/strong-granite-confirmatory-grpo-math_short-c3-s92/environment-5031264.json;output/strengthening_granite_confirmatory/strong-granite-confirmatory-grpo-math_short-c3-s92/gpu-memory-5031264.csv;output/strengthening_granite_confirmatory/strong-granite-confirmatory-grpo-math_short-c3-s92/gpu-telemetry-5031264.csv;output/strengthening_granite_confirmatory/strong-granite-confirmatory-grpo-math_short-c3-s92/phase-memory-5031264.csv;output/strengthening_granite_confirmatory/strong-granite-confirmatory-grpo-math_short-c3-s92/training-5031264.log;output/strengthening_granite_confirmatory/strong-granite-confirmatory-grpo-math_short-c3-s92/trial-5031264.json,
attempt-4b2dedf555bc2311,cfg-a94bf7877633dfda,run-4b2dedf555bc2311,boundary,strong-granite-confirmatory-grpo-code_standard-c2-s93,5031381,1,completed,1,,,,output/strengthening_granite_confirmatory/strong-granite-confirmatory-grpo-code_standard-c2-s93/environment-5031381.json;output/strengthening_granite_confirmatory/strong-granite-confirmatory-grpo-code_standard-c2-s93/gpu-memory-5031381.csv;output/strengthening_granite_confirmatory/strong-granite-confirmatory-grpo-code_standard-c2-s93/gpu-telemetry-5031381.csv;output/strengthening_granite_confirmatory/strong-granite-confirmatory-grpo-code_standard-c2-s93/phase-memory-5031381.csv;output/strengthening_granite_confirmatory/strong-granite-confirmatory-grpo-code_standard-c2-s93/training-5031381.log;output/strengthening_granite_confirmatory/strong-granite-confirmatory-grpo-code_standard-c2-s93/trial-5031381.json,
attempt-4b2e1cbb0383f25d,cfg-ea92cccc91029465,run-4b2e1cbb0383f25d,boundary,mr-xm-confirm-phi4_mini-grpo-code_standard-c4-s52,5002975,1,memory_failure,0,rollout_init_memory,,,output/major_revision_cross_model_confirmatory/mr-xm-confirm-phi4_mini-grpo-code_standard-c4-s52/environment-5002975.json;output/major_revision_cross_model_confirmatory/mr-xm-confirm-phi4_mini-grpo-code_standard-c4-s52/gpu-memory-5002975.csv;output/major_revision_cross_model_confirmatory/mr-xm-confirm-phi4_mini-grpo-code_standard-c4-s52/gpu-telemetry-5002975.csv;output/major_revision_cross_model_confirmatory/mr-xm-confirm-phi4_mini-grpo-code_standard-c4-s52/phase-memory-5002975.csv;output/major_revision_cross_model_confirmatory/mr-xm-confirm-phi4_mini-grpo-code_standard-c4-s52/training-5002975.log;output/major_revision_cross_model_confirmatory/mr-xm-confirm-phi4_mini-grpo-code_standard-c4-s52/trial-5002975.json,
attempt-4b307bc95f5bdd66,cfg-83aadaf7687932d9,run-4b307bc95f5bdd66,instrumentation,rev-instrumentation-qwen25_3b-gsm8k-c4-s112-full,5045362,1,memory_failure,0,weight_sync_oom,,,output/revision_instrumentation/rev-instrumentation-qwen25_3b-gsm8k-c4-s112-full/attempt-5045362/environment-5045362.json;output/revision_instrumentation/rev-instrumentation-qwen25_3b-gsm8k-c4-s112-full/attempt-5045362/gpu-memory-5045362.csv;output/revision_instrumentation/rev-instrumentation-qwen25_3b-gsm8k-c4-s112-full/attempt-5045362/gpu-telemetry-5045362.csv;output/revision_instrumentation/rev-instrumentation-qwen25_3b-gsm8k-c4-s112-full/attempt-5045362/phase-memory-5045362.csv;output/revision_instrumentation/rev-instrumentation-qwen25_3b-gsm8k-c4-s112-full/attempt-5045362/training-5045362.log;output/revision_instrumentation/rev-instrumentation-qwen25_3b-gsm8k-c4-s112-full/attempt-5045362/trial-5045362.json;output/revision_instrumentation/rev-instrumentation-qwen25_3b-gsm8k-c4-s112-full/trial-5045362.json,
attempt-4b311a2055282d32,cfg-4feb2171d2cb6476,run-4b311a2055282d32,batch_logging_control,review-control-qwen25_3b-code_heavy_tail-s121-external_b16,5048525,1,completed,1,,,,output/review_instrumentation_batch/review-control-qwen25_3b-code_heavy_tail-s121-external_b16/trial-5048525.json,
attempt-4b476a65f0093e3c,cfg-301e4dae7048c6ec,run-4b476a65f0093e3c,four_gpu,rev-topology-phi4_mini-gsm8k-c2-s113-four_gpu,5045347,1,completed,1,,,,output/revision_topology/rev-topology-phi4_mini-gsm8k-c2-s113-four_gpu/attempt-5045347/environment-5045347.json;output/revision_topology/rev-topology-phi4_mini-gsm8k-c2-s113-four_gpu/attempt-5045347/gpu-memory-5045347.csv;output/revision_topology/rev-topology-phi4_mini-gsm8k-c2-s113-four_gpu/attempt-5045347/gpu-telemetry-5045347.csv;output/revision_topology/rev-topology-phi4_mini-gsm8k-c2-s113-four_gpu/attempt-5045347/phase-memory-5045347.csv;output/revision_topology/rev-topology-phi4_mini-gsm8k-c2-s113-four_gpu/attempt-5045347/training-5045347.log;output/revision_topology/rev-topology-phi4_mini-gsm8k-c2-s113-four_gpu/attempt-5045347/trial-5045347.json;output/revision_topology/rev-topology-phi4_mini-gsm8k-c2-s113-four_gpu/trial-5045347.json,
attempt-4b4d00b7281f7b64,cfg-5629d7e19157784a,,batch_reservation,strong-factorial-granite33_2b-grpo-code_heavy_tail-base-s96,5031284,0,other_failure,0,distributed_port_collision,factorial_vllm_replica_port_collision,,output/strengthening_factorial/strong-factorial-granite33_2b-grpo-code_heavy_tail-base-s96/environment-5031284.json;output/strengthening_factorial/strong-factorial-granite33_2b-grpo-code_heavy_tail-base-s96/gpu-memory-5031284.csv;output/strengthening_factorial/strong-factorial-granite33_2b-grpo-code_heavy_tail-base-s96/gpu-telemetry-5031284.csv;output/strengthening_factorial/strong-factorial-granite33_2b-grpo-code_heavy_tail-base-s96/phase-memory-5031284.csv;output/strengthening_factorial/strong-factorial-granite33_2b-grpo-code_heavy_tail-base-s96/training-5031284.log;output/strengthening_factorial/strong-factorial-granite33_2b-grpo-code_heavy_tail-base-s96/trial-5031284.json,
attempt-4c3884b712abcf88,cfg-b828e98cedba337e,run-4c3884b712abcf88,instrumentation,rev-instrumentation-qwen25_3b-math-c3-s111-full,5045289,1,completed,1,,,,output/revision_instrumentation/rev-instrumentation-qwen25_3b-math-c3-s111-full/attempt-5045289/environment-5045289.json;output/revision_instrumentation/rev-instrumentation-qwen25_3b-math-c3-s111-full/attempt-5045289/gpu-memory-5045289.csv;output/revision_instrumentation/rev-instrumentation-qwen25_3b-math-c3-s111-full/attempt-5045289/gpu-telemetry-5045289.csv;output/revision_instrumentation/rev-instrumentation-qwen25_3b-math-c3-s111-full/attempt-5045289/phase-memory-5045289.csv;output/revision_instrumentation/rev-instrumentation-qwen25_3b-math-c3-s111-full/attempt-5045289/training-5045289.log;output/revision_instrumentation/rev-instrumentation-qwen25_3b-math-c3-s111-full/attempt-5045289/trial-5045289.json;output/revision_instrumentation/rev-instrumentation-qwen25_3b-math-c3-s111-full/trial-5045289.json,
attempt-4c59518a178f04f0,cfg-835067f7405e89a2,run-4c59518a178f04f0,boundary,strong-granite-confirmatory-grpo-math_short-c3-s91,5031368,1,completed,1,,,,output/strengthening_granite_confirmatory/strong-granite-confirmatory-grpo-math_short-c3-s91/environment-5031368.json;output/strengthening_granite_confirmatory/strong-granite-confirmatory-grpo-math_short-c3-s91/gpu-memory-5031368.csv;output/strengthening_granite_confirmatory/strong-granite-confirmatory-grpo-math_short-c3-s91/gpu-telemetry-5031368.csv;output/strengthening_granite_confirmatory/strong-granite-confirmatory-grpo-math_short-c3-s91/phase-memory-5031368.csv;output/strengthening_granite_confirmatory/strong-granite-confirmatory-grpo-math_short-c3-s91/training-5031368.log;output/strengthening_granite_confirmatory/strong-granite-confirmatory-grpo-math_short-c3-s91/trial-5031368.json,
attempt-4d311effb603c38a,cfg-fd5bb0db68b0dae3,run-4d311effb603c38a,boundary,strong-granite-confirmatory-grpo-gsm8k_long-c0-s91,5031218,1,completed,1,,,,output/strengthening_granite_confirmatory/strong-granite-confirmatory-grpo-gsm8k_long-c0-s91/environment-5031218.json;output/strengthening_granite_confirmatory/strong-granite-confirmatory-grpo-gsm8k_long-c0-s91/gpu-memory-5031218.csv;output/strengthening_granite_confirmatory/strong-granite-confirmatory-grpo-gsm8k_long-c0-s91/gpu-telemetry-5031218.csv;output/strengthening_granite_confirmatory/strong-granite-confirmatory-grpo-gsm8k_long-c0-s91/phase-memory-5031218.csv;output/strengthening_granite_confirmatory/strong-granite-confirmatory-grpo-gsm8k_long-c0-s91/training-5031218.log;output/strengthening_granite_confirmatory/strong-granite-confirmatory-grpo-gsm8k_long-c0-s91/trial-5031218.json,
attempt-4d58c2f4f590de82,cfg-399f6b038d6f65f9,run-4d58c2f4f590de82,four_gpu,rev-topology-qwen25_3b-gsm8k-c2-s113-four_gpu,5045291,1,completed,1,,,,output/revision_topology/rev-topology-qwen25_3b-gsm8k-c2-s113-four_gpu/attempt-5045291/environment-5045291.json;output/revision_topology/rev-topology-qwen25_3b-gsm8k-c2-s113-four_gpu/attempt-5045291/gpu-memory-5045291.csv;output/revision_topology/rev-topology-qwen25_3b-gsm8k-c2-s113-four_gpu/attempt-5045291/gpu-telemetry-5045291.csv;output/revision_topology/rev-topology-qwen25_3b-gsm8k-c2-s113-four_gpu/attempt-5045291/phase-memory-5045291.csv;output/revision_topology/rev-topology-qwen25_3b-gsm8k-c2-s113-four_gpu/attempt-5045291/training-5045291.log;output/revision_topology/rev-topology-qwen25_3b-gsm8k-c2-s113-four_gpu/attempt-5045291/trial-5045291.json;output/revision_topology/rev-topology-qwen25_3b-gsm8k-c2-s113-four_gpu/trial-5045291.json,
attempt-4d737d030972c3b2,cfg-c2d27e8a89945048,run-4d737d030972c3b2,batch_reservation,strong-factorial-qwen25_3b-grpo-gsm8k-joint-s95,5032041,1,completed,1,,,,output/strengthening_factorial/strong-factorial-qwen25_3b-grpo-gsm8k-joint-s95/environment-5032041.json;output/strengthening_factorial/strong-factorial-qwen25_3b-grpo-gsm8k-joint-s95/gpu-memory-5032041.csv;output/strengthening_factorial/strong-factorial-qwen25_3b-grpo-gsm8k-joint-s95/gpu-telemetry-5032041.csv;output/strengthening_factorial/strong-factorial-qwen25_3b-grpo-gsm8k-joint-s95/phase-memory-5032041.csv;output/strengthening_factorial/strong-factorial-qwen25_3b-grpo-gsm8k-joint-s95/training-5032041.log;output/strengthening_factorial/strong-factorial-qwen25_3b-grpo-gsm8k-joint-s95/trial-5032041.json,
attempt-4d85ecf4c596270f,cfg-acfa4acda15c3599,run-4d85ecf4c596270f,boundary,strong-granite-confirmatory-grpo-code_heavy_tail-c2-s92,5031346,1,completed,1,,,,output/strengthening_granite_confirmatory/strong-granite-confirmatory-grpo-code_heavy_tail-c2-s92/environment-5031346.json;output/strengthening_granite_confirmatory/strong-granite-confirmatory-grpo-code_heavy_tail-c2-s92/gpu-memory-5031346.csv;output/strengthening_granite_confirmatory/strong-granite-confirmatory-grpo-code_heavy_tail-c2-s92/gpu-telemetry-5031346.csv;output/strengthening_granite_confirmatory/strong-granite-confirmatory-grpo-code_heavy_tail-c2-s92/phase-memory-5031346.csv;output/strengthening_granite_confirmatory/strong-granite-confirmatory-grpo-code_heavy_tail-c2-s92/training-5031346.log;output/strengthening_granite_confirmatory/strong-granite-confirmatory-grpo-code_heavy_tail-c2-s92/trial-5031346.json,
attempt-4df756bff5e8effb,cfg-42a07dcd991102a7,run-4df756bff5e8effb,batch_reservation,strong-factorial-granite33_2b-grpo-code_standard-base-s96,5031316,1,completed,1,,,,output/strengthening_factorial/strong-factorial-granite33_2b-grpo-code_standard-base-s96/environment-5031316.json;output/strengthening_factorial/strong-factorial-granite33_2b-grpo-code_standard-base-s96/gpu-memory-5031316.csv;output/strengthening_factorial/strong-factorial-granite33_2b-grpo-code_standard-base-s96/gpu-telemetry-5031316.csv;output/strengthening_factorial/strong-factorial-granite33_2b-grpo-code_standard-base-s96/phase-memory-5031316.csv;output/strengthening_factorial/strong-factorial-granite33_2b-grpo-code_standard-base-s96/training-5031316.log;output/strengthening_factorial/strong-factorial-granite33_2b-grpo-code_standard-base-s96/trial-5031316.json,
attempt-4e23512e22aee8f4,cfg-9f624ec22aa3dde0,run-4e23512e22aee8f4,four_gpu,rev-topology-granite33_2b-math-c4-s111-four_gpu,5045428,1,completed,1,,,,output/revision_topology/rev-topology-granite33_2b-math-c4-s111-four_gpu/attempt-5045428/environment-5045428.json;output/revision_topology/rev-topology-granite33_2b-math-c4-s111-four_gpu/attempt-5045428/gpu-memory-5045428.csv;output/revision_topology/rev-topology-granite33_2b-math-c4-s111-four_gpu/attempt-5045428/gpu-telemetry-5045428.csv;output/revision_topology/rev-topology-granite33_2b-math-c4-s111-four_gpu/attempt-5045428/phase-memory-5045428.csv;output/revision_topology/rev-topology-granite33_2b-math-c4-s111-four_gpu/attempt-5045428/training-5045428.log;output/revision_topology/rev-topology-granite33_2b-math-c4-s111-four_gpu/attempt-5045428/trial-5045428.json;output/revision_topology/rev-topology-granite33_2b-math-c4-s111-four_gpu/trial-5045428.json,
attempt-4f1029139447af41,cfg-00e028aa49d34e64,run-4f1029139447af41,batch_reservation,strong-factorial-phi4_mini-grpo-gsm8k-joint-s94,5031807,1,completed,1,,,,output/strengthening_factorial/strong-factorial-phi4_mini-grpo-gsm8k-joint-s94/environment-5031807.json;output/strengthening_factorial/strong-factorial-phi4_mini-grpo-gsm8k-joint-s94/gpu-memory-5031807.csv;output/strengthening_factorial/strong-factorial-phi4_mini-grpo-gsm8k-joint-s94/gpu-telemetry-5031807.csv;output/strengthening_factorial/strong-factorial-phi4_mini-grpo-gsm8k-joint-s94/phase-memory-5031807.csv;output/strengthening_factorial/strong-factorial-phi4_mini-grpo-gsm8k-joint-s94/training-5031807.log;output/strengthening_factorial/strong-factorial-phi4_mini-grpo-gsm8k-joint-s94/trial-5031807.json,
attempt-4f4b5e7de0e907ef,cfg-61c14de21a34d0e6,,boundary,strong-granite-confirmatory-grpo-code_standard-c4-s93,5031298,0,other_failure,0,distributed_port_collision,granite_vllm_replica_port_collision,,output/strengthening_granite_confirmatory/strong-granite-confirmatory-grpo-code_standard-c4-s93/environment-5031298.json;output/strengthening_granite_confirmatory/strong-granite-confirmatory-grpo-code_standard-c4-s93/gpu-memory-5031298.csv;output/strengthening_granite_confirmatory/strong-granite-confirmatory-grpo-code_standard-c4-s93/gpu-telemetry-5031298.csv;output/strengthening_granite_confirmatory/strong-granite-confirmatory-grpo-code_standard-c4-s93/phase-memory-5031298.csv;output/strengthening_granite_confirmatory/strong-granite-confirmatory-grpo-code_standard-c4-s93/training-5031298.log;output/strengthening_granite_confirmatory/strong-granite-confirmatory-grpo-code_standard-c4-s93/trial-5031298.json,
attempt-5073cf9ce4ee4bbe,cfg-2178e5e1edeaba78,run-5073cf9ce4ee4bbe,batch_logging_control,review-control-qwen25_3b-code_heavy_tail-s121-full_b16,5048525,1,completed,1,,,,output/review_instrumentation_batch/review-control-qwen25_3b-code_heavy_tail-s121-full_b16/trial-5048525.json,
attempt-5175680fbb8fe282,cfg-c38f036ca97204f7,run-5175680fbb8fe282,temporal_40,v2time-grpo-gsm8k-qwen25_3b-safe_margin-s43,4942457,1,completed,1,,,,output/benchmark_v2_temporal_confirmatory/v2time-grpo-gsm8k-qwen25_3b-safe_margin-s43/environment-4942457.json;output/benchmark_v2_temporal_confirmatory/v2time-grpo-gsm8k-qwen25_3b-safe_margin-s43/gpu-memory-4942457.csv;output/benchmark_v2_temporal_confirmatory/v2time-grpo-gsm8k-qwen25_3b-safe_margin-s43/gpu-telemetry-4942457.csv;output/benchmark_v2_temporal_confirmatory/v2time-grpo-gsm8k-qwen25_3b-safe_margin-s43/phase-memory-4942457.csv;output/benchmark_v2_temporal_confirmatory/v2time-grpo-gsm8k-qwen25_3b-safe_margin-s43/training-4942457.log;output/benchmark_v2_temporal_confirmatory/v2time-grpo-gsm8k-qwen25_3b-safe_margin-s43/trial-4942457.json,
attempt-5186b71961deb472,cfg-2afbe250af9cd3e1,run-5186b71961deb472,four_gpu,rev-topology-granite33_2b-math-c3-s111-four_gpu,5045407,1,completed,1,,,,output/revision_topology/rev-topology-granite33_2b-math-c3-s111-four_gpu/attempt-5045407/environment-5045407.json;output/revision_topology/rev-topology-granite33_2b-math-c3-s111-four_gpu/attempt-5045407/gpu-memory-5045407.csv;output/revision_topology/rev-topology-granite33_2b-math-c3-s111-four_gpu/attempt-5045407/gpu-telemetry-5045407.csv;output/revision_topology/rev-topology-granite33_2b-math-c3-s111-four_gpu/attempt-5045407/phase-memory-5045407.csv;output/revision_topology/rev-topology-granite33_2b-math-c3-s111-four_gpu/attempt-5045407/training-5045407.log;output/revision_topology/rev-topology-granite33_2b-math-c3-s111-four_gpu/attempt-5045407/trial-5045407.json;output/revision_topology/rev-topology-granite33_2b-math-c3-s111-four_gpu/trial-5045407.json,
attempt-51f8094f3e56995a,cfg-73498805917fd151,run-51f8094f3e56995a,instrumentation,rev-instrumentation-granite33_2b-gsm8k-c3-s111-external,5045376,1,completed,1,,,,output/revision_instrumentation/rev-instrumentation-granite33_2b-gsm8k-c3-s111-external/attempt-5045376/environment-5045376.json;output/revision_instrumentation/rev-instrumentation-granite33_2b-gsm8k-c3-s111-external/attempt-5045376/gpu-memory-5045376.csv;output/revision_instrumentation/rev-instrumentation-granite33_2b-gsm8k-c3-s111-external/attempt-5045376/gpu-telemetry-5045376.csv;output/revision_instrumentation/rev-instrumentation-granite33_2b-gsm8k-c3-s111-external/attempt-5045376/phase-memory-5045376.csv;output/revision_instrumentation/rev-instrumentation-granite33_2b-gsm8k-c3-s111-external/attempt-5045376/training-5045376.log;output/revision_instrumentation/rev-instrumentation-granite33_2b-gsm8k-c3-s111-external/attempt-5045376/trial-5045376.json;output/revision_instrumentation/rev-instrumentation-granite33_2b-gsm8k-c3-s111-external/trial-5045376.json,
attempt-5203d4b51d26ce33,cfg-a28f89c750c3d53b,,instrumentation,rev-instrumentation-qwen25_3b-gsm8k-c3-s111-external,5045254,0,other_failure,0,runtime,revision_snapshot_missing_hydra_data_config,,output/revision_instrumentation/rev-instrumentation-qwen25_3b-gsm8k-c3-s111-external/attempt-5045254/environment-5045254.json;output/revision_instrumentation/rev-instrumentation-qwen25_3b-gsm8k-c3-s111-external/attempt-5045254/gpu-memory-5045254.csv;output/revision_instrumentation/rev-instrumentation-qwen25_3b-gsm8k-c3-s111-external/attempt-5045254/gpu-telemetry-5045254.csv;output/revision_instrumentation/rev-instrumentation-qwen25_3b-gsm8k-c3-s111-external/attempt-5045254/phase-memory-5045254.csv;output/revision_instrumentation/rev-instrumentation-qwen25_3b-gsm8k-c3-s111-external/attempt-5045254/training-5045254.log;output/revision_instrumentation/rev-instrumentation-qwen25_3b-gsm8k-c3-s111-external/attempt-5045254/trial-5045254.json;output/revision_instrumentation/rev-instrumentation-qwen25_3b-gsm8k-c3-s111-external/trial-5045254.json,
attempt-522f71419d096954,cfg-f989b39cd682f07b,run-522f71419d096954,batch_reservation,strong-factorial-granite33_2b-grpo-math_short-reservation_only-s95,5031435,1,completed,1,,,,output/strengthening_factorial/strong-factorial-granite33_2b-grpo-math_short-reservation_only-s95/environment-5031435.json;output/strengthening_factorial/strong-factorial-granite33_2b-grpo-math_short-reservation_only-s95/gpu-memory-5031435.csv;output/strengthening_factorial/strong-factorial-granite33_2b-grpo-math_short-reservation_only-s95/gpu-telemetry-5031435.csv;output/strengthening_factorial/strong-factorial-granite33_2b-grpo-math_short-reservation_only-s95/phase-memory-5031435.csv;output/strengthening_factorial/strong-factorial-granite33_2b-grpo-math_short-reservation_only-s95/training-5031435.log;output/strengthening_factorial/strong-factorial-granite33_2b-grpo-math_short-reservation_only-s95/trial-5031435.json,
attempt-5284f13cbef5573a,cfg-14d47144a7cbb833,run-5284f13cbef5573a,batch_reservation,strong-factorial-phi4_mini-grpo-gsm8k-base-s96,5031780,1,completed,1,,,,output/strengthening_factorial/strong-factorial-phi4_mini-grpo-gsm8k-base-s96/environment-5031780.json;output/strengthening_factorial/strong-factorial-phi4_mini-grpo-gsm8k-base-s96/gpu-memory-5031780.csv;output/strengthening_factorial/strong-factorial-phi4_mini-grpo-gsm8k-base-s96/gpu-telemetry-5031780.csv;output/strengthening_factorial/strong-factorial-phi4_mini-grpo-gsm8k-base-s96/phase-memory-5031780.csv;output/strengthening_factorial/strong-factorial-phi4_mini-grpo-gsm8k-base-s96/training-5031780.log;output/strengthening_factorial/strong-factorial-phi4_mini-grpo-gsm8k-base-s96/trial-5031780.json,
attempt-532100dadd21e618,cfg-195974eaa7e946e0,run-532100dadd21e618,horizon_followup,rev-temporal-granite33_2b-math-interpolated-s113-source,5045335,1,completed,1,,,,output/revision_temporal/rev-temporal-granite33_2b-math-interpolated-s113-source/attempt-5045335/environment-5045335.json;output/revision_temporal/rev-temporal-granite33_2b-math-interpolated-s113-source/attempt-5045335/gpu-memory-5045335.csv;output/revision_temporal/rev-temporal-granite33_2b-math-interpolated-s113-source/attempt-5045335/gpu-telemetry-5045335.csv;output/revision_temporal/rev-temporal-granite33_2b-math-interpolated-s113-source/attempt-5045335/phase-memory-5045335.csv;output/revision_temporal/rev-temporal-granite33_2b-math-interpolated-s113-source/attempt-5045335/training-5045335.log;output/revision_temporal/rev-temporal-granite33_2b-math-interpolated-s113-source/attempt-5045335/trial-5045335.json;output/revision_temporal/rev-temporal-granite33_2b-math-interpolated-s113-source/trial-5045335.json,
attempt-53377d86e2b44eb1,cfg-a3987314cb2f9f12,run-53377d86e2b44eb1,boundary,v2cf-confirm-phi4_mini-grpo-math_short-c3-s42,4936296,1,completed,1,,,,output/benchmark_v2_cross_family_confirmatory/v2cf-confirm-phi4_mini-grpo-math_short-c3-s42/environment-4936296.json;output/benchmark_v2_cross_family_confirmatory/v2cf-confirm-phi4_mini-grpo-math_short-c3-s42/gpu-memory-4936296.csv;output/benchmark_v2_cross_family_confirmatory/v2cf-confirm-phi4_mini-grpo-math_short-c3-s42/gpu-telemetry-4936296.csv;output/benchmark_v2_cross_family_confirmatory/v2cf-confirm-phi4_mini-grpo-math_short-c3-s42/phase-memory-4936296.csv;output/benchmark_v2_cross_family_confirmatory/v2cf-confirm-phi4_mini-grpo-math_short-c3-s42/training-4936296.log;output/benchmark_v2_cross_family_confirmatory/v2cf-confirm-phi4_mini-grpo-math_short-c3-s42/trial-4936296.json,
attempt-5374e3760d9decfe,cfg-5c14e44760909675,run-5374e3760d9decfe,state_release,strong-node-qwen25_1p5b-grpo-math-near_boundary-s81-p2-release,5031044,1,completed,1,,,,output/strengthening_same_node_residency/strong-node-qwen25_1p5b-grpo-math-near_boundary-s81-p2-release/environment-5031044.json;output/strengthening_same_node_residency/strong-node-qwen25_1p5b-grpo-math-near_boundary-s81-p2-release/gpu-memory-5031044.csv;output/strengthening_same_node_residency/strong-node-qwen25_1p5b-grpo-math-near_boundary-s81-p2-release/gpu-telemetry-5031044.csv;output/strengthening_same_node_residency/strong-node-qwen25_1p5b-grpo-math-near_boundary-s81-p2-release/phase-memory-5031044.csv;output/strengthening_same_node_residency/strong-node-qwen25_1p5b-grpo-math-near_boundary-s81-p2-release/training-5031044.log;output/strengthening_same_node_residency/strong-node-qwen25_1p5b-grpo-math-near_boundary-s81-p2-release/trial-5031044.json,
attempt-54093b16e1b0757e,cfg-0d9ba9215ab5683e,run-54093b16e1b0757e,boundary,mr-xm-confirm-qwen25_3b-grpo-code_standard-c3-s53,4999411,1,completed,1,,,,output/major_revision_cross_model_confirmatory/mr-xm-confirm-qwen25_3b-grpo-code_standard-c3-s53/environment-4999411.json;output/major_revision_cross_model_confirmatory/mr-xm-confirm-qwen25_3b-grpo-code_standard-c3-s53/gpu-memory-4999411.csv;output/major_revision_cross_model_confirmatory/mr-xm-confirm-qwen25_3b-grpo-code_standard-c3-s53/gpu-telemetry-4999411.csv;output/major_revision_cross_model_confirmatory/mr-xm-confirm-qwen25_3b-grpo-code_standard-c3-s53/phase-memory-4999411.csv;output/major_revision_cross_model_confirmatory/mr-xm-confirm-qwen25_3b-grpo-code_standard-c3-s53/training-4999411.log;output/major_revision_cross_model_confirmatory/mr-xm-confirm-qwen25_3b-grpo-code_standard-c3-s53/trial-4999411.json,
attempt-544c94c6f59efe23,cfg-b68e9036992511d4,run-544c94c6f59efe23,state_release,strong-node-qwen25_3b-grpo-math-safe_margin-s83-p1-resident,5031149,1,completed,1,,,,output/strengthening_same_node_residency/strong-node-qwen25_3b-grpo-math-safe_margin-s83-p1-resident/environment-5031149.json;output/strengthening_same_node_residency/strong-node-qwen25_3b-grpo-math-safe_margin-s83-p1-resident/gpu-memory-5031149.csv;output/strengthening_same_node_residency/strong-node-qwen25_3b-grpo-math-safe_margin-s83-p1-resident/gpu-telemetry-5031149.csv;output/strengthening_same_node_residency/strong-node-qwen25_3b-grpo-math-safe_margin-s83-p1-resident/phase-memory-5031149.csv;output/strengthening_same_node_residency/strong-node-qwen25_3b-grpo-math-safe_margin-s83-p1-resident/training-5031149.log;output/strengthening_same_node_residency/strong-node-qwen25_3b-grpo-math-safe_margin-s83-p1-resident/trial-5031149.json,
attempt-54aa08141b2d9cfd,cfg-44b1b60788cfb061,run-54aa08141b2d9cfd,state_release,strong-node-qwen25_3b-grpo-gsm8k-safe_margin-s83-p2-release,5031106,1,completed,1,,,,output/strengthening_same_node_residency/strong-node-qwen25_3b-grpo-gsm8k-safe_margin-s83-p2-release/environment-5031106.json;output/strengthening_same_node_residency/strong-node-qwen25_3b-grpo-gsm8k-safe_margin-s83-p2-release/gpu-memory-5031106.csv;output/strengthening_same_node_residency/strong-node-qwen25_3b-grpo-gsm8k-safe_margin-s83-p2-release/gpu-telemetry-5031106.csv;output/strengthening_same_node_residency/strong-node-qwen25_3b-grpo-gsm8k-safe_margin-s83-p2-release/phase-memory-5031106.csv;output/strengthening_same_node_residency/strong-node-qwen25_3b-grpo-gsm8k-safe_margin-s83-p2-release/training-5031106.log;output/strengthening_same_node_residency/strong-node-qwen25_3b-grpo-gsm8k-safe_margin-s83-p2-release/trial-5031106.json,
attempt-550825b0812c77b8,cfg-e82e70f37087dd01,run-550825b0812c77b8,batch_reservation,strong-factorial-qwen25_3b-grpo-code_standard-reservation_only-s95,5032018,1,completed,1,,,,output/strengthening_factorial/strong-factorial-qwen25_3b-grpo-code_standard-reservation_only-s95/environment-5032018.json;output/strengthening_factorial/strong-factorial-qwen25_3b-grpo-code_standard-reservation_only-s95/gpu-memory-5032018.csv;output/strengthening_factorial/strong-factorial-qwen25_3b-grpo-code_standard-reservation_only-s95/gpu-telemetry-5032018.csv;output/strengthening_factorial/strong-factorial-qwen25_3b-grpo-code_standard-reservation_only-s95/phase-memory-5032018.csv;output/strengthening_factorial/strong-factorial-qwen25_3b-grpo-code_standard-reservation_only-s95/training-5032018.log;output/strengthening_factorial/strong-factorial-qwen25_3b-grpo-code_standard-reservation_only-s95/trial-5032018.json,
attempt-551e6825fd4c0044,cfg-a94bf7877633dfda,,boundary,strong-granite-confirmatory-grpo-code_standard-c2-s92,5031280,0,other_failure,0,distributed_port_collision,granite_vllm_replica_port_collision,,output/strengthening_granite_confirmatory/strong-granite-confirmatory-grpo-code_standard-c2-s92/environment-5031280.json;output/strengthening_granite_confirmatory/strong-granite-confirmatory-grpo-code_standard-c2-s92/gpu-memory-5031280.csv;output/strengthening_granite_confirmatory/strong-granite-confirmatory-grpo-code_standard-c2-s92/gpu-telemetry-5031280.csv;output/strengthening_granite_confirmatory/strong-granite-confirmatory-grpo-code_standard-c2-s92/phase-memory-5031280.csv;output/strengthening_granite_confirmatory/strong-granite-confirmatory-grpo-code_standard-c2-s92/training-5031280.log;output/strengthening_granite_confirmatory/strong-granite-confirmatory-grpo-code_standard-c2-s92/trial-5031280.json,
attempt-554ea10676e8ad6e,cfg-b828e98cedba337e,run-554ea10676e8ad6e,instrumentation,rev-instrumentation-qwen25_3b-math-c3-s112-full,5045311,1,completed,1,,,,output/revision_instrumentation/rev-instrumentation-qwen25_3b-math-c3-s112-full/attempt-5045311/environment-5045311.json;output/revision_instrumentation/rev-instrumentation-qwen25_3b-math-c3-s112-full/attempt-5045311/gpu-memory-5045311.csv;output/revision_instrumentation/rev-instrumentation-qwen25_3b-math-c3-s112-full/attempt-5045311/gpu-telemetry-5045311.csv;output/revision_instrumentation/rev-instrumentation-qwen25_3b-math-c3-s112-full/attempt-5045311/phase-memory-5045311.csv;output/revision_instrumentation/rev-instrumentation-qwen25_3b-math-c3-s112-full/attempt-5045311/training-5045311.log;output/revision_instrumentation/rev-instrumentation-qwen25_3b-math-c3-s112-full/attempt-5045311/trial-5045311.json;output/revision_instrumentation/rev-instrumentation-qwen25_3b-math-c3-s112-full/trial-5045311.json,
attempt-55b6ce6fbfd629cf,cfg-cc030db9324662ea,run-55b6ce6fbfd629cf,horizon_followup,rev-temporal-granite33_2b-gsm8k-interpolated-s111-source,5045341,1,completed,1,,,,output/revision_temporal/rev-temporal-granite33_2b-gsm8k-interpolated-s111-source/attempt-5045341/environment-5045341.json;output/revision_temporal/rev-temporal-granite33_2b-gsm8k-interpolated-s111-source/attempt-5045341/gpu-memory-5045341.csv;output/revision_temporal/rev-temporal-granite33_2b-gsm8k-interpolated-s111-source/attempt-5045341/gpu-telemetry-5045341.csv;output/revision_temporal/rev-temporal-granite33_2b-gsm8k-interpolated-s111-source/attempt-5045341/phase-memory-5045341.csv;output/revision_temporal/rev-temporal-granite33_2b-gsm8k-interpolated-s111-source/attempt-5045341/training-5045341.log;output/revision_temporal/rev-temporal-granite33_2b-gsm8k-interpolated-s111-source/attempt-5045341/trial-5045341.json;output/revision_temporal/rev-temporal-granite33_2b-gsm8k-interpolated-s111-source/trial-5045341.json,
attempt-562f2a83100f5603,cfg-966f5804dc918967,run-562f2a83100f5603,boundary,v2cf-confirm-phi4_mini-grpo-gsm8k_long-c4-s42,4936237,1,memory_failure,0,rollout_init_memory,,,output/benchmark_v2_cross_family_confirmatory/v2cf-confirm-phi4_mini-grpo-gsm8k_long-c4-s42/environment-4936237.json;output/benchmark_v2_cross_family_confirmatory/v2cf-confirm-phi4_mini-grpo-gsm8k_long-c4-s42/gpu-memory-4936237.csv;output/benchmark_v2_cross_family_confirmatory/v2cf-confirm-phi4_mini-grpo-gsm8k_long-c4-s42/gpu-telemetry-4936237.csv;output/benchmark_v2_cross_family_confirmatory/v2cf-confirm-phi4_mini-grpo-gsm8k_long-c4-s42/phase-memory-4936237.csv;output/benchmark_v2_cross_family_confirmatory/v2cf-confirm-phi4_mini-grpo-gsm8k_long-c4-s42/training-4936237.log;output/benchmark_v2_cross_family_confirmatory/v2cf-confirm-phi4_mini-grpo-gsm8k_long-c4-s42/trial-4936237.json,
attempt-57e3675613397582,cfg-ca5490162c750c31,run-57e3675613397582,state_release,strong-node-qwen25_1p5b-grpo-gsm8k-near_boundary-s82-p2-release,5031120,1,completed,1,,,,output/strengthening_same_node_residency/strong-node-qwen25_1p5b-grpo-gsm8k-near_boundary-s82-p2-release/environment-5031120.json;output/strengthening_same_node_residency/strong-node-qwen25_1p5b-grpo-gsm8k-near_boundary-s82-p2-release/gpu-memory-5031120.csv;output/strengthening_same_node_residency/strong-node-qwen25_1p5b-grpo-gsm8k-near_boundary-s82-p2-release/gpu-telemetry-5031120.csv;output/strengthening_same_node_residency/strong-node-qwen25_1p5b-grpo-gsm8k-near_boundary-s82-p2-release/phase-memory-5031120.csv;output/strengthening_same_node_residency/strong-node-qwen25_1p5b-grpo-gsm8k-near_boundary-s82-p2-release/training-5031120.log;output/strengthening_same_node_residency/strong-node-qwen25_1p5b-grpo-gsm8k-near_boundary-s82-p2-release/trial-5031120.json,
attempt-582c904925bff5f6,cfg-b7f5b55ef67a8883,run-582c904925bff5f6,batch_reservation,strong-factorial-qwen25_3b-grpo-code_heavy_tail-reservation_only-s96,5031991,1,completed,1,,,,output/strengthening_factorial/strong-factorial-qwen25_3b-grpo-code_heavy_tail-reservation_only-s96/environment-5031991.json;output/strengthening_factorial/strong-factorial-qwen25_3b-grpo-code_heavy_tail-reservation_only-s96/gpu-memory-5031991.csv;output/strengthening_factorial/strong-factorial-qwen25_3b-grpo-code_heavy_tail-reservation_only-s96/gpu-telemetry-5031991.csv;output/strengthening_factorial/strong-factorial-qwen25_3b-grpo-code_heavy_tail-reservation_only-s96/phase-memory-5031991.csv;output/strengthening_factorial/strong-factorial-qwen25_3b-grpo-code_heavy_tail-reservation_only-s96/training-5031991.log;output/strengthening_factorial/strong-factorial-qwen25_3b-grpo-code_heavy_tail-reservation_only-s96/trial-5031991.json,
attempt-58417472a8ec8e7f,cfg-1432bb8a4d9c3b8c,run-58417472a8ec8e7f,four_gpu,rev-topology-phi4_mini-math-c4-s113-four_gpu,5045383,1,completed,1,,,,output/revision_topology/rev-topology-phi4_mini-math-c4-s113-four_gpu/attempt-5045383/environment-5045383.json;output/revision_topology/rev-topology-phi4_mini-math-c4-s113-four_gpu/attempt-5045383/gpu-memory-5045383.csv;output/revision_topology/rev-topology-phi4_mini-math-c4-s113-four_gpu/attempt-5045383/gpu-telemetry-5045383.csv;output/revision_topology/rev-topology-phi4_mini-math-c4-s113-four_gpu/attempt-5045383/phase-memory-5045383.csv;output/revision_topology/rev-topology-phi4_mini-math-c4-s113-four_gpu/attempt-5045383/training-5045383.log;output/revision_topology/rev-topology-phi4_mini-math-c4-s113-four_gpu/attempt-5045383/trial-5045383.json;output/revision_topology/rev-topology-phi4_mini-math-c4-s113-four_gpu/trial-5045383.json,
attempt-58811400809bb8d2,cfg-61c14de21a34d0e6,,boundary,strong-granite-confirmatory-grpo-code_standard-c4-s92,5031297,0,other_failure,0,runtime,granite_live_launcher_replacement_failure,,output/strengthening_granite_confirmatory/strong-granite-confirmatory-grpo-code_standard-c4-s92/environment-5031297.json;output/strengthening_granite_confirmatory/strong-granite-confirmatory-grpo-code_standard-c4-s92/gpu-memory-5031297.csv;output/strengthening_granite_confirmatory/strong-granite-confirmatory-grpo-code_standard-c4-s92/gpu-telemetry-5031297.csv;output/strengthening_granite_confirmatory/strong-granite-confirmatory-grpo-code_standard-c4-s92/phase-memory-5031297.csv;output/strengthening_granite_confirmatory/strong-granite-confirmatory-grpo-code_standard-c4-s92/training-5031297.log;output/strengthening_granite_confirmatory/strong-granite-confirmatory-grpo-code_standard-c4-s92/trial-5031297.json,
attempt-58a3a00d2b39929c,cfg-b8e90bd69c9744ea,run-58a3a00d2b39929c,four_gpu,rev-topology-granite33_2b-gsm8k-c2-s111-four_gpu,5045384,1,completed,1,,,,output/revision_topology/rev-topology-granite33_2b-gsm8k-c2-s111-four_gpu/attempt-5045384/environment-5045384.json;output/revision_topology/rev-topology-granite33_2b-gsm8k-c2-s111-four_gpu/attempt-5045384/gpu-memory-5045384.csv;output/revision_topology/rev-topology-granite33_2b-gsm8k-c2-s111-four_gpu/attempt-5045384/gpu-telemetry-5045384.csv;output/revision_topology/rev-topology-granite33_2b-gsm8k-c2-s111-four_gpu/attempt-5045384/phase-memory-5045384.csv;output/revision_topology/rev-topology-granite33_2b-gsm8k-c2-s111-four_gpu/attempt-5045384/training-5045384.log;output/revision_topology/rev-topology-granite33_2b-gsm8k-c2-s111-four_gpu/attempt-5045384/trial-5045384.json;output/revision_topology/rev-topology-granite33_2b-gsm8k-c2-s111-four_gpu/trial-5045384.json,
attempt-5944fa4d054677ac,cfg-5f2f431355dfcb31,run-5944fa4d054677ac,batch_reservation,strong-factorial-phi4_mini-grpo-code_standard-reservation_only-s96,5031767,1,completed,1,,,,output/strengthening_factorial/strong-factorial-phi4_mini-grpo-code_standard-reservation_only-s96/environment-5031767.json;output/strengthening_factorial/strong-factorial-phi4_mini-grpo-code_standard-reservation_only-s96/gpu-memory-5031767.csv;output/strengthening_factorial/strong-factorial-phi4_mini-grpo-code_standard-reservation_only-s96/gpu-telemetry-5031767.csv;output/strengthening_factorial/strong-factorial-phi4_mini-grpo-code_standard-reservation_only-s96/phase-memory-5031767.csv;output/strengthening_factorial/strong-factorial-phi4_mini-grpo-code_standard-reservation_only-s96/training-5031767.log;output/strengthening_factorial/strong-factorial-phi4_mini-grpo-code_standard-reservation_only-s96/trial-5031767.json,
attempt-59781d84caaa64c4,cfg-a5e8503dbdd188ac,run-59781d84caaa64c4,batch_reservation,strong-factorial-phi4_mini-grpo-code_standard-joint-s95,5031769,1,completed,1,,,,output/strengthening_factorial/strong-factorial-phi4_mini-grpo-code_standard-joint-s95/environment-5031769.json;output/strengthening_factorial/strong-factorial-phi4_mini-grpo-code_standard-joint-s95/gpu-memory-5031769.csv;output/strengthening_factorial/strong-factorial-phi4_mini-grpo-code_standard-joint-s95/gpu-telemetry-5031769.csv;output/strengthening_factorial/strong-factorial-phi4_mini-grpo-code_standard-joint-s95/phase-memory-5031769.csv;output/strengthening_factorial/strong-factorial-phi4_mini-grpo-code_standard-joint-s95/training-5031769.log;output/strengthening_factorial/strong-factorial-phi4_mini-grpo-code_standard-joint-s95/trial-5031769.json,
attempt-5a34dc430612dd84,cfg-402f13fde534d758,run-5a34dc430612dd84,batch_reservation,strong-factorial-qwen25_3b-grpo-gsm8k-actor_only-s96,5032036,1,completed,1,,,,output/strengthening_factorial/strong-factorial-qwen25_3b-grpo-gsm8k-actor_only-s96/environment-5032036.json;output/strengthening_factorial/strong-factorial-qwen25_3b-grpo-gsm8k-actor_only-s96/gpu-memory-5032036.csv;output/strengthening_factorial/strong-factorial-qwen25_3b-grpo-gsm8k-actor_only-s96/gpu-telemetry-5032036.csv;output/strengthening_factorial/strong-factorial-qwen25_3b-grpo-gsm8k-actor_only-s96/phase-memory-5032036.csv;output/strengthening_factorial/strong-factorial-qwen25_3b-grpo-gsm8k-actor_only-s96/training-5032036.log;output/strengthening_factorial/strong-factorial-qwen25_3b-grpo-gsm8k-actor_only-s96/trial-5032036.json,
attempt-5a9c0e8cc64612ee,cfg-161de6cc5f566679,run-5a9c0e8cc64612ee,batch_reservation,strong-factorial-qwen25_3b-grpo-code_heavy_tail-joint-s95,5031993,1,completed,1,,,,output/strengthening_factorial/strong-factorial-qwen25_3b-grpo-code_heavy_tail-joint-s95/environment-5031993.json;output/strengthening_factorial/strong-factorial-qwen25_3b-grpo-code_heavy_tail-joint-s95/gpu-memory-5031993.csv;output/strengthening_factorial/strong-factorial-qwen25_3b-grpo-code_heavy_tail-joint-s95/gpu-telemetry-5031993.csv;output/strengthening_factorial/strong-factorial-qwen25_3b-grpo-code_heavy_tail-joint-s95/phase-memory-5031993.csv;output/strengthening_factorial/strong-factorial-qwen25_3b-grpo-code_heavy_tail-joint-s95/training-5031993.log;output/strengthening_factorial/strong-factorial-qwen25_3b-grpo-code_heavy_tail-joint-s95/trial-5031993.json,
attempt-5afa6711dd6b8533,cfg-2afbe250af9cd3e1,run-5afa6711dd6b8533,four_gpu,rev-topology-granite33_2b-math-c3-s113-four_gpu,5045427,1,completed,1,,,,output/revision_topology/rev-topology-granite33_2b-math-c3-s113-four_gpu/attempt-5045427/environment-5045427.json;output/revision_topology/rev-topology-granite33_2b-math-c3-s113-four_gpu/attempt-5045427/gpu-memory-5045427.csv;output/revision_topology/rev-topology-granite33_2b-math-c3-s113-four_gpu/attempt-5045427/gpu-telemetry-5045427.csv;output/revision_topology/rev-topology-granite33_2b-math-c3-s113-four_gpu/attempt-5045427/phase-memory-5045427.csv;output/revision_topology/rev-topology-granite33_2b-math-c3-s113-four_gpu/attempt-5045427/training-5045427.log;output/revision_topology/rev-topology-granite33_2b-math-c3-s113-four_gpu/attempt-5045427/trial-5045427.json;output/revision_topology/rev-topology-granite33_2b-math-c3-s113-four_gpu/trial-5045427.json,
attempt-5bb897244e75080a,cfg-cc5f4f0c2e1256ba,,boundary,strong-granite-confirmatory-grpo-code_standard-c1-s92,5031277,0,other_failure,0,distributed_port_collision,granite_vllm_replica_port_collision,,output/strengthening_granite_confirmatory/strong-granite-confirmatory-grpo-code_standard-c1-s92/environment-5031277.json;output/strengthening_granite_confirmatory/strong-granite-confirmatory-grpo-code_standard-c1-s92/gpu-memory-5031277.csv;output/strengthening_granite_confirmatory/strong-granite-confirmatory-grpo-code_standard-c1-s92/gpu-telemetry-5031277.csv;output/strengthening_granite_confirmatory/strong-granite-confirmatory-grpo-code_standard-c1-s92/phase-memory-5031277.csv;output/strengthening_granite_confirmatory/strong-granite-confirmatory-grpo-code_standard-c1-s92/training-5031277.log;output/strengthening_granite_confirmatory/strong-granite-confirmatory-grpo-code_standard-c1-s92/trial-5031277.json,
attempt-5be2cb212cc5e75c,cfg-d02503f8c9804a2d,run-5be2cb212cc5e75c,boundary,strong-granite-confirmatory-grpo-math_short-c4-s91,5031388,1,completed,1,,,,output/strengthening_granite_confirmatory/strong-granite-confirmatory-grpo-math_short-c4-s91/environment-5031388.json;output/strengthening_granite_confirmatory/strong-granite-confirmatory-grpo-math_short-c4-s91/gpu-memory-5031388.csv;output/strengthening_granite_confirmatory/strong-granite-confirmatory-grpo-math_short-c4-s91/gpu-telemetry-5031388.csv;output/strengthening_granite_confirmatory/strong-granite-confirmatory-grpo-math_short-c4-s91/phase-memory-5031388.csv;output/strengthening_granite_confirmatory/strong-granite-confirmatory-grpo-math_short-c4-s91/training-5031388.log;output/strengthening_granite_confirmatory/strong-granite-confirmatory-grpo-math_short-c4-s91/trial-5031388.json,
attempt-5bf664554a208619,cfg-2609c0d3dc682182,run-5bf664554a208619,sampling_calibration,v2tel-01-qwen25_1p5b-grpo-math-near_boundary-10ms,4935055,1,completed,1,,,,output/benchmark_v2_telemetry_calibration/v2tel-01-qwen25_1p5b-grpo-math-near_boundary-10ms/environment-4935055.json;output/benchmark_v2_telemetry_calibration/v2tel-01-qwen25_1p5b-grpo-math-near_boundary-10ms/gpu-memory-4935055.csv;output/benchmark_v2_telemetry_calibration/v2tel-01-qwen25_1p5b-grpo-math-near_boundary-10ms/gpu-telemetry-4935055.csv;output/benchmark_v2_telemetry_calibration/v2tel-01-qwen25_1p5b-grpo-math-near_boundary-10ms/phase-memory-4935055.csv;output/benchmark_v2_telemetry_calibration/v2tel-01-qwen25_1p5b-grpo-math-near_boundary-10ms/training-4935055.log;output/benchmark_v2_telemetry_calibration/v2tel-01-qwen25_1p5b-grpo-math-near_boundary-10ms/trial-4935055.json,
attempt-5c413b02aece8e43,cfg-9160dc45a0171a10,run-5c413b02aece8e43,boundary,mr-xm-confirm-qwen25_3b-grpo-code_standard-c0-s51,4998827,1,completed,1,,,,output/major_revision_cross_model_confirmatory/mr-xm-confirm-qwen25_3b-grpo-code_standard-c0-s51/environment-4998827.json;output/major_revision_cross_model_confirmatory/mr-xm-confirm-qwen25_3b-grpo-code_standard-c0-s51/gpu-memory-4998827.csv;output/major_revision_cross_model_confirmatory/mr-xm-confirm-qwen25_3b-grpo-code_standard-c0-s51/gpu-telemetry-4998827.csv;output/major_revision_cross_model_confirmatory/mr-xm-confirm-qwen25_3b-grpo-code_standard-c0-s51/phase-memory-4998827.csv;output/major_revision_cross_model_confirmatory/mr-xm-confirm-qwen25_3b-grpo-code_standard-c0-s51/training-4998827.log;output/major_revision_cross_model_confirmatory/mr-xm-confirm-qwen25_3b-grpo-code_standard-c0-s51/trial-4998827.json,
attempt-5c4b198c0f64aa44,cfg-7df2428553b76877,run-5c4b198c0f64aa44,boundary,mr-xm-confirm-phi4_mini-grpo-code_heavy_tail-c4-s52,5003968,1,memory_failure,0,rollout_init_memory,,,output/major_revision_cross_model_confirmatory/mr-xm-confirm-phi4_mini-grpo-code_heavy_tail-c4-s52/environment-5003968.json;output/major_revision_cross_model_confirmatory/mr-xm-confirm-phi4_mini-grpo-code_heavy_tail-c4-s52/gpu-memory-5003968.csv;output/major_revision_cross_model_confirmatory/mr-xm-confirm-phi4_mini-grpo-code_heavy_tail-c4-s52/gpu-telemetry-5003968.csv;output/major_revision_cross_model_confirmatory/mr-xm-confirm-phi4_mini-grpo-code_heavy_tail-c4-s52/phase-memory-5003968.csv;output/major_revision_cross_model_confirmatory/mr-xm-confirm-phi4_mini-grpo-code_heavy_tail-c4-s52/training-5003968.log;output/major_revision_cross_model_confirmatory/mr-xm-confirm-phi4_mini-grpo-code_heavy_tail-c4-s52/trial-5003968.json,
attempt-5cd1f1d3e657b7e0,cfg-40dbe09dcfdb5368,run-5cd1f1d3e657b7e0,batch_reservation,strong-factorial-granite33_2b-grpo-code_heavy_tail-actor_only-s95,5031340,1,completed,1,,,,output/strengthening_factorial/strong-factorial-granite33_2b-grpo-code_heavy_tail-actor_only-s95/environment-5031340.json;output/strengthening_factorial/strong-factorial-granite33_2b-grpo-code_heavy_tail-actor_only-s95/gpu-memory-5031340.csv;output/strengthening_factorial/strong-factorial-granite33_2b-grpo-code_heavy_tail-actor_only-s95/gpu-telemetry-5031340.csv;output/strengthening_factorial/strong-factorial-granite33_2b-grpo-code_heavy_tail-actor_only-s95/phase-memory-5031340.csv;output/strengthening_factorial/strong-factorial-granite33_2b-grpo-code_heavy_tail-actor_only-s95/training-5031340.log;output/strengthening_factorial/strong-factorial-granite33_2b-grpo-code_heavy_tail-actor_only-s95/trial-5031340.json,
attempt-5cfd91e503973c8f,cfg-cc2c35944156e5d4,run-5cfd91e503973c8f,four_gpu,rev-topology-qwen25_3b-gsm8k-c3-s112-four_gpu,5045293,1,completed,1,,,,output/revision_topology/rev-topology-qwen25_3b-gsm8k-c3-s112-four_gpu/attempt-5045293/environment-5045293.json;output/revision_topology/rev-topology-qwen25_3b-gsm8k-c3-s112-four_gpu/attempt-5045293/gpu-memory-5045293.csv;output/revision_topology/rev-topology-qwen25_3b-gsm8k-c3-s112-four_gpu/attempt-5045293/gpu-telemetry-5045293.csv;output/revision_topology/rev-topology-qwen25_3b-gsm8k-c3-s112-four_gpu/attempt-5045293/phase-memory-5045293.csv;output/revision_topology/rev-topology-qwen25_3b-gsm8k-c3-s112-four_gpu/attempt-5045293/training-5045293.log;output/revision_topology/rev-topology-qwen25_3b-gsm8k-c3-s112-four_gpu/attempt-5045293/trial-5045293.json;output/revision_topology/rev-topology-qwen25_3b-gsm8k-c3-s112-four_gpu/trial-5045293.json,
attempt-5e35e83849bf3bd0,cfg-3c3a7527d888e069,run-5e35e83849bf3bd0,instrumentation,rev-instrumentation-phi4_mini-gsm8k-c3-s113-full,5045358,1,completed,1,,,,output/revision_instrumentation/rev-instrumentation-phi4_mini-gsm8k-c3-s113-full/attempt-5045358/environment-5045358.json;output/revision_instrumentation/rev-instrumentation-phi4_mini-gsm8k-c3-s113-full/attempt-5045358/gpu-memory-5045358.csv;output/revision_instrumentation/rev-instrumentation-phi4_mini-gsm8k-c3-s113-full/attempt-5045358/gpu-telemetry-5045358.csv;output/revision_instrumentation/rev-instrumentation-phi4_mini-gsm8k-c3-s113-full/attempt-5045358/phase-memory-5045358.csv;output/revision_instrumentation/rev-instrumentation-phi4_mini-gsm8k-c3-s113-full/attempt-5045358/training-5045358.log;output/revision_instrumentation/rev-instrumentation-phi4_mini-gsm8k-c3-s113-full/attempt-5045358/trial-5045358.json;output/revision_instrumentation/rev-instrumentation-phi4_mini-gsm8k-c3-s113-full/trial-5045358.json,
attempt-5e62d1fb2df3c2e5,cfg-71b33248b3cb3190,run-5e62d1fb2df3c2e5,batch_reservation,strong-factorial-granite33_2b-grpo-math_short-joint-s94,5031439,1,completed,1,,,,output/strengthening_factorial/strong-factorial-granite33_2b-grpo-math_short-joint-s94/environment-5031439.json;output/strengthening_factorial/strong-factorial-granite33_2b-grpo-math_short-joint-s94/gpu-memory-5031439.csv;output/strengthening_factorial/strong-factorial-granite33_2b-grpo-math_short-joint-s94/gpu-telemetry-5031439.csv;output/strengthening_factorial/strong-factorial-granite33_2b-grpo-math_short-joint-s94/phase-memory-5031439.csv;output/strengthening_factorial/strong-factorial-granite33_2b-grpo-math_short-joint-s94/training-5031439.log;output/strengthening_factorial/strong-factorial-granite33_2b-grpo-math_short-joint-s94/trial-5031439.json,
attempt-5ef32259a12fa232,cfg-b7a35495ef8f0eb3,run-5ef32259a12fa232,batch_reservation,strong-factorial-qwen25_3b-grpo-math-reservation_only-s94,5032053,1,completed,1,,,,output/strengthening_factorial/strong-factorial-qwen25_3b-grpo-math-reservation_only-s94/environment-5032053.json;output/strengthening_factorial/strong-factorial-qwen25_3b-grpo-math-reservation_only-s94/gpu-memory-5032053.csv;output/strengthening_factorial/strong-factorial-qwen25_3b-grpo-math-reservation_only-s94/gpu-telemetry-5032053.csv;output/strengthening_factorial/strong-factorial-qwen25_3b-grpo-math-reservation_only-s94/phase-memory-5032053.csv;output/strengthening_factorial/strong-factorial-qwen25_3b-grpo-math-reservation_only-s94/training-5032053.log;output/strengthening_factorial/strong-factorial-qwen25_3b-grpo-math-reservation_only-s94/trial-5032053.json,
attempt-5efb5e0f28867048,cfg-acfa4acda15c3599,run-5efb5e0f28867048,boundary,strong-granite-confirmatory-grpo-code_heavy_tail-c2-s93,5031348,1,completed,1,,,,output/strengthening_granite_confirmatory/strong-granite-confirmatory-grpo-code_heavy_tail-c2-s93/environment-5031348.json;output/strengthening_granite_confirmatory/strong-granite-confirmatory-grpo-code_heavy_tail-c2-s93/gpu-memory-5031348.csv;output/strengthening_granite_confirmatory/strong-granite-confirmatory-grpo-code_heavy_tail-c2-s93/gpu-telemetry-5031348.csv;output/strengthening_granite_confirmatory/strong-granite-confirmatory-grpo-code_heavy_tail-c2-s93/phase-memory-5031348.csv;output/strengthening_granite_confirmatory/strong-granite-confirmatory-grpo-code_heavy_tail-c2-s93/training-5031348.log;output/strengthening_granite_confirmatory/strong-granite-confirmatory-grpo-code_heavy_tail-c2-s93/trial-5031348.json,
attempt-5f0b952e0c94bc7a,cfg-b5912aa6ea40b7fd,run-5f0b952e0c94bc7a,batch_reservation,strong-factorial-qwen25_3b-grpo-math-base-s95,5032045,1,completed,1,,,,output/strengthening_factorial/strong-factorial-qwen25_3b-grpo-math-base-s95/environment-5032045.json;output/strengthening_factorial/strong-factorial-qwen25_3b-grpo-math-base-s95/gpu-memory-5032045.csv;output/strengthening_factorial/strong-factorial-qwen25_3b-grpo-math-base-s95/gpu-telemetry-5032045.csv;output/strengthening_factorial/strong-factorial-qwen25_3b-grpo-math-base-s95/phase-memory-5032045.csv;output/strengthening_factorial/strong-factorial-qwen25_3b-grpo-math-base-s95/training-5032045.log;output/strengthening_factorial/strong-factorial-qwen25_3b-grpo-math-base-s95/trial-5032045.json,
attempt-605e26d762516c94,cfg-cad8341dbbff10ba,run-605e26d762516c94,boundary,v2cf-confirm-qwen25_3b-grpo-math_short-c5-s43,4935984,1,memory_failure,0,rollout_init_memory,,,output/benchmark_v2_cross_family_confirmatory/v2cf-confirm-qwen25_3b-grpo-math_short-c5-s43/environment-4935984.json;output/benchmark_v2_cross_family_confirmatory/v2cf-confirm-qwen25_3b-grpo-math_short-c5-s43/gpu-memory-4935984.csv;output/benchmark_v2_cross_family_confirmatory/v2cf-confirm-qwen25_3b-grpo-math_short-c5-s43/gpu-telemetry-4935984.csv;output/benchmark_v2_cross_family_confirmatory/v2cf-confirm-qwen25_3b-grpo-math_short-c5-s43/phase-memory-4935984.csv;output/benchmark_v2_cross_family_confirmatory/v2cf-confirm-qwen25_3b-grpo-math_short-c5-s43/training-4935984.log;output/benchmark_v2_cross_family_confirmatory/v2cf-confirm-qwen25_3b-grpo-math_short-c5-s43/trial-4935984.json,
attempt-60665c9740317acd,cfg-bfb83ff32b7fd921,run-60665c9740317acd,boundary,mr-xm-confirm-qwen25_3b-grpo-code_heavy_tail-c1-s51,4999650,1,completed,1,,,,output/major_revision_cross_model_confirmatory/mr-xm-confirm-qwen25_3b-grpo-code_heavy_tail-c1-s51/environment-4999650.json;output/major_revision_cross_model_confirmatory/mr-xm-confirm-qwen25_3b-grpo-code_heavy_tail-c1-s51/gpu-memory-4999650.csv;output/major_revision_cross_model_confirmatory/mr-xm-confirm-qwen25_3b-grpo-code_heavy_tail-c1-s51/gpu-telemetry-4999650.csv;output/major_revision_cross_model_confirmatory/mr-xm-confirm-qwen25_3b-grpo-code_heavy_tail-c1-s51/phase-memory-4999650.csv;output/major_revision_cross_model_confirmatory/mr-xm-confirm-qwen25_3b-grpo-code_heavy_tail-c1-s51/training-4999650.log;output/major_revision_cross_model_confirmatory/mr-xm-confirm-qwen25_3b-grpo-code_heavy_tail-c1-s51/trial-4999650.json,
attempt-60807b4671a63641,cfg-09d34ea9e791de94,run-60807b4671a63641,batch_reservation,strong-factorial-qwen25_3b-grpo-gsm8k-reservation_only-s95,5032038,1,completed,1,,,,output/strengthening_factorial/strong-factorial-qwen25_3b-grpo-gsm8k-reservation_only-s95/environment-5032038.json;output/strengthening_factorial/strong-factorial-qwen25_3b-grpo-gsm8k-reservation_only-s95/gpu-memory-5032038.csv;output/strengthening_factorial/strong-factorial-qwen25_3b-grpo-gsm8k-reservation_only-s95/gpu-telemetry-5032038.csv;output/strengthening_factorial/strong-factorial-qwen25_3b-grpo-gsm8k-reservation_only-s95/phase-memory-5032038.csv;output/strengthening_factorial/strong-factorial-qwen25_3b-grpo-gsm8k-reservation_only-s95/training-5032038.log;output/strengthening_factorial/strong-factorial-qwen25_3b-grpo-gsm8k-reservation_only-s95/trial-5032038.json,
attempt-60c7e145c987e06c,cfg-352f4dbc55fbcd3c,run-60c7e145c987e06c,boundary,v2cf-confirm-qwen25_3b-grpo-gsm8k_long-c5-s41,4935848,1,memory_failure,0,rollout_init_memory,,,output/benchmark_v2_cross_family_confirmatory/v2cf-confirm-qwen25_3b-grpo-gsm8k_long-c5-s41/environment-4935848.json;output/benchmark_v2_cross_family_confirmatory/v2cf-confirm-qwen25_3b-grpo-gsm8k_long-c5-s41/gpu-memory-4935848.csv;output/benchmark_v2_cross_family_confirmatory/v2cf-confirm-qwen25_3b-grpo-gsm8k_long-c5-s41/gpu-telemetry-4935848.csv;output/benchmark_v2_cross_family_confirmatory/v2cf-confirm-qwen25_3b-grpo-gsm8k_long-c5-s41/phase-memory-4935848.csv;output/benchmark_v2_cross_family_confirmatory/v2cf-confirm-qwen25_3b-grpo-gsm8k_long-c5-s41/training-4935848.log;output/benchmark_v2_cross_family_confirmatory/v2cf-confirm-qwen25_3b-grpo-gsm8k_long-c5-s41/trial-4935848.json,
attempt-61426ca46dbb13b7,cfg-d559324a0b1e4ecd,run-61426ca46dbb13b7,instrumentation,rev-instrumentation-granite33_2b-gsm8k-c3-s112-full,5045378,1,completed,1,,,,output/revision_instrumentation/rev-instrumentation-granite33_2b-gsm8k-c3-s112-full/attempt-5045378/environment-5045378.json;output/revision_instrumentation/rev-instrumentation-granite33_2b-gsm8k-c3-s112-full/attempt-5045378/gpu-memory-5045378.csv;output/revision_instrumentation/rev-instrumentation-granite33_2b-gsm8k-c3-s112-full/attempt-5045378/gpu-telemetry-5045378.csv;output/revision_instrumentation/rev-instrumentation-granite33_2b-gsm8k-c3-s112-full/attempt-5045378/phase-memory-5045378.csv;output/revision_instrumentation/rev-instrumentation-granite33_2b-gsm8k-c3-s112-full/attempt-5045378/training-5045378.log;output/revision_instrumentation/rev-instrumentation-granite33_2b-gsm8k-c3-s112-full/attempt-5045378/trial-5045378.json;output/revision_instrumentation/rev-instrumentation-granite33_2b-gsm8k-c3-s112-full/trial-5045378.json,
attempt-619d85e42c35b7e9,cfg-818aa43be2ebba5e,run-619d85e42c35b7e9,horizon_followup,rev-temporal-phi4_mini-math-interpolated-s113-long,5045340,1,completed,1,,,,output/revision_temporal/rev-temporal-phi4_mini-math-interpolated-s113-long/attempt-5045340/environment-5045340.json;output/revision_temporal/rev-temporal-phi4_mini-math-interpolated-s113-long/attempt-5045340/gpu-memory-5045340.csv;output/revision_temporal/rev-temporal-phi4_mini-math-interpolated-s113-long/attempt-5045340/gpu-telemetry-5045340.csv;output/revision_temporal/rev-temporal-phi4_mini-math-interpolated-s113-long/attempt-5045340/phase-memory-5045340.csv;output/revision_temporal/rev-temporal-phi4_mini-math-interpolated-s113-long/attempt-5045340/training-5045340.log;output/revision_temporal/rev-temporal-phi4_mini-math-interpolated-s113-long/attempt-5045340/trial-5045340.json;output/revision_temporal/rev-temporal-phi4_mini-math-interpolated-s113-long/trial-5045340.json,
attempt-621d4058a3205378,cfg-a46e1a352338ca99,run-621d4058a3205378,instrumentation,rev-instrumentation-qwen25_3b-math-c3-s113-external,5045315,1,completed,1,,,,output/revision_instrumentation/rev-instrumentation-qwen25_3b-math-c3-s113-external/attempt-5045315/environment-5045315.json;output/revision_instrumentation/rev-instrumentation-qwen25_3b-math-c3-s113-external/attempt-5045315/gpu-memory-5045315.csv;output/revision_instrumentation/rev-instrumentation-qwen25_3b-math-c3-s113-external/attempt-5045315/gpu-telemetry-5045315.csv;output/revision_instrumentation/rev-instrumentation-qwen25_3b-math-c3-s113-external/attempt-5045315/phase-memory-5045315.csv;output/revision_instrumentation/rev-instrumentation-qwen25_3b-math-c3-s113-external/attempt-5045315/training-5045315.log;output/revision_instrumentation/rev-instrumentation-qwen25_3b-math-c3-s113-external/attempt-5045315/trial-5045315.json;output/revision_instrumentation/rev-instrumentation-qwen25_3b-math-c3-s113-external/trial-5045315.json,
attempt-631f4369eb764c12,cfg-cc900fb7731c3f49,run-631f4369eb764c12,boundary,v2cf-confirm-phi4_mini-grpo-math_short-c5-s42,4936395,1,memory_failure,0,rollout_init_memory,,,output/benchmark_v2_cross_family_confirmatory/v2cf-confirm-phi4_mini-grpo-math_short-c5-s42/environment-4936395.json;output/benchmark_v2_cross_family_confirmatory/v2cf-confirm-phi4_mini-grpo-math_short-c5-s42/gpu-memory-4936395.csv;output/benchmark_v2_cross_family_confirmatory/v2cf-confirm-phi4_mini-grpo-math_short-c5-s42/gpu-telemetry-4936395.csv;output/benchmark_v2_cross_family_confirmatory/v2cf-confirm-phi4_mini-grpo-math_short-c5-s42/phase-memory-4936395.csv;output/benchmark_v2_cross_family_confirmatory/v2cf-confirm-phi4_mini-grpo-math_short-c5-s42/training-4936395.log;output/benchmark_v2_cross_family_confirmatory/v2cf-confirm-phi4_mini-grpo-math_short-c5-s42/trial-4936395.json,
attempt-63adfe8727b53071,cfg-40dbe09dcfdb5368,,batch_reservation,strong-factorial-granite33_2b-grpo-code_heavy_tail-actor_only-s94,5031285,0,other_failure,0,distributed_port_collision,factorial_vllm_replica_port_collision,,output/strengthening_factorial/strong-factorial-granite33_2b-grpo-code_heavy_tail-actor_only-s94/environment-5031285.json;output/strengthening_factorial/strong-factorial-granite33_2b-grpo-code_heavy_tail-actor_only-s94/gpu-memory-5031285.csv;output/strengthening_factorial/strong-factorial-granite33_2b-grpo-code_heavy_tail-actor_only-s94/gpu-telemetry-5031285.csv;output/strengthening_factorial/strong-factorial-granite33_2b-grpo-code_heavy_tail-actor_only-s94/phase-memory-5031285.csv;output/strengthening_factorial/strong-factorial-granite33_2b-grpo-code_heavy_tail-actor_only-s94/training-5031285.log;output/strengthening_factorial/strong-factorial-granite33_2b-grpo-code_heavy_tail-actor_only-s94/trial-5031285.json,
attempt-65383feba24c278b,cfg-90f4a9f55e2f827d,run-65383feba24c278b,batch_logging_control,review-control-qwen25_3b-code_heavy_tail-s122-full_b8,5048560,1,completed,1,,,,output/review_instrumentation_batch/review-control-qwen25_3b-code_heavy_tail-s122-full_b8/trial-5048560.json,
attempt-653bf862eca4020a,cfg-e117f15dd5ccfb30,run-653bf862eca4020a,boundary,mr-xm-confirm-phi4_mini-grpo-code_heavy_tail-c2-s53,5003951,1,completed,1,,,,output/major_revision_cross_model_confirmatory/mr-xm-confirm-phi4_mini-grpo-code_heavy_tail-c2-s53/environment-5003951.json;output/major_revision_cross_model_confirmatory/mr-xm-confirm-phi4_mini-grpo-code_heavy_tail-c2-s53/gpu-memory-5003951.csv;output/major_revision_cross_model_confirmatory/mr-xm-confirm-phi4_mini-grpo-code_heavy_tail-c2-s53/gpu-telemetry-5003951.csv;output/major_revision_cross_model_confirmatory/mr-xm-confirm-phi4_mini-grpo-code_heavy_tail-c2-s53/phase-memory-5003951.csv;output/major_revision_cross_model_confirmatory/mr-xm-confirm-phi4_mini-grpo-code_heavy_tail-c2-s53/training-5003951.log;output/major_revision_cross_model_confirmatory/mr-xm-confirm-phi4_mini-grpo-code_heavy_tail-c2-s53/trial-5003951.json,
attempt-65e4f8260aacbb49,cfg-df5e492a5bd02117,run-65e4f8260aacbb49,instrumentation,rev-instrumentation-qwen25_3b-gsm8k-c4-s113-external,5045288,1,memory_failure,0,weight_sync_oom,,,output/revision_instrumentation/rev-instrumentation-qwen25_3b-gsm8k-c4-s113-external/attempt-5045288/environment-5045288.json;output/revision_instrumentation/rev-instrumentation-qwen25_3b-gsm8k-c4-s113-external/attempt-5045288/gpu-memory-5045288.csv;output/revision_instrumentation/rev-instrumentation-qwen25_3b-gsm8k-c4-s113-external/attempt-5045288/gpu-telemetry-5045288.csv;output/revision_instrumentation/rev-instrumentation-qwen25_3b-gsm8k-c4-s113-external/attempt-5045288/phase-memory-5045288.csv;output/revision_instrumentation/rev-instrumentation-qwen25_3b-gsm8k-c4-s113-external/attempt-5045288/training-5045288.log;output/revision_instrumentation/rev-instrumentation-qwen25_3b-gsm8k-c4-s113-external/attempt-5045288/trial-5045288.json;output/revision_instrumentation/rev-instrumentation-qwen25_3b-gsm8k-c4-s113-external/trial-5045288.json,
attempt-662e9fc34994b56d,cfg-af3c23f421a50a52,run-662e9fc34994b56d,batch_reservation,strong-factorial-phi4_mini-grpo-code_heavy_tail-base-s96,5031700,1,completed,1,,,,output/strengthening_factorial/strong-factorial-phi4_mini-grpo-code_heavy_tail-base-s96/environment-5031700.json;output/strengthening_factorial/strong-factorial-phi4_mini-grpo-code_heavy_tail-base-s96/gpu-memory-5031700.csv;output/strengthening_factorial/strong-factorial-phi4_mini-grpo-code_heavy_tail-base-s96/gpu-telemetry-5031700.csv;output/strengthening_factorial/strong-factorial-phi4_mini-grpo-code_heavy_tail-base-s96/phase-memory-5031700.csv;output/strengthening_factorial/strong-factorial-phi4_mini-grpo-code_heavy_tail-base-s96/training-5031700.log;output/strengthening_factorial/strong-factorial-phi4_mini-grpo-code_heavy_tail-base-s96/trial-5031700.json,
attempt-662ed31a26cb96dc,cfg-b5912aa6ea40b7fd,run-662ed31a26cb96dc,batch_reservation,strong-factorial-qwen25_3b-grpo-math-base-s96,5032046,1,completed,1,,,,output/strengthening_factorial/strong-factorial-qwen25_3b-grpo-math-base-s96/environment-5032046.json;output/strengthening_factorial/strong-factorial-qwen25_3b-grpo-math-base-s96/gpu-memory-5032046.csv;output/strengthening_factorial/strong-factorial-qwen25_3b-grpo-math-base-s96/gpu-telemetry-5032046.csv;output/strengthening_factorial/strong-factorial-qwen25_3b-grpo-math-base-s96/phase-memory-5032046.csv;output/strengthening_factorial/strong-factorial-qwen25_3b-grpo-math-base-s96/training-5032046.log;output/strengthening_factorial/strong-factorial-qwen25_3b-grpo-math-base-s96/trial-5032046.json,
attempt-66a874f3ecb2a2ac,cfg-0d9ba9215ab5683e,run-66a874f3ecb2a2ac,boundary,mr-xm-confirm-qwen25_3b-grpo-code_standard-c3-s51,4999394,1,completed,1,,,,output/major_revision_cross_model_confirmatory/mr-xm-confirm-qwen25_3b-grpo-code_standard-c3-s51/environment-4999394.json;output/major_revision_cross_model_confirmatory/mr-xm-confirm-qwen25_3b-grpo-code_standard-c3-s51/gpu-memory-4999394.csv;output/major_revision_cross_model_confirmatory/mr-xm-confirm-qwen25_3b-grpo-code_standard-c3-s51/gpu-telemetry-4999394.csv;output/major_revision_cross_model_confirmatory/mr-xm-confirm-qwen25_3b-grpo-code_standard-c3-s51/phase-memory-4999394.csv;output/major_revision_cross_model_confirmatory/mr-xm-confirm-qwen25_3b-grpo-code_standard-c3-s51/training-4999394.log;output/major_revision_cross_model_confirmatory/mr-xm-confirm-qwen25_3b-grpo-code_standard-c3-s51/trial-4999394.json,
attempt-6722ef18b748bde1,cfg-b8e90bd69c9744ea,run-6722ef18b748bde1,four_gpu,rev-topology-granite33_2b-gsm8k-c2-s112-four_gpu,5045388,1,completed,1,,,,output/revision_topology/rev-topology-granite33_2b-gsm8k-c2-s112-four_gpu/attempt-5045388/environment-5045388.json;output/revision_topology/rev-topology-granite33_2b-gsm8k-c2-s112-four_gpu/attempt-5045388/gpu-memory-5045388.csv;output/revision_topology/rev-topology-granite33_2b-gsm8k-c2-s112-four_gpu/attempt-5045388/gpu-telemetry-5045388.csv;output/revision_topology/rev-topology-granite33_2b-gsm8k-c2-s112-four_gpu/attempt-5045388/phase-memory-5045388.csv;output/revision_topology/rev-topology-granite33_2b-gsm8k-c2-s112-four_gpu/attempt-5045388/training-5045388.log;output/revision_topology/rev-topology-granite33_2b-gsm8k-c2-s112-four_gpu/attempt-5045388/trial-5045388.json;output/revision_topology/rev-topology-granite33_2b-gsm8k-c2-s112-four_gpu/trial-5045388.json,
attempt-67cce36309b08398,cfg-c2a8e6e8e140e109,run-67cce36309b08398,four_gpu,rev-topology-granite33_2b-gsm8k-c3-s112-four_gpu,5045394,1,completed,1,,,,output/revision_topology/rev-topology-granite33_2b-gsm8k-c3-s112-four_gpu/attempt-5045394/environment-5045394.json;output/revision_topology/rev-topology-granite33_2b-gsm8k-c3-s112-four_gpu/attempt-5045394/gpu-memory-5045394.csv;output/revision_topology/rev-topology-granite33_2b-gsm8k-c3-s112-four_gpu/attempt-5045394/gpu-telemetry-5045394.csv;output/revision_topology/rev-topology-granite33_2b-gsm8k-c3-s112-four_gpu/attempt-5045394/phase-memory-5045394.csv;output/revision_topology/rev-topology-granite33_2b-gsm8k-c3-s112-four_gpu/attempt-5045394/training-5045394.log;output/revision_topology/rev-topology-granite33_2b-gsm8k-c3-s112-four_gpu/attempt-5045394/trial-5045394.json;output/revision_topology/rev-topology-granite33_2b-gsm8k-c3-s112-four_gpu/trial-5045394.json,
attempt-67df22fde7166ef1,cfg-7a0e81934d3398ee,run-67df22fde7166ef1,boundary,strong-granite-confirmatory-grpo-code_heavy_tail-c0-s93,5031313,1,completed,1,,,,output/strengthening_granite_confirmatory/strong-granite-confirmatory-grpo-code_heavy_tail-c0-s93/environment-5031313.json;output/strengthening_granite_confirmatory/strong-granite-confirmatory-grpo-code_heavy_tail-c0-s93/gpu-memory-5031313.csv;output/strengthening_granite_confirmatory/strong-granite-confirmatory-grpo-code_heavy_tail-c0-s93/gpu-telemetry-5031313.csv;output/strengthening_granite_confirmatory/strong-granite-confirmatory-grpo-code_heavy_tail-c0-s93/phase-memory-5031313.csv;output/strengthening_granite_confirmatory/strong-granite-confirmatory-grpo-code_heavy_tail-c0-s93/training-5031313.log;output/strengthening_granite_confirmatory/strong-granite-confirmatory-grpo-code_heavy_tail-c0-s93/trial-5031313.json,
attempt-68021b8ff1129d0c,cfg-3171760c4182a3cf,run-68021b8ff1129d0c,horizon_followup,rev-temporal-phi4_mini-math-interpolated-s113-source,5045340,1,completed,1,,,,output/revision_temporal/rev-temporal-phi4_mini-math-interpolated-s113-source/attempt-5045340/environment-5045340.json;output/revision_temporal/rev-temporal-phi4_mini-math-interpolated-s113-source/attempt-5045340/gpu-memory-5045340.csv;output/revision_temporal/rev-temporal-phi4_mini-math-interpolated-s113-source/attempt-5045340/gpu-telemetry-5045340.csv;output/revision_temporal/rev-temporal-phi4_mini-math-interpolated-s113-source/attempt-5045340/phase-memory-5045340.csv;output/revision_temporal/rev-temporal-phi4_mini-math-interpolated-s113-source/attempt-5045340/training-5045340.log;output/revision_temporal/rev-temporal-phi4_mini-math-interpolated-s113-source/attempt-5045340/trial-5045340.json;output/revision_temporal/rev-temporal-phi4_mini-math-interpolated-s113-source/trial-5045340.json,
attempt-68482101d72398e8,cfg-3ed91476f970784c,run-68482101d72398e8,sampling_calibration,v2tel-07-qwen25_3b-grpo-math-safe_margin-10ms,4935274,1,completed,1,,,,output/benchmark_v2_telemetry_calibration/v2tel-07-qwen25_3b-grpo-math-safe_margin-10ms/environment-4935274.json;output/benchmark_v2_telemetry_calibration/v2tel-07-qwen25_3b-grpo-math-safe_margin-10ms/gpu-memory-4935274.csv;output/benchmark_v2_telemetry_calibration/v2tel-07-qwen25_3b-grpo-math-safe_margin-10ms/gpu-telemetry-4935274.csv;output/benchmark_v2_telemetry_calibration/v2tel-07-qwen25_3b-grpo-math-safe_margin-10ms/phase-memory-4935274.csv;output/benchmark_v2_telemetry_calibration/v2tel-07-qwen25_3b-grpo-math-safe_margin-10ms/training-4935274.log;output/benchmark_v2_telemetry_calibration/v2tel-07-qwen25_3b-grpo-math-safe_margin-10ms/trial-4935274.json,
attempt-686524346fa8a73b,cfg-bf9ce8082ed7a2d9,run-686524346fa8a73b,batch_reservation,strong-factorial-qwen25_3b-grpo-code_heavy_tail-base-s96,5031983,1,completed,1,,,,output/strengthening_factorial/strong-factorial-qwen25_3b-grpo-code_heavy_tail-base-s96/environment-5031983.json;output/strengthening_factorial/strong-factorial-qwen25_3b-grpo-code_heavy_tail-base-s96/gpu-memory-5031983.csv;output/strengthening_factorial/strong-factorial-qwen25_3b-grpo-code_heavy_tail-base-s96/gpu-telemetry-5031983.csv;output/strengthening_factorial/strong-factorial-qwen25_3b-grpo-code_heavy_tail-base-s96/phase-memory-5031983.csv;output/strengthening_factorial/strong-factorial-qwen25_3b-grpo-code_heavy_tail-base-s96/training-5031983.log;output/strengthening_factorial/strong-factorial-qwen25_3b-grpo-code_heavy_tail-base-s96/trial-5031983.json,
attempt-689bb878203c8cf3,cfg-2178e5e1edeaba78,run-689bb878203c8cf3,batch_logging_control,review-control-qwen25_3b-code_heavy_tail-s123-full_b16,5048501,1,completed,1,,,,output/review_instrumentation_batch/review-control-qwen25_3b-code_heavy_tail-s123-full_b16/trial-5048501.json,
attempt-68f798cca6ab5d77,cfg-2ad5ea3587b997a9,run-68f798cca6ab5d77,batch_reservation,strong-factorial-qwen25_3b-grpo-code_standard-joint-s96,5032026,1,completed,1,,,,output/strengthening_factorial/strong-factorial-qwen25_3b-grpo-code_standard-joint-s96/environment-5032026.json;output/strengthening_factorial/strong-factorial-qwen25_3b-grpo-code_standard-joint-s96/gpu-memory-5032026.csv;output/strengthening_factorial/strong-factorial-qwen25_3b-grpo-code_standard-joint-s96/gpu-telemetry-5032026.csv;output/strengthening_factorial/strong-factorial-qwen25_3b-grpo-code_standard-joint-s96/phase-memory-5032026.csv;output/strengthening_factorial/strong-factorial-qwen25_3b-grpo-code_standard-joint-s96/training-5032026.log;output/strengthening_factorial/strong-factorial-qwen25_3b-grpo-code_standard-joint-s96/trial-5032026.json,
attempt-69dc38d8a6f15d47,cfg-072bd7669d20f8fa,run-69dc38d8a6f15d47,four_gpu,rev-topology-phi4_mini-math-c3-s111-four_gpu,5045372,1,completed,1,,,,output/revision_topology/rev-topology-phi4_mini-math-c3-s111-four_gpu/attempt-5045372/environment-5045372.json;output/revision_topology/rev-topology-phi4_mini-math-c3-s111-four_gpu/attempt-5045372/gpu-memory-5045372.csv;output/revision_topology/rev-topology-phi4_mini-math-c3-s111-four_gpu/attempt-5045372/gpu-telemetry-5045372.csv;output/revision_topology/rev-topology-phi4_mini-math-c3-s111-four_gpu/attempt-5045372/phase-memory-5045372.csv;output/revision_topology/rev-topology-phi4_mini-math-c3-s111-four_gpu/attempt-5045372/training-5045372.log;output/revision_topology/rev-topology-phi4_mini-math-c3-s111-four_gpu/attempt-5045372/trial-5045372.json;output/revision_topology/rev-topology-phi4_mini-math-c3-s111-four_gpu/trial-5045372.json,
attempt-69f20390ad169fbc,cfg-83aadaf7687932d9,run-69f20390ad169fbc,instrumentation,rev-instrumentation-qwen25_3b-gsm8k-c4-s113-full,5045288,1,memory_failure,0,weight_sync_oom,,,output/revision_instrumentation/rev-instrumentation-qwen25_3b-gsm8k-c4-s113-full/attempt-5045288/environment-5045288.json;output/revision_instrumentation/rev-instrumentation-qwen25_3b-gsm8k-c4-s113-full/attempt-5045288/gpu-memory-5045288.csv;output/revision_instrumentation/rev-instrumentation-qwen25_3b-gsm8k-c4-s113-full/attempt-5045288/gpu-telemetry-5045288.csv;output/revision_instrumentation/rev-instrumentation-qwen25_3b-gsm8k-c4-s113-full/attempt-5045288/phase-memory-5045288.csv;output/revision_instrumentation/rev-instrumentation-qwen25_3b-gsm8k-c4-s113-full/attempt-5045288/training-5045288.log;output/revision_instrumentation/rev-instrumentation-qwen25_3b-gsm8k-c4-s113-full/attempt-5045288/trial-5045288.json;output/revision_instrumentation/rev-instrumentation-qwen25_3b-gsm8k-c4-s113-full/trial-5045288.json,
attempt-6a1dcb79ab3d8935,cfg-ca71b56dc3189305,run-6a1dcb79ab3d8935,boundary,mr-xm-confirm-qwen25_3b-grpo-code_standard-c5-s53,4999488,1,memory_failure,0,rollout_init_memory,,,output/major_revision_cross_model_confirmatory/mr-xm-confirm-qwen25_3b-grpo-code_standard-c5-s53/environment-4999488.json;output/major_revision_cross_model_confirmatory/mr-xm-confirm-qwen25_3b-grpo-code_standard-c5-s53/gpu-memory-4999488.csv;output/major_revision_cross_model_confirmatory/mr-xm-confirm-qwen25_3b-grpo-code_standard-c5-s53/gpu-telemetry-4999488.csv;output/major_revision_cross_model_confirmatory/mr-xm-confirm-qwen25_3b-grpo-code_standard-c5-s53/phase-memory-4999488.csv;output/major_revision_cross_model_confirmatory/mr-xm-confirm-qwen25_3b-grpo-code_standard-c5-s53/training-4999488.log;output/major_revision_cross_model_confirmatory/mr-xm-confirm-qwen25_3b-grpo-code_standard-c5-s53/trial-4999488.json,
attempt-6a2076837ba00735,cfg-e82e70f37087dd01,run-6a2076837ba00735,batch_reservation,strong-factorial-qwen25_3b-grpo-code_standard-reservation_only-s94,5032033,1,completed,1,,,,output/strengthening_factorial/strong-factorial-qwen25_3b-grpo-code_standard-reservation_only-s94/environment-5032033.json;output/strengthening_factorial/strong-factorial-qwen25_3b-grpo-code_standard-reservation_only-s94/gpu-memory-5032033.csv;output/strengthening_factorial/strong-factorial-qwen25_3b-grpo-code_standard-reservation_only-s94/gpu-telemetry-5032033.csv;output/strengthening_factorial/strong-factorial-qwen25_3b-grpo-code_standard-reservation_only-s94/phase-memory-5032033.csv;output/strengthening_factorial/strong-factorial-qwen25_3b-grpo-code_standard-reservation_only-s94/training-5032033.log;output/strengthening_factorial/strong-factorial-qwen25_3b-grpo-code_standard-reservation_only-s94/trial-5032033.json,
attempt-6a7c2df6c8c4944b,cfg-0f540d3f6fe4661b,run-6a7c2df6c8c4944b,boundary,v2cf-confirm-phi4_mini-grpo-math_short-c2-s42,4936286,1,completed,1,,,,output/benchmark_v2_cross_family_confirmatory/v2cf-confirm-phi4_mini-grpo-math_short-c2-s42/environment-4936286.json;output/benchmark_v2_cross_family_confirmatory/v2cf-confirm-phi4_mini-grpo-math_short-c2-s42/gpu-memory-4936286.csv;output/benchmark_v2_cross_family_confirmatory/v2cf-confirm-phi4_mini-grpo-math_short-c2-s42/gpu-telemetry-4936286.csv;output/benchmark_v2_cross_family_confirmatory/v2cf-confirm-phi4_mini-grpo-math_short-c2-s42/phase-memory-4936286.csv;output/benchmark_v2_cross_family_confirmatory/v2cf-confirm-phi4_mini-grpo-math_short-c2-s42/training-4936286.log;output/benchmark_v2_cross_family_confirmatory/v2cf-confirm-phi4_mini-grpo-math_short-c2-s42/trial-4936286.json,
attempt-6a7ed50a682cccc0,cfg-cc5f4f0c2e1256ba,run-6a7ed50a682cccc0,boundary,strong-granite-confirmatory-grpo-code_standard-c1-s91,5031412,1,completed,1,,,,output/strengthening_granite_confirmatory/strong-granite-confirmatory-grpo-code_standard-c1-s91/environment-5031412.json;output/strengthening_granite_confirmatory/strong-granite-confirmatory-grpo-code_standard-c1-s91/gpu-memory-5031412.csv;output/strengthening_granite_confirmatory/strong-granite-confirmatory-grpo-code_standard-c1-s91/gpu-telemetry-5031412.csv;output/strengthening_granite_confirmatory/strong-granite-confirmatory-grpo-code_standard-c1-s91/phase-memory-5031412.csv;output/strengthening_granite_confirmatory/strong-granite-confirmatory-grpo-code_standard-c1-s91/training-5031412.log;output/strengthening_granite_confirmatory/strong-granite-confirmatory-grpo-code_standard-c1-s91/trial-5031412.json,
attempt-6a93d5115c1f97f8,cfg-161de6cc5f566679,run-6a93d5115c1f97f8,batch_reservation,strong-factorial-qwen25_3b-grpo-code_heavy_tail-joint-s96,5031994,1,completed,1,,,,output/strengthening_factorial/strong-factorial-qwen25_3b-grpo-code_heavy_tail-joint-s96/environment-5031994.json;output/strengthening_factorial/strong-factorial-qwen25_3b-grpo-code_heavy_tail-joint-s96/gpu-memory-5031994.csv;output/strengthening_factorial/strong-factorial-qwen25_3b-grpo-code_heavy_tail-joint-s96/gpu-telemetry-5031994.csv;output/strengthening_factorial/strong-factorial-qwen25_3b-grpo-code_heavy_tail-joint-s96/phase-memory-5031994.csv;output/strengthening_factorial/strong-factorial-qwen25_3b-grpo-code_heavy_tail-joint-s96/training-5031994.log;output/strengthening_factorial/strong-factorial-qwen25_3b-grpo-code_heavy_tail-joint-s96/trial-5031994.json,
attempt-6b761c089805ff62,cfg-97107ceba8bf0cbe,run-6b761c089805ff62,boundary,mr-xm-confirm-phi4_mini-grpo-code_standard-c2-s51,5002623,1,completed,1,,,,output/major_revision_cross_model_confirmatory/mr-xm-confirm-phi4_mini-grpo-code_standard-c2-s51/environment-5002623.json;output/major_revision_cross_model_confirmatory/mr-xm-confirm-phi4_mini-grpo-code_standard-c2-s51/gpu-memory-5002623.csv;output/major_revision_cross_model_confirmatory/mr-xm-confirm-phi4_mini-grpo-code_standard-c2-s51/gpu-telemetry-5002623.csv;output/major_revision_cross_model_confirmatory/mr-xm-confirm-phi4_mini-grpo-code_standard-c2-s51/phase-memory-5002623.csv;output/major_revision_cross_model_confirmatory/mr-xm-confirm-phi4_mini-grpo-code_standard-c2-s51/training-5002623.log;output/major_revision_cross_model_confirmatory/mr-xm-confirm-phi4_mini-grpo-code_standard-c2-s51/trial-5002623.json,
attempt-6bb30aded833ea0f,cfg-08730ad4a3df95fa,,batch_reservation,strong-factorial-granite33_2b-grpo-code_heavy_tail-reservation_only-s96,5031376,0,no_trial_record,0,,factorial_startup_deadlock,,output/strengthening_factorial/strong-factorial-granite33_2b-grpo-code_heavy_tail-reservation_only-s96/environment-5031376.json;output/strengthening_factorial/strong-factorial-granite33_2b-grpo-code_heavy_tail-reservation_only-s96/gpu-memory-5031376.csv;output/strengthening_factorial/strong-factorial-granite33_2b-grpo-code_heavy_tail-reservation_only-s96/gpu-telemetry-5031376.csv;output/strengthening_factorial/strong-factorial-granite33_2b-grpo-code_heavy_tail-reservation_only-s96/phase-memory-5031376.csv;output/strengthening_factorial/strong-factorial-granite33_2b-grpo-code_heavy_tail-reservation_only-s96/training-5031376.log,
attempt-6bfc6c2b6c6aa6e0,cfg-cad8341dbbff10ba,run-6bfc6c2b6c6aa6e0,boundary,v2cf-confirm-qwen25_3b-grpo-math_short-c5-s41,4935981,1,memory_failure,0,rollout_init_memory,,,output/benchmark_v2_cross_family_confirmatory/v2cf-confirm-qwen25_3b-grpo-math_short-c5-s41/environment-4935981.json;output/benchmark_v2_cross_family_confirmatory/v2cf-confirm-qwen25_3b-grpo-math_short-c5-s41/gpu-memory-4935981.csv;output/benchmark_v2_cross_family_confirmatory/v2cf-confirm-qwen25_3b-grpo-math_short-c5-s41/gpu-telemetry-4935981.csv;output/benchmark_v2_cross_family_confirmatory/v2cf-confirm-qwen25_3b-grpo-math_short-c5-s41/phase-memory-4935981.csv;output/benchmark_v2_cross_family_confirmatory/v2cf-confirm-qwen25_3b-grpo-math_short-c5-s41/training-4935981.log;output/benchmark_v2_cross_family_confirmatory/v2cf-confirm-qwen25_3b-grpo-math_short-c5-s41/trial-4935981.json,
attempt-6c2763dbd9b1b676,cfg-6467c4b5acff38f3,run-6c2763dbd9b1b676,instrumentation,rev-instrumentation-phi4_mini-math-c3-s111-full,5045369,1,completed,1,,,,output/revision_instrumentation/rev-instrumentation-phi4_mini-math-c3-s111-full/attempt-5045369/environment-5045369.json;output/revision_instrumentation/rev-instrumentation-phi4_mini-math-c3-s111-full/attempt-5045369/gpu-memory-5045369.csv;output/revision_instrumentation/rev-instrumentation-phi4_mini-math-c3-s111-full/attempt-5045369/gpu-telemetry-5045369.csv;output/revision_instrumentation/rev-instrumentation-phi4_mini-math-c3-s111-full/attempt-5045369/phase-memory-5045369.csv;output/revision_instrumentation/rev-instrumentation-phi4_mini-math-c3-s111-full/attempt-5045369/training-5045369.log;output/revision_instrumentation/rev-instrumentation-phi4_mini-math-c3-s111-full/attempt-5045369/trial-5045369.json;output/revision_instrumentation/rev-instrumentation-phi4_mini-math-c3-s111-full/trial-5045369.json,
attempt-6c7dd880c55f952a,cfg-3dc042a103546eac,run-6c7dd880c55f952a,boundary,strong-granite-confirmatory-grpo-code_heavy_tail-c5-s91,5031387,1,memory_failure,0,rollout_init_memory,,,output/strengthening_granite_confirmatory/strong-granite-confirmatory-grpo-code_heavy_tail-c5-s91/environment-5031387.json;output/strengthening_granite_confirmatory/strong-granite-confirmatory-grpo-code_heavy_tail-c5-s91/gpu-memory-5031387.csv;output/strengthening_granite_confirmatory/strong-granite-confirmatory-grpo-code_heavy_tail-c5-s91/gpu-telemetry-5031387.csv;output/strengthening_granite_confirmatory/strong-granite-confirmatory-grpo-code_heavy_tail-c5-s91/phase-memory-5031387.csv;output/strengthening_granite_confirmatory/strong-granite-confirmatory-grpo-code_heavy_tail-c5-s91/training-5031387.log;output/strengthening_granite_confirmatory/strong-granite-confirmatory-grpo-code_heavy_tail-c5-s91/trial-5031387.json,
attempt-6c9a88c2bd045250,cfg-5839ccf95c2c1722,run-6c9a88c2bd045250,boundary,v2cf-confirm-qwen25_3b-grpo-gsm8k_long-c4-s41,4935827,1,memory_failure,0,weight_sync_oom,,,output/benchmark_v2_cross_family_confirmatory/v2cf-confirm-qwen25_3b-grpo-gsm8k_long-c4-s41/environment-4935827.json;output/benchmark_v2_cross_family_confirmatory/v2cf-confirm-qwen25_3b-grpo-gsm8k_long-c4-s41/gpu-memory-4935827.csv;output/benchmark_v2_cross_family_confirmatory/v2cf-confirm-qwen25_3b-grpo-gsm8k_long-c4-s41/gpu-telemetry-4935827.csv;output/benchmark_v2_cross_family_confirmatory/v2cf-confirm-qwen25_3b-grpo-gsm8k_long-c4-s41/phase-memory-4935827.csv;output/benchmark_v2_cross_family_confirmatory/v2cf-confirm-qwen25_3b-grpo-gsm8k_long-c4-s41/training-4935827.log;output/benchmark_v2_cross_family_confirmatory/v2cf-confirm-qwen25_3b-grpo-gsm8k_long-c4-s41/trial-4935827.json,
attempt-6cb813204d3d1097,cfg-5839ccf95c2c1722,run-6cb813204d3d1097,boundary,v2cf-confirm-qwen25_3b-grpo-gsm8k_long-c4-s43,4935846,1,memory_failure,0,weight_sync_oom,,,output/benchmark_v2_cross_family_confirmatory/v2cf-confirm-qwen25_3b-grpo-gsm8k_long-c4-s43/environment-4935846.json;output/benchmark_v2_cross_family_confirmatory/v2cf-confirm-qwen25_3b-grpo-gsm8k_long-c4-s43/gpu-memory-4935846.csv;output/benchmark_v2_cross_family_confirmatory/v2cf-confirm-qwen25_3b-grpo-gsm8k_long-c4-s43/gpu-telemetry-4935846.csv;output/benchmark_v2_cross_family_confirmatory/v2cf-confirm-qwen25_3b-grpo-gsm8k_long-c4-s43/phase-memory-4935846.csv;output/benchmark_v2_cross_family_confirmatory/v2cf-confirm-qwen25_3b-grpo-gsm8k_long-c4-s43/training-4935846.log;output/benchmark_v2_cross_family_confirmatory/v2cf-confirm-qwen25_3b-grpo-gsm8k_long-c4-s43/trial-4935846.json,
attempt-6ce91c6a318af7d6,cfg-419301d6d3eea82b,run-6ce91c6a318af7d6,state_release,strong-node-qwen25_3b-grpo-gsm8k-safe_margin-s81-p1-resident,5031101,1,completed,1,,,,output/strengthening_same_node_residency/strong-node-qwen25_3b-grpo-gsm8k-safe_margin-s81-p1-resident/environment-5031101.json;output/strengthening_same_node_residency/strong-node-qwen25_3b-grpo-gsm8k-safe_margin-s81-p1-resident/gpu-memory-5031101.csv;output/strengthening_same_node_residency/strong-node-qwen25_3b-grpo-gsm8k-safe_margin-s81-p1-resident/gpu-telemetry-5031101.csv;output/strengthening_same_node_residency/strong-node-qwen25_3b-grpo-gsm8k-safe_margin-s81-p1-resident/phase-memory-5031101.csv;output/strengthening_same_node_residency/strong-node-qwen25_3b-grpo-gsm8k-safe_margin-s81-p1-resident/training-5031101.log;output/strengthening_same_node_residency/strong-node-qwen25_3b-grpo-gsm8k-safe_margin-s81-p1-resident/trial-5031101.json,
attempt-6ceae8dbd0065670,cfg-6a4562db98b38d6f,run-6ceae8dbd0065670,boundary,strong-granite-confirmatory-grpo-gsm8k_long-c4-s93,5031244,1,completed,1,,,,output/strengthening_granite_confirmatory/strong-granite-confirmatory-grpo-gsm8k_long-c4-s93/environment-5031244.json;output/strengthening_granite_confirmatory/strong-granite-confirmatory-grpo-gsm8k_long-c4-s93/gpu-memory-5031244.csv;output/strengthening_granite_confirmatory/strong-granite-confirmatory-grpo-gsm8k_long-c4-s93/gpu-telemetry-5031244.csv;output/strengthening_granite_confirmatory/strong-granite-confirmatory-grpo-gsm8k_long-c4-s93/phase-memory-5031244.csv;output/strengthening_granite_confirmatory/strong-granite-confirmatory-grpo-gsm8k_long-c4-s93/training-5031244.log;output/strengthening_granite_confirmatory/strong-granite-confirmatory-grpo-gsm8k_long-c4-s93/trial-5031244.json,
attempt-6d090f4f82b3847c,cfg-89ca48ce88ea694e,run-6d090f4f82b3847c,boundary,mr-xm-confirm-phi4_mini-grpo-code_heavy_tail-c3-s51,5003953,1,completed,1,,,,output/major_revision_cross_model_confirmatory/mr-xm-confirm-phi4_mini-grpo-code_heavy_tail-c3-s51/environment-5003953.json;output/major_revision_cross_model_confirmatory/mr-xm-confirm-phi4_mini-grpo-code_heavy_tail-c3-s51/gpu-memory-5003953.csv;output/major_revision_cross_model_confirmatory/mr-xm-confirm-phi4_mini-grpo-code_heavy_tail-c3-s51/gpu-telemetry-5003953.csv;output/major_revision_cross_model_confirmatory/mr-xm-confirm-phi4_mini-grpo-code_heavy_tail-c3-s51/phase-memory-5003953.csv;output/major_revision_cross_model_confirmatory/mr-xm-confirm-phi4_mini-grpo-code_heavy_tail-c3-s51/training-5003953.log;output/major_revision_cross_model_confirmatory/mr-xm-confirm-phi4_mini-grpo-code_heavy_tail-c3-s51/trial-5003953.json,
attempt-6d65504ea2986867,cfg-bae2977da7957f72,,boundary,strong-granite-confirmatory-grpo-code_standard-c0-s91,5031273,0,other_failure,0,distributed_port_collision,granite_vllm_replica_port_collision,,output/strengthening_granite_confirmatory/strong-granite-confirmatory-grpo-code_standard-c0-s91/environment-5031273.json;output/strengthening_granite_confirmatory/strong-granite-confirmatory-grpo-code_standard-c0-s91/gpu-memory-5031273.csv;output/strengthening_granite_confirmatory/strong-granite-confirmatory-grpo-code_standard-c0-s91/gpu-telemetry-5031273.csv;output/strengthening_granite_confirmatory/strong-granite-confirmatory-grpo-code_standard-c0-s91/phase-memory-5031273.csv;output/strengthening_granite_confirmatory/strong-granite-confirmatory-grpo-code_standard-c0-s91/training-5031273.log;output/strengthening_granite_confirmatory/strong-granite-confirmatory-grpo-code_standard-c0-s91/trial-5031273.json,
attempt-6da63b83739cb402,cfg-30e348e68aa5fb5c,run-6da63b83739cb402,state_release,strong-node-qwen25_3b-grpo-math-near_boundary-s81-p2-resident,5031124,1,memory_failure,0,weight_sync_oom,,,output/strengthening_same_node_residency/strong-node-qwen25_3b-grpo-math-near_boundary-s81-p2-resident/environment-5031124.json;output/strengthening_same_node_residency/strong-node-qwen25_3b-grpo-math-near_boundary-s81-p2-resident/gpu-memory-5031124.csv;output/strengthening_same_node_residency/strong-node-qwen25_3b-grpo-math-near_boundary-s81-p2-resident/gpu-telemetry-5031124.csv;output/strengthening_same_node_residency/strong-node-qwen25_3b-grpo-math-near_boundary-s81-p2-resident/phase-memory-5031124.csv;output/strengthening_same_node_residency/strong-node-qwen25_3b-grpo-math-near_boundary-s81-p2-resident/training-5031124.log;output/strengthening_same_node_residency/strong-node-qwen25_3b-grpo-math-near_boundary-s81-p2-resident/trial-5031124.json,
attempt-6de41670dd5ab9ea,cfg-c5eec07ea9371c25,run-6de41670dd5ab9ea,batch_reservation,strong-factorial-phi4_mini-grpo-code_heavy_tail-actor_only-s95,5031718,1,completed,1,,,,output/strengthening_factorial/strong-factorial-phi4_mini-grpo-code_heavy_tail-actor_only-s95/environment-5031718.json;output/strengthening_factorial/strong-factorial-phi4_mini-grpo-code_heavy_tail-actor_only-s95/gpu-memory-5031718.csv;output/strengthening_factorial/strong-factorial-phi4_mini-grpo-code_heavy_tail-actor_only-s95/gpu-telemetry-5031718.csv;output/strengthening_factorial/strong-factorial-phi4_mini-grpo-code_heavy_tail-actor_only-s95/phase-memory-5031718.csv;output/strengthening_factorial/strong-factorial-phi4_mini-grpo-code_heavy_tail-actor_only-s95/training-5031718.log;output/strengthening_factorial/strong-factorial-phi4_mini-grpo-code_heavy_tail-actor_only-s95/trial-5031718.json,
attempt-6dedaa65c9ee4a7c,cfg-a988dbb2ba8e6b83,run-6dedaa65c9ee4a7c,temporal_100,strong-time-grpo-math-qwen25_1p5b-safe_margin-s91,5032508,1,completed,1,,,,output/strengthening_temporal_phases/strong-time-grpo-math-qwen25_1p5b-safe_margin-s91/environment-5032508.json;output/strengthening_temporal_phases/strong-time-grpo-math-qwen25_1p5b-safe_margin-s91/gpu-memory-5032508.csv;output/strengthening_temporal_phases/strong-time-grpo-math-qwen25_1p5b-safe_margin-s91/gpu-telemetry-5032508.csv;output/strengthening_temporal_phases/strong-time-grpo-math-qwen25_1p5b-safe_margin-s91/phase-memory-5032508.csv;output/strengthening_temporal_phases/strong-time-grpo-math-qwen25_1p5b-safe_margin-s91/training-5032508.log;output/strengthening_temporal_phases/strong-time-grpo-math-qwen25_1p5b-safe_margin-s91/trial-5032508.json,
attempt-6df1b2834c7f04ce,cfg-b7a35495ef8f0eb3,run-6df1b2834c7f04ce,batch_reservation,strong-factorial-qwen25_3b-grpo-math-reservation_only-s95,5032054,1,completed,1,,,,output/strengthening_factorial/strong-factorial-qwen25_3b-grpo-math-reservation_only-s95/environment-5032054.json;output/strengthening_factorial/strong-factorial-qwen25_3b-grpo-math-reservation_only-s95/gpu-memory-5032054.csv;output/strengthening_factorial/strong-factorial-qwen25_3b-grpo-math-reservation_only-s95/gpu-telemetry-5032054.csv;output/strengthening_factorial/strong-factorial-qwen25_3b-grpo-math-reservation_only-s95/phase-memory-5032054.csv;output/strengthening_factorial/strong-factorial-qwen25_3b-grpo-math-reservation_only-s95/training-5032054.log;output/strengthening_factorial/strong-factorial-qwen25_3b-grpo-math-reservation_only-s95/trial-5032054.json,
attempt-6e6fef53e6e59cab,cfg-7d5384d3ac8311c8,,horizon_followup,rev-temporal-phi4_mini-gsm8k-interpolated-s111-source,5045252,0,no_trial_record,0,,revision_snapshot_missing_submodule,,,
attempt-6ee63b0f012d9943,cfg-fbe1c0422f98cb38,run-6ee63b0f012d9943,boundary,strong-granite-confirmatory-grpo-gsm8k_long-c2-s91,5031224,1,completed,1,,,,output/strengthening_granite_confirmatory/strong-granite-confirmatory-grpo-gsm8k_long-c2-s91/environment-5031224.json;output/strengthening_granite_confirmatory/strong-granite-confirmatory-grpo-gsm8k_long-c2-s91/gpu-memory-5031224.csv;output/strengthening_granite_confirmatory/strong-granite-confirmatory-grpo-gsm8k_long-c2-s91/gpu-telemetry-5031224.csv;output/strengthening_granite_confirmatory/strong-granite-confirmatory-grpo-gsm8k_long-c2-s91/phase-memory-5031224.csv;output/strengthening_granite_confirmatory/strong-granite-confirmatory-grpo-gsm8k_long-c2-s91/training-5031224.log;output/strengthening_granite_confirmatory/strong-granite-confirmatory-grpo-gsm8k_long-c2-s91/trial-5031224.json,
attempt-6f5eba05ce1db8a2,cfg-a188f9742074d270,run-6f5eba05ce1db8a2,state_release,strong-node-qwen25_3b-grpo-gsm8k-near_boundary-s82-p1-resident,5031092,1,memory_failure,0,weight_sync_oom,,,output/strengthening_same_node_residency/strong-node-qwen25_3b-grpo-gsm8k-near_boundary-s82-p1-resident/environment-5031092.json;output/strengthening_same_node_residency/strong-node-qwen25_3b-grpo-gsm8k-near_boundary-s82-p1-resident/gpu-memory-5031092.csv;output/strengthening_same_node_residency/strong-node-qwen25_3b-grpo-gsm8k-near_boundary-s82-p1-resident/gpu-telemetry-5031092.csv;output/strengthening_same_node_residency/strong-node-qwen25_3b-grpo-gsm8k-near_boundary-s82-p1-resident/phase-memory-5031092.csv;output/strengthening_same_node_residency/strong-node-qwen25_3b-grpo-gsm8k-near_boundary-s82-p1-resident/training-5031092.log;output/strengthening_same_node_residency/strong-node-qwen25_3b-grpo-gsm8k-near_boundary-s82-p1-resident/trial-5031092.json,
attempt-6fa0c5912a1ce657,cfg-4743c1c830bad982,run-6fa0c5912a1ce657,instrumentation,rev-instrumentation-phi4_mini-math-c2-s113-full,5045361,1,completed,1,,,,output/revision_instrumentation/rev-instrumentation-phi4_mini-math-c2-s113-full/attempt-5045361/environment-5045361.json;output/revision_instrumentation/rev-instrumentation-phi4_mini-math-c2-s113-full/attempt-5045361/gpu-memory-5045361.csv;output/revision_instrumentation/rev-instrumentation-phi4_mini-math-c2-s113-full/attempt-5045361/gpu-telemetry-5045361.csv;output/revision_instrumentation/rev-instrumentation-phi4_mini-math-c2-s113-full/attempt-5045361/phase-memory-5045361.csv;output/revision_instrumentation/rev-instrumentation-phi4_mini-math-c2-s113-full/attempt-5045361/training-5045361.log;output/revision_instrumentation/rev-instrumentation-phi4_mini-math-c2-s113-full/attempt-5045361/trial-5045361.json;output/revision_instrumentation/rev-instrumentation-phi4_mini-math-c2-s113-full/trial-5045361.json,
attempt-70334b069aa42407,cfg-f75b68f479767290,run-70334b069aa42407,boundary,mr-xm-confirm-phi4_mini-grpo-code_standard-c1-s53,5002599,1,completed,1,,,,output/major_revision_cross_model_confirmatory/mr-xm-confirm-phi4_mini-grpo-code_standard-c1-s53/environment-5002599.json;output/major_revision_cross_model_confirmatory/mr-xm-confirm-phi4_mini-grpo-code_standard-c1-s53/gpu-memory-5002599.csv;output/major_revision_cross_model_confirmatory/mr-xm-confirm-phi4_mini-grpo-code_standard-c1-s53/gpu-telemetry-5002599.csv;output/major_revision_cross_model_confirmatory/mr-xm-confirm-phi4_mini-grpo-code_standard-c1-s53/phase-memory-5002599.csv;output/major_revision_cross_model_confirmatory/mr-xm-confirm-phi4_mini-grpo-code_standard-c1-s53/training-5002599.log;output/major_revision_cross_model_confirmatory/mr-xm-confirm-phi4_mini-grpo-code_standard-c1-s53/trial-5002599.json,
attempt-70bb98c14f3fdd8b,cfg-90f4a9f55e2f827d,run-70bb98c14f3fdd8b,batch_logging_control,review-control-qwen25_3b-code_heavy_tail-s121-full_b8,5048525,1,completed,1,,,,output/review_instrumentation_batch/review-control-qwen25_3b-code_heavy_tail-s121-full_b8/trial-5048525.json,
attempt-71acc2b1953baebd,cfg-cc2c35944156e5d4,run-71acc2b1953baebd,four_gpu,rev-topology-qwen25_3b-gsm8k-c3-s111-four_gpu,5045292,1,completed,1,,,,output/revision_topology/rev-topology-qwen25_3b-gsm8k-c3-s111-four_gpu/attempt-5045292/environment-5045292.json;output/revision_topology/rev-topology-qwen25_3b-gsm8k-c3-s111-four_gpu/attempt-5045292/gpu-memory-5045292.csv;output/revision_topology/rev-topology-qwen25_3b-gsm8k-c3-s111-four_gpu/attempt-5045292/gpu-telemetry-5045292.csv;output/revision_topology/rev-topology-qwen25_3b-gsm8k-c3-s111-four_gpu/attempt-5045292/phase-memory-5045292.csv;output/revision_topology/rev-topology-qwen25_3b-gsm8k-c3-s111-four_gpu/attempt-5045292/training-5045292.log;output/revision_topology/rev-topology-qwen25_3b-gsm8k-c3-s111-four_gpu/attempt-5045292/trial-5045292.json;output/revision_topology/rev-topology-qwen25_3b-gsm8k-c3-s111-four_gpu/trial-5045292.json,
attempt-71bde42053b12f0b,cfg-c608f00aea4f9b32,run-71bde42053b12f0b,batch_reservation,strong-factorial-granite33_2b-grpo-code_standard-actor_only-s95,5031318,1,completed,1,,,,output/strengthening_factorial/strong-factorial-granite33_2b-grpo-code_standard-actor_only-s95/environment-5031318.json;output/strengthening_factorial/strong-factorial-granite33_2b-grpo-code_standard-actor_only-s95/gpu-memory-5031318.csv;output/strengthening_factorial/strong-factorial-granite33_2b-grpo-code_standard-actor_only-s95/gpu-telemetry-5031318.csv;output/strengthening_factorial/strong-factorial-granite33_2b-grpo-code_standard-actor_only-s95/phase-memory-5031318.csv;output/strengthening_factorial/strong-factorial-granite33_2b-grpo-code_standard-actor_only-s95/training-5031318.log;output/strengthening_factorial/strong-factorial-granite33_2b-grpo-code_standard-actor_only-s95/trial-5031318.json,
attempt-724b9d0fb65d9b17,cfg-d4a213515805a9a7,run-724b9d0fb65d9b17,boundary,strong-granite-confirmatory-grpo-gsm8k_long-c1-s93,5031223,1,completed,1,,,,output/strengthening_granite_confirmatory/strong-granite-confirmatory-grpo-gsm8k_long-c1-s93/environment-5031223.json;output/strengthening_granite_confirmatory/strong-granite-confirmatory-grpo-gsm8k_long-c1-s93/gpu-memory-5031223.csv;output/strengthening_granite_confirmatory/strong-granite-confirmatory-grpo-gsm8k_long-c1-s93/gpu-telemetry-5031223.csv;output/strengthening_granite_confirmatory/strong-granite-confirmatory-grpo-gsm8k_long-c1-s93/phase-memory-5031223.csv;output/strengthening_granite_confirmatory/strong-granite-confirmatory-grpo-gsm8k_long-c1-s93/training-5031223.log;output/strengthening_granite_confirmatory/strong-granite-confirmatory-grpo-gsm8k_long-c1-s93/trial-5031223.json,
attempt-72f151d0d8d633d6,cfg-97107ceba8bf0cbe,run-72f151d0d8d633d6,boundary,mr-xm-confirm-phi4_mini-grpo-code_standard-c2-s52,5002650,1,completed,1,,,,output/major_revision_cross_model_confirmatory/mr-xm-confirm-phi4_mini-grpo-code_standard-c2-s52/environment-5002650.json;output/major_revision_cross_model_confirmatory/mr-xm-confirm-phi4_mini-grpo-code_standard-c2-s52/gpu-memory-5002650.csv;output/major_revision_cross_model_confirmatory/mr-xm-confirm-phi4_mini-grpo-code_standard-c2-s52/gpu-telemetry-5002650.csv;output/major_revision_cross_model_confirmatory/mr-xm-confirm-phi4_mini-grpo-code_standard-c2-s52/phase-memory-5002650.csv;output/major_revision_cross_model_confirmatory/mr-xm-confirm-phi4_mini-grpo-code_standard-c2-s52/training-5002650.log;output/major_revision_cross_model_confirmatory/mr-xm-confirm-phi4_mini-grpo-code_standard-c2-s52/trial-5002650.json,
attempt-7315a48a85bad5ca,cfg-a0eeadfadfa890b0,run-7315a48a85bad5ca,batch_logging_control,review-control-qwen25_3b-code_heavy_tail-s121-external_b8,5048525,1,completed,1,,,,output/review_instrumentation_batch/review-control-qwen25_3b-code_heavy_tail-s121-external_b8/trial-5048525.json,
attempt-73f37303ad7ba4a2,cfg-835067f7405e89a2,,boundary,strong-granite-confirmatory-grpo-math_short-c3-s91,5031263,0,other_failure,0,distributed_port_collision,granite_vllm_replica_port_collision,,output/strengthening_granite_confirmatory/strong-granite-confirmatory-grpo-math_short-c3-s91/environment-5031263.json;output/strengthening_granite_confirmatory/strong-granite-confirmatory-grpo-math_short-c3-s91/gpu-memory-5031263.csv;output/strengthening_granite_confirmatory/strong-granite-confirmatory-grpo-math_short-c3-s91/gpu-telemetry-5031263.csv;output/strengthening_granite_confirmatory/strong-granite-confirmatory-grpo-math_short-c3-s91/phase-memory-5031263.csv;output/strengthening_granite_confirmatory/strong-granite-confirmatory-grpo-math_short-c3-s91/training-5031263.log;output/strengthening_granite_confirmatory/strong-granite-confirmatory-grpo-math_short-c3-s91/trial-5031263.json,
attempt-7407f692bdac7c71,cfg-ea92cccc91029465,run-7407f692bdac7c71,boundary,mr-xm-confirm-phi4_mini-grpo-code_standard-c4-s51,5002973,1,memory_failure,0,rollout_init_memory,,,output/major_revision_cross_model_confirmatory/mr-xm-confirm-phi4_mini-grpo-code_standard-c4-s51/environment-5002973.json;output/major_revision_cross_model_confirmatory/mr-xm-confirm-phi4_mini-grpo-code_standard-c4-s51/gpu-memory-5002973.csv;output/major_revision_cross_model_confirmatory/mr-xm-confirm-phi4_mini-grpo-code_standard-c4-s51/gpu-telemetry-5002973.csv;output/major_revision_cross_model_confirmatory/mr-xm-confirm-phi4_mini-grpo-code_standard-c4-s51/phase-memory-5002973.csv;output/major_revision_cross_model_confirmatory/mr-xm-confirm-phi4_mini-grpo-code_standard-c4-s51/training-5002973.log;output/major_revision_cross_model_confirmatory/mr-xm-confirm-phi4_mini-grpo-code_standard-c4-s51/trial-5002973.json,
attempt-743be2510bb9b36e,cfg-b5352215babfeba6,,boundary,strong-granite-confirmatory-grpo-math_short-c2-s93,5031262,0,other_failure,0,distributed_port_collision,granite_vllm_replica_port_collision,,output/strengthening_granite_confirmatory/strong-granite-confirmatory-grpo-math_short-c2-s93/environment-5031262.json;output/strengthening_granite_confirmatory/strong-granite-confirmatory-grpo-math_short-c2-s93/gpu-memory-5031262.csv;output/strengthening_granite_confirmatory/strong-granite-confirmatory-grpo-math_short-c2-s93/gpu-telemetry-5031262.csv;output/strengthening_granite_confirmatory/strong-granite-confirmatory-grpo-math_short-c2-s93/phase-memory-5031262.csv;output/strengthening_granite_confirmatory/strong-granite-confirmatory-grpo-math_short-c2-s93/training-5031262.log;output/strengthening_granite_confirmatory/strong-granite-confirmatory-grpo-math_short-c2-s93/trial-5031262.json,
attempt-746eed8b05bd4254,cfg-896685010703c0fb,run-746eed8b05bd4254,boundary,mr-xm-confirm-phi4_mini-grpo-code_standard-c5-s52,5003303,1,memory_failure,0,rollout_init_memory,,,output/major_revision_cross_model_confirmatory/mr-xm-confirm-phi4_mini-grpo-code_standard-c5-s52/environment-5003303.json;output/major_revision_cross_model_confirmatory/mr-xm-confirm-phi4_mini-grpo-code_standard-c5-s52/gpu-memory-5003303.csv;output/major_revision_cross_model_confirmatory/mr-xm-confirm-phi4_mini-grpo-code_standard-c5-s52/gpu-telemetry-5003303.csv;output/major_revision_cross_model_confirmatory/mr-xm-confirm-phi4_mini-grpo-code_standard-c5-s52/phase-memory-5003303.csv;output/major_revision_cross_model_confirmatory/mr-xm-confirm-phi4_mini-grpo-code_standard-c5-s52/training-5003303.log;output/major_revision_cross_model_confirmatory/mr-xm-confirm-phi4_mini-grpo-code_standard-c5-s52/trial-5003303.json,
attempt-7479f746e2e4cf31,cfg-a28f89c750c3d53b,,instrumentation,rev-instrumentation-qwen25_3b-gsm8k-c3-s113-external,5045285,0,no_trial_record,0,,revision_startup_stall_timeout,,output/revision_instrumentation/rev-instrumentation-qwen25_3b-gsm8k-c3-s113-external/attempt-5045285/environment-5045285.json;output/revision_instrumentation/rev-instrumentation-qwen25_3b-gsm8k-c3-s113-external/attempt-5045285/gpu-memory-5045285.csv;output/revision_instrumentation/rev-instrumentation-qwen25_3b-gsm8k-c3-s113-external/attempt-5045285/gpu-telemetry-5045285.csv;output/revision_instrumentation/rev-instrumentation-qwen25_3b-gsm8k-c3-s113-external/attempt-5045285/phase-memory-5045285.csv;output/revision_instrumentation/rev-instrumentation-qwen25_3b-gsm8k-c3-s113-external/attempt-5045285/training-5045285.log,
attempt-74cf21874bf9cd37,cfg-aca3236b5ba27772,run-74cf21874bf9cd37,batch_logging_control,review-control-phi4_mini-gsm8k-s122-external_b8,5048577,1,completed,1,,,,output/review_instrumentation_batch/review-control-phi4_mini-gsm8k-s122-external_b8/trial-5048577.json,
attempt-76cff4845569c4dc,cfg-b56fb353c2f2fa3e,,boundary,strong-granite-confirmatory-grpo-math_short-c0-s91,5031251,0,other_failure,0,runtime,granite_live_launcher_replacement_failure,,output/strengthening_granite_confirmatory/strong-granite-confirmatory-grpo-math_short-c0-s91/environment-5031251.json;output/strengthening_granite_confirmatory/strong-granite-confirmatory-grpo-math_short-c0-s91/gpu-memory-5031251.csv;output/strengthening_granite_confirmatory/strong-granite-confirmatory-grpo-math_short-c0-s91/gpu-telemetry-5031251.csv;output/strengthening_granite_confirmatory/strong-granite-confirmatory-grpo-math_short-c0-s91/phase-memory-5031251.csv;output/strengthening_granite_confirmatory/strong-granite-confirmatory-grpo-math_short-c0-s91/training-5031251.log;output/strengthening_granite_confirmatory/strong-granite-confirmatory-grpo-math_short-c0-s91/trial-5031251.json,
attempt-76d15668ac349594,cfg-7a9a974958c57abc,run-76d15668ac349594,boundary,v2cf-confirm-qwen25_3b-grpo-gsm8k_long-c3-s43,4935822,1,completed,1,,,,output/benchmark_v2_cross_family_confirmatory/v2cf-confirm-qwen25_3b-grpo-gsm8k_long-c3-s43/environment-4935822.json;output/benchmark_v2_cross_family_confirmatory/v2cf-confirm-qwen25_3b-grpo-gsm8k_long-c3-s43/gpu-memory-4935822.csv;output/benchmark_v2_cross_family_confirmatory/v2cf-confirm-qwen25_3b-grpo-gsm8k_long-c3-s43/gpu-telemetry-4935822.csv;output/benchmark_v2_cross_family_confirmatory/v2cf-confirm-qwen25_3b-grpo-gsm8k_long-c3-s43/phase-memory-4935822.csv;output/benchmark_v2_cross_family_confirmatory/v2cf-confirm-qwen25_3b-grpo-gsm8k_long-c3-s43/training-4935822.log;output/benchmark_v2_cross_family_confirmatory/v2cf-confirm-qwen25_3b-grpo-gsm8k_long-c3-s43/trial-4935822.json,
attempt-77a115af5e9e8ea6,cfg-28f3c14e91d01934,run-77a115af5e9e8ea6,batch_reservation,strong-factorial-granite33_2b-grpo-code_heavy_tail-joint-s96,5031379,1,completed,1,,,,output/strengthening_factorial/strong-factorial-granite33_2b-grpo-code_heavy_tail-joint-s96/environment-5031379.json;output/strengthening_factorial/strong-factorial-granite33_2b-grpo-code_heavy_tail-joint-s96/gpu-memory-5031379.csv;output/strengthening_factorial/strong-factorial-granite33_2b-grpo-code_heavy_tail-joint-s96/gpu-telemetry-5031379.csv;output/strengthening_factorial/strong-factorial-granite33_2b-grpo-code_heavy_tail-joint-s96/phase-memory-5031379.csv;output/strengthening_factorial/strong-factorial-granite33_2b-grpo-code_heavy_tail-joint-s96/training-5031379.log;output/strengthening_factorial/strong-factorial-granite33_2b-grpo-code_heavy_tail-joint-s96/trial-5031379.json,
attempt-77bbae44d3ee659b,cfg-5629d7e19157784a,run-77bbae44d3ee659b,batch_reservation,strong-factorial-granite33_2b-grpo-code_heavy_tail-base-s95,5031337,1,completed,1,,,,output/strengthening_factorial/strong-factorial-granite33_2b-grpo-code_heavy_tail-base-s95/environment-5031337.json;output/strengthening_factorial/strong-factorial-granite33_2b-grpo-code_heavy_tail-base-s95/gpu-memory-5031337.csv;output/strengthening_factorial/strong-factorial-granite33_2b-grpo-code_heavy_tail-base-s95/gpu-telemetry-5031337.csv;output/strengthening_factorial/strong-factorial-granite33_2b-grpo-code_heavy_tail-base-s95/phase-memory-5031337.csv;output/strengthening_factorial/strong-factorial-granite33_2b-grpo-code_heavy_tail-base-s95/training-5031337.log;output/strengthening_factorial/strong-factorial-granite33_2b-grpo-code_heavy_tail-base-s95/trial-5031337.json,
attempt-79dfd584d192084c,cfg-30e348e68aa5fb5c,run-79dfd584d192084c,state_release,strong-node-qwen25_3b-grpo-math-near_boundary-s83-p2-resident,5031131,1,memory_failure,0,weight_sync_oom,,,output/strengthening_same_node_residency/strong-node-qwen25_3b-grpo-math-near_boundary-s83-p2-resident/environment-5031131.json;output/strengthening_same_node_residency/strong-node-qwen25_3b-grpo-math-near_boundary-s83-p2-resident/gpu-memory-5031131.csv;output/strengthening_same_node_residency/strong-node-qwen25_3b-grpo-math-near_boundary-s83-p2-resident/gpu-telemetry-5031131.csv;output/strengthening_same_node_residency/strong-node-qwen25_3b-grpo-math-near_boundary-s83-p2-resident/phase-memory-5031131.csv;output/strengthening_same_node_residency/strong-node-qwen25_3b-grpo-math-near_boundary-s83-p2-resident/training-5031131.log;output/strengthening_same_node_residency/strong-node-qwen25_3b-grpo-math-near_boundary-s83-p2-resident/trial-5031131.json,
attempt-79f5e337e6b88b53,cfg-419301d6d3eea82b,run-79f5e337e6b88b53,state_release,strong-node-qwen25_3b-grpo-gsm8k-safe_margin-s82-p2-resident,5031103,1,completed,1,,,,output/strengthening_same_node_residency/strong-node-qwen25_3b-grpo-gsm8k-safe_margin-s82-p2-resident/environment-5031103.json;output/strengthening_same_node_residency/strong-node-qwen25_3b-grpo-gsm8k-safe_margin-s82-p2-resident/gpu-memory-5031103.csv;output/strengthening_same_node_residency/strong-node-qwen25_3b-grpo-gsm8k-safe_margin-s82-p2-resident/gpu-telemetry-5031103.csv;output/strengthening_same_node_residency/strong-node-qwen25_3b-grpo-gsm8k-safe_margin-s82-p2-resident/phase-memory-5031103.csv;output/strengthening_same_node_residency/strong-node-qwen25_3b-grpo-gsm8k-safe_margin-s82-p2-resident/training-5031103.log;output/strengthening_same_node_residency/strong-node-qwen25_3b-grpo-gsm8k-safe_margin-s82-p2-resident/trial-5031103.json,
attempt-7a050e864f7919e4,cfg-e5f3439a7c655274,run-7a050e864f7919e4,temporal_40,v2time-grpo-gsm8k-qwen25_3b-near_boundary-s41,4942791,1,completed,1,,,,output/benchmark_v2_temporal_confirmatory/v2time-grpo-gsm8k-qwen25_3b-near_boundary-s41/environment-4942791.json;output/benchmark_v2_temporal_confirmatory/v2time-grpo-gsm8k-qwen25_3b-near_boundary-s41/gpu-memory-4942791.csv;output/benchmark_v2_temporal_confirmatory/v2time-grpo-gsm8k-qwen25_3b-near_boundary-s41/gpu-telemetry-4942791.csv;output/benchmark_v2_temporal_confirmatory/v2time-grpo-gsm8k-qwen25_3b-near_boundary-s41/phase-memory-4942791.csv;output/benchmark_v2_temporal_confirmatory/v2time-grpo-gsm8k-qwen25_3b-near_boundary-s41/training-4942791.log;output/benchmark_v2_temporal_confirmatory/v2time-grpo-gsm8k-qwen25_3b-near_boundary-s41/trial-4942791.json,
attempt-7a32dc21d31ca35f,cfg-3bbff1090fab73f9,run-7a32dc21d31ca35f,instrumentation,rev-instrumentation-qwen25_3b-gsm8k-c3-s113-full,5045363,1,completed,1,,,,output/revision_instrumentation/rev-instrumentation-qwen25_3b-gsm8k-c3-s113-full/attempt-5045363/environment-5045363.json;output/revision_instrumentation/rev-instrumentation-qwen25_3b-gsm8k-c3-s113-full/attempt-5045363/gpu-memory-5045363.csv;output/revision_instrumentation/rev-instrumentation-qwen25_3b-gsm8k-c3-s113-full/attempt-5045363/gpu-telemetry-5045363.csv;output/revision_instrumentation/rev-instrumentation-qwen25_3b-gsm8k-c3-s113-full/attempt-5045363/phase-memory-5045363.csv;output/revision_instrumentation/rev-instrumentation-qwen25_3b-gsm8k-c3-s113-full/attempt-5045363/training-5045363.log;output/revision_instrumentation/rev-instrumentation-qwen25_3b-gsm8k-c3-s113-full/attempt-5045363/trial-5045363.json;output/revision_instrumentation/rev-instrumentation-qwen25_3b-gsm8k-c3-s113-full/trial-5045363.json,
attempt-7a4262f985edfc62,cfg-7898c5f5e25f7757,run-7a4262f985edfc62,temporal_100,strong-time-grpo-math-qwen25_1p5b-near_boundary-s93,5034441,1,completed,1,,,,output/strengthening_temporal_phases/strong-time-grpo-math-qwen25_1p5b-near_boundary-s93/environment-5034441.json;output/strengthening_temporal_phases/strong-time-grpo-math-qwen25_1p5b-near_boundary-s93/gpu-memory-5034441.csv;output/strengthening_temporal_phases/strong-time-grpo-math-qwen25_1p5b-near_boundary-s93/gpu-telemetry-5034441.csv;output/strengthening_temporal_phases/strong-time-grpo-math-qwen25_1p5b-near_boundary-s93/phase-memory-5034441.csv;output/strengthening_temporal_phases/strong-time-grpo-math-qwen25_1p5b-near_boundary-s93/training-5034441.log;output/strengthening_temporal_phases/strong-time-grpo-math-qwen25_1p5b-near_boundary-s93/trial-5034441.json,
attempt-7a5ec871ffe9c674,cfg-e80b4f00d0546932,run-7a5ec871ffe9c674,instrumentation,rev-instrumentation-granite33_2b-math-c3-s111-full,5045390,1,completed,1,,,,output/revision_instrumentation/rev-instrumentation-granite33_2b-math-c3-s111-full/attempt-5045390/environment-5045390.json;output/revision_instrumentation/rev-instrumentation-granite33_2b-math-c3-s111-full/attempt-5045390/gpu-memory-5045390.csv;output/revision_instrumentation/rev-instrumentation-granite33_2b-math-c3-s111-full/attempt-5045390/gpu-telemetry-5045390.csv;output/revision_instrumentation/rev-instrumentation-granite33_2b-math-c3-s111-full/attempt-5045390/phase-memory-5045390.csv;output/revision_instrumentation/rev-instrumentation-granite33_2b-math-c3-s111-full/attempt-5045390/training-5045390.log;output/revision_instrumentation/rev-instrumentation-granite33_2b-math-c3-s111-full/attempt-5045390/trial-5045390.json;output/revision_instrumentation/rev-instrumentation-granite33_2b-math-c3-s111-full/trial-5045390.json,
attempt-7abc42e94e449b6d,cfg-b56fb353c2f2fa3e,run-7abc42e94e449b6d,boundary,strong-granite-confirmatory-grpo-math_short-c0-s91,5031329,1,completed,1,,,,output/strengthening_granite_confirmatory/strong-granite-confirmatory-grpo-math_short-c0-s91/environment-5031329.json;output/strengthening_granite_confirmatory/strong-granite-confirmatory-grpo-math_short-c0-s91/gpu-memory-5031329.csv;output/strengthening_granite_confirmatory/strong-granite-confirmatory-grpo-math_short-c0-s91/gpu-telemetry-5031329.csv;output/strengthening_granite_confirmatory/strong-granite-confirmatory-grpo-math_short-c0-s91/phase-memory-5031329.csv;output/strengthening_granite_confirmatory/strong-granite-confirmatory-grpo-math_short-c0-s91/training-5031329.log;output/strengthening_granite_confirmatory/strong-granite-confirmatory-grpo-math_short-c0-s91/trial-5031329.json,
attempt-7ae68328f8ca120e,cfg-af3c23f421a50a52,run-7ae68328f8ca120e,batch_reservation,strong-factorial-phi4_mini-grpo-code_heavy_tail-base-s94,5031694,1,completed,1,,,,output/strengthening_factorial/strong-factorial-phi4_mini-grpo-code_heavy_tail-base-s94/environment-5031694.json;output/strengthening_factorial/strong-factorial-phi4_mini-grpo-code_heavy_tail-base-s94/gpu-memory-5031694.csv;output/strengthening_factorial/strong-factorial-phi4_mini-grpo-code_heavy_tail-base-s94/gpu-telemetry-5031694.csv;output/strengthening_factorial/strong-factorial-phi4_mini-grpo-code_heavy_tail-base-s94/phase-memory-5031694.csv;output/strengthening_factorial/strong-factorial-phi4_mini-grpo-code_heavy_tail-base-s94/training-5031694.log;output/strengthening_factorial/strong-factorial-phi4_mini-grpo-code_heavy_tail-base-s94/trial-5031694.json,
attempt-7b65b76b6814026d,cfg-b56fb353c2f2fa3e,run-7b65b76b6814026d,boundary,strong-granite-confirmatory-grpo-math_short-c0-s93,5031331,1,completed,1,,,,output/strengthening_granite_confirmatory/strong-granite-confirmatory-grpo-math_short-c0-s93/environment-5031331.json;output/strengthening_granite_confirmatory/strong-granite-confirmatory-grpo-math_short-c0-s93/gpu-memory-5031331.csv;output/strengthening_granite_confirmatory/strong-granite-confirmatory-grpo-math_short-c0-s93/gpu-telemetry-5031331.csv;output/strengthening_granite_confirmatory/strong-granite-confirmatory-grpo-math_short-c0-s93/phase-memory-5031331.csv;output/strengthening_granite_confirmatory/strong-granite-confirmatory-grpo-math_short-c0-s93/training-5031331.log;output/strengthening_granite_confirmatory/strong-granite-confirmatory-grpo-math_short-c0-s93/trial-5031331.json,
attempt-7b8aff4b8070dbc4,cfg-78c440d3891ddbc2,run-7b8aff4b8070dbc4,four_gpu,rev-topology-qwen25_3b-gsm8k-c4-s113-four_gpu,5045299,1,completed,1,,,,output/revision_topology/rev-topology-qwen25_3b-gsm8k-c4-s113-four_gpu/attempt-5045299/environment-5045299.json;output/revision_topology/rev-topology-qwen25_3b-gsm8k-c4-s113-four_gpu/attempt-5045299/gpu-memory-5045299.csv;output/revision_topology/rev-topology-qwen25_3b-gsm8k-c4-s113-four_gpu/attempt-5045299/gpu-telemetry-5045299.csv;output/revision_topology/rev-topology-qwen25_3b-gsm8k-c4-s113-four_gpu/attempt-5045299/phase-memory-5045299.csv;output/revision_topology/rev-topology-qwen25_3b-gsm8k-c4-s113-four_gpu/attempt-5045299/training-5045299.log;output/revision_topology/rev-topology-qwen25_3b-gsm8k-c4-s113-four_gpu/attempt-5045299/trial-5045299.json;output/revision_topology/rev-topology-qwen25_3b-gsm8k-c4-s113-four_gpu/trial-5045299.json,
attempt-7bc72f0403b10388,cfg-4e0b53e75324e5f8,run-7bc72f0403b10388,state_release,strong-node-qwen25_3b-grpo-gsm8k-near_boundary-s83-p1-release,5031094,1,completed,1,,,,output/strengthening_same_node_residency/strong-node-qwen25_3b-grpo-gsm8k-near_boundary-s83-p1-release/environment-5031094.json;output/strengthening_same_node_residency/strong-node-qwen25_3b-grpo-gsm8k-near_boundary-s83-p1-release/gpu-memory-5031094.csv;output/strengthening_same_node_residency/strong-node-qwen25_3b-grpo-gsm8k-near_boundary-s83-p1-release/gpu-telemetry-5031094.csv;output/strengthening_same_node_residency/strong-node-qwen25_3b-grpo-gsm8k-near_boundary-s83-p1-release/phase-memory-5031094.csv;output/strengthening_same_node_residency/strong-node-qwen25_3b-grpo-gsm8k-near_boundary-s83-p1-release/training-5031094.log;output/strengthening_same_node_residency/strong-node-qwen25_3b-grpo-gsm8k-near_boundary-s83-p1-release/trial-5031094.json,
attempt-7c41acf7ee0e7ab4,cfg-ca36112516a10a19,run-7c41acf7ee0e7ab4,instrumentation,rev-instrumentation-phi4_mini-math-c3-s112-external,5045373,1,completed,1,,,,output/revision_instrumentation/rev-instrumentation-phi4_mini-math-c3-s112-external/attempt-5045373/environment-5045373.json;output/revision_instrumentation/rev-instrumentation-phi4_mini-math-c3-s112-external/attempt-5045373/gpu-memory-5045373.csv;output/revision_instrumentation/rev-instrumentation-phi4_mini-math-c3-s112-external/attempt-5045373/gpu-telemetry-5045373.csv;output/revision_instrumentation/rev-instrumentation-phi4_mini-math-c3-s112-external/attempt-5045373/phase-memory-5045373.csv;output/revision_instrumentation/rev-instrumentation-phi4_mini-math-c3-s112-external/attempt-5045373/training-5045373.log;output/revision_instrumentation/rev-instrumentation-phi4_mini-math-c3-s112-external/attempt-5045373/trial-5045373.json;output/revision_instrumentation/rev-instrumentation-phi4_mini-math-c3-s112-external/trial-5045373.json,
attempt-7cabee5ac4776452,cfg-e91942abb5b4f847,run-7cabee5ac4776452,boundary,mr-xm-confirm-qwen25_3b-grpo-code_heavy_tail-c2-s52,4999686,1,completed,1,,,,output/major_revision_cross_model_confirmatory/mr-xm-confirm-qwen25_3b-grpo-code_heavy_tail-c2-s52/environment-4999686.json;output/major_revision_cross_model_confirmatory/mr-xm-confirm-qwen25_3b-grpo-code_heavy_tail-c2-s52/gpu-memory-4999686.csv;output/major_revision_cross_model_confirmatory/mr-xm-confirm-qwen25_3b-grpo-code_heavy_tail-c2-s52/gpu-telemetry-4999686.csv;output/major_revision_cross_model_confirmatory/mr-xm-confirm-qwen25_3b-grpo-code_heavy_tail-c2-s52/phase-memory-4999686.csv;output/major_revision_cross_model_confirmatory/mr-xm-confirm-qwen25_3b-grpo-code_heavy_tail-c2-s52/training-4999686.log;output/major_revision_cross_model_confirmatory/mr-xm-confirm-qwen25_3b-grpo-code_heavy_tail-c2-s52/trial-4999686.json,
attempt-7cfe2f32d04a4244,cfg-831b7ab9490a8a5f,,batch_logging_control,review-control-phi4_mini-gsm8k-s122-full_b16,5048503,0,accelerator_argument_error_then_noncompletion,0,,accelerator_argument_error_then_noncompletion,,,
attempt-7d362061e4a36da3,cfg-e2a205be8efba055,run-7d362061e4a36da3,boundary,v2cf-confirm-phi4_mini-grpo-math_short-c0-s43,4936274,1,completed,1,,,,output/benchmark_v2_cross_family_confirmatory/v2cf-confirm-phi4_mini-grpo-math_short-c0-s43/environment-4936274.json;output/benchmark_v2_cross_family_confirmatory/v2cf-confirm-phi4_mini-grpo-math_short-c0-s43/gpu-memory-4936274.csv;output/benchmark_v2_cross_family_confirmatory/v2cf-confirm-phi4_mini-grpo-math_short-c0-s43/gpu-telemetry-4936274.csv;output/benchmark_v2_cross_family_confirmatory/v2cf-confirm-phi4_mini-grpo-math_short-c0-s43/phase-memory-4936274.csv;output/benchmark_v2_cross_family_confirmatory/v2cf-confirm-phi4_mini-grpo-math_short-c0-s43/training-4936274.log;output/benchmark_v2_cross_family_confirmatory/v2cf-confirm-phi4_mini-grpo-math_short-c0-s43/trial-4936274.json,
attempt-7eb0421eac7bc9e2,cfg-61c14de21a34d0e6,run-7eb0421eac7bc9e2,boundary,strong-granite-confirmatory-grpo-code_standard-c4-s91,5031385,1,completed,1,,,,output/strengthening_granite_confirmatory/strong-granite-confirmatory-grpo-code_standard-c4-s91/environment-5031385.json;output/strengthening_granite_confirmatory/strong-granite-confirmatory-grpo-code_standard-c4-s91/gpu-memory-5031385.csv;output/strengthening_granite_confirmatory/strong-granite-confirmatory-grpo-code_standard-c4-s91/gpu-telemetry-5031385.csv;output/strengthening_granite_confirmatory/strong-granite-confirmatory-grpo-code_standard-c4-s91/phase-memory-5031385.csv;output/strengthening_granite_confirmatory/strong-granite-confirmatory-grpo-code_standard-c4-s91/training-5031385.log;output/strengthening_granite_confirmatory/strong-granite-confirmatory-grpo-code_standard-c4-s91/trial-5031385.json,
attempt-7f21df2e58796435,cfg-831b7ab9490a8a5f,run-7f21df2e58796435,batch_logging_control,review-control-phi4_mini-gsm8k-s123-full_b16,5048576,1,completed,1,,,,output/review_instrumentation_batch/review-control-phi4_mini-gsm8k-s123-full_b16/trial-5048576.json,
attempt-7f8ab597552d2646,cfg-75662a6552e74f29,run-7f8ab597552d2646,batch_reservation,strong-factorial-granite33_2b-grpo-math_short-base-s96,5031428,1,completed,1,,,,output/strengthening_factorial/strong-factorial-granite33_2b-grpo-math_short-base-s96/environment-5031428.json;output/strengthening_factorial/strong-factorial-granite33_2b-grpo-math_short-base-s96/gpu-memory-5031428.csv;output/strengthening_factorial/strong-factorial-granite33_2b-grpo-math_short-base-s96/gpu-telemetry-5031428.csv;output/strengthening_factorial/strong-factorial-granite33_2b-grpo-math_short-base-s96/phase-memory-5031428.csv;output/strengthening_factorial/strong-factorial-granite33_2b-grpo-math_short-base-s96/training-5031428.log;output/strengthening_factorial/strong-factorial-granite33_2b-grpo-math_short-base-s96/trial-5031428.json,
attempt-7fc11d81b24d0ca1,cfg-5047dff55c13e55f,run-7fc11d81b24d0ca1,batch_reservation,strong-factorial-qwen25_3b-grpo-gsm8k-base-s96,5032030,1,completed,1,,,,output/strengthening_factorial/strong-factorial-qwen25_3b-grpo-gsm8k-base-s96/environment-5032030.json;output/strengthening_factorial/strong-factorial-qwen25_3b-grpo-gsm8k-base-s96/gpu-memory-5032030.csv;output/strengthening_factorial/strong-factorial-qwen25_3b-grpo-gsm8k-base-s96/gpu-telemetry-5032030.csv;output/strengthening_factorial/strong-factorial-qwen25_3b-grpo-gsm8k-base-s96/phase-memory-5032030.csv;output/strengthening_factorial/strong-factorial-qwen25_3b-grpo-gsm8k-base-s96/training-5032030.log;output/strengthening_factorial/strong-factorial-qwen25_3b-grpo-gsm8k-base-s96/trial-5032030.json,
attempt-7fc8a46cddbc1ba2,cfg-4fc35dde1bc7253c,run-7fc8a46cddbc1ba2,instrumentation,rev-instrumentation-granite33_2b-gsm8k-c4-s111-full,5045385,1,completed,1,,,,output/revision_instrumentation/rev-instrumentation-granite33_2b-gsm8k-c4-s111-full/attempt-5045385/environment-5045385.json;output/revision_instrumentation/rev-instrumentation-granite33_2b-gsm8k-c4-s111-full/attempt-5045385/gpu-memory-5045385.csv;output/revision_instrumentation/rev-instrumentation-granite33_2b-gsm8k-c4-s111-full/attempt-5045385/gpu-telemetry-5045385.csv;output/revision_instrumentation/rev-instrumentation-granite33_2b-gsm8k-c4-s111-full/attempt-5045385/phase-memory-5045385.csv;output/revision_instrumentation/rev-instrumentation-granite33_2b-gsm8k-c4-s111-full/attempt-5045385/training-5045385.log;output/revision_instrumentation/rev-instrumentation-granite33_2b-gsm8k-c4-s111-full/attempt-5045385/trial-5045385.json;output/revision_instrumentation/rev-instrumentation-granite33_2b-gsm8k-c4-s111-full/trial-5045385.json,
attempt-7ffb84d3d3617c96,cfg-896685010703c0fb,run-7ffb84d3d3617c96,boundary,mr-xm-confirm-phi4_mini-grpo-code_standard-c5-s53,5003329,1,memory_failure,0,rollout_init_memory,,,output/major_revision_cross_model_confirmatory/mr-xm-confirm-phi4_mini-grpo-code_standard-c5-s53/environment-5003329.json;output/major_revision_cross_model_confirmatory/mr-xm-confirm-phi4_mini-grpo-code_standard-c5-s53/gpu-memory-5003329.csv;output/major_revision_cross_model_confirmatory/mr-xm-confirm-phi4_mini-grpo-code_standard-c5-s53/gpu-telemetry-5003329.csv;output/major_revision_cross_model_confirmatory/mr-xm-confirm-phi4_mini-grpo-code_standard-c5-s53/phase-memory-5003329.csv;output/major_revision_cross_model_confirmatory/mr-xm-confirm-phi4_mini-grpo-code_standard-c5-s53/training-5003329.log;output/major_revision_cross_model_confirmatory/mr-xm-confirm-phi4_mini-grpo-code_standard-c5-s53/trial-5003329.json,
attempt-80e1179a31f6f792,cfg-c31171354027b928,run-80e1179a31f6f792,batch_reservation,strong-factorial-qwen25_3b-grpo-code_standard-actor_only-s95,5032015,1,completed,1,,,,output/strengthening_factorial/strong-factorial-qwen25_3b-grpo-code_standard-actor_only-s95/environment-5032015.json;output/strengthening_factorial/strong-factorial-qwen25_3b-grpo-code_standard-actor_only-s95/gpu-memory-5032015.csv;output/strengthening_factorial/strong-factorial-qwen25_3b-grpo-code_standard-actor_only-s95/gpu-telemetry-5032015.csv;output/strengthening_factorial/strong-factorial-qwen25_3b-grpo-code_standard-actor_only-s95/phase-memory-5032015.csv;output/strengthening_factorial/strong-factorial-qwen25_3b-grpo-code_standard-actor_only-s95/training-5032015.log;output/strengthening_factorial/strong-factorial-qwen25_3b-grpo-code_standard-actor_only-s95/trial-5032015.json,
attempt-80e4b976762ec823,cfg-5ff9621270e710ed,run-80e4b976762ec823,four_gpu,rev-topology-phi4_mini-gsm8k-c4-s113-four_gpu,5045366,1,completed,1,,,,output/revision_topology/rev-topology-phi4_mini-gsm8k-c4-s113-four_gpu/attempt-5045366/environment-5045366.json;output/revision_topology/rev-topology-phi4_mini-gsm8k-c4-s113-four_gpu/attempt-5045366/gpu-memory-5045366.csv;output/revision_topology/rev-topology-phi4_mini-gsm8k-c4-s113-four_gpu/attempt-5045366/gpu-telemetry-5045366.csv;output/revision_topology/rev-topology-phi4_mini-gsm8k-c4-s113-four_gpu/attempt-5045366/phase-memory-5045366.csv;output/revision_topology/rev-topology-phi4_mini-gsm8k-c4-s113-four_gpu/attempt-5045366/training-5045366.log;output/revision_topology/rev-topology-phi4_mini-gsm8k-c4-s113-four_gpu/attempt-5045366/trial-5045366.json;output/revision_topology/rev-topology-phi4_mini-gsm8k-c4-s113-four_gpu/trial-5045366.json,
attempt-818aca3534156d17,cfg-a026693bae37d30b,run-818aca3534156d17,boundary,mr-xm-confirm-phi4_mini-grpo-code_standard-c3-s53,5002797,1,completed,1,,,,output/major_revision_cross_model_confirmatory/mr-xm-confirm-phi4_mini-grpo-code_standard-c3-s53/environment-5002797.json;output/major_revision_cross_model_confirmatory/mr-xm-confirm-phi4_mini-grpo-code_standard-c3-s53/gpu-memory-5002797.csv;output/major_revision_cross_model_confirmatory/mr-xm-confirm-phi4_mini-grpo-code_standard-c3-s53/gpu-telemetry-5002797.csv;output/major_revision_cross_model_confirmatory/mr-xm-confirm-phi4_mini-grpo-code_standard-c3-s53/phase-memory-5002797.csv;output/major_revision_cross_model_confirmatory/mr-xm-confirm-phi4_mini-grpo-code_standard-c3-s53/training-5002797.log;output/major_revision_cross_model_confirmatory/mr-xm-confirm-phi4_mini-grpo-code_standard-c3-s53/trial-5002797.json,
attempt-81dce81eb5fcbb03,cfg-a14ab647ea9728c0,run-81dce81eb5fcbb03,instrumentation,rev-instrumentation-phi4_mini-gsm8k-c3-s113-external,5045358,1,completed,1,,,,output/revision_instrumentation/rev-instrumentation-phi4_mini-gsm8k-c3-s113-external/attempt-5045358/environment-5045358.json;output/revision_instrumentation/rev-instrumentation-phi4_mini-gsm8k-c3-s113-external/attempt-5045358/gpu-memory-5045358.csv;output/revision_instrumentation/rev-instrumentation-phi4_mini-gsm8k-c3-s113-external/attempt-5045358/gpu-telemetry-5045358.csv;output/revision_instrumentation/rev-instrumentation-phi4_mini-gsm8k-c3-s113-external/attempt-5045358/phase-memory-5045358.csv;output/revision_instrumentation/rev-instrumentation-phi4_mini-gsm8k-c3-s113-external/attempt-5045358/training-5045358.log;output/revision_instrumentation/rev-instrumentation-phi4_mini-gsm8k-c3-s113-external/attempt-5045358/trial-5045358.json;output/revision_instrumentation/rev-instrumentation-phi4_mini-gsm8k-c3-s113-external/trial-5045358.json,
attempt-81df18d992981685,cfg-371ae37408089efe,run-81df18d992981685,four_gpu,rev-topology-phi4_mini-math-c2-s112-four_gpu,5045368,1,completed,1,,,,output/revision_topology/rev-topology-phi4_mini-math-c2-s112-four_gpu/attempt-5045368/environment-5045368.json;output/revision_topology/rev-topology-phi4_mini-math-c2-s112-four_gpu/attempt-5045368/gpu-memory-5045368.csv;output/revision_topology/rev-topology-phi4_mini-math-c2-s112-four_gpu/attempt-5045368/gpu-telemetry-5045368.csv;output/revision_topology/rev-topology-phi4_mini-math-c2-s112-four_gpu/attempt-5045368/phase-memory-5045368.csv;output/revision_topology/rev-topology-phi4_mini-math-c2-s112-four_gpu/attempt-5045368/training-5045368.log;output/revision_topology/rev-topology-phi4_mini-math-c2-s112-four_gpu/attempt-5045368/trial-5045368.json;output/revision_topology/rev-topology-phi4_mini-math-c2-s112-four_gpu/trial-5045368.json,
attempt-82110ac7a6737aa6,cfg-b5007322fb2e1772,run-82110ac7a6737aa6,boundary,mr-xm-confirm-qwen25_3b-grpo-code_heavy_tail-c0-s53,4999642,1,completed,1,,,,output/major_revision_cross_model_confirmatory/mr-xm-confirm-qwen25_3b-grpo-code_heavy_tail-c0-s53/environment-4999642.json;output/major_revision_cross_model_confirmatory/mr-xm-confirm-qwen25_3b-grpo-code_heavy_tail-c0-s53/gpu-memory-4999642.csv;output/major_revision_cross_model_confirmatory/mr-xm-confirm-qwen25_3b-grpo-code_heavy_tail-c0-s53/gpu-telemetry-4999642.csv;output/major_revision_cross_model_confirmatory/mr-xm-confirm-qwen25_3b-grpo-code_heavy_tail-c0-s53/phase-memory-4999642.csv;output/major_revision_cross_model_confirmatory/mr-xm-confirm-qwen25_3b-grpo-code_heavy_tail-c0-s53/training-4999642.log;output/major_revision_cross_model_confirmatory/mr-xm-confirm-qwen25_3b-grpo-code_heavy_tail-c0-s53/trial-4999642.json,
attempt-821affad4dfdb864,cfg-6d54ac65d934f404,run-821affad4dfdb864,boundary,mr-xm-confirm-qwen25_3b-grpo-code_standard-c2-s51,4999364,1,completed,1,,,,output/major_revision_cross_model_confirmatory/mr-xm-confirm-qwen25_3b-grpo-code_standard-c2-s51/environment-4999364.json;output/major_revision_cross_model_confirmatory/mr-xm-confirm-qwen25_3b-grpo-code_standard-c2-s51/gpu-memory-4999364.csv;output/major_revision_cross_model_confirmatory/mr-xm-confirm-qwen25_3b-grpo-code_standard-c2-s51/gpu-telemetry-4999364.csv;output/major_revision_cross_model_confirmatory/mr-xm-confirm-qwen25_3b-grpo-code_standard-c2-s51/phase-memory-4999364.csv;output/major_revision_cross_model_confirmatory/mr-xm-confirm-qwen25_3b-grpo-code_standard-c2-s51/training-4999364.log;output/major_revision_cross_model_confirmatory/mr-xm-confirm-qwen25_3b-grpo-code_standard-c2-s51/trial-4999364.json,
attempt-828c12aad08a328d,cfg-5f2f431355dfcb31,run-828c12aad08a328d,batch_reservation,strong-factorial-phi4_mini-grpo-code_standard-reservation_only-s94,5031756,1,completed,1,,,,output/strengthening_factorial/strong-factorial-phi4_mini-grpo-code_standard-reservation_only-s94/environment-5031756.json;output/strengthening_factorial/strong-factorial-phi4_mini-grpo-code_standard-reservation_only-s94/gpu-memory-5031756.csv;output/strengthening_factorial/strong-factorial-phi4_mini-grpo-code_standard-reservation_only-s94/gpu-telemetry-5031756.csv;output/strengthening_factorial/strong-factorial-phi4_mini-grpo-code_standard-reservation_only-s94/phase-memory-5031756.csv;output/strengthening_factorial/strong-factorial-phi4_mini-grpo-code_standard-reservation_only-s94/training-5031756.log;output/strengthening_factorial/strong-factorial-phi4_mini-grpo-code_standard-reservation_only-s94/trial-5031756.json,
attempt-82eb1a3e4b8041aa,cfg-97107ceba8bf0cbe,run-82eb1a3e4b8041aa,boundary,mr-xm-confirm-phi4_mini-grpo-code_standard-c2-s53,5002718,1,completed,1,,,,output/major_revision_cross_model_confirmatory/mr-xm-confirm-phi4_mini-grpo-code_standard-c2-s53/environment-5002718.json;output/major_revision_cross_model_confirmatory/mr-xm-confirm-phi4_mini-grpo-code_standard-c2-s53/gpu-memory-5002718.csv;output/major_revision_cross_model_confirmatory/mr-xm-confirm-phi4_mini-grpo-code_standard-c2-s53/gpu-telemetry-5002718.csv;output/major_revision_cross_model_confirmatory/mr-xm-confirm-phi4_mini-grpo-code_standard-c2-s53/phase-memory-5002718.csv;output/major_revision_cross_model_confirmatory/mr-xm-confirm-phi4_mini-grpo-code_standard-c2-s53/training-5002718.log;output/major_revision_cross_model_confirmatory/mr-xm-confirm-phi4_mini-grpo-code_standard-c2-s53/trial-5002718.json,
attempt-82ef6da8a0f2851e,cfg-75662a6552e74f29,run-82ef6da8a0f2851e,batch_reservation,strong-factorial-granite33_2b-grpo-math_short-base-s95,5031407,1,completed,1,,,,output/strengthening_factorial/strong-factorial-granite33_2b-grpo-math_short-base-s95/environment-5031407.json;output/strengthening_factorial/strong-factorial-granite33_2b-grpo-math_short-base-s95/gpu-memory-5031407.csv;output/strengthening_factorial/strong-factorial-granite33_2b-grpo-math_short-base-s95/gpu-telemetry-5031407.csv;output/strengthening_factorial/strong-factorial-granite33_2b-grpo-math_short-base-s95/phase-memory-5031407.csv;output/strengthening_factorial/strong-factorial-granite33_2b-grpo-math_short-base-s95/training-5031407.log;output/strengthening_factorial/strong-factorial-granite33_2b-grpo-math_short-base-s95/trial-5031407.json,
attempt-8348bfb351c397b5,cfg-30f98456fdb322c1,run-8348bfb351c397b5,boundary,v2cf-confirm-qwen25_3b-grpo-math_short-c2-s41,4935946,1,completed,1,,,,output/benchmark_v2_cross_family_confirmatory/v2cf-confirm-qwen25_3b-grpo-math_short-c2-s41/environment-4935946.json;output/benchmark_v2_cross_family_confirmatory/v2cf-confirm-qwen25_3b-grpo-math_short-c2-s41/gpu-memory-4935946.csv;output/benchmark_v2_cross_family_confirmatory/v2cf-confirm-qwen25_3b-grpo-math_short-c2-s41/gpu-telemetry-4935946.csv;output/benchmark_v2_cross_family_confirmatory/v2cf-confirm-qwen25_3b-grpo-math_short-c2-s41/phase-memory-4935946.csv;output/benchmark_v2_cross_family_confirmatory/v2cf-confirm-qwen25_3b-grpo-math_short-c2-s41/training-4935946.log;output/benchmark_v2_cross_family_confirmatory/v2cf-confirm-qwen25_3b-grpo-math_short-c2-s41/trial-4935946.json,
attempt-83f1730eb4946e3f,cfg-399f6b038d6f65f9,,four_gpu,rev-topology-qwen25_3b-gsm8k-c2-s111-four_gpu,5045253,0,no_trial_record,0,,revision_snapshot_missing_submodule,,,
attempt-843951f7093b625d,cfg-ea5a23a40ad5ca50,,boundary,mr-xm-confirm-qwen25_3b-grpo-code_standard-c4-s53,4999445,0,memory_failure,0,cuda_oom,"launcher-mutation race while the shared instrumented launcher was amended after a terminal vLLM CUDA OOM; the attempt retained scheduler stdout, NVML telemetry, phase telemetry, environment metadata, and allocator stubs, but the mixed shell read truncated the designated training log and prevented trial JSON creation",,output/major_revision_cross_model_confirmatory/mr-xm-confirm-qwen25_3b-grpo-code_standard-c4-s53/environment-4999445.json;output/major_revision_cross_model_confirmatory/mr-xm-confirm-qwen25_3b-grpo-code_standard-c4-s53/gpu-memory-4999445.csv;output/major_revision_cross_model_confirmatory/mr-xm-confirm-qwen25_3b-grpo-code_standard-c4-s53/gpu-telemetry-4999445.csv;output/major_revision_cross_model_confirmatory/mr-xm-confirm-qwen25_3b-grpo-code_standard-c4-s53/phase-memory-4999445.csv;output/major_revision_cross_model_confirmatory/mr-xm-confirm-qwen25_3b-grpo-code_standard-c4-s53/training-4999445.log,logs/v2-2g-4998773_14.out
attempt-843a91eab576011e,cfg-06e80279db3caed1,run-843a91eab576011e,instrumentation,rev-instrumentation-phi4_mini-math-c2-s113-external,5045361,1,completed,1,,,,output/revision_instrumentation/rev-instrumentation-phi4_mini-math-c2-s113-external/attempt-5045361/environment-5045361.json;output/revision_instrumentation/rev-instrumentation-phi4_mini-math-c2-s113-external/attempt-5045361/gpu-memory-5045361.csv;output/revision_instrumentation/rev-instrumentation-phi4_mini-math-c2-s113-external/attempt-5045361/gpu-telemetry-5045361.csv;output/revision_instrumentation/rev-instrumentation-phi4_mini-math-c2-s113-external/attempt-5045361/phase-memory-5045361.csv;output/revision_instrumentation/rev-instrumentation-phi4_mini-math-c2-s113-external/attempt-5045361/training-5045361.log;output/revision_instrumentation/rev-instrumentation-phi4_mini-math-c2-s113-external/attempt-5045361/trial-5045361.json;output/revision_instrumentation/rev-instrumentation-phi4_mini-math-c2-s113-external/trial-5045361.json,
attempt-8455730073ff59ba,cfg-18edbed17d1a0c2e,run-8455730073ff59ba,state_release,strong-node-qwen25_3b-grpo-math-safe_margin-s81-p2-release,5031603,1,completed,1,,,,output/strengthening_same_node_residency/strong-node-qwen25_3b-grpo-math-safe_margin-s81-p2-release/environment-5031603.json;output/strengthening_same_node_residency/strong-node-qwen25_3b-grpo-math-safe_margin-s81-p2-release/gpu-memory-5031603.csv;output/strengthening_same_node_residency/strong-node-qwen25_3b-grpo-math-safe_margin-s81-p2-release/gpu-telemetry-5031603.csv;output/strengthening_same_node_residency/strong-node-qwen25_3b-grpo-math-safe_margin-s81-p2-release/phase-memory-5031603.csv;output/strengthening_same_node_residency/strong-node-qwen25_3b-grpo-math-safe_margin-s81-p2-release/training-5031603.log;output/strengthening_same_node_residency/strong-node-qwen25_3b-grpo-math-safe_margin-s81-p2-release/trial-5031603.json,
attempt-84a5378e0c47129c,cfg-cc900fb7731c3f49,run-84a5378e0c47129c,boundary,v2cf-confirm-phi4_mini-grpo-math_short-c5-s41,4936388,1,memory_failure,0,rollout_init_memory,,,output/benchmark_v2_cross_family_confirmatory/v2cf-confirm-phi4_mini-grpo-math_short-c5-s41/environment-4936388.json;output/benchmark_v2_cross_family_confirmatory/v2cf-confirm-phi4_mini-grpo-math_short-c5-s41/gpu-memory-4936388.csv;output/benchmark_v2_cross_family_confirmatory/v2cf-confirm-phi4_mini-grpo-math_short-c5-s41/gpu-telemetry-4936388.csv;output/benchmark_v2_cross_family_confirmatory/v2cf-confirm-phi4_mini-grpo-math_short-c5-s41/phase-memory-4936388.csv;output/benchmark_v2_cross_family_confirmatory/v2cf-confirm-phi4_mini-grpo-math_short-c5-s41/training-4936388.log;output/benchmark_v2_cross_family_confirmatory/v2cf-confirm-phi4_mini-grpo-math_short-c5-s41/trial-4936388.json,
attempt-84aede2901cbe08b,cfg-584e6c6664859977,run-84aede2901cbe08b,batch_reservation,strong-factorial-granite33_2b-grpo-gsm8k_long-actor_only-s95,5031357,1,completed,1,,,,output/strengthening_factorial/strong-factorial-granite33_2b-grpo-gsm8k_long-actor_only-s95/environment-5031357.json;output/strengthening_factorial/strong-factorial-granite33_2b-grpo-gsm8k_long-actor_only-s95/gpu-memory-5031357.csv;output/strengthening_factorial/strong-factorial-granite33_2b-grpo-gsm8k_long-actor_only-s95/gpu-telemetry-5031357.csv;output/strengthening_factorial/strong-factorial-granite33_2b-grpo-gsm8k_long-actor_only-s95/phase-memory-5031357.csv;output/strengthening_factorial/strong-factorial-granite33_2b-grpo-gsm8k_long-actor_only-s95/training-5031357.log;output/strengthening_factorial/strong-factorial-granite33_2b-grpo-gsm8k_long-actor_only-s95/trial-5031357.json,
attempt-84e08f4cb721a538,cfg-ef2331208f38fbaf,run-84e08f4cb721a538,batch_reservation,strong-factorial-qwen25_3b-grpo-math-joint-s94,5032058,1,completed,1,,,,output/strengthening_factorial/strong-factorial-qwen25_3b-grpo-math-joint-s94/environment-5032058.json;output/strengthening_factorial/strong-factorial-qwen25_3b-grpo-math-joint-s94/gpu-memory-5032058.csv;output/strengthening_factorial/strong-factorial-qwen25_3b-grpo-math-joint-s94/gpu-telemetry-5032058.csv;output/strengthening_factorial/strong-factorial-qwen25_3b-grpo-math-joint-s94/phase-memory-5032058.csv;output/strengthening_factorial/strong-factorial-qwen25_3b-grpo-math-joint-s94/training-5032058.log;output/strengthening_factorial/strong-factorial-qwen25_3b-grpo-math-joint-s94/trial-5032058.json,
attempt-85f6d7be59182008,cfg-a9973fa41ccc608d,,batch_logging_control,review-control-phi4_mini-gsm8k-s123-full_b8,5048508,0,timeout_unresolved_cause,0,,timeout_unresolved_cause,,,
attempt-85f9458418b6c944,cfg-e117f15dd5ccfb30,run-85f9458418b6c944,boundary,mr-xm-confirm-phi4_mini-grpo-code_heavy_tail-c2-s51,5003837,1,completed,1,,,,output/major_revision_cross_model_confirmatory/mr-xm-confirm-phi4_mini-grpo-code_heavy_tail-c2-s51/environment-5003837.json;output/major_revision_cross_model_confirmatory/mr-xm-confirm-phi4_mini-grpo-code_heavy_tail-c2-s51/gpu-memory-5003837.csv;output/major_revision_cross_model_confirmatory/mr-xm-confirm-phi4_mini-grpo-code_heavy_tail-c2-s51/gpu-telemetry-5003837.csv;output/major_revision_cross_model_confirmatory/mr-xm-confirm-phi4_mini-grpo-code_heavy_tail-c2-s51/phase-memory-5003837.csv;output/major_revision_cross_model_confirmatory/mr-xm-confirm-phi4_mini-grpo-code_heavy_tail-c2-s51/training-5003837.log;output/major_revision_cross_model_confirmatory/mr-xm-confirm-phi4_mini-grpo-code_heavy_tail-c2-s51/trial-5003837.json,
attempt-866c295f1fb7633b,cfg-c608f00aea4f9b32,run-866c295f1fb7633b,batch_reservation,strong-factorial-granite33_2b-grpo-code_standard-actor_only-s96,5031319,1,completed,1,,,,output/strengthening_factorial/strong-factorial-granite33_2b-grpo-code_standard-actor_only-s96/environment-5031319.json;output/strengthening_factorial/strong-factorial-granite33_2b-grpo-code_standard-actor_only-s96/gpu-memory-5031319.csv;output/strengthening_factorial/strong-factorial-granite33_2b-grpo-code_standard-actor_only-s96/gpu-telemetry-5031319.csv;output/strengthening_factorial/strong-factorial-granite33_2b-grpo-code_standard-actor_only-s96/phase-memory-5031319.csv;output/strengthening_factorial/strong-factorial-granite33_2b-grpo-code_standard-actor_only-s96/training-5031319.log;output/strengthening_factorial/strong-factorial-granite33_2b-grpo-code_standard-actor_only-s96/trial-5031319.json,
attempt-869cd13cc03dda3f,cfg-6d54ac65d934f404,run-869cd13cc03dda3f,boundary,mr-xm-confirm-qwen25_3b-grpo-code_standard-c2-s53,4999385,1,completed,1,,,,output/major_revision_cross_model_confirmatory/mr-xm-confirm-qwen25_3b-grpo-code_standard-c2-s53/environment-4999385.json;output/major_revision_cross_model_confirmatory/mr-xm-confirm-qwen25_3b-grpo-code_standard-c2-s53/gpu-memory-4999385.csv;output/major_revision_cross_model_confirmatory/mr-xm-confirm-qwen25_3b-grpo-code_standard-c2-s53/gpu-telemetry-4999385.csv;output/major_revision_cross_model_confirmatory/mr-xm-confirm-qwen25_3b-grpo-code_standard-c2-s53/phase-memory-4999385.csv;output/major_revision_cross_model_confirmatory/mr-xm-confirm-qwen25_3b-grpo-code_standard-c2-s53/training-4999385.log;output/major_revision_cross_model_confirmatory/mr-xm-confirm-qwen25_3b-grpo-code_standard-c2-s53/trial-4999385.json,
attempt-8772394ffaf42c91,cfg-96fe21ab209bd8ca,run-8772394ffaf42c91,batch_reservation,strong-factorial-phi4_mini-grpo-code_standard-actor_only-s96,5031755,1,completed,1,,,,output/strengthening_factorial/strong-factorial-phi4_mini-grpo-code_standard-actor_only-s96/environment-5031755.json;output/strengthening_factorial/strong-factorial-phi4_mini-grpo-code_standard-actor_only-s96/gpu-memory-5031755.csv;output/strengthening_factorial/strong-factorial-phi4_mini-grpo-code_standard-actor_only-s96/gpu-telemetry-5031755.csv;output/strengthening_factorial/strong-factorial-phi4_mini-grpo-code_standard-actor_only-s96/phase-memory-5031755.csv;output/strengthening_factorial/strong-factorial-phi4_mini-grpo-code_standard-actor_only-s96/training-5031755.log;output/strengthening_factorial/strong-factorial-phi4_mini-grpo-code_standard-actor_only-s96/trial-5031755.json,
attempt-87be614fb0b07946,cfg-a28f89c750c3d53b,run-87be614fb0b07946,instrumentation,rev-instrumentation-qwen25_3b-gsm8k-c3-s111-external,5045266,1,completed,1,,,,output/revision_instrumentation/rev-instrumentation-qwen25_3b-gsm8k-c3-s111-external/attempt-5045266/environment-5045266.json;output/revision_instrumentation/rev-instrumentation-qwen25_3b-gsm8k-c3-s111-external/attempt-5045266/gpu-memory-5045266.csv;output/revision_instrumentation/rev-instrumentation-qwen25_3b-gsm8k-c3-s111-external/attempt-5045266/gpu-telemetry-5045266.csv;output/revision_instrumentation/rev-instrumentation-qwen25_3b-gsm8k-c3-s111-external/attempt-5045266/phase-memory-5045266.csv;output/revision_instrumentation/rev-instrumentation-qwen25_3b-gsm8k-c3-s111-external/attempt-5045266/training-5045266.log;output/revision_instrumentation/rev-instrumentation-qwen25_3b-gsm8k-c3-s111-external/attempt-5045266/trial-5045266.json;output/revision_instrumentation/rev-instrumentation-qwen25_3b-gsm8k-c3-s111-external/trial-5045266.json,
attempt-8823b0eb4a5ad841,cfg-967e29810f12167f,run-8823b0eb4a5ad841,temporal_40,v2time-grpo-gsm8k-qwen25_3b-one_step_unsafe-s42,4943153,1,memory_failure,0,rollout_init_memory,,,output/benchmark_v2_temporal_confirmatory/v2time-grpo-gsm8k-qwen25_3b-one_step_unsafe-s42/environment-4943153.json;output/benchmark_v2_temporal_confirmatory/v2time-grpo-gsm8k-qwen25_3b-one_step_unsafe-s42/gpu-memory-4943153.csv;output/benchmark_v2_temporal_confirmatory/v2time-grpo-gsm8k-qwen25_3b-one_step_unsafe-s42/gpu-telemetry-4943153.csv;output/benchmark_v2_temporal_confirmatory/v2time-grpo-gsm8k-qwen25_3b-one_step_unsafe-s42/phase-memory-4943153.csv;output/benchmark_v2_temporal_confirmatory/v2time-grpo-gsm8k-qwen25_3b-one_step_unsafe-s42/training-4943153.log;output/benchmark_v2_temporal_confirmatory/v2time-grpo-gsm8k-qwen25_3b-one_step_unsafe-s42/trial-4943153.json,
attempt-882d24a66b22c559,cfg-195974eaa7e946e0,run-882d24a66b22c559,horizon_followup,rev-temporal-granite33_2b-math-interpolated-s112-source,5045432,1,completed,1,,,,output/revision_temporal/rev-temporal-granite33_2b-math-interpolated-s112-source/attempt-5045432/environment-5045432.json;output/revision_temporal/rev-temporal-granite33_2b-math-interpolated-s112-source/attempt-5045432/gpu-memory-5045432.csv;output/revision_temporal/rev-temporal-granite33_2b-math-interpolated-s112-source/attempt-5045432/gpu-telemetry-5045432.csv;output/revision_temporal/rev-temporal-granite33_2b-math-interpolated-s112-source/attempt-5045432/phase-memory-5045432.csv;output/revision_temporal/rev-temporal-granite33_2b-math-interpolated-s112-source/attempt-5045432/training-5045432.log;output/revision_temporal/rev-temporal-granite33_2b-math-interpolated-s112-source/attempt-5045432/trial-5045432.json;output/revision_temporal/rev-temporal-granite33_2b-math-interpolated-s112-source/trial-5045432.json,
attempt-88530006acf8f52d,cfg-2ad5ea3587b997a9,run-88530006acf8f52d,batch_reservation,strong-factorial-qwen25_3b-grpo-code_standard-joint-s94,5032024,1,completed,1,,,,output/strengthening_factorial/strong-factorial-qwen25_3b-grpo-code_standard-joint-s94/environment-5032024.json;output/strengthening_factorial/strong-factorial-qwen25_3b-grpo-code_standard-joint-s94/gpu-memory-5032024.csv;output/strengthening_factorial/strong-factorial-qwen25_3b-grpo-code_standard-joint-s94/gpu-telemetry-5032024.csv;output/strengthening_factorial/strong-factorial-qwen25_3b-grpo-code_standard-joint-s94/phase-memory-5032024.csv;output/strengthening_factorial/strong-factorial-qwen25_3b-grpo-code_standard-joint-s94/training-5032024.log;output/strengthening_factorial/strong-factorial-qwen25_3b-grpo-code_standard-joint-s94/trial-5032024.json,
attempt-88634073202577d4,cfg-8bd7050cd7f49e78,run-88634073202577d4,boundary,v2cf-confirm-phi4_mini-grpo-gsm8k_long-c0-s41,4936165,1,completed,1,,,,output/benchmark_v2_cross_family_confirmatory/v2cf-confirm-phi4_mini-grpo-gsm8k_long-c0-s41/environment-4936165.json;output/benchmark_v2_cross_family_confirmatory/v2cf-confirm-phi4_mini-grpo-gsm8k_long-c0-s41/gpu-memory-4936165.csv;output/benchmark_v2_cross_family_confirmatory/v2cf-confirm-phi4_mini-grpo-gsm8k_long-c0-s41/gpu-telemetry-4936165.csv;output/benchmark_v2_cross_family_confirmatory/v2cf-confirm-phi4_mini-grpo-gsm8k_long-c0-s41/phase-memory-4936165.csv;output/benchmark_v2_cross_family_confirmatory/v2cf-confirm-phi4_mini-grpo-gsm8k_long-c0-s41/training-4936165.log;output/benchmark_v2_cross_family_confirmatory/v2cf-confirm-phi4_mini-grpo-gsm8k_long-c0-s41/trial-4936165.json,
attempt-88e12627ff076d21,cfg-a14ab647ea9728c0,run-88e12627ff076d21,instrumentation,rev-instrumentation-phi4_mini-gsm8k-c3-s111-external,5045351,1,completed,1,,,,output/revision_instrumentation/rev-instrumentation-phi4_mini-gsm8k-c3-s111-external/attempt-5045351/environment-5045351.json;output/revision_instrumentation/rev-instrumentation-phi4_mini-gsm8k-c3-s111-external/attempt-5045351/gpu-memory-5045351.csv;output/revision_instrumentation/rev-instrumentation-phi4_mini-gsm8k-c3-s111-external/attempt-5045351/gpu-telemetry-5045351.csv;output/revision_instrumentation/rev-instrumentation-phi4_mini-gsm8k-c3-s111-external/attempt-5045351/phase-memory-5045351.csv;output/revision_instrumentation/rev-instrumentation-phi4_mini-gsm8k-c3-s111-external/attempt-5045351/training-5045351.log;output/revision_instrumentation/rev-instrumentation-phi4_mini-gsm8k-c3-s111-external/attempt-5045351/trial-5045351.json;output/revision_instrumentation/rev-instrumentation-phi4_mini-gsm8k-c3-s111-external/trial-5045351.json,
attempt-895013c777ce5b0a,cfg-f03e4e98c682240e,run-895013c777ce5b0a,four_gpu,rev-topology-qwen25_3b-math-c2-s113-four_gpu,5045320,1,completed,1,,,,output/revision_topology/rev-topology-qwen25_3b-math-c2-s113-four_gpu/attempt-5045320/environment-5045320.json;output/revision_topology/rev-topology-qwen25_3b-math-c2-s113-four_gpu/attempt-5045320/gpu-memory-5045320.csv;output/revision_topology/rev-topology-qwen25_3b-math-c2-s113-four_gpu/attempt-5045320/gpu-telemetry-5045320.csv;output/revision_topology/rev-topology-qwen25_3b-math-c2-s113-four_gpu/attempt-5045320/phase-memory-5045320.csv;output/revision_topology/rev-topology-qwen25_3b-math-c2-s113-four_gpu/attempt-5045320/training-5045320.log;output/revision_topology/rev-topology-qwen25_3b-math-c2-s113-four_gpu/attempt-5045320/trial-5045320.json;output/revision_topology/rev-topology-qwen25_3b-math-c2-s113-four_gpu/trial-5045320.json,
attempt-895137c52b4e44c3,cfg-ef2331208f38fbaf,run-895137c52b4e44c3,batch_reservation,strong-factorial-qwen25_3b-grpo-math-joint-s96,5032060,1,completed,1,,,,output/strengthening_factorial/strong-factorial-qwen25_3b-grpo-math-joint-s96/environment-5032060.json;output/strengthening_factorial/strong-factorial-qwen25_3b-grpo-math-joint-s96/gpu-memory-5032060.csv;output/strengthening_factorial/strong-factorial-qwen25_3b-grpo-math-joint-s96/gpu-telemetry-5032060.csv;output/strengthening_factorial/strong-factorial-qwen25_3b-grpo-math-joint-s96/phase-memory-5032060.csv;output/strengthening_factorial/strong-factorial-qwen25_3b-grpo-math-joint-s96/training-5032060.log;output/strengthening_factorial/strong-factorial-qwen25_3b-grpo-math-joint-s96/trial-5032060.json,
attempt-8a76a65971de797d,cfg-2afbe250af9cd3e1,run-8a76a65971de797d,four_gpu,rev-topology-granite33_2b-math-c3-s112-four_gpu,5045425,1,completed,1,,,,output/revision_topology/rev-topology-granite33_2b-math-c3-s112-four_gpu/attempt-5045425/environment-5045425.json;output/revision_topology/rev-topology-granite33_2b-math-c3-s112-four_gpu/attempt-5045425/gpu-memory-5045425.csv;output/revision_topology/rev-topology-granite33_2b-math-c3-s112-four_gpu/attempt-5045425/gpu-telemetry-5045425.csv;output/revision_topology/rev-topology-granite33_2b-math-c3-s112-four_gpu/attempt-5045425/phase-memory-5045425.csv;output/revision_topology/rev-topology-granite33_2b-math-c3-s112-four_gpu/attempt-5045425/training-5045425.log;output/revision_topology/rev-topology-granite33_2b-math-c3-s112-four_gpu/attempt-5045425/trial-5045425.json;output/revision_topology/rev-topology-granite33_2b-math-c3-s112-four_gpu/trial-5045425.json,
attempt-8a9a9ddd6644f08c,cfg-8b7eb5281a925727,run-8a9a9ddd6644f08c,batch_reservation,strong-factorial-granite33_2b-grpo-gsm8k_long-joint-s94,5031401,1,completed,1,,,,output/strengthening_factorial/strong-factorial-granite33_2b-grpo-gsm8k_long-joint-s94/environment-5031401.json;output/strengthening_factorial/strong-factorial-granite33_2b-grpo-gsm8k_long-joint-s94/gpu-memory-5031401.csv;output/strengthening_factorial/strong-factorial-granite33_2b-grpo-gsm8k_long-joint-s94/gpu-telemetry-5031401.csv;output/strengthening_factorial/strong-factorial-granite33_2b-grpo-gsm8k_long-joint-s94/phase-memory-5031401.csv;output/strengthening_factorial/strong-factorial-granite33_2b-grpo-gsm8k_long-joint-s94/training-5031401.log;output/strengthening_factorial/strong-factorial-granite33_2b-grpo-gsm8k_long-joint-s94/trial-5031401.json,
attempt-8aa80c3f5af9da9c,cfg-00e028aa49d34e64,run-8aa80c3f5af9da9c,batch_reservation,strong-factorial-phi4_mini-grpo-gsm8k-joint-s95,5031808,1,completed,1,,,,output/strengthening_factorial/strong-factorial-phi4_mini-grpo-gsm8k-joint-s95/environment-5031808.json;output/strengthening_factorial/strong-factorial-phi4_mini-grpo-gsm8k-joint-s95/gpu-memory-5031808.csv;output/strengthening_factorial/strong-factorial-phi4_mini-grpo-gsm8k-joint-s95/gpu-telemetry-5031808.csv;output/strengthening_factorial/strong-factorial-phi4_mini-grpo-gsm8k-joint-s95/phase-memory-5031808.csv;output/strengthening_factorial/strong-factorial-phi4_mini-grpo-gsm8k-joint-s95/training-5031808.log;output/strengthening_factorial/strong-factorial-phi4_mini-grpo-gsm8k-joint-s95/trial-5031808.json,
attempt-8b2b10d9ebb7aedc,cfg-9c461415e6bb9702,run-8b2b10d9ebb7aedc,boundary,mr-xm-confirm-phi4_mini-grpo-code_standard-c0-s52,5002077,1,completed,1,,,,output/major_revision_cross_model_confirmatory/mr-xm-confirm-phi4_mini-grpo-code_standard-c0-s52/environment-5002077.json;output/major_revision_cross_model_confirmatory/mr-xm-confirm-phi4_mini-grpo-code_standard-c0-s52/gpu-memory-5002077.csv;output/major_revision_cross_model_confirmatory/mr-xm-confirm-phi4_mini-grpo-code_standard-c0-s52/gpu-telemetry-5002077.csv;output/major_revision_cross_model_confirmatory/mr-xm-confirm-phi4_mini-grpo-code_standard-c0-s52/phase-memory-5002077.csv;output/major_revision_cross_model_confirmatory/mr-xm-confirm-phi4_mini-grpo-code_standard-c0-s52/training-5002077.log;output/major_revision_cross_model_confirmatory/mr-xm-confirm-phi4_mini-grpo-code_standard-c0-s52/trial-5002077.json,
attempt-8b4685e33800b1dc,cfg-09d34ea9e791de94,run-8b4685e33800b1dc,batch_reservation,strong-factorial-qwen25_3b-grpo-gsm8k-reservation_only-s94,5032037,1,completed,1,,,,output/strengthening_factorial/strong-factorial-qwen25_3b-grpo-gsm8k-reservation_only-s94/environment-5032037.json;output/strengthening_factorial/strong-factorial-qwen25_3b-grpo-gsm8k-reservation_only-s94/gpu-memory-5032037.csv;output/strengthening_factorial/strong-factorial-qwen25_3b-grpo-gsm8k-reservation_only-s94/gpu-telemetry-5032037.csv;output/strengthening_factorial/strong-factorial-qwen25_3b-grpo-gsm8k-reservation_only-s94/phase-memory-5032037.csv;output/strengthening_factorial/strong-factorial-qwen25_3b-grpo-gsm8k-reservation_only-s94/training-5032037.log;output/strengthening_factorial/strong-factorial-qwen25_3b-grpo-gsm8k-reservation_only-s94/trial-5032037.json,
attempt-8bb1cd6e458ef024,cfg-7f23cab692546e3f,run-8bb1cd6e458ef024,boundary,strong-granite-confirmatory-grpo-code_standard-c5-s93,5031310,1,memory_failure,0,rollout_init_memory,,,output/strengthening_granite_confirmatory/strong-granite-confirmatory-grpo-code_standard-c5-s93/environment-5031310.json;output/strengthening_granite_confirmatory/strong-granite-confirmatory-grpo-code_standard-c5-s93/gpu-memory-5031310.csv;output/strengthening_granite_confirmatory/strong-granite-confirmatory-grpo-code_standard-c5-s93/gpu-telemetry-5031310.csv;output/strengthening_granite_confirmatory/strong-granite-confirmatory-grpo-code_standard-c5-s93/phase-memory-5031310.csv;output/strengthening_granite_confirmatory/strong-granite-confirmatory-grpo-code_standard-c5-s93/training-5031310.log;output/strengthening_granite_confirmatory/strong-granite-confirmatory-grpo-code_standard-c5-s93/trial-5031310.json,
attempt-8bd9e5dee6e735a9,cfg-e80b4f00d0546932,run-8bd9e5dee6e735a9,instrumentation,rev-instrumentation-granite33_2b-math-c3-s113-full,5045393,1,completed,1,,,,output/revision_instrumentation/rev-instrumentation-granite33_2b-math-c3-s113-full/attempt-5045393/environment-5045393.json;output/revision_instrumentation/rev-instrumentation-granite33_2b-math-c3-s113-full/attempt-5045393/gpu-memory-5045393.csv;output/revision_instrumentation/rev-instrumentation-granite33_2b-math-c3-s113-full/attempt-5045393/gpu-telemetry-5045393.csv;output/revision_instrumentation/rev-instrumentation-granite33_2b-math-c3-s113-full/attempt-5045393/phase-memory-5045393.csv;output/revision_instrumentation/rev-instrumentation-granite33_2b-math-c3-s113-full/attempt-5045393/training-5045393.log;output/revision_instrumentation/rev-instrumentation-granite33_2b-math-c3-s113-full/attempt-5045393/trial-5045393.json;output/revision_instrumentation/rev-instrumentation-granite33_2b-math-c3-s113-full/trial-5045393.json,
attempt-8bfb6430b45a7e6e,cfg-3fb18b33cd9f8bcf,run-8bfb6430b45a7e6e,state_release,strong-node-qwen25_3b-grpo-math-near_boundary-s81-p1-release,5031124,1,completed,1,,,,output/strengthening_same_node_residency/strong-node-qwen25_3b-grpo-math-near_boundary-s81-p1-release/environment-5031124.json;output/strengthening_same_node_residency/strong-node-qwen25_3b-grpo-math-near_boundary-s81-p1-release/gpu-memory-5031124.csv;output/strengthening_same_node_residency/strong-node-qwen25_3b-grpo-math-near_boundary-s81-p1-release/gpu-telemetry-5031124.csv;output/strengthening_same_node_residency/strong-node-qwen25_3b-grpo-math-near_boundary-s81-p1-release/phase-memory-5031124.csv;output/strengthening_same_node_residency/strong-node-qwen25_3b-grpo-math-near_boundary-s81-p1-release/training-5031124.log;output/strengthening_same_node_residency/strong-node-qwen25_3b-grpo-math-near_boundary-s81-p1-release/trial-5031124.json,
attempt-8c47ac8d04f9890f,cfg-5ff9621270e710ed,run-8c47ac8d04f9890f,four_gpu,rev-topology-phi4_mini-gsm8k-c4-s112-four_gpu,5045365,1,completed,1,,,,output/revision_topology/rev-topology-phi4_mini-gsm8k-c4-s112-four_gpu/attempt-5045365/environment-5045365.json;output/revision_topology/rev-topology-phi4_mini-gsm8k-c4-s112-four_gpu/attempt-5045365/gpu-memory-5045365.csv;output/revision_topology/rev-topology-phi4_mini-gsm8k-c4-s112-four_gpu/attempt-5045365/gpu-telemetry-5045365.csv;output/revision_topology/rev-topology-phi4_mini-gsm8k-c4-s112-four_gpu/attempt-5045365/phase-memory-5045365.csv;output/revision_topology/rev-topology-phi4_mini-gsm8k-c4-s112-four_gpu/attempt-5045365/training-5045365.log;output/revision_topology/rev-topology-phi4_mini-gsm8k-c4-s112-four_gpu/attempt-5045365/trial-5045365.json;output/revision_topology/rev-topology-phi4_mini-gsm8k-c4-s112-four_gpu/trial-5045365.json,
attempt-8c946830977ec19d,cfg-b5352215babfeba6,run-8c946830977ec19d,boundary,strong-granite-confirmatory-grpo-math_short-c2-s91,5031335,1,completed,1,,,,output/strengthening_granite_confirmatory/strong-granite-confirmatory-grpo-math_short-c2-s91/environment-5031335.json;output/strengthening_granite_confirmatory/strong-granite-confirmatory-grpo-math_short-c2-s91/gpu-memory-5031335.csv;output/strengthening_granite_confirmatory/strong-granite-confirmatory-grpo-math_short-c2-s91/gpu-telemetry-5031335.csv;output/strengthening_granite_confirmatory/strong-granite-confirmatory-grpo-math_short-c2-s91/phase-memory-5031335.csv;output/strengthening_granite_confirmatory/strong-granite-confirmatory-grpo-math_short-c2-s91/training-5031335.log;output/strengthening_granite_confirmatory/strong-granite-confirmatory-grpo-math_short-c2-s91/trial-5031335.json,
attempt-8c98b17fe9de9a21,cfg-997a5dca920f4fb3,run-8c98b17fe9de9a21,state_release,strong-node-qwen25_1p5b-grpo-gsm8k-near_boundary-s83-p2-resident,5031043,1,completed,1,,,,output/strengthening_same_node_residency/strong-node-qwen25_1p5b-grpo-gsm8k-near_boundary-s83-p2-resident/environment-5031043.json;output/strengthening_same_node_residency/strong-node-qwen25_1p5b-grpo-gsm8k-near_boundary-s83-p2-resident/gpu-memory-5031043.csv;output/strengthening_same_node_residency/strong-node-qwen25_1p5b-grpo-gsm8k-near_boundary-s83-p2-resident/gpu-telemetry-5031043.csv;output/strengthening_same_node_residency/strong-node-qwen25_1p5b-grpo-gsm8k-near_boundary-s83-p2-resident/phase-memory-5031043.csv;output/strengthening_same_node_residency/strong-node-qwen25_1p5b-grpo-gsm8k-near_boundary-s83-p2-resident/training-5031043.log;output/strengthening_same_node_residency/strong-node-qwen25_1p5b-grpo-gsm8k-near_boundary-s83-p2-resident/trial-5031043.json,
attempt-8e124d3b9f944cfd,cfg-331bb196cd92fe75,,temporal_100,strong-time-grpo-gsm8k-qwen25_3b-safe_margin-s92,5032255,0,no_trial_record,0,,temporal_cuda_ipc_weight_sync_failure,63,output/strengthening_temporal_phases/strong-time-grpo-gsm8k-qwen25_3b-safe_margin-s92/environment-5032255.json;output/strengthening_temporal_phases/strong-time-grpo-gsm8k-qwen25_3b-safe_margin-s92/gpu-memory-5032255.csv;output/strengthening_temporal_phases/strong-time-grpo-gsm8k-qwen25_3b-safe_margin-s92/gpu-telemetry-5032255.csv;output/strengthening_temporal_phases/strong-time-grpo-gsm8k-qwen25_3b-safe_margin-s92/phase-memory-5032255.csv;output/strengthening_temporal_phases/strong-time-grpo-gsm8k-qwen25_3b-safe_margin-s92/training-5032255.log,
attempt-8e4b4c22bcd53f57,cfg-aca3236b5ba27772,run-8e4b4c22bcd53f57,batch_logging_control,review-control-phi4_mini-gsm8k-s123-external_b8,5048576,1,completed,1,,,,output/review_instrumentation_batch/review-control-phi4_mini-gsm8k-s123-external_b8/trial-5048576.json,
attempt-8ea43778bf9b5067,cfg-1658eb2e3197050f,run-8ea43778bf9b5067,sampling_calibration,v2tel-05-qwen25_3b-grpo-gsm8k-safe_margin-100ms,4935217,1,completed,1,,,,output/benchmark_v2_telemetry_calibration/v2tel-05-qwen25_3b-grpo-gsm8k-safe_margin-100ms/environment-4935217.json;output/benchmark_v2_telemetry_calibration/v2tel-05-qwen25_3b-grpo-gsm8k-safe_margin-100ms/gpu-memory-4935217.csv;output/benchmark_v2_telemetry_calibration/v2tel-05-qwen25_3b-grpo-gsm8k-safe_margin-100ms/gpu-telemetry-4935217.csv;output/benchmark_v2_telemetry_calibration/v2tel-05-qwen25_3b-grpo-gsm8k-safe_margin-100ms/phase-memory-4935217.csv;output/benchmark_v2_telemetry_calibration/v2tel-05-qwen25_3b-grpo-gsm8k-safe_margin-100ms/training-4935217.log;output/benchmark_v2_telemetry_calibration/v2tel-05-qwen25_3b-grpo-gsm8k-safe_margin-100ms/trial-4935217.json,
attempt-8ec9bcbd30830d8f,cfg-db87c67536995ab0,run-8ec9bcbd30830d8f,boundary,mr-xm-confirm-qwen25_3b-grpo-code_standard-c1-s52,4999346,1,completed,1,,,,output/major_revision_cross_model_confirmatory/mr-xm-confirm-qwen25_3b-grpo-code_standard-c1-s52/environment-4999346.json;output/major_revision_cross_model_confirmatory/mr-xm-confirm-qwen25_3b-grpo-code_standard-c1-s52/gpu-memory-4999346.csv;output/major_revision_cross_model_confirmatory/mr-xm-confirm-qwen25_3b-grpo-code_standard-c1-s52/gpu-telemetry-4999346.csv;output/major_revision_cross_model_confirmatory/mr-xm-confirm-qwen25_3b-grpo-code_standard-c1-s52/phase-memory-4999346.csv;output/major_revision_cross_model_confirmatory/mr-xm-confirm-qwen25_3b-grpo-code_standard-c1-s52/training-4999346.log;output/major_revision_cross_model_confirmatory/mr-xm-confirm-qwen25_3b-grpo-code_standard-c1-s52/trial-4999346.json,
attempt-8eebab4c9ffc1cf6,cfg-a23a9ffc1f670139,run-8eebab4c9ffc1cf6,four_gpu,rev-topology-qwen25_3b-math-c4-s112-four_gpu,5045332,1,completed,1,,,,output/revision_topology/rev-topology-qwen25_3b-math-c4-s112-four_gpu/attempt-5045332/environment-5045332.json;output/revision_topology/rev-topology-qwen25_3b-math-c4-s112-four_gpu/attempt-5045332/gpu-memory-5045332.csv;output/revision_topology/rev-topology-qwen25_3b-math-c4-s112-four_gpu/attempt-5045332/gpu-telemetry-5045332.csv;output/revision_topology/rev-topology-qwen25_3b-math-c4-s112-four_gpu/attempt-5045332/phase-memory-5045332.csv;output/revision_topology/rev-topology-qwen25_3b-math-c4-s112-four_gpu/attempt-5045332/training-5045332.log;output/revision_topology/rev-topology-qwen25_3b-math-c4-s112-four_gpu/attempt-5045332/trial-5045332.json;output/revision_topology/rev-topology-qwen25_3b-math-c4-s112-four_gpu/trial-5045332.json,
attempt-8f73a1365b03aa7a,cfg-b062fc673112f583,run-8f73a1365b03aa7a,batch_reservation,strong-factorial-phi4_mini-grpo-code_heavy_tail-joint-s94,5031729,1,completed,1,,,,output/strengthening_factorial/strong-factorial-phi4_mini-grpo-code_heavy_tail-joint-s94/environment-5031729.json;output/strengthening_factorial/strong-factorial-phi4_mini-grpo-code_heavy_tail-joint-s94/gpu-memory-5031729.csv;output/strengthening_factorial/strong-factorial-phi4_mini-grpo-code_heavy_tail-joint-s94/gpu-telemetry-5031729.csv;output/strengthening_factorial/strong-factorial-phi4_mini-grpo-code_heavy_tail-joint-s94/phase-memory-5031729.csv;output/strengthening_factorial/strong-factorial-phi4_mini-grpo-code_heavy_tail-joint-s94/training-5031729.log;output/strengthening_factorial/strong-factorial-phi4_mini-grpo-code_heavy_tail-joint-s94/trial-5031729.json,
attempt-8f78ba2d1096067a,cfg-a28f89c750c3d53b,run-8f78ba2d1096067a,instrumentation,rev-instrumentation-qwen25_3b-gsm8k-c3-s112-external,5045284,1,completed,1,,,,output/revision_instrumentation/rev-instrumentation-qwen25_3b-gsm8k-c3-s112-external/attempt-5045284/environment-5045284.json;output/revision_instrumentation/rev-instrumentation-qwen25_3b-gsm8k-c3-s112-external/attempt-5045284/gpu-memory-5045284.csv;output/revision_instrumentation/rev-instrumentation-qwen25_3b-gsm8k-c3-s112-external/attempt-5045284/gpu-telemetry-5045284.csv;output/revision_instrumentation/rev-instrumentation-qwen25_3b-gsm8k-c3-s112-external/attempt-5045284/phase-memory-5045284.csv;output/revision_instrumentation/rev-instrumentation-qwen25_3b-gsm8k-c3-s112-external/attempt-5045284/training-5045284.log;output/revision_instrumentation/rev-instrumentation-qwen25_3b-gsm8k-c3-s112-external/attempt-5045284/trial-5045284.json;output/revision_instrumentation/rev-instrumentation-qwen25_3b-gsm8k-c3-s112-external/trial-5045284.json,
attempt-8fabf295ec0ee16c,cfg-b828e98cedba337e,run-8fabf295ec0ee16c,instrumentation,rev-instrumentation-qwen25_3b-math-c3-s113-full,5045315,1,completed,1,,,,output/revision_instrumentation/rev-instrumentation-qwen25_3b-math-c3-s113-full/attempt-5045315/environment-5045315.json;output/revision_instrumentation/rev-instrumentation-qwen25_3b-math-c3-s113-full/attempt-5045315/gpu-memory-5045315.csv;output/revision_instrumentation/rev-instrumentation-qwen25_3b-math-c3-s113-full/attempt-5045315/gpu-telemetry-5045315.csv;output/revision_instrumentation/rev-instrumentation-qwen25_3b-math-c3-s113-full/attempt-5045315/phase-memory-5045315.csv;output/revision_instrumentation/rev-instrumentation-qwen25_3b-math-c3-s113-full/attempt-5045315/training-5045315.log;output/revision_instrumentation/rev-instrumentation-qwen25_3b-math-c3-s113-full/attempt-5045315/trial-5045315.json;output/revision_instrumentation/rev-instrumentation-qwen25_3b-math-c3-s113-full/trial-5045315.json,
attempt-8fb7bae066fd9295,cfg-352f4dbc55fbcd3c,run-8fb7bae066fd9295,boundary,v2cf-confirm-qwen25_3b-grpo-gsm8k_long-c5-s42,4935851,1,memory_failure,0,rollout_init_memory,,,output/benchmark_v2_cross_family_confirmatory/v2cf-confirm-qwen25_3b-grpo-gsm8k_long-c5-s42/environment-4935851.json;output/benchmark_v2_cross_family_confirmatory/v2cf-confirm-qwen25_3b-grpo-gsm8k_long-c5-s42/gpu-memory-4935851.csv;output/benchmark_v2_cross_family_confirmatory/v2cf-confirm-qwen25_3b-grpo-gsm8k_long-c5-s42/gpu-telemetry-4935851.csv;output/benchmark_v2_cross_family_confirmatory/v2cf-confirm-qwen25_3b-grpo-gsm8k_long-c5-s42/phase-memory-4935851.csv;output/benchmark_v2_cross_family_confirmatory/v2cf-confirm-qwen25_3b-grpo-gsm8k_long-c5-s42/training-4935851.log;output/benchmark_v2_cross_family_confirmatory/v2cf-confirm-qwen25_3b-grpo-gsm8k_long-c5-s42/trial-4935851.json,
attempt-9018468e78b8f2db,cfg-714c540f76d9525d,run-9018468e78b8f2db,four_gpu,rev-topology-qwen25_3b-math-c3-s112-four_gpu,5045328,1,completed,1,,,,output/revision_topology/rev-topology-qwen25_3b-math-c3-s112-four_gpu/attempt-5045328/environment-5045328.json;output/revision_topology/rev-topology-qwen25_3b-math-c3-s112-four_gpu/attempt-5045328/gpu-memory-5045328.csv;output/revision_topology/rev-topology-qwen25_3b-math-c3-s112-four_gpu/attempt-5045328/gpu-telemetry-5045328.csv;output/revision_topology/rev-topology-qwen25_3b-math-c3-s112-four_gpu/attempt-5045328/phase-memory-5045328.csv;output/revision_topology/rev-topology-qwen25_3b-math-c3-s112-four_gpu/attempt-5045328/training-5045328.log;output/revision_topology/rev-topology-qwen25_3b-math-c3-s112-four_gpu/attempt-5045328/trial-5045328.json;output/revision_topology/rev-topology-qwen25_3b-math-c3-s112-four_gpu/trial-5045328.json,
attempt-907936a56bd1976f,cfg-c31171354027b928,run-907936a56bd1976f,batch_reservation,strong-factorial-qwen25_3b-grpo-code_standard-actor_only-s96,5032016,1,completed,1,,,,output/strengthening_factorial/strong-factorial-qwen25_3b-grpo-code_standard-actor_only-s96/environment-5032016.json;output/strengthening_factorial/strong-factorial-qwen25_3b-grpo-code_standard-actor_only-s96/gpu-memory-5032016.csv;output/strengthening_factorial/strong-factorial-qwen25_3b-grpo-code_standard-actor_only-s96/gpu-telemetry-5032016.csv;output/strengthening_factorial/strong-factorial-qwen25_3b-grpo-code_standard-actor_only-s96/phase-memory-5032016.csv;output/strengthening_factorial/strong-factorial-qwen25_3b-grpo-code_standard-actor_only-s96/training-5032016.log;output/strengthening_factorial/strong-factorial-qwen25_3b-grpo-code_standard-actor_only-s96/trial-5032016.json,
attempt-9084e20c27f93319,cfg-0f540d3f6fe4661b,run-9084e20c27f93319,boundary,v2cf-confirm-phi4_mini-grpo-math_short-c2-s43,4936290,1,completed,1,,,,output/benchmark_v2_cross_family_confirmatory/v2cf-confirm-phi4_mini-grpo-math_short-c2-s43/environment-4936290.json;output/benchmark_v2_cross_family_confirmatory/v2cf-confirm-phi4_mini-grpo-math_short-c2-s43/gpu-memory-4936290.csv;output/benchmark_v2_cross_family_confirmatory/v2cf-confirm-phi4_mini-grpo-math_short-c2-s43/gpu-telemetry-4936290.csv;output/benchmark_v2_cross_family_confirmatory/v2cf-confirm-phi4_mini-grpo-math_short-c2-s43/phase-memory-4936290.csv;output/benchmark_v2_cross_family_confirmatory/v2cf-confirm-phi4_mini-grpo-math_short-c2-s43/training-4936290.log;output/benchmark_v2_cross_family_confirmatory/v2cf-confirm-phi4_mini-grpo-math_short-c2-s43/trial-4936290.json,
attempt-909c138182059f4c,cfg-b8e90bd69c9744ea,run-909c138182059f4c,four_gpu,rev-topology-granite33_2b-gsm8k-c2-s113-four_gpu,5045389,1,completed,1,,,,output/revision_topology/rev-topology-granite33_2b-gsm8k-c2-s113-four_gpu/attempt-5045389/environment-5045389.json;output/revision_topology/rev-topology-granite33_2b-gsm8k-c2-s113-four_gpu/attempt-5045389/gpu-memory-5045389.csv;output/revision_topology/rev-topology-granite33_2b-gsm8k-c2-s113-four_gpu/attempt-5045389/gpu-telemetry-5045389.csv;output/revision_topology/rev-topology-granite33_2b-gsm8k-c2-s113-four_gpu/attempt-5045389/phase-memory-5045389.csv;output/revision_topology/rev-topology-granite33_2b-gsm8k-c2-s113-four_gpu/attempt-5045389/training-5045389.log;output/revision_topology/rev-topology-granite33_2b-gsm8k-c2-s113-four_gpu/attempt-5045389/trial-5045389.json;output/revision_topology/rev-topology-granite33_2b-gsm8k-c2-s113-four_gpu/trial-5045389.json,
attempt-91ecc37fc34cbfd3,cfg-b56fb353c2f2fa3e,,boundary,strong-granite-confirmatory-grpo-math_short-c0-s93,5031253,0,other_failure,0,runtime,granite_live_launcher_replacement_failure,,output/strengthening_granite_confirmatory/strong-granite-confirmatory-grpo-math_short-c0-s93/environment-5031253.json;output/strengthening_granite_confirmatory/strong-granite-confirmatory-grpo-math_short-c0-s93/gpu-memory-5031253.csv;output/strengthening_granite_confirmatory/strong-granite-confirmatory-grpo-math_short-c0-s93/gpu-telemetry-5031253.csv;output/strengthening_granite_confirmatory/strong-granite-confirmatory-grpo-math_short-c0-s93/phase-memory-5031253.csv;output/strengthening_granite_confirmatory/strong-granite-confirmatory-grpo-math_short-c0-s93/training-5031253.log;output/strengthening_granite_confirmatory/strong-granite-confirmatory-grpo-math_short-c0-s93/trial-5031253.json,
attempt-921b4dffbc988a80,cfg-7a0e81934d3398ee,run-921b4dffbc988a80,boundary,strong-granite-confirmatory-grpo-code_heavy_tail-c0-s92,5031312,1,completed,1,,,,output/strengthening_granite_confirmatory/strong-granite-confirmatory-grpo-code_heavy_tail-c0-s92/environment-5031312.json;output/strengthening_granite_confirmatory/strong-granite-confirmatory-grpo-code_heavy_tail-c0-s92/gpu-memory-5031312.csv;output/strengthening_granite_confirmatory/strong-granite-confirmatory-grpo-code_heavy_tail-c0-s92/gpu-telemetry-5031312.csv;output/strengthening_granite_confirmatory/strong-granite-confirmatory-grpo-code_heavy_tail-c0-s92/phase-memory-5031312.csv;output/strengthening_granite_confirmatory/strong-granite-confirmatory-grpo-code_heavy_tail-c0-s92/training-5031312.log;output/strengthening_granite_confirmatory/strong-granite-confirmatory-grpo-code_heavy_tail-c0-s92/trial-5031312.json,
attempt-92a34c6b24481e45,cfg-61c14de21a34d0e6,,boundary,strong-granite-confirmatory-grpo-code_standard-c4-s91,5031296,0,other_failure,0,distributed_port_collision,granite_vllm_replica_port_collision,,output/strengthening_granite_confirmatory/strong-granite-confirmatory-grpo-code_standard-c4-s91/environment-5031296.json;output/strengthening_granite_confirmatory/strong-granite-confirmatory-grpo-code_standard-c4-s91/gpu-memory-5031296.csv;output/strengthening_granite_confirmatory/strong-granite-confirmatory-grpo-code_standard-c4-s91/gpu-telemetry-5031296.csv;output/strengthening_granite_confirmatory/strong-granite-confirmatory-grpo-code_standard-c4-s91/phase-memory-5031296.csv;output/strengthening_granite_confirmatory/strong-granite-confirmatory-grpo-code_standard-c4-s91/training-5031296.log;output/strengthening_granite_confirmatory/strong-granite-confirmatory-grpo-code_standard-c4-s91/trial-5031296.json,
attempt-93715cb918add48f,cfg-6a4562db98b38d6f,run-93715cb918add48f,boundary,strong-granite-confirmatory-grpo-gsm8k_long-c4-s91,5031241,1,completed,1,,,,output/strengthening_granite_confirmatory/strong-granite-confirmatory-grpo-gsm8k_long-c4-s91/environment-5031241.json;output/strengthening_granite_confirmatory/strong-granite-confirmatory-grpo-gsm8k_long-c4-s91/gpu-memory-5031241.csv;output/strengthening_granite_confirmatory/strong-granite-confirmatory-grpo-gsm8k_long-c4-s91/gpu-telemetry-5031241.csv;output/strengthening_granite_confirmatory/strong-granite-confirmatory-grpo-gsm8k_long-c4-s91/phase-memory-5031241.csv;output/strengthening_granite_confirmatory/strong-granite-confirmatory-grpo-gsm8k_long-c4-s91/training-5031241.log;output/strengthening_granite_confirmatory/strong-granite-confirmatory-grpo-gsm8k_long-c4-s91/trial-5031241.json,
attempt-9443717b55610ca0,cfg-06e80279db3caed1,run-9443717b55610ca0,instrumentation,rev-instrumentation-phi4_mini-math-c2-s111-external,5045359,1,completed,1,,,,output/revision_instrumentation/rev-instrumentation-phi4_mini-math-c2-s111-external/attempt-5045359/environment-5045359.json;output/revision_instrumentation/rev-instrumentation-phi4_mini-math-c2-s111-external/attempt-5045359/gpu-memory-5045359.csv;output/revision_instrumentation/rev-instrumentation-phi4_mini-math-c2-s111-external/attempt-5045359/gpu-telemetry-5045359.csv;output/revision_instrumentation/rev-instrumentation-phi4_mini-math-c2-s111-external/attempt-5045359/phase-memory-5045359.csv;output/revision_instrumentation/rev-instrumentation-phi4_mini-math-c2-s111-external/attempt-5045359/training-5045359.log;output/revision_instrumentation/rev-instrumentation-phi4_mini-math-c2-s111-external/attempt-5045359/trial-5045359.json;output/revision_instrumentation/rev-instrumentation-phi4_mini-math-c2-s111-external/trial-5045359.json,
attempt-9499d09795d2def2,cfg-191bdf2aa4d09de2,run-9499d09795d2def2,batch_reservation,strong-factorial-phi4_mini-grpo-math-base-s94,5031823,1,completed,1,,,,output/strengthening_factorial/strong-factorial-phi4_mini-grpo-math-base-s94/environment-5031823.json;output/strengthening_factorial/strong-factorial-phi4_mini-grpo-math-base-s94/gpu-memory-5031823.csv;output/strengthening_factorial/strong-factorial-phi4_mini-grpo-math-base-s94/gpu-telemetry-5031823.csv;output/strengthening_factorial/strong-factorial-phi4_mini-grpo-math-base-s94/phase-memory-5031823.csv;output/strengthening_factorial/strong-factorial-phi4_mini-grpo-math-base-s94/training-5031823.log;output/strengthening_factorial/strong-factorial-phi4_mini-grpo-math-base-s94/trial-5031823.json,
attempt-95040ac597b1ac4f,cfg-3f0f48a3c570a0c8,run-95040ac597b1ac4f,boundary,v2cf-confirm-qwen25_3b-grpo-math_short-c0-s43,4935928,1,completed,1,,,,output/benchmark_v2_cross_family_confirmatory/v2cf-confirm-qwen25_3b-grpo-math_short-c0-s43/environment-4935928.json;output/benchmark_v2_cross_family_confirmatory/v2cf-confirm-qwen25_3b-grpo-math_short-c0-s43/gpu-memory-4935928.csv;output/benchmark_v2_cross_family_confirmatory/v2cf-confirm-qwen25_3b-grpo-math_short-c0-s43/gpu-telemetry-4935928.csv;output/benchmark_v2_cross_family_confirmatory/v2cf-confirm-qwen25_3b-grpo-math_short-c0-s43/phase-memory-4935928.csv;output/benchmark_v2_cross_family_confirmatory/v2cf-confirm-qwen25_3b-grpo-math_short-c0-s43/training-4935928.log;output/benchmark_v2_cross_family_confirmatory/v2cf-confirm-qwen25_3b-grpo-math_short-c0-s43/trial-4935928.json,
attempt-95d454a0de784954,cfg-b68e9036992511d4,run-95d454a0de784954,state_release,strong-node-qwen25_3b-grpo-math-safe_margin-s82-p2-resident,5031148,1,completed,1,,,,output/strengthening_same_node_residency/strong-node-qwen25_3b-grpo-math-safe_margin-s82-p2-resident/environment-5031148.json;output/strengthening_same_node_residency/strong-node-qwen25_3b-grpo-math-safe_margin-s82-p2-resident/gpu-memory-5031148.csv;output/strengthening_same_node_residency/strong-node-qwen25_3b-grpo-math-safe_margin-s82-p2-resident/gpu-telemetry-5031148.csv;output/strengthening_same_node_residency/strong-node-qwen25_3b-grpo-math-safe_margin-s82-p2-resident/phase-memory-5031148.csv;output/strengthening_same_node_residency/strong-node-qwen25_3b-grpo-math-safe_margin-s82-p2-resident/training-5031148.log;output/strengthening_same_node_residency/strong-node-qwen25_3b-grpo-math-safe_margin-s82-p2-resident/trial-5031148.json,
attempt-95e7d9a4cb2c4318,cfg-b5352215babfeba6,,boundary,strong-granite-confirmatory-grpo-math_short-c2-s92,5031259,0,other_failure,0,distributed_port_collision,granite_vllm_replica_port_collision,,output/strengthening_granite_confirmatory/strong-granite-confirmatory-grpo-math_short-c2-s92/environment-5031259.json;output/strengthening_granite_confirmatory/strong-granite-confirmatory-grpo-math_short-c2-s92/gpu-memory-5031259.csv;output/strengthening_granite_confirmatory/strong-granite-confirmatory-grpo-math_short-c2-s92/gpu-telemetry-5031259.csv;output/strengthening_granite_confirmatory/strong-granite-confirmatory-grpo-math_short-c2-s92/phase-memory-5031259.csv;output/strengthening_granite_confirmatory/strong-granite-confirmatory-grpo-math_short-c2-s92/training-5031259.log;output/strengthening_granite_confirmatory/strong-granite-confirmatory-grpo-math_short-c2-s92/trial-5031259.json,
attempt-96b1e14cfb255ab4,cfg-f009e9e3891c06f4,run-96b1e14cfb255ab4,boundary,v2cf-confirm-qwen25_3b-grpo-math_short-c3-s43,4935962,1,completed,1,,,,output/benchmark_v2_cross_family_confirmatory/v2cf-confirm-qwen25_3b-grpo-math_short-c3-s43/environment-4935962.json;output/benchmark_v2_cross_family_confirmatory/v2cf-confirm-qwen25_3b-grpo-math_short-c3-s43/gpu-memory-4935962.csv;output/benchmark_v2_cross_family_confirmatory/v2cf-confirm-qwen25_3b-grpo-math_short-c3-s43/gpu-telemetry-4935962.csv;output/benchmark_v2_cross_family_confirmatory/v2cf-confirm-qwen25_3b-grpo-math_short-c3-s43/phase-memory-4935962.csv;output/benchmark_v2_cross_family_confirmatory/v2cf-confirm-qwen25_3b-grpo-math_short-c3-s43/training-4935962.log;output/benchmark_v2_cross_family_confirmatory/v2cf-confirm-qwen25_3b-grpo-math_short-c3-s43/trial-4935962.json,
attempt-96cf5db0354c34ec,cfg-a28f89c750c3d53b,run-96cf5db0354c34ec,instrumentation,rev-instrumentation-qwen25_3b-gsm8k-c3-s113-external,5045363,1,completed,1,,,,output/revision_instrumentation/rev-instrumentation-qwen25_3b-gsm8k-c3-s113-external/attempt-5045363/environment-5045363.json;output/revision_instrumentation/rev-instrumentation-qwen25_3b-gsm8k-c3-s113-external/attempt-5045363/gpu-memory-5045363.csv;output/revision_instrumentation/rev-instrumentation-qwen25_3b-gsm8k-c3-s113-external/attempt-5045363/gpu-telemetry-5045363.csv;output/revision_instrumentation/rev-instrumentation-qwen25_3b-gsm8k-c3-s113-external/attempt-5045363/phase-memory-5045363.csv;output/revision_instrumentation/rev-instrumentation-qwen25_3b-gsm8k-c3-s113-external/attempt-5045363/training-5045363.log;output/revision_instrumentation/rev-instrumentation-qwen25_3b-gsm8k-c3-s113-external/attempt-5045363/trial-5045363.json;output/revision_instrumentation/rev-instrumentation-qwen25_3b-gsm8k-c3-s113-external/trial-5045363.json,
attempt-96d1ec522c318d86,cfg-5629d7e19157784a,run-96d1ec522c318d86,batch_reservation,strong-factorial-granite33_2b-grpo-code_heavy_tail-base-s94,5031336,1,completed,1,,,,output/strengthening_factorial/strong-factorial-granite33_2b-grpo-code_heavy_tail-base-s94/environment-5031336.json;output/strengthening_factorial/strong-factorial-granite33_2b-grpo-code_heavy_tail-base-s94/gpu-memory-5031336.csv;output/strengthening_factorial/strong-factorial-granite33_2b-grpo-code_heavy_tail-base-s94/gpu-telemetry-5031336.csv;output/strengthening_factorial/strong-factorial-granite33_2b-grpo-code_heavy_tail-base-s94/phase-memory-5031336.csv;output/strengthening_factorial/strong-factorial-granite33_2b-grpo-code_heavy_tail-base-s94/training-5031336.log;output/strengthening_factorial/strong-factorial-granite33_2b-grpo-code_heavy_tail-base-s94/trial-5031336.json,
attempt-96e54f650d95efd9,cfg-73c06764ba28a56b,run-96e54f650d95efd9,boundary,strong-granite-confirmatory-grpo-gsm8k_long-c3-s91,5031238,1,completed,1,,,,output/strengthening_granite_confirmatory/strong-granite-confirmatory-grpo-gsm8k_long-c3-s91/environment-5031238.json;output/strengthening_granite_confirmatory/strong-granite-confirmatory-grpo-gsm8k_long-c3-s91/gpu-memory-5031238.csv;output/strengthening_granite_confirmatory/strong-granite-confirmatory-grpo-gsm8k_long-c3-s91/gpu-telemetry-5031238.csv;output/strengthening_granite_confirmatory/strong-granite-confirmatory-grpo-gsm8k_long-c3-s91/phase-memory-5031238.csv;output/strengthening_granite_confirmatory/strong-granite-confirmatory-grpo-gsm8k_long-c3-s91/training-5031238.log;output/strengthening_granite_confirmatory/strong-granite-confirmatory-grpo-gsm8k_long-c3-s91/trial-5031238.json,
attempt-97620ec9c9c3dc7e,cfg-835067f7405e89a2,run-97620ec9c9c3dc7e,boundary,strong-granite-confirmatory-grpo-math_short-c3-s93,5031370,1,completed,1,,,,output/strengthening_granite_confirmatory/strong-granite-confirmatory-grpo-math_short-c3-s93/environment-5031370.json;output/strengthening_granite_confirmatory/strong-granite-confirmatory-grpo-math_short-c3-s93/gpu-memory-5031370.csv;output/strengthening_granite_confirmatory/strong-granite-confirmatory-grpo-math_short-c3-s93/gpu-telemetry-5031370.csv;output/strengthening_granite_confirmatory/strong-granite-confirmatory-grpo-math_short-c3-s93/phase-memory-5031370.csv;output/strengthening_granite_confirmatory/strong-granite-confirmatory-grpo-math_short-c3-s93/training-5031370.log;output/strengthening_granite_confirmatory/strong-granite-confirmatory-grpo-math_short-c3-s93/trial-5031370.json,
attempt-979f5f7ff36d264a,cfg-e953a598a19bb98a,run-979f5f7ff36d264a,sampling_calibration,v2tel-00-qwen25_1p5b-grpo-gsm8k-near_boundary-10ms,4935013,1,completed,1,,,,output/benchmark_v2_telemetry_calibration/v2tel-00-qwen25_1p5b-grpo-gsm8k-near_boundary-10ms/environment-4935013.json;output/benchmark_v2_telemetry_calibration/v2tel-00-qwen25_1p5b-grpo-gsm8k-near_boundary-10ms/gpu-memory-4935013.csv;output/benchmark_v2_telemetry_calibration/v2tel-00-qwen25_1p5b-grpo-gsm8k-near_boundary-10ms/gpu-telemetry-4935013.csv;output/benchmark_v2_telemetry_calibration/v2tel-00-qwen25_1p5b-grpo-gsm8k-near_boundary-10ms/phase-memory-4935013.csv;output/benchmark_v2_telemetry_calibration/v2tel-00-qwen25_1p5b-grpo-gsm8k-near_boundary-10ms/training-4935013.log;output/benchmark_v2_telemetry_calibration/v2tel-00-qwen25_1p5b-grpo-gsm8k-near_boundary-10ms/trial-4935013.json,
attempt-97ade81417a8f4f0,cfg-fb0b705fb78cbfa7,run-97ade81417a8f4f0,batch_reservation,strong-factorial-granite33_2b-grpo-code_standard-reservation_only-s96,5031322,1,completed,1,,,,output/strengthening_factorial/strong-factorial-granite33_2b-grpo-code_standard-reservation_only-s96/environment-5031322.json;output/strengthening_factorial/strong-factorial-granite33_2b-grpo-code_standard-reservation_only-s96/gpu-memory-5031322.csv;output/strengthening_factorial/strong-factorial-granite33_2b-grpo-code_standard-reservation_only-s96/gpu-telemetry-5031322.csv;output/strengthening_factorial/strong-factorial-granite33_2b-grpo-code_standard-reservation_only-s96/phase-memory-5031322.csv;output/strengthening_factorial/strong-factorial-granite33_2b-grpo-code_standard-reservation_only-s96/training-5031322.log;output/strengthening_factorial/strong-factorial-granite33_2b-grpo-code_standard-reservation_only-s96/trial-5031322.json,
attempt-97eacb8bb7f1eed2,cfg-f21b459aeb04a6a7,run-97eacb8bb7f1eed2,instrumentation,rev-instrumentation-qwen25_3b-math-c4-s111-external,5045317,1,memory_failure,0,rollout_init_memory,,,output/revision_instrumentation/rev-instrumentation-qwen25_3b-math-c4-s111-external/attempt-5045317/environment-5045317.json;output/revision_instrumentation/rev-instrumentation-qwen25_3b-math-c4-s111-external/attempt-5045317/gpu-memory-5045317.csv;output/revision_instrumentation/rev-instrumentation-qwen25_3b-math-c4-s111-external/attempt-5045317/gpu-telemetry-5045317.csv;output/revision_instrumentation/rev-instrumentation-qwen25_3b-math-c4-s111-external/attempt-5045317/phase-memory-5045317.csv;output/revision_instrumentation/rev-instrumentation-qwen25_3b-math-c4-s111-external/attempt-5045317/training-5045317.log;output/revision_instrumentation/rev-instrumentation-qwen25_3b-math-c4-s111-external/attempt-5045317/trial-5045317.json;output/revision_instrumentation/rev-instrumentation-qwen25_3b-math-c4-s111-external/trial-5045317.json,
attempt-9817a4e8563df9d7,cfg-2b2cf1d2c3374464,run-9817a4e8563df9d7,instrumentation,rev-instrumentation-granite33_2b-math-c4-s112-full,5045400,1,completed,1,,,,output/revision_instrumentation/rev-instrumentation-granite33_2b-math-c4-s112-full/attempt-5045400/environment-5045400.json;output/revision_instrumentation/rev-instrumentation-granite33_2b-math-c4-s112-full/attempt-5045400/gpu-memory-5045400.csv;output/revision_instrumentation/rev-instrumentation-granite33_2b-math-c4-s112-full/attempt-5045400/gpu-telemetry-5045400.csv;output/revision_instrumentation/rev-instrumentation-granite33_2b-math-c4-s112-full/attempt-5045400/phase-memory-5045400.csv;output/revision_instrumentation/rev-instrumentation-granite33_2b-math-c4-s112-full/attempt-5045400/training-5045400.log;output/revision_instrumentation/rev-instrumentation-granite33_2b-math-c4-s112-full/attempt-5045400/trial-5045400.json;output/revision_instrumentation/rev-instrumentation-granite33_2b-math-c4-s112-full/trial-5045400.json,
attempt-98ad4dd59aec2477,cfg-5839ccf95c2c1722,run-98ad4dd59aec2477,boundary,v2cf-confirm-qwen25_3b-grpo-gsm8k_long-c4-s42,4935829,1,memory_failure,0,weight_sync_oom,,,output/benchmark_v2_cross_family_confirmatory/v2cf-confirm-qwen25_3b-grpo-gsm8k_long-c4-s42/environment-4935829.json;output/benchmark_v2_cross_family_confirmatory/v2cf-confirm-qwen25_3b-grpo-gsm8k_long-c4-s42/gpu-memory-4935829.csv;output/benchmark_v2_cross_family_confirmatory/v2cf-confirm-qwen25_3b-grpo-gsm8k_long-c4-s42/gpu-telemetry-4935829.csv;output/benchmark_v2_cross_family_confirmatory/v2cf-confirm-qwen25_3b-grpo-gsm8k_long-c4-s42/phase-memory-4935829.csv;output/benchmark_v2_cross_family_confirmatory/v2cf-confirm-qwen25_3b-grpo-gsm8k_long-c4-s42/training-4935829.log;output/benchmark_v2_cross_family_confirmatory/v2cf-confirm-qwen25_3b-grpo-gsm8k_long-c4-s42/trial-4935829.json,
attempt-98b490c4a61cb3c9,cfg-ca36112516a10a19,run-98b490c4a61cb3c9,instrumentation,rev-instrumentation-phi4_mini-math-c3-s113-external,5045375,1,completed,1,,,,output/revision_instrumentation/rev-instrumentation-phi4_mini-math-c3-s113-external/attempt-5045375/environment-5045375.json;output/revision_instrumentation/rev-instrumentation-phi4_mini-math-c3-s113-external/attempt-5045375/gpu-memory-5045375.csv;output/revision_instrumentation/rev-instrumentation-phi4_mini-math-c3-s113-external/attempt-5045375/gpu-telemetry-5045375.csv;output/revision_instrumentation/rev-instrumentation-phi4_mini-math-c3-s113-external/attempt-5045375/phase-memory-5045375.csv;output/revision_instrumentation/rev-instrumentation-phi4_mini-math-c3-s113-external/attempt-5045375/training-5045375.log;output/revision_instrumentation/rev-instrumentation-phi4_mini-math-c3-s113-external/attempt-5045375/trial-5045375.json;output/revision_instrumentation/rev-instrumentation-phi4_mini-math-c3-s113-external/trial-5045375.json,
attempt-98f95b46d6eea118,cfg-d138048feeb8fe5d,run-98f95b46d6eea118,boundary,v2cf-confirm-phi4_mini-grpo-math_short-c4-s42,4936378,1,memory_failure,0,rollout_init_memory,,,output/benchmark_v2_cross_family_confirmatory/v2cf-confirm-phi4_mini-grpo-math_short-c4-s42/environment-4936378.json;output/benchmark_v2_cross_family_confirmatory/v2cf-confirm-phi4_mini-grpo-math_short-c4-s42/gpu-memory-4936378.csv;output/benchmark_v2_cross_family_confirmatory/v2cf-confirm-phi4_mini-grpo-math_short-c4-s42/gpu-telemetry-4936378.csv;output/benchmark_v2_cross_family_confirmatory/v2cf-confirm-phi4_mini-grpo-math_short-c4-s42/phase-memory-4936378.csv;output/benchmark_v2_cross_family_confirmatory/v2cf-confirm-phi4_mini-grpo-math_short-c4-s42/training-4936378.log;output/benchmark_v2_cross_family_confirmatory/v2cf-confirm-phi4_mini-grpo-math_short-c4-s42/trial-4936378.json,
attempt-99f2f96c6a0c8ad3,cfg-792be3e27c84b0cb,run-99f2f96c6a0c8ad3,temporal_40,v2time-grpo-math-qwen25_1p5b-one_step_unsafe-s41,4946927,1,completed,1,,,,output/benchmark_v2_temporal_confirmatory/v2time-grpo-math-qwen25_1p5b-one_step_unsafe-s41/environment-4946927.json;output/benchmark_v2_temporal_confirmatory/v2time-grpo-math-qwen25_1p5b-one_step_unsafe-s41/gpu-memory-4946927.csv;output/benchmark_v2_temporal_confirmatory/v2time-grpo-math-qwen25_1p5b-one_step_unsafe-s41/gpu-telemetry-4946927.csv;output/benchmark_v2_temporal_confirmatory/v2time-grpo-math-qwen25_1p5b-one_step_unsafe-s41/phase-memory-4946927.csv;output/benchmark_v2_temporal_confirmatory/v2time-grpo-math-qwen25_1p5b-one_step_unsafe-s41/training-4946927.log;output/benchmark_v2_temporal_confirmatory/v2time-grpo-math-qwen25_1p5b-one_step_unsafe-s41/trial-4946927.json,
attempt-9a76afca3a7dc937,cfg-c2d27e8a89945048,run-9a76afca3a7dc937,batch_reservation,strong-factorial-qwen25_3b-grpo-gsm8k-joint-s94,5032040,1,completed,1,,,,output/strengthening_factorial/strong-factorial-qwen25_3b-grpo-gsm8k-joint-s94/environment-5032040.json;output/strengthening_factorial/strong-factorial-qwen25_3b-grpo-gsm8k-joint-s94/gpu-memory-5032040.csv;output/strengthening_factorial/strong-factorial-qwen25_3b-grpo-gsm8k-joint-s94/gpu-telemetry-5032040.csv;output/strengthening_factorial/strong-factorial-qwen25_3b-grpo-gsm8k-joint-s94/phase-memory-5032040.csv;output/strengthening_factorial/strong-factorial-qwen25_3b-grpo-gsm8k-joint-s94/training-5032040.log;output/strengthening_factorial/strong-factorial-qwen25_3b-grpo-gsm8k-joint-s94/trial-5032040.json,
attempt-9b08db4701eecb01,cfg-1c5278f8be90a50a,run-9b08db4701eecb01,boundary,mr-xm-confirm-qwen25_3b-grpo-code_heavy_tail-c3-s51,5017491,1,completed,1,,,,output/major_revision_cross_model_confirmatory/mr-xm-confirm-qwen25_3b-grpo-code_heavy_tail-c3-s51/environment-5017491.json;output/major_revision_cross_model_confirmatory/mr-xm-confirm-qwen25_3b-grpo-code_heavy_tail-c3-s51/gpu-memory-5017491.csv;output/major_revision_cross_model_confirmatory/mr-xm-confirm-qwen25_3b-grpo-code_heavy_tail-c3-s51/gpu-telemetry-5017491.csv;output/major_revision_cross_model_confirmatory/mr-xm-confirm-qwen25_3b-grpo-code_heavy_tail-c3-s51/phase-memory-5017491.csv;output/major_revision_cross_model_confirmatory/mr-xm-confirm-qwen25_3b-grpo-code_heavy_tail-c3-s51/training-5017491.log;output/major_revision_cross_model_confirmatory/mr-xm-confirm-qwen25_3b-grpo-code_heavy_tail-c3-s51/trial-5017491.json,
attempt-9b6329f27acce5ef,cfg-3221cb24296b28df,run-9b6329f27acce5ef,instrumentation,rev-instrumentation-granite33_2b-math-c3-s112-external,5045391,1,completed,1,,,,output/revision_instrumentation/rev-instrumentation-granite33_2b-math-c3-s112-external/attempt-5045391/environment-5045391.json;output/revision_instrumentation/rev-instrumentation-granite33_2b-math-c3-s112-external/attempt-5045391/gpu-memory-5045391.csv;output/revision_instrumentation/rev-instrumentation-granite33_2b-math-c3-s112-external/attempt-5045391/gpu-telemetry-5045391.csv;output/revision_instrumentation/rev-instrumentation-granite33_2b-math-c3-s112-external/attempt-5045391/phase-memory-5045391.csv;output/revision_instrumentation/rev-instrumentation-granite33_2b-math-c3-s112-external/attempt-5045391/training-5045391.log;output/revision_instrumentation/rev-instrumentation-granite33_2b-math-c3-s112-external/attempt-5045391/trial-5045391.json;output/revision_instrumentation/rev-instrumentation-granite33_2b-math-c3-s112-external/trial-5045391.json,
attempt-9c5d68add6f3fe0b,cfg-7d5384d3ac8311c8,,horizon_followup,rev-temporal-phi4_mini-gsm8k-interpolated-s111-source,5045267,0,other_failure,0,environment,revision_native_phi_checkpoint_metadata,,output/revision_temporal/rev-temporal-phi4_mini-gsm8k-interpolated-s111-source/attempt-5045267/environment-5045267.json;output/revision_temporal/rev-temporal-phi4_mini-gsm8k-interpolated-s111-source/attempt-5045267/gpu-memory-5045267.csv;output/revision_temporal/rev-temporal-phi4_mini-gsm8k-interpolated-s111-source/attempt-5045267/gpu-telemetry-5045267.csv;output/revision_temporal/rev-temporal-phi4_mini-gsm8k-interpolated-s111-source/attempt-5045267/phase-memory-5045267.csv;output/revision_temporal/rev-temporal-phi4_mini-gsm8k-interpolated-s111-source/attempt-5045267/training-5045267.log;output/revision_temporal/rev-temporal-phi4_mini-gsm8k-interpolated-s111-source/attempt-5045267/trial-5045267.json;output/revision_temporal/rev-temporal-phi4_mini-gsm8k-interpolated-s111-source/trial-5045267.json,
attempt-9d6215588060920d,cfg-3f0f48a3c570a0c8,run-9d6215588060920d,boundary,v2cf-confirm-qwen25_3b-grpo-math_short-c0-s41,4935860,1,completed,1,,,,output/benchmark_v2_cross_family_confirmatory/v2cf-confirm-qwen25_3b-grpo-math_short-c0-s41/environment-4935860.json;output/benchmark_v2_cross_family_confirmatory/v2cf-confirm-qwen25_3b-grpo-math_short-c0-s41/gpu-memory-4935860.csv;output/benchmark_v2_cross_family_confirmatory/v2cf-confirm-qwen25_3b-grpo-math_short-c0-s41/gpu-telemetry-4935860.csv;output/benchmark_v2_cross_family_confirmatory/v2cf-confirm-qwen25_3b-grpo-math_short-c0-s41/phase-memory-4935860.csv;output/benchmark_v2_cross_family_confirmatory/v2cf-confirm-qwen25_3b-grpo-math_short-c0-s41/training-4935860.log;output/benchmark_v2_cross_family_confirmatory/v2cf-confirm-qwen25_3b-grpo-math_short-c0-s41/trial-4935860.json,
attempt-9df072fe46fb2357,cfg-f989b39cd682f07b,run-9df072fe46fb2357,batch_reservation,strong-factorial-granite33_2b-grpo-math_short-reservation_only-s94,5031432,1,completed,1,,,,output/strengthening_factorial/strong-factorial-granite33_2b-grpo-math_short-reservation_only-s94/environment-5031432.json;output/strengthening_factorial/strong-factorial-granite33_2b-grpo-math_short-reservation_only-s94/gpu-memory-5031432.csv;output/strengthening_factorial/strong-factorial-granite33_2b-grpo-math_short-reservation_only-s94/gpu-telemetry-5031432.csv;output/strengthening_factorial/strong-factorial-granite33_2b-grpo-math_short-reservation_only-s94/phase-memory-5031432.csv;output/strengthening_factorial/strong-factorial-granite33_2b-grpo-math_short-reservation_only-s94/training-5031432.log;output/strengthening_factorial/strong-factorial-granite33_2b-grpo-math_short-reservation_only-s94/trial-5031432.json,
attempt-9e3b1cee96b68011,cfg-2178e5e1edeaba78,run-9e3b1cee96b68011,batch_logging_control,review-control-qwen25_3b-code_heavy_tail-s122-full_b16,5048560,1,completed,1,,,,output/review_instrumentation_batch/review-control-qwen25_3b-code_heavy_tail-s122-full_b16/trial-5048560.json,
attempt-9e646c10cfc27008,cfg-7214bb5da77f58a0,run-9e646c10cfc27008,sampling_calibration,v2tel-06-qwen25_3b-grpo-math-near_boundary-100ms,4935255,1,completed,1,,,,output/benchmark_v2_telemetry_calibration/v2tel-06-qwen25_3b-grpo-math-near_boundary-100ms/environment-4935255.json;output/benchmark_v2_telemetry_calibration/v2tel-06-qwen25_3b-grpo-math-near_boundary-100ms/gpu-memory-4935255.csv;output/benchmark_v2_telemetry_calibration/v2tel-06-qwen25_3b-grpo-math-near_boundary-100ms/gpu-telemetry-4935255.csv;output/benchmark_v2_telemetry_calibration/v2tel-06-qwen25_3b-grpo-math-near_boundary-100ms/phase-memory-4935255.csv;output/benchmark_v2_telemetry_calibration/v2tel-06-qwen25_3b-grpo-math-near_boundary-100ms/training-4935255.log;output/benchmark_v2_telemetry_calibration/v2tel-06-qwen25_3b-grpo-math-near_boundary-100ms/trial-4935255.json,
attempt-9e91112a253c18f8,cfg-71a1a1a191bc4135,run-9e91112a253c18f8,instrumentation,rev-instrumentation-granite33_2b-gsm8k-c4-s113-external,5045387,1,completed,1,,,,output/revision_instrumentation/rev-instrumentation-granite33_2b-gsm8k-c4-s113-external/attempt-5045387/environment-5045387.json;output/revision_instrumentation/rev-instrumentation-granite33_2b-gsm8k-c4-s113-external/attempt-5045387/gpu-memory-5045387.csv;output/revision_instrumentation/rev-instrumentation-granite33_2b-gsm8k-c4-s113-external/attempt-5045387/gpu-telemetry-5045387.csv;output/revision_instrumentation/rev-instrumentation-granite33_2b-gsm8k-c4-s113-external/attempt-5045387/phase-memory-5045387.csv;output/revision_instrumentation/rev-instrumentation-granite33_2b-gsm8k-c4-s113-external/attempt-5045387/training-5045387.log;output/revision_instrumentation/rev-instrumentation-granite33_2b-gsm8k-c4-s113-external/attempt-5045387/trial-5045387.json;output/revision_instrumentation/rev-instrumentation-granite33_2b-gsm8k-c4-s113-external/trial-5045387.json,
attempt-9e9f49abfea3794e,cfg-f75b68f479767290,run-9e9f49abfea3794e,boundary,mr-xm-confirm-phi4_mini-grpo-code_standard-c1-s52,5002570,1,completed,1,,,,output/major_revision_cross_model_confirmatory/mr-xm-confirm-phi4_mini-grpo-code_standard-c1-s52/environment-5002570.json;output/major_revision_cross_model_confirmatory/mr-xm-confirm-phi4_mini-grpo-code_standard-c1-s52/gpu-memory-5002570.csv;output/major_revision_cross_model_confirmatory/mr-xm-confirm-phi4_mini-grpo-code_standard-c1-s52/gpu-telemetry-5002570.csv;output/major_revision_cross_model_confirmatory/mr-xm-confirm-phi4_mini-grpo-code_standard-c1-s52/phase-memory-5002570.csv;output/major_revision_cross_model_confirmatory/mr-xm-confirm-phi4_mini-grpo-code_standard-c1-s52/training-5002570.log;output/major_revision_cross_model_confirmatory/mr-xm-confirm-phi4_mini-grpo-code_standard-c1-s52/trial-5002570.json,
attempt-9eb2dc1a696c8d3b,cfg-08730ad4a3df95fa,,batch_reservation,strong-factorial-granite33_2b-grpo-code_heavy_tail-reservation_only-s94,5031288,0,other_failure,0,distributed_port_collision,factorial_vllm_replica_port_collision,,output/strengthening_factorial/strong-factorial-granite33_2b-grpo-code_heavy_tail-reservation_only-s94/environment-5031288.json;output/strengthening_factorial/strong-factorial-granite33_2b-grpo-code_heavy_tail-reservation_only-s94/gpu-memory-5031288.csv;output/strengthening_factorial/strong-factorial-granite33_2b-grpo-code_heavy_tail-reservation_only-s94/gpu-telemetry-5031288.csv;output/strengthening_factorial/strong-factorial-granite33_2b-grpo-code_heavy_tail-reservation_only-s94/phase-memory-5031288.csv;output/strengthening_factorial/strong-factorial-granite33_2b-grpo-code_heavy_tail-reservation_only-s94/training-5031288.log;output/strengthening_factorial/strong-factorial-granite33_2b-grpo-code_heavy_tail-reservation_only-s94/trial-5031288.json,
attempt-9ec2c6ffc99d1593,cfg-a46e1a352338ca99,run-9ec2c6ffc99d1593,instrumentation,rev-instrumentation-qwen25_3b-math-c3-s112-external,5045311,1,completed,1,,,,output/revision_instrumentation/rev-instrumentation-qwen25_3b-math-c3-s112-external/attempt-5045311/environment-5045311.json;output/revision_instrumentation/rev-instrumentation-qwen25_3b-math-c3-s112-external/attempt-5045311/gpu-memory-5045311.csv;output/revision_instrumentation/rev-instrumentation-qwen25_3b-math-c3-s112-external/attempt-5045311/gpu-telemetry-5045311.csv;output/revision_instrumentation/rev-instrumentation-qwen25_3b-math-c3-s112-external/attempt-5045311/phase-memory-5045311.csv;output/revision_instrumentation/rev-instrumentation-qwen25_3b-math-c3-s112-external/attempt-5045311/training-5045311.log;output/revision_instrumentation/rev-instrumentation-qwen25_3b-math-c3-s112-external/attempt-5045311/trial-5045311.json;output/revision_instrumentation/rev-instrumentation-qwen25_3b-math-c3-s112-external/trial-5045311.json,
attempt-9ee2119a6c5616f2,cfg-fd4d4789145230df,,boundary,strong-granite-confirmatory-grpo-math_short-c1-s92,5031256,0,other_failure,0,runtime,granite_live_launcher_replacement_failure,,output/strengthening_granite_confirmatory/strong-granite-confirmatory-grpo-math_short-c1-s92/environment-5031256.json;output/strengthening_granite_confirmatory/strong-granite-confirmatory-grpo-math_short-c1-s92/gpu-memory-5031256.csv;output/strengthening_granite_confirmatory/strong-granite-confirmatory-grpo-math_short-c1-s92/gpu-telemetry-5031256.csv;output/strengthening_granite_confirmatory/strong-granite-confirmatory-grpo-math_short-c1-s92/phase-memory-5031256.csv;output/strengthening_granite_confirmatory/strong-granite-confirmatory-grpo-math_short-c1-s92/training-5031256.log;output/strengthening_granite_confirmatory/strong-granite-confirmatory-grpo-math_short-c1-s92/trial-5031256.json,
attempt-9f0eeddbd9d966e8,cfg-352f4dbc55fbcd3c,run-9f0eeddbd9d966e8,boundary,v2cf-confirm-qwen25_3b-grpo-gsm8k_long-c5-s43,4935857,1,memory_failure,0,rollout_init_memory,,,output/benchmark_v2_cross_family_confirmatory/v2cf-confirm-qwen25_3b-grpo-gsm8k_long-c5-s43/environment-4935857.json;output/benchmark_v2_cross_family_confirmatory/v2cf-confirm-qwen25_3b-grpo-gsm8k_long-c5-s43/gpu-memory-4935857.csv;output/benchmark_v2_cross_family_confirmatory/v2cf-confirm-qwen25_3b-grpo-gsm8k_long-c5-s43/gpu-telemetry-4935857.csv;output/benchmark_v2_cross_family_confirmatory/v2cf-confirm-qwen25_3b-grpo-gsm8k_long-c5-s43/phase-memory-4935857.csv;output/benchmark_v2_cross_family_confirmatory/v2cf-confirm-qwen25_3b-grpo-gsm8k_long-c5-s43/training-4935857.log;output/benchmark_v2_cross_family_confirmatory/v2cf-confirm-qwen25_3b-grpo-gsm8k_long-c5-s43/trial-4935857.json,
attempt-9f15bffe19c1c78c,cfg-fad1b555f8b37235,run-9f15bffe19c1c78c,boundary,mr-xm-confirm-qwen25_3b-grpo-code_heavy_tail-c5-s51,4999841,1,memory_failure,0,rollout_init_memory,,,output/major_revision_cross_model_confirmatory/mr-xm-confirm-qwen25_3b-grpo-code_heavy_tail-c5-s51/environment-4999841.json;output/major_revision_cross_model_confirmatory/mr-xm-confirm-qwen25_3b-grpo-code_heavy_tail-c5-s51/gpu-memory-4999841.csv;output/major_revision_cross_model_confirmatory/mr-xm-confirm-qwen25_3b-grpo-code_heavy_tail-c5-s51/gpu-telemetry-4999841.csv;output/major_revision_cross_model_confirmatory/mr-xm-confirm-qwen25_3b-grpo-code_heavy_tail-c5-s51/phase-memory-4999841.csv;output/major_revision_cross_model_confirmatory/mr-xm-confirm-qwen25_3b-grpo-code_heavy_tail-c5-s51/training-4999841.log;output/major_revision_cross_model_confirmatory/mr-xm-confirm-qwen25_3b-grpo-code_heavy_tail-c5-s51/trial-4999841.json,
attempt-9f283ec721e67451,cfg-211b6fafd167a310,run-9f283ec721e67451,batch_reservation,strong-factorial-phi4_mini-grpo-math-actor_only-s95,5031836,1,completed,1,,,,output/strengthening_factorial/strong-factorial-phi4_mini-grpo-math-actor_only-s95/environment-5031836.json;output/strengthening_factorial/strong-factorial-phi4_mini-grpo-math-actor_only-s95/gpu-memory-5031836.csv;output/strengthening_factorial/strong-factorial-phi4_mini-grpo-math-actor_only-s95/gpu-telemetry-5031836.csv;output/strengthening_factorial/strong-factorial-phi4_mini-grpo-math-actor_only-s95/phase-memory-5031836.csv;output/strengthening_factorial/strong-factorial-phi4_mini-grpo-math-actor_only-s95/training-5031836.log;output/strengthening_factorial/strong-factorial-phi4_mini-grpo-math-actor_only-s95/trial-5031836.json,
attempt-9fb8dbd609751dcc,cfg-8a39420e5b484230,run-9fb8dbd609751dcc,batch_reservation,strong-factorial-phi4_mini-grpo-math-reservation_only-s96,5031856,1,completed,1,,,,output/strengthening_factorial/strong-factorial-phi4_mini-grpo-math-reservation_only-s96/environment-5031856.json;output/strengthening_factorial/strong-factorial-phi4_mini-grpo-math-reservation_only-s96/gpu-memory-5031856.csv;output/strengthening_factorial/strong-factorial-phi4_mini-grpo-math-reservation_only-s96/gpu-telemetry-5031856.csv;output/strengthening_factorial/strong-factorial-phi4_mini-grpo-math-reservation_only-s96/phase-memory-5031856.csv;output/strengthening_factorial/strong-factorial-phi4_mini-grpo-math-reservation_only-s96/training-5031856.log;output/strengthening_factorial/strong-factorial-phi4_mini-grpo-math-reservation_only-s96/trial-5031856.json,
attempt-a093daaea44fd511,cfg-5629d7e19157784a,,batch_reservation,strong-factorial-granite33_2b-grpo-code_heavy_tail-base-s95,5031283,0,other_failure,0,distributed_port_collision,factorial_vllm_replica_port_collision,,output/strengthening_factorial/strong-factorial-granite33_2b-grpo-code_heavy_tail-base-s95/environment-5031283.json;output/strengthening_factorial/strong-factorial-granite33_2b-grpo-code_heavy_tail-base-s95/gpu-memory-5031283.csv;output/strengthening_factorial/strong-factorial-granite33_2b-grpo-code_heavy_tail-base-s95/gpu-telemetry-5031283.csv;output/strengthening_factorial/strong-factorial-granite33_2b-grpo-code_heavy_tail-base-s95/phase-memory-5031283.csv;output/strengthening_factorial/strong-factorial-granite33_2b-grpo-code_heavy_tail-base-s95/training-5031283.log;output/strengthening_factorial/strong-factorial-granite33_2b-grpo-code_heavy_tail-base-s95/trial-5031283.json,
attempt-a0a5ea3f945fb444,cfg-831b7ab9490a8a5f,run-a0a5ea3f945fb444,batch_logging_control,review-control-phi4_mini-gsm8k-s122-full_b16,5048577,1,completed,1,,,,output/review_instrumentation_batch/review-control-phi4_mini-gsm8k-s122-full_b16/trial-5048577.json,
attempt-a1aa42155011745d,cfg-338d9224eb9d2f3a,run-a1aa42155011745d,boundary,v2cf-confirm-qwen25_3b-grpo-gsm8k_long-c2-s43,4935813,1,completed,1,,,,output/benchmark_v2_cross_family_confirmatory/v2cf-confirm-qwen25_3b-grpo-gsm8k_long-c2-s43/environment-4935813.json;output/benchmark_v2_cross_family_confirmatory/v2cf-confirm-qwen25_3b-grpo-gsm8k_long-c2-s43/gpu-memory-4935813.csv;output/benchmark_v2_cross_family_confirmatory/v2cf-confirm-qwen25_3b-grpo-gsm8k_long-c2-s43/gpu-telemetry-4935813.csv;output/benchmark_v2_cross_family_confirmatory/v2cf-confirm-qwen25_3b-grpo-gsm8k_long-c2-s43/phase-memory-4935813.csv;output/benchmark_v2_cross_family_confirmatory/v2cf-confirm-qwen25_3b-grpo-gsm8k_long-c2-s43/training-4935813.log;output/benchmark_v2_cross_family_confirmatory/v2cf-confirm-qwen25_3b-grpo-gsm8k_long-c2-s43/trial-4935813.json,
attempt-a1be9d3b05995de6,cfg-44b1b60788cfb061,run-a1be9d3b05995de6,state_release,strong-node-qwen25_3b-grpo-gsm8k-safe_margin-s82-p1-release,5031103,1,completed,1,,,,output/strengthening_same_node_residency/strong-node-qwen25_3b-grpo-gsm8k-safe_margin-s82-p1-release/environment-5031103.json;output/strengthening_same_node_residency/strong-node-qwen25_3b-grpo-gsm8k-safe_margin-s82-p1-release/gpu-memory-5031103.csv;output/strengthening_same_node_residency/strong-node-qwen25_3b-grpo-gsm8k-safe_margin-s82-p1-release/gpu-telemetry-5031103.csv;output/strengthening_same_node_residency/strong-node-qwen25_3b-grpo-gsm8k-safe_margin-s82-p1-release/phase-memory-5031103.csv;output/strengthening_same_node_residency/strong-node-qwen25_3b-grpo-gsm8k-safe_margin-s82-p1-release/training-5031103.log;output/strengthening_same_node_residency/strong-node-qwen25_3b-grpo-gsm8k-safe_margin-s82-p1-release/trial-5031103.json,
attempt-a1d85b307c34f9e8,cfg-00e028aa49d34e64,run-a1d85b307c34f9e8,batch_reservation,strong-factorial-phi4_mini-grpo-gsm8k-joint-s96,5031812,1,completed,1,,,,output/strengthening_factorial/strong-factorial-phi4_mini-grpo-gsm8k-joint-s96/environment-5031812.json;output/strengthening_factorial/strong-factorial-phi4_mini-grpo-gsm8k-joint-s96/gpu-memory-5031812.csv;output/strengthening_factorial/strong-factorial-phi4_mini-grpo-gsm8k-joint-s96/gpu-telemetry-5031812.csv;output/strengthening_factorial/strong-factorial-phi4_mini-grpo-gsm8k-joint-s96/phase-memory-5031812.csv;output/strengthening_factorial/strong-factorial-phi4_mini-grpo-gsm8k-joint-s96/training-5031812.log;output/strengthening_factorial/strong-factorial-phi4_mini-grpo-gsm8k-joint-s96/trial-5031812.json,
attempt-a21349864d25ee2e,cfg-a330fc0dc0b46c34,run-a21349864d25ee2e,horizon_followup,rev-temporal-granite33_2b-gsm8k-interpolated-s111-long,5045341,1,completed,1,,,,output/revision_temporal/rev-temporal-granite33_2b-gsm8k-interpolated-s111-long/attempt-5045341/environment-5045341.json;output/revision_temporal/rev-temporal-granite33_2b-gsm8k-interpolated-s111-long/attempt-5045341/gpu-memory-5045341.csv;output/revision_temporal/rev-temporal-granite33_2b-gsm8k-interpolated-s111-long/attempt-5045341/gpu-telemetry-5045341.csv;output/revision_temporal/rev-temporal-granite33_2b-gsm8k-interpolated-s111-long/attempt-5045341/phase-memory-5045341.csv;output/revision_temporal/rev-temporal-granite33_2b-gsm8k-interpolated-s111-long/attempt-5045341/training-5045341.log;output/revision_temporal/rev-temporal-granite33_2b-gsm8k-interpolated-s111-long/attempt-5045341/trial-5045341.json;output/revision_temporal/rev-temporal-granite33_2b-gsm8k-interpolated-s111-long/trial-5045341.json,
attempt-a30685eae2a6b832,cfg-3221cb24296b28df,run-a30685eae2a6b832,instrumentation,rev-instrumentation-granite33_2b-math-c3-s111-external,5045390,1,completed,1,,,,output/revision_instrumentation/rev-instrumentation-granite33_2b-math-c3-s111-external/attempt-5045390/environment-5045390.json;output/revision_instrumentation/rev-instrumentation-granite33_2b-math-c3-s111-external/attempt-5045390/gpu-memory-5045390.csv;output/revision_instrumentation/rev-instrumentation-granite33_2b-math-c3-s111-external/attempt-5045390/gpu-telemetry-5045390.csv;output/revision_instrumentation/rev-instrumentation-granite33_2b-math-c3-s111-external/attempt-5045390/phase-memory-5045390.csv;output/revision_instrumentation/rev-instrumentation-granite33_2b-math-c3-s111-external/attempt-5045390/training-5045390.log;output/revision_instrumentation/rev-instrumentation-granite33_2b-math-c3-s111-external/attempt-5045390/trial-5045390.json;output/revision_instrumentation/rev-instrumentation-granite33_2b-math-c3-s111-external/trial-5045390.json,
attempt-a309b76c39fb1502,cfg-fbe1c0422f98cb38,run-a309b76c39fb1502,boundary,strong-granite-confirmatory-grpo-gsm8k_long-c2-s93,5031237,1,completed,1,,,,output/strengthening_granite_confirmatory/strong-granite-confirmatory-grpo-gsm8k_long-c2-s93/environment-5031237.json;output/strengthening_granite_confirmatory/strong-granite-confirmatory-grpo-gsm8k_long-c2-s93/gpu-memory-5031237.csv;output/strengthening_granite_confirmatory/strong-granite-confirmatory-grpo-gsm8k_long-c2-s93/gpu-telemetry-5031237.csv;output/strengthening_granite_confirmatory/strong-granite-confirmatory-grpo-gsm8k_long-c2-s93/phase-memory-5031237.csv;output/strengthening_granite_confirmatory/strong-granite-confirmatory-grpo-gsm8k_long-c2-s93/training-5031237.log;output/strengthening_granite_confirmatory/strong-granite-confirmatory-grpo-gsm8k_long-c2-s93/trial-5031237.json,
attempt-a3da3a6fee026dae,cfg-9f624ec22aa3dde0,run-a3da3a6fee026dae,four_gpu,rev-topology-granite33_2b-math-c4-s113-four_gpu,5045283,1,completed,1,,,,output/revision_topology/rev-topology-granite33_2b-math-c4-s113-four_gpu/attempt-5045283/environment-5045283.json;output/revision_topology/rev-topology-granite33_2b-math-c4-s113-four_gpu/attempt-5045283/gpu-memory-5045283.csv;output/revision_topology/rev-topology-granite33_2b-math-c4-s113-four_gpu/attempt-5045283/gpu-telemetry-5045283.csv;output/revision_topology/rev-topology-granite33_2b-math-c4-s113-four_gpu/attempt-5045283/phase-memory-5045283.csv;output/revision_topology/rev-topology-granite33_2b-math-c4-s113-four_gpu/attempt-5045283/training-5045283.log;output/revision_topology/rev-topology-granite33_2b-math-c4-s113-four_gpu/attempt-5045283/trial-5045283.json;output/revision_topology/rev-topology-granite33_2b-math-c4-s113-four_gpu/trial-5045283.json,
attempt-a46b9fea0e1480b8,cfg-e91942abb5b4f847,run-a46b9fea0e1480b8,boundary,mr-xm-confirm-qwen25_3b-grpo-code_heavy_tail-c2-s53,4999701,1,completed,1,,,,output/major_revision_cross_model_confirmatory/mr-xm-confirm-qwen25_3b-grpo-code_heavy_tail-c2-s53/environment-4999701.json;output/major_revision_cross_model_confirmatory/mr-xm-confirm-qwen25_3b-grpo-code_heavy_tail-c2-s53/gpu-memory-4999701.csv;output/major_revision_cross_model_confirmatory/mr-xm-confirm-qwen25_3b-grpo-code_heavy_tail-c2-s53/gpu-telemetry-4999701.csv;output/major_revision_cross_model_confirmatory/mr-xm-confirm-qwen25_3b-grpo-code_heavy_tail-c2-s53/phase-memory-4999701.csv;output/major_revision_cross_model_confirmatory/mr-xm-confirm-qwen25_3b-grpo-code_heavy_tail-c2-s53/training-4999701.log;output/major_revision_cross_model_confirmatory/mr-xm-confirm-qwen25_3b-grpo-code_heavy_tail-c2-s53/trial-4999701.json,
attempt-a478e7e097189176,cfg-0f8a31ef7ac4c551,run-a478e7e097189176,boundary,v2cf-confirm-phi4_mini-grpo-math_short-c1-s41,4935669,1,completed,1,,,,output/benchmark_v2_cross_family_confirmatory/v2cf-confirm-phi4_mini-grpo-math_short-c1-s41/environment-4935669.json;output/benchmark_v2_cross_family_confirmatory/v2cf-confirm-phi4_mini-grpo-math_short-c1-s41/gpu-memory-4935669.csv;output/benchmark_v2_cross_family_confirmatory/v2cf-confirm-phi4_mini-grpo-math_short-c1-s41/gpu-telemetry-4935669.csv;output/benchmark_v2_cross_family_confirmatory/v2cf-confirm-phi4_mini-grpo-math_short-c1-s41/phase-memory-4935669.csv;output/benchmark_v2_cross_family_confirmatory/v2cf-confirm-phi4_mini-grpo-math_short-c1-s41/training-4935669.log;output/benchmark_v2_cross_family_confirmatory/v2cf-confirm-phi4_mini-grpo-math_short-c1-s41/trial-4935669.json,
attempt-a536ad7df271fed1,cfg-73498805917fd151,run-a536ad7df271fed1,instrumentation,rev-instrumentation-granite33_2b-gsm8k-c3-s112-external,5045378,1,completed,1,,,,output/revision_instrumentation/rev-instrumentation-granite33_2b-gsm8k-c3-s112-external/attempt-5045378/environment-5045378.json;output/revision_instrumentation/rev-instrumentation-granite33_2b-gsm8k-c3-s112-external/attempt-5045378/gpu-memory-5045378.csv;output/revision_instrumentation/rev-instrumentation-granite33_2b-gsm8k-c3-s112-external/attempt-5045378/gpu-telemetry-5045378.csv;output/revision_instrumentation/rev-instrumentation-granite33_2b-gsm8k-c3-s112-external/attempt-5045378/phase-memory-5045378.csv;output/revision_instrumentation/rev-instrumentation-granite33_2b-gsm8k-c3-s112-external/attempt-5045378/training-5045378.log;output/revision_instrumentation/rev-instrumentation-granite33_2b-gsm8k-c3-s112-external/attempt-5045378/trial-5045378.json;output/revision_instrumentation/rev-instrumentation-granite33_2b-gsm8k-c3-s112-external/trial-5045378.json,
attempt-a55d1210847f469f,cfg-a5e8503dbdd188ac,run-a55d1210847f469f,batch_reservation,strong-factorial-phi4_mini-grpo-code_standard-joint-s96,5031772,1,completed,1,,,,output/strengthening_factorial/strong-factorial-phi4_mini-grpo-code_standard-joint-s96/environment-5031772.json;output/strengthening_factorial/strong-factorial-phi4_mini-grpo-code_standard-joint-s96/gpu-memory-5031772.csv;output/strengthening_factorial/strong-factorial-phi4_mini-grpo-code_standard-joint-s96/gpu-telemetry-5031772.csv;output/strengthening_factorial/strong-factorial-phi4_mini-grpo-code_standard-joint-s96/phase-memory-5031772.csv;output/strengthening_factorial/strong-factorial-phi4_mini-grpo-code_standard-joint-s96/training-5031772.log;output/strengthening_factorial/strong-factorial-phi4_mini-grpo-code_standard-joint-s96/trial-5031772.json,
attempt-a5b8f82a3d5ca2f1,cfg-bae2977da7957f72,run-a5b8f82a3d5ca2f1,boundary,strong-granite-confirmatory-grpo-code_standard-c0-s93,5031411,1,completed,1,,,,output/strengthening_granite_confirmatory/strong-granite-confirmatory-grpo-code_standard-c0-s93/environment-5031411.json;output/strengthening_granite_confirmatory/strong-granite-confirmatory-grpo-code_standard-c0-s93/gpu-memory-5031411.csv;output/strengthening_granite_confirmatory/strong-granite-confirmatory-grpo-code_standard-c0-s93/gpu-telemetry-5031411.csv;output/strengthening_granite_confirmatory/strong-granite-confirmatory-grpo-code_standard-c0-s93/phase-memory-5031411.csv;output/strengthening_granite_confirmatory/strong-granite-confirmatory-grpo-code_standard-c0-s93/training-5031411.log;output/strengthening_granite_confirmatory/strong-granite-confirmatory-grpo-code_standard-c0-s93/trial-5031411.json,
attempt-a5f3a4a96ab6aa68,cfg-0f8a31ef7ac4c551,run-a5f3a4a96ab6aa68,boundary,v2cf-confirm-phi4_mini-grpo-math_short-c1-s42,4935675,1,completed,1,,,,output/benchmark_v2_cross_family_confirmatory/v2cf-confirm-phi4_mini-grpo-math_short-c1-s42/environment-4935675.json;output/benchmark_v2_cross_family_confirmatory/v2cf-confirm-phi4_mini-grpo-math_short-c1-s42/gpu-memory-4935675.csv;output/benchmark_v2_cross_family_confirmatory/v2cf-confirm-phi4_mini-grpo-math_short-c1-s42/gpu-telemetry-4935675.csv;output/benchmark_v2_cross_family_confirmatory/v2cf-confirm-phi4_mini-grpo-math_short-c1-s42/phase-memory-4935675.csv;output/benchmark_v2_cross_family_confirmatory/v2cf-confirm-phi4_mini-grpo-math_short-c1-s42/training-4935675.log;output/benchmark_v2_cross_family_confirmatory/v2cf-confirm-phi4_mini-grpo-math_short-c1-s42/trial-4935675.json,
attempt-a5fbb437c8d98b3c,cfg-cadb236b55d403e1,run-a5fbb437c8d98b3c,horizon_followup,rev-temporal-phi4_mini-gsm8k-interpolated-s111-long,5045281,1,completed,1,,,,output/revision_temporal/rev-temporal-phi4_mini-gsm8k-interpolated-s111-long/attempt-5045281/environment-5045281.json;output/revision_temporal/rev-temporal-phi4_mini-gsm8k-interpolated-s111-long/attempt-5045281/gpu-memory-5045281.csv;output/revision_temporal/rev-temporal-phi4_mini-gsm8k-interpolated-s111-long/attempt-5045281/gpu-telemetry-5045281.csv;output/revision_temporal/rev-temporal-phi4_mini-gsm8k-interpolated-s111-long/attempt-5045281/phase-memory-5045281.csv;output/revision_temporal/rev-temporal-phi4_mini-gsm8k-interpolated-s111-long/attempt-5045281/training-5045281.log;output/revision_temporal/rev-temporal-phi4_mini-gsm8k-interpolated-s111-long/attempt-5045281/trial-5045281.json;output/revision_temporal/rev-temporal-phi4_mini-gsm8k-interpolated-s111-long/trial-5045281.json,
attempt-a6af463eed976a43,cfg-c3f0ad157d299d39,run-a6af463eed976a43,boundary,strong-granite-confirmatory-grpo-code_standard-c3-s92,5031383,1,completed,1,,,,output/strengthening_granite_confirmatory/strong-granite-confirmatory-grpo-code_standard-c3-s92/environment-5031383.json;output/strengthening_granite_confirmatory/strong-granite-confirmatory-grpo-code_standard-c3-s92/gpu-memory-5031383.csv;output/strengthening_granite_confirmatory/strong-granite-confirmatory-grpo-code_standard-c3-s92/gpu-telemetry-5031383.csv;output/strengthening_granite_confirmatory/strong-granite-confirmatory-grpo-code_standard-c3-s92/phase-memory-5031383.csv;output/strengthening_granite_confirmatory/strong-granite-confirmatory-grpo-code_standard-c3-s92/training-5031383.log;output/strengthening_granite_confirmatory/strong-granite-confirmatory-grpo-code_standard-c3-s92/trial-5031383.json,
attempt-a6bb8cab6766f288,cfg-f80fe9802e1c3860,run-a6bb8cab6766f288,sampling_calibration,v2tel-04-qwen25_3b-grpo-gsm8k-near_boundary-100ms,4935193,1,completed,1,,,,output/benchmark_v2_telemetry_calibration/v2tel-04-qwen25_3b-grpo-gsm8k-near_boundary-100ms/environment-4935193.json;output/benchmark_v2_telemetry_calibration/v2tel-04-qwen25_3b-grpo-gsm8k-near_boundary-100ms/gpu-memory-4935193.csv;output/benchmark_v2_telemetry_calibration/v2tel-04-qwen25_3b-grpo-gsm8k-near_boundary-100ms/gpu-telemetry-4935193.csv;output/benchmark_v2_telemetry_calibration/v2tel-04-qwen25_3b-grpo-gsm8k-near_boundary-100ms/phase-memory-4935193.csv;output/benchmark_v2_telemetry_calibration/v2tel-04-qwen25_3b-grpo-gsm8k-near_boundary-100ms/training-4935193.log;output/benchmark_v2_telemetry_calibration/v2tel-04-qwen25_3b-grpo-gsm8k-near_boundary-100ms/trial-4935193.json,
attempt-a76ba0fa046c7cf4,cfg-08730ad4a3df95fa,run-a76ba0fa046c7cf4,batch_reservation,strong-factorial-granite33_2b-grpo-code_heavy_tail-reservation_only-s94,5031342,1,completed,1,,,,output/strengthening_factorial/strong-factorial-granite33_2b-grpo-code_heavy_tail-reservation_only-s94/environment-5031342.json;output/strengthening_factorial/strong-factorial-granite33_2b-grpo-code_heavy_tail-reservation_only-s94/gpu-memory-5031342.csv;output/strengthening_factorial/strong-factorial-granite33_2b-grpo-code_heavy_tail-reservation_only-s94/gpu-telemetry-5031342.csv;output/strengthening_factorial/strong-factorial-granite33_2b-grpo-code_heavy_tail-reservation_only-s94/phase-memory-5031342.csv;output/strengthening_factorial/strong-factorial-granite33_2b-grpo-code_heavy_tail-reservation_only-s94/training-5031342.log;output/strengthening_factorial/strong-factorial-granite33_2b-grpo-code_heavy_tail-reservation_only-s94/trial-5031342.json,
attempt-a91e7c23ce54e99d,cfg-c52a49b3491283c7,run-a91e7c23ce54e99d,temporal_100,strong-time-grpo-gsm8k-qwen25_3b-near_boundary-s91,5032511,1,completed,1,,,,output/strengthening_temporal_phases/strong-time-grpo-gsm8k-qwen25_3b-near_boundary-s91/environment-5032511.json;output/strengthening_temporal_phases/strong-time-grpo-gsm8k-qwen25_3b-near_boundary-s91/gpu-memory-5032511.csv;output/strengthening_temporal_phases/strong-time-grpo-gsm8k-qwen25_3b-near_boundary-s91/gpu-telemetry-5032511.csv;output/strengthening_temporal_phases/strong-time-grpo-gsm8k-qwen25_3b-near_boundary-s91/phase-memory-5032511.csv;output/strengthening_temporal_phases/strong-time-grpo-gsm8k-qwen25_3b-near_boundary-s91/training-5032511.log;output/strengthening_temporal_phases/strong-time-grpo-gsm8k-qwen25_3b-near_boundary-s91/trial-5032511.json,
attempt-a92bee1382de2623,cfg-2d4026e56a7ee4fe,run-a92bee1382de2623,instrumentation,rev-instrumentation-granite33_2b-math-c4-s111-external,5045397,1,completed,1,,,,output/revision_instrumentation/rev-instrumentation-granite33_2b-math-c4-s111-external/attempt-5045397/environment-5045397.json;output/revision_instrumentation/rev-instrumentation-granite33_2b-math-c4-s111-external/attempt-5045397/gpu-memory-5045397.csv;output/revision_instrumentation/rev-instrumentation-granite33_2b-math-c4-s111-external/attempt-5045397/gpu-telemetry-5045397.csv;output/revision_instrumentation/rev-instrumentation-granite33_2b-math-c4-s111-external/attempt-5045397/phase-memory-5045397.csv;output/revision_instrumentation/rev-instrumentation-granite33_2b-math-c4-s111-external/attempt-5045397/training-5045397.log;output/revision_instrumentation/rev-instrumentation-granite33_2b-math-c4-s111-external/attempt-5045397/trial-5045397.json;output/revision_instrumentation/rev-instrumentation-granite33_2b-math-c4-s111-external/trial-5045397.json,
attempt-a964bbb227c521cb,cfg-584e6c6664859977,run-a964bbb227c521cb,batch_reservation,strong-factorial-granite33_2b-grpo-gsm8k_long-actor_only-s96,5031366,1,completed,1,,,,output/strengthening_factorial/strong-factorial-granite33_2b-grpo-gsm8k_long-actor_only-s96/environment-5031366.json;output/strengthening_factorial/strong-factorial-granite33_2b-grpo-gsm8k_long-actor_only-s96/gpu-memory-5031366.csv;output/strengthening_factorial/strong-factorial-granite33_2b-grpo-gsm8k_long-actor_only-s96/gpu-telemetry-5031366.csv;output/strengthening_factorial/strong-factorial-granite33_2b-grpo-gsm8k_long-actor_only-s96/phase-memory-5031366.csv;output/strengthening_factorial/strong-factorial-granite33_2b-grpo-gsm8k_long-actor_only-s96/training-5031366.log;output/strengthening_factorial/strong-factorial-granite33_2b-grpo-gsm8k_long-actor_only-s96/trial-5031366.json,
attempt-a97b718ba5b245d4,cfg-3ffb5c1bf8440754,run-a97b718ba5b245d4,batch_reservation,strong-factorial-phi4_mini-grpo-code_heavy_tail-reservation_only-s94,5031720,1,completed,1,,,,output/strengthening_factorial/strong-factorial-phi4_mini-grpo-code_heavy_tail-reservation_only-s94/environment-5031720.json;output/strengthening_factorial/strong-factorial-phi4_mini-grpo-code_heavy_tail-reservation_only-s94/gpu-memory-5031720.csv;output/strengthening_factorial/strong-factorial-phi4_mini-grpo-code_heavy_tail-reservation_only-s94/gpu-telemetry-5031720.csv;output/strengthening_factorial/strong-factorial-phi4_mini-grpo-code_heavy_tail-reservation_only-s94/phase-memory-5031720.csv;output/strengthening_factorial/strong-factorial-phi4_mini-grpo-code_heavy_tail-reservation_only-s94/training-5031720.log;output/strengthening_factorial/strong-factorial-phi4_mini-grpo-code_heavy_tail-reservation_only-s94/trial-5031720.json,
attempt-a989b69685f76038,cfg-62f371a80968a0ba,run-a989b69685f76038,boundary,v2cf-confirm-qwen25_3b-grpo-math_short-c1-s41,4935539,1,completed,1,,,,output/benchmark_v2_cross_family_confirmatory/v2cf-confirm-qwen25_3b-grpo-math_short-c1-s41/environment-4935539.json;output/benchmark_v2_cross_family_confirmatory/v2cf-confirm-qwen25_3b-grpo-math_short-c1-s41/gpu-memory-4935539.csv;output/benchmark_v2_cross_family_confirmatory/v2cf-confirm-qwen25_3b-grpo-math_short-c1-s41/gpu-telemetry-4935539.csv;output/benchmark_v2_cross_family_confirmatory/v2cf-confirm-qwen25_3b-grpo-math_short-c1-s41/phase-memory-4935539.csv;output/benchmark_v2_cross_family_confirmatory/v2cf-confirm-qwen25_3b-grpo-math_short-c1-s41/training-4935539.log;output/benchmark_v2_cross_family_confirmatory/v2cf-confirm-qwen25_3b-grpo-math_short-c1-s41/trial-4935539.json,
attempt-a9c7ac13cacee2ec,cfg-e8893b12558f51dd,run-a9c7ac13cacee2ec,boundary,strong-granite-confirmatory-grpo-gsm8k_long-c5-s91,5031246,1,memory_failure,0,rollout_init_memory,,,output/strengthening_granite_confirmatory/strong-granite-confirmatory-grpo-gsm8k_long-c5-s91/environment-5031246.json;output/strengthening_granite_confirmatory/strong-granite-confirmatory-grpo-gsm8k_long-c5-s91/gpu-memory-5031246.csv;output/strengthening_granite_confirmatory/strong-granite-confirmatory-grpo-gsm8k_long-c5-s91/gpu-telemetry-5031246.csv;output/strengthening_granite_confirmatory/strong-granite-confirmatory-grpo-gsm8k_long-c5-s91/phase-memory-5031246.csv;output/strengthening_granite_confirmatory/strong-granite-confirmatory-grpo-gsm8k_long-c5-s91/training-5031246.log;output/strengthening_granite_confirmatory/strong-granite-confirmatory-grpo-gsm8k_long-c5-s91/trial-5031246.json,
attempt-aa001f1dc0d4cd0c,cfg-2ad5ea3587b997a9,run-aa001f1dc0d4cd0c,batch_reservation,strong-factorial-qwen25_3b-grpo-code_standard-joint-s95,5032025,1,completed,1,,,,output/strengthening_factorial/strong-factorial-qwen25_3b-grpo-code_standard-joint-s95/environment-5032025.json;output/strengthening_factorial/strong-factorial-qwen25_3b-grpo-code_standard-joint-s95/gpu-memory-5032025.csv;output/strengthening_factorial/strong-factorial-qwen25_3b-grpo-code_standard-joint-s95/gpu-telemetry-5032025.csv;output/strengthening_factorial/strong-factorial-qwen25_3b-grpo-code_standard-joint-s95/phase-memory-5032025.csv;output/strengthening_factorial/strong-factorial-qwen25_3b-grpo-code_standard-joint-s95/training-5032025.log;output/strengthening_factorial/strong-factorial-qwen25_3b-grpo-code_standard-joint-s95/trial-5032025.json,
attempt-aa79c7ea58f83360,cfg-072bd7669d20f8fa,run-aa79c7ea58f83360,four_gpu,rev-topology-phi4_mini-math-c3-s113-four_gpu,5045377,1,completed,1,,,,output/revision_topology/rev-topology-phi4_mini-math-c3-s113-four_gpu/attempt-5045377/environment-5045377.json;output/revision_topology/rev-topology-phi4_mini-math-c3-s113-four_gpu/attempt-5045377/gpu-memory-5045377.csv;output/revision_topology/rev-topology-phi4_mini-math-c3-s113-four_gpu/attempt-5045377/gpu-telemetry-5045377.csv;output/revision_topology/rev-topology-phi4_mini-math-c3-s113-four_gpu/attempt-5045377/phase-memory-5045377.csv;output/revision_topology/rev-topology-phi4_mini-math-c3-s113-four_gpu/attempt-5045377/training-5045377.log;output/revision_topology/rev-topology-phi4_mini-math-c3-s113-four_gpu/attempt-5045377/trial-5045377.json;output/revision_topology/rev-topology-phi4_mini-math-c3-s113-four_gpu/trial-5045377.json,
attempt-aaf49d0ad8e79b98,cfg-2d4026e56a7ee4fe,run-aaf49d0ad8e79b98,instrumentation,rev-instrumentation-granite33_2b-math-c4-s112-external,5045400,1,completed,1,,,,output/revision_instrumentation/rev-instrumentation-granite33_2b-math-c4-s112-external/attempt-5045400/environment-5045400.json;output/revision_instrumentation/rev-instrumentation-granite33_2b-math-c4-s112-external/attempt-5045400/gpu-memory-5045400.csv;output/revision_instrumentation/rev-instrumentation-granite33_2b-math-c4-s112-external/attempt-5045400/gpu-telemetry-5045400.csv;output/revision_instrumentation/rev-instrumentation-granite33_2b-math-c4-s112-external/attempt-5045400/phase-memory-5045400.csv;output/revision_instrumentation/rev-instrumentation-granite33_2b-math-c4-s112-external/attempt-5045400/training-5045400.log;output/revision_instrumentation/rev-instrumentation-granite33_2b-math-c4-s112-external/attempt-5045400/trial-5045400.json;output/revision_instrumentation/rev-instrumentation-granite33_2b-math-c4-s112-external/trial-5045400.json,
attempt-ab2ea83d230fc434,cfg-445e1547e9317cd0,run-ab2ea83d230fc434,batch_reservation,strong-factorial-granite33_2b-grpo-gsm8k_long-base-s96,5031355,1,completed,1,,,,output/strengthening_factorial/strong-factorial-granite33_2b-grpo-gsm8k_long-base-s96/environment-5031355.json;output/strengthening_factorial/strong-factorial-granite33_2b-grpo-gsm8k_long-base-s96/gpu-memory-5031355.csv;output/strengthening_factorial/strong-factorial-granite33_2b-grpo-gsm8k_long-base-s96/gpu-telemetry-5031355.csv;output/strengthening_factorial/strong-factorial-granite33_2b-grpo-gsm8k_long-base-s96/phase-memory-5031355.csv;output/strengthening_factorial/strong-factorial-granite33_2b-grpo-gsm8k_long-base-s96/training-5031355.log;output/strengthening_factorial/strong-factorial-granite33_2b-grpo-gsm8k_long-base-s96/trial-5031355.json,
attempt-ab5093889c981345,cfg-0d9ba9215ab5683e,run-ab5093889c981345,boundary,mr-xm-confirm-qwen25_3b-grpo-code_standard-c3-s52,4999406,1,completed,1,,,,output/major_revision_cross_model_confirmatory/mr-xm-confirm-qwen25_3b-grpo-code_standard-c3-s52/environment-4999406.json;output/major_revision_cross_model_confirmatory/mr-xm-confirm-qwen25_3b-grpo-code_standard-c3-s52/gpu-memory-4999406.csv;output/major_revision_cross_model_confirmatory/mr-xm-confirm-qwen25_3b-grpo-code_standard-c3-s52/gpu-telemetry-4999406.csv;output/major_revision_cross_model_confirmatory/mr-xm-confirm-qwen25_3b-grpo-code_standard-c3-s52/phase-memory-4999406.csv;output/major_revision_cross_model_confirmatory/mr-xm-confirm-qwen25_3b-grpo-code_standard-c3-s52/training-4999406.log;output/major_revision_cross_model_confirmatory/mr-xm-confirm-qwen25_3b-grpo-code_standard-c3-s52/trial-4999406.json,
attempt-ab9e543cf08ac1f2,cfg-b1aeb72d4434b30d,run-ab9e543cf08ac1f2,batch_reservation,strong-factorial-phi4_mini-grpo-gsm8k-reservation_only-s96,5031806,1,completed,1,,,,output/strengthening_factorial/strong-factorial-phi4_mini-grpo-gsm8k-reservation_only-s96/environment-5031806.json;output/strengthening_factorial/strong-factorial-phi4_mini-grpo-gsm8k-reservation_only-s96/gpu-memory-5031806.csv;output/strengthening_factorial/strong-factorial-phi4_mini-grpo-gsm8k-reservation_only-s96/gpu-telemetry-5031806.csv;output/strengthening_factorial/strong-factorial-phi4_mini-grpo-gsm8k-reservation_only-s96/phase-memory-5031806.csv;output/strengthening_factorial/strong-factorial-phi4_mini-grpo-gsm8k-reservation_only-s96/training-5031806.log;output/strengthening_factorial/strong-factorial-phi4_mini-grpo-gsm8k-reservation_only-s96/trial-5031806.json,
attempt-abb0d7d91a7ed528,cfg-7a0e81934d3398ee,run-abb0d7d91a7ed528,boundary,strong-granite-confirmatory-grpo-code_heavy_tail-c0-s91,5031311,1,completed,1,,,,output/strengthening_granite_confirmatory/strong-granite-confirmatory-grpo-code_heavy_tail-c0-s91/environment-5031311.json;output/strengthening_granite_confirmatory/strong-granite-confirmatory-grpo-code_heavy_tail-c0-s91/gpu-memory-5031311.csv;output/strengthening_granite_confirmatory/strong-granite-confirmatory-grpo-code_heavy_tail-c0-s91/gpu-telemetry-5031311.csv;output/strengthening_granite_confirmatory/strong-granite-confirmatory-grpo-code_heavy_tail-c0-s91/phase-memory-5031311.csv;output/strengthening_granite_confirmatory/strong-granite-confirmatory-grpo-code_heavy_tail-c0-s91/training-5031311.log;output/strengthening_granite_confirmatory/strong-granite-confirmatory-grpo-code_heavy_tail-c0-s91/trial-5031311.json,
attempt-ac2e511369a58492,cfg-c3f0ad157d299d39,,boundary,strong-granite-confirmatory-grpo-code_standard-c3-s92,5031294,0,other_failure,0,distributed_port_collision,granite_vllm_replica_port_collision,,output/strengthening_granite_confirmatory/strong-granite-confirmatory-grpo-code_standard-c3-s92/environment-5031294.json;output/strengthening_granite_confirmatory/strong-granite-confirmatory-grpo-code_standard-c3-s92/gpu-memory-5031294.csv;output/strengthening_granite_confirmatory/strong-granite-confirmatory-grpo-code_standard-c3-s92/gpu-telemetry-5031294.csv;output/strengthening_granite_confirmatory/strong-granite-confirmatory-grpo-code_standard-c3-s92/phase-memory-5031294.csv;output/strengthening_granite_confirmatory/strong-granite-confirmatory-grpo-code_standard-c3-s92/training-5031294.log;output/strengthening_granite_confirmatory/strong-granite-confirmatory-grpo-code_standard-c3-s92/trial-5031294.json,
attempt-ac2eee8d1d747498,cfg-df5e492a5bd02117,run-ac2eee8d1d747498,instrumentation,rev-instrumentation-qwen25_3b-gsm8k-c4-s111-external,5045286,1,memory_failure,0,weight_sync_oom,,,output/revision_instrumentation/rev-instrumentation-qwen25_3b-gsm8k-c4-s111-external/attempt-5045286/environment-5045286.json;output/revision_instrumentation/rev-instrumentation-qwen25_3b-gsm8k-c4-s111-external/attempt-5045286/gpu-memory-5045286.csv;output/revision_instrumentation/rev-instrumentation-qwen25_3b-gsm8k-c4-s111-external/attempt-5045286/gpu-telemetry-5045286.csv;output/revision_instrumentation/rev-instrumentation-qwen25_3b-gsm8k-c4-s111-external/attempt-5045286/phase-memory-5045286.csv;output/revision_instrumentation/rev-instrumentation-qwen25_3b-gsm8k-c4-s111-external/attempt-5045286/training-5045286.log;output/revision_instrumentation/rev-instrumentation-qwen25_3b-gsm8k-c4-s111-external/attempt-5045286/trial-5045286.json;output/revision_instrumentation/rev-instrumentation-qwen25_3b-gsm8k-c4-s111-external/trial-5045286.json,
attempt-ac3c7c536c12c910,cfg-7f23cab692546e3f,run-ac3c7c536c12c910,boundary,strong-granite-confirmatory-grpo-code_standard-c5-s92,5031309,1,memory_failure,0,rollout_init_memory,,,output/strengthening_granite_confirmatory/strong-granite-confirmatory-grpo-code_standard-c5-s92/environment-5031309.json;output/strengthening_granite_confirmatory/strong-granite-confirmatory-grpo-code_standard-c5-s92/gpu-memory-5031309.csv;output/strengthening_granite_confirmatory/strong-granite-confirmatory-grpo-code_standard-c5-s92/gpu-telemetry-5031309.csv;output/strengthening_granite_confirmatory/strong-granite-confirmatory-grpo-code_standard-c5-s92/phase-memory-5031309.csv;output/strengthening_granite_confirmatory/strong-granite-confirmatory-grpo-code_standard-c5-s92/training-5031309.log;output/strengthening_granite_confirmatory/strong-granite-confirmatory-grpo-code_standard-c5-s92/trial-5031309.json,
attempt-ad4ed013f9d0fc28,cfg-fd5bb0db68b0dae3,run-ad4ed013f9d0fc28,boundary,strong-granite-confirmatory-grpo-gsm8k_long-c0-s92,5031219,1,completed,1,,,,output/strengthening_granite_confirmatory/strong-granite-confirmatory-grpo-gsm8k_long-c0-s92/environment-5031219.json;output/strengthening_granite_confirmatory/strong-granite-confirmatory-grpo-gsm8k_long-c0-s92/gpu-memory-5031219.csv;output/strengthening_granite_confirmatory/strong-granite-confirmatory-grpo-gsm8k_long-c0-s92/gpu-telemetry-5031219.csv;output/strengthening_granite_confirmatory/strong-granite-confirmatory-grpo-gsm8k_long-c0-s92/phase-memory-5031219.csv;output/strengthening_granite_confirmatory/strong-granite-confirmatory-grpo-gsm8k_long-c0-s92/training-5031219.log;output/strengthening_granite_confirmatory/strong-granite-confirmatory-grpo-gsm8k_long-c0-s92/trial-5031219.json,
attempt-ad6a0e7a2f5a53ad,cfg-ca5490162c750c31,,state_release,strong-node-qwen25_1p5b-grpo-gsm8k-near_boundary-s82-p2-release,5031042,0,other_failure,0,distributed_port_collision,same_node_pair_infrastructure_failure,,output/strengthening_same_node_residency/strong-node-qwen25_1p5b-grpo-gsm8k-near_boundary-s82-p2-release/environment-5031042.json;output/strengthening_same_node_residency/strong-node-qwen25_1p5b-grpo-gsm8k-near_boundary-s82-p2-release/gpu-memory-5031042.csv;output/strengthening_same_node_residency/strong-node-qwen25_1p5b-grpo-gsm8k-near_boundary-s82-p2-release/gpu-telemetry-5031042.csv;output/strengthening_same_node_residency/strong-node-qwen25_1p5b-grpo-gsm8k-near_boundary-s82-p2-release/phase-memory-5031042.csv;output/strengthening_same_node_residency/strong-node-qwen25_1p5b-grpo-gsm8k-near_boundary-s82-p2-release/training-5031042.log;output/strengthening_same_node_residency/strong-node-qwen25_1p5b-grpo-gsm8k-near_boundary-s82-p2-release/trial-5031042.json,
attempt-ad6ab182d6d9ed41,cfg-4e0b53e75324e5f8,run-ad6ab182d6d9ed41,state_release,strong-node-qwen25_3b-grpo-gsm8k-near_boundary-s81-p1-release,5031091,1,completed,1,,,,output/strengthening_same_node_residency/strong-node-qwen25_3b-grpo-gsm8k-near_boundary-s81-p1-release/environment-5031091.json;output/strengthening_same_node_residency/strong-node-qwen25_3b-grpo-gsm8k-near_boundary-s81-p1-release/gpu-memory-5031091.csv;output/strengthening_same_node_residency/strong-node-qwen25_3b-grpo-gsm8k-near_boundary-s81-p1-release/gpu-telemetry-5031091.csv;output/strengthening_same_node_residency/strong-node-qwen25_3b-grpo-gsm8k-near_boundary-s81-p1-release/phase-memory-5031091.csv;output/strengthening_same_node_residency/strong-node-qwen25_3b-grpo-gsm8k-near_boundary-s81-p1-release/training-5031091.log;output/strengthening_same_node_residency/strong-node-qwen25_3b-grpo-gsm8k-near_boundary-s81-p1-release/trial-5031091.json,
attempt-ad9ab9698d2c072b,cfg-17e69bcf1b041bd9,run-ad9ab9698d2c072b,four_gpu,rev-topology-phi4_mini-gsm8k-c3-s112-four_gpu,5045353,1,completed,1,,,,output/revision_topology/rev-topology-phi4_mini-gsm8k-c3-s112-four_gpu/attempt-5045353/environment-5045353.json;output/revision_topology/rev-topology-phi4_mini-gsm8k-c3-s112-four_gpu/attempt-5045353/gpu-memory-5045353.csv;output/revision_topology/rev-topology-phi4_mini-gsm8k-c3-s112-four_gpu/attempt-5045353/gpu-telemetry-5045353.csv;output/revision_topology/rev-topology-phi4_mini-gsm8k-c3-s112-four_gpu/attempt-5045353/phase-memory-5045353.csv;output/revision_topology/rev-topology-phi4_mini-gsm8k-c3-s112-four_gpu/attempt-5045353/training-5045353.log;output/revision_topology/rev-topology-phi4_mini-gsm8k-c3-s112-four_gpu/attempt-5045353/trial-5045353.json;output/revision_topology/rev-topology-phi4_mini-gsm8k-c3-s112-four_gpu/trial-5045353.json,
attempt-ae199a05c6ac8f34,cfg-b68e9036992511d4,,state_release,strong-node-qwen25_3b-grpo-math-safe_margin-s81-p1-resident,5031359,0,no_trial_record,0,,same_node_period1_startup_deadlock,,output/strengthening_same_node_residency/strong-node-qwen25_3b-grpo-math-safe_margin-s81-p1-resident/environment-5031359.json;output/strengthening_same_node_residency/strong-node-qwen25_3b-grpo-math-safe_margin-s81-p1-resident/gpu-memory-5031359.csv;output/strengthening_same_node_residency/strong-node-qwen25_3b-grpo-math-safe_margin-s81-p1-resident/gpu-telemetry-5031359.csv;output/strengthening_same_node_residency/strong-node-qwen25_3b-grpo-math-safe_margin-s81-p1-resident/phase-memory-5031359.csv;output/strengthening_same_node_residency/strong-node-qwen25_3b-grpo-math-safe_margin-s81-p1-resident/training-5031359.log,
attempt-ae2baefbf5ad9baa,cfg-966f5804dc918967,run-ae2baefbf5ad9baa,boundary,v2cf-confirm-phi4_mini-grpo-gsm8k_long-c4-s43,4936240,1,memory_failure,0,rollout_init_memory,,,output/benchmark_v2_cross_family_confirmatory/v2cf-confirm-phi4_mini-grpo-gsm8k_long-c4-s43/environment-4936240.json;output/benchmark_v2_cross_family_confirmatory/v2cf-confirm-phi4_mini-grpo-gsm8k_long-c4-s43/gpu-memory-4936240.csv;output/benchmark_v2_cross_family_confirmatory/v2cf-confirm-phi4_mini-grpo-gsm8k_long-c4-s43/gpu-telemetry-4936240.csv;output/benchmark_v2_cross_family_confirmatory/v2cf-confirm-phi4_mini-grpo-gsm8k_long-c4-s43/phase-memory-4936240.csv;output/benchmark_v2_cross_family_confirmatory/v2cf-confirm-phi4_mini-grpo-gsm8k_long-c4-s43/training-4936240.log;output/benchmark_v2_cross_family_confirmatory/v2cf-confirm-phi4_mini-grpo-gsm8k_long-c4-s43/trial-4936240.json,
attempt-ae2edb43bc10b0f1,cfg-cadb236b55d403e1,run-ae2edb43bc10b0f1,horizon_followup,rev-temporal-phi4_mini-gsm8k-interpolated-s112-long,5045336,1,completed,1,,,,output/revision_temporal/rev-temporal-phi4_mini-gsm8k-interpolated-s112-long/attempt-5045336/environment-5045336.json;output/revision_temporal/rev-temporal-phi4_mini-gsm8k-interpolated-s112-long/attempt-5045336/gpu-memory-5045336.csv;output/revision_temporal/rev-temporal-phi4_mini-gsm8k-interpolated-s112-long/attempt-5045336/gpu-telemetry-5045336.csv;output/revision_temporal/rev-temporal-phi4_mini-gsm8k-interpolated-s112-long/attempt-5045336/phase-memory-5045336.csv;output/revision_temporal/rev-temporal-phi4_mini-gsm8k-interpolated-s112-long/attempt-5045336/training-5045336.log;output/revision_temporal/rev-temporal-phi4_mini-gsm8k-interpolated-s112-long/attempt-5045336/trial-5045336.json;output/revision_temporal/rev-temporal-phi4_mini-gsm8k-interpolated-s112-long/trial-5045336.json,
attempt-ae5b43caaaa5a172,cfg-c31171354027b928,run-ae5b43caaaa5a172,batch_reservation,strong-factorial-qwen25_3b-grpo-code_standard-actor_only-s94,5032012,1,completed,1,,,,output/strengthening_factorial/strong-factorial-qwen25_3b-grpo-code_standard-actor_only-s94/environment-5032012.json;output/strengthening_factorial/strong-factorial-qwen25_3b-grpo-code_standard-actor_only-s94/gpu-memory-5032012.csv;output/strengthening_factorial/strong-factorial-qwen25_3b-grpo-code_standard-actor_only-s94/gpu-telemetry-5032012.csv;output/strengthening_factorial/strong-factorial-qwen25_3b-grpo-code_standard-actor_only-s94/phase-memory-5032012.csv;output/strengthening_factorial/strong-factorial-qwen25_3b-grpo-code_standard-actor_only-s94/training-5032012.log;output/strengthening_factorial/strong-factorial-qwen25_3b-grpo-code_standard-actor_only-s94/trial-5032012.json,
attempt-ae67407be9d63630,cfg-cd3974595f9db882,run-ae67407be9d63630,boundary,v2cf-confirm-qwen25_3b-grpo-gsm8k_long-c1-s43,4935537,1,completed,1,,,,output/benchmark_v2_cross_family_confirmatory/v2cf-confirm-qwen25_3b-grpo-gsm8k_long-c1-s43/environment-4935537.json;output/benchmark_v2_cross_family_confirmatory/v2cf-confirm-qwen25_3b-grpo-gsm8k_long-c1-s43/gpu-memory-4935537.csv;output/benchmark_v2_cross_family_confirmatory/v2cf-confirm-qwen25_3b-grpo-gsm8k_long-c1-s43/gpu-telemetry-4935537.csv;output/benchmark_v2_cross_family_confirmatory/v2cf-confirm-qwen25_3b-grpo-gsm8k_long-c1-s43/phase-memory-4935537.csv;output/benchmark_v2_cross_family_confirmatory/v2cf-confirm-qwen25_3b-grpo-gsm8k_long-c1-s43/training-4935537.log;output/benchmark_v2_cross_family_confirmatory/v2cf-confirm-qwen25_3b-grpo-gsm8k_long-c1-s43/trial-4935537.json,
attempt-ae84672f90b58eb9,cfg-3c3a7527d888e069,run-ae84672f90b58eb9,instrumentation,rev-instrumentation-phi4_mini-gsm8k-c3-s111-full,5045351,1,completed,1,,,,output/revision_instrumentation/rev-instrumentation-phi4_mini-gsm8k-c3-s111-full/attempt-5045351/environment-5045351.json;output/revision_instrumentation/rev-instrumentation-phi4_mini-gsm8k-c3-s111-full/attempt-5045351/gpu-memory-5045351.csv;output/revision_instrumentation/rev-instrumentation-phi4_mini-gsm8k-c3-s111-full/attempt-5045351/gpu-telemetry-5045351.csv;output/revision_instrumentation/rev-instrumentation-phi4_mini-gsm8k-c3-s111-full/attempt-5045351/phase-memory-5045351.csv;output/revision_instrumentation/rev-instrumentation-phi4_mini-gsm8k-c3-s111-full/attempt-5045351/training-5045351.log;output/revision_instrumentation/rev-instrumentation-phi4_mini-gsm8k-c3-s111-full/attempt-5045351/trial-5045351.json;output/revision_instrumentation/rev-instrumentation-phi4_mini-gsm8k-c3-s111-full/trial-5045351.json,
attempt-aeeeff1aa0f6e80b,cfg-28f3c14e91d01934,,batch_reservation,strong-factorial-granite33_2b-grpo-code_heavy_tail-joint-s95,5031378,0,no_trial_record,0,,factorial_startup_deadlock,,output/strengthening_factorial/strong-factorial-granite33_2b-grpo-code_heavy_tail-joint-s95/environment-5031378.json;output/strengthening_factorial/strong-factorial-granite33_2b-grpo-code_heavy_tail-joint-s95/gpu-memory-5031378.csv;output/strengthening_factorial/strong-factorial-granite33_2b-grpo-code_heavy_tail-joint-s95/gpu-telemetry-5031378.csv;output/strengthening_factorial/strong-factorial-granite33_2b-grpo-code_heavy_tail-joint-s95/phase-memory-5031378.csv;output/strengthening_factorial/strong-factorial-granite33_2b-grpo-code_heavy_tail-joint-s95/training-5031378.log,
attempt-af16b2c3511e9109,cfg-28f3c14e91d01934,,batch_reservation,strong-factorial-granite33_2b-grpo-code_heavy_tail-joint-s96,5031302,0,other_failure,0,runtime,factorial_live_launcher_replacement_failure,,output/strengthening_factorial/strong-factorial-granite33_2b-grpo-code_heavy_tail-joint-s96/environment-5031302.json;output/strengthening_factorial/strong-factorial-granite33_2b-grpo-code_heavy_tail-joint-s96/gpu-memory-5031302.csv;output/strengthening_factorial/strong-factorial-granite33_2b-grpo-code_heavy_tail-joint-s96/gpu-telemetry-5031302.csv;output/strengthening_factorial/strong-factorial-granite33_2b-grpo-code_heavy_tail-joint-s96/phase-memory-5031302.csv;output/strengthening_factorial/strong-factorial-granite33_2b-grpo-code_heavy_tail-joint-s96/training-5031302.log;output/strengthening_factorial/strong-factorial-granite33_2b-grpo-code_heavy_tail-joint-s96/trial-5031302.json,
attempt-af96943b23b14615,cfg-3b9787f775169f3d,run-af96943b23b14615,batch_reservation,strong-factorial-granite33_2b-grpo-math_short-actor_only-s95,5031430,1,completed,1,,,,output/strengthening_factorial/strong-factorial-granite33_2b-grpo-math_short-actor_only-s95/environment-5031430.json;output/strengthening_factorial/strong-factorial-granite33_2b-grpo-math_short-actor_only-s95/gpu-memory-5031430.csv;output/strengthening_factorial/strong-factorial-granite33_2b-grpo-math_short-actor_only-s95/gpu-telemetry-5031430.csv;output/strengthening_factorial/strong-factorial-granite33_2b-grpo-math_short-actor_only-s95/phase-memory-5031430.csv;output/strengthening_factorial/strong-factorial-granite33_2b-grpo-math_short-actor_only-s95/training-5031430.log;output/strengthening_factorial/strong-factorial-granite33_2b-grpo-math_short-actor_only-s95/trial-5031430.json,
attempt-afa2fd97e5691725,cfg-b68e9036992511d4,,state_release,strong-node-qwen25_3b-grpo-math-safe_margin-s81-p1-resident,5031141,0,other_failure,0,distributed_port_collision,same_node_pair_port_collision,,output/strengthening_same_node_residency/strong-node-qwen25_3b-grpo-math-safe_margin-s81-p1-resident/environment-5031141.json;output/strengthening_same_node_residency/strong-node-qwen25_3b-grpo-math-safe_margin-s81-p1-resident/gpu-memory-5031141.csv;output/strengthening_same_node_residency/strong-node-qwen25_3b-grpo-math-safe_margin-s81-p1-resident/gpu-telemetry-5031141.csv;output/strengthening_same_node_residency/strong-node-qwen25_3b-grpo-math-safe_margin-s81-p1-resident/phase-memory-5031141.csv;output/strengthening_same_node_residency/strong-node-qwen25_3b-grpo-math-safe_margin-s81-p1-resident/training-5031141.log;output/strengthening_same_node_residency/strong-node-qwen25_3b-grpo-math-safe_margin-s81-p1-resident/trial-5031141.json,
attempt-b02eda6d44f5ae8c,cfg-a24e9cdd2f6143f2,run-b02eda6d44f5ae8c,boundary,mr-xm-confirm-phi4_mini-grpo-code_heavy_tail-c0-s52,5003506,1,completed,1,,,,output/major_revision_cross_model_confirmatory/mr-xm-confirm-phi4_mini-grpo-code_heavy_tail-c0-s52/environment-5003506.json;output/major_revision_cross_model_confirmatory/mr-xm-confirm-phi4_mini-grpo-code_heavy_tail-c0-s52/gpu-memory-5003506.csv;output/major_revision_cross_model_confirmatory/mr-xm-confirm-phi4_mini-grpo-code_heavy_tail-c0-s52/gpu-telemetry-5003506.csv;output/major_revision_cross_model_confirmatory/mr-xm-confirm-phi4_mini-grpo-code_heavy_tail-c0-s52/phase-memory-5003506.csv;output/major_revision_cross_model_confirmatory/mr-xm-confirm-phi4_mini-grpo-code_heavy_tail-c0-s52/training-5003506.log;output/major_revision_cross_model_confirmatory/mr-xm-confirm-phi4_mini-grpo-code_heavy_tail-c0-s52/trial-5003506.json,
attempt-b2130fe29210fc8a,cfg-73498805917fd151,run-b2130fe29210fc8a,instrumentation,rev-instrumentation-granite33_2b-gsm8k-c3-s113-external,5045379,1,completed,1,,,,output/revision_instrumentation/rev-instrumentation-granite33_2b-gsm8k-c3-s113-external/attempt-5045379/environment-5045379.json;output/revision_instrumentation/rev-instrumentation-granite33_2b-gsm8k-c3-s113-external/attempt-5045379/gpu-memory-5045379.csv;output/revision_instrumentation/rev-instrumentation-granite33_2b-gsm8k-c3-s113-external/attempt-5045379/gpu-telemetry-5045379.csv;output/revision_instrumentation/rev-instrumentation-granite33_2b-gsm8k-c3-s113-external/attempt-5045379/phase-memory-5045379.csv;output/revision_instrumentation/rev-instrumentation-granite33_2b-gsm8k-c3-s113-external/attempt-5045379/training-5045379.log;output/revision_instrumentation/rev-instrumentation-granite33_2b-gsm8k-c3-s113-external/attempt-5045379/trial-5045379.json;output/revision_instrumentation/rev-instrumentation-granite33_2b-gsm8k-c3-s113-external/trial-5045379.json,
attempt-b29283ef057ce00e,cfg-cd3974595f9db882,run-b29283ef057ce00e,boundary,v2cf-confirm-qwen25_3b-grpo-gsm8k_long-c1-s41,4935516,1,completed,1,,,,output/benchmark_v2_cross_family_confirmatory/v2cf-confirm-qwen25_3b-grpo-gsm8k_long-c1-s41/environment-4935516.json;output/benchmark_v2_cross_family_confirmatory/v2cf-confirm-qwen25_3b-grpo-gsm8k_long-c1-s41/gpu-memory-4935516.csv;output/benchmark_v2_cross_family_confirmatory/v2cf-confirm-qwen25_3b-grpo-gsm8k_long-c1-s41/gpu-telemetry-4935516.csv;output/benchmark_v2_cross_family_confirmatory/v2cf-confirm-qwen25_3b-grpo-gsm8k_long-c1-s41/phase-memory-4935516.csv;output/benchmark_v2_cross_family_confirmatory/v2cf-confirm-qwen25_3b-grpo-gsm8k_long-c1-s41/training-4935516.log;output/benchmark_v2_cross_family_confirmatory/v2cf-confirm-qwen25_3b-grpo-gsm8k_long-c1-s41/trial-4935516.json,
attempt-b2b23d0550d2032f,cfg-5c14e44760909675,run-b2b23d0550d2032f,state_release,strong-node-qwen25_1p5b-grpo-math-near_boundary-s83-p2-release,5031046,1,completed,1,,,,output/strengthening_same_node_residency/strong-node-qwen25_1p5b-grpo-math-near_boundary-s83-p2-release/environment-5031046.json;output/strengthening_same_node_residency/strong-node-qwen25_1p5b-grpo-math-near_boundary-s83-p2-release/gpu-memory-5031046.csv;output/strengthening_same_node_residency/strong-node-qwen25_1p5b-grpo-math-near_boundary-s83-p2-release/gpu-telemetry-5031046.csv;output/strengthening_same_node_residency/strong-node-qwen25_1p5b-grpo-math-near_boundary-s83-p2-release/phase-memory-5031046.csv;output/strengthening_same_node_residency/strong-node-qwen25_1p5b-grpo-math-near_boundary-s83-p2-release/training-5031046.log;output/strengthening_same_node_residency/strong-node-qwen25_1p5b-grpo-math-near_boundary-s83-p2-release/trial-5031046.json,
attempt-b2b5911434321804,cfg-7f23cab692546e3f,run-b2b5911434321804,boundary,strong-granite-confirmatory-grpo-code_standard-c5-s91,5031308,1,memory_failure,0,rollout_init_memory,,,output/strengthening_granite_confirmatory/strong-granite-confirmatory-grpo-code_standard-c5-s91/environment-5031308.json;output/strengthening_granite_confirmatory/strong-granite-confirmatory-grpo-code_standard-c5-s91/gpu-memory-5031308.csv;output/strengthening_granite_confirmatory/strong-granite-confirmatory-grpo-code_standard-c5-s91/gpu-telemetry-5031308.csv;output/strengthening_granite_confirmatory/strong-granite-confirmatory-grpo-code_standard-c5-s91/phase-memory-5031308.csv;output/strengthening_granite_confirmatory/strong-granite-confirmatory-grpo-code_standard-c5-s91/training-5031308.log;output/strengthening_granite_confirmatory/strong-granite-confirmatory-grpo-code_standard-c5-s91/trial-5031308.json,
attempt-b2d0b2735023ffe5,cfg-872fe55d8f69b30c,run-b2d0b2735023ffe5,temporal_40,v2time-grpo-math-qwen25_1p5b-near_boundary-s42,4946292,1,completed,1,,,,output/benchmark_v2_temporal_confirmatory/v2time-grpo-math-qwen25_1p5b-near_boundary-s42/environment-4946292.json;output/benchmark_v2_temporal_confirmatory/v2time-grpo-math-qwen25_1p5b-near_boundary-s42/gpu-memory-4946292.csv;output/benchmark_v2_temporal_confirmatory/v2time-grpo-math-qwen25_1p5b-near_boundary-s42/gpu-telemetry-4946292.csv;output/benchmark_v2_temporal_confirmatory/v2time-grpo-math-qwen25_1p5b-near_boundary-s42/phase-memory-4946292.csv;output/benchmark_v2_temporal_confirmatory/v2time-grpo-math-qwen25_1p5b-near_boundary-s42/training-4946292.log;output/benchmark_v2_temporal_confirmatory/v2time-grpo-math-qwen25_1p5b-near_boundary-s42/trial-4946292.json,
attempt-b331a17a3965b10a,cfg-7a9a974958c57abc,run-b331a17a3965b10a,boundary,v2cf-confirm-qwen25_3b-grpo-gsm8k_long-c3-s41,4935815,1,completed,1,,,,output/benchmark_v2_cross_family_confirmatory/v2cf-confirm-qwen25_3b-grpo-gsm8k_long-c3-s41/environment-4935815.json;output/benchmark_v2_cross_family_confirmatory/v2cf-confirm-qwen25_3b-grpo-gsm8k_long-c3-s41/gpu-memory-4935815.csv;output/benchmark_v2_cross_family_confirmatory/v2cf-confirm-qwen25_3b-grpo-gsm8k_long-c3-s41/gpu-telemetry-4935815.csv;output/benchmark_v2_cross_family_confirmatory/v2cf-confirm-qwen25_3b-grpo-gsm8k_long-c3-s41/phase-memory-4935815.csv;output/benchmark_v2_cross_family_confirmatory/v2cf-confirm-qwen25_3b-grpo-gsm8k_long-c3-s41/training-4935815.log;output/benchmark_v2_cross_family_confirmatory/v2cf-confirm-qwen25_3b-grpo-gsm8k_long-c3-s41/trial-4935815.json,
attempt-b3573ac39d88d6db,cfg-42a07dcd991102a7,,batch_reservation,strong-factorial-granite33_2b-grpo-code_standard-base-s95,5031304,0,other_failure,0,runtime,factorial_live_launcher_replacement_failure,,output/strengthening_factorial/strong-factorial-granite33_2b-grpo-code_standard-base-s95/environment-5031304.json;output/strengthening_factorial/strong-factorial-granite33_2b-grpo-code_standard-base-s95/gpu-memory-5031304.csv;output/strengthening_factorial/strong-factorial-granite33_2b-grpo-code_standard-base-s95/gpu-telemetry-5031304.csv;output/strengthening_factorial/strong-factorial-granite33_2b-grpo-code_standard-base-s95/phase-memory-5031304.csv;output/strengthening_factorial/strong-factorial-granite33_2b-grpo-code_standard-base-s95/training-5031304.log;output/strengthening_factorial/strong-factorial-granite33_2b-grpo-code_standard-base-s95/trial-5031304.json,
attempt-b383b6edd3ea3b0b,cfg-b56fb353c2f2fa3e,run-b383b6edd3ea3b0b,boundary,strong-granite-confirmatory-grpo-math_short-c0-s92,5031330,1,completed,1,,,,output/strengthening_granite_confirmatory/strong-granite-confirmatory-grpo-math_short-c0-s92/environment-5031330.json;output/strengthening_granite_confirmatory/strong-granite-confirmatory-grpo-math_short-c0-s92/gpu-memory-5031330.csv;output/strengthening_granite_confirmatory/strong-granite-confirmatory-grpo-math_short-c0-s92/gpu-telemetry-5031330.csv;output/strengthening_granite_confirmatory/strong-granite-confirmatory-grpo-math_short-c0-s92/phase-memory-5031330.csv;output/strengthening_granite_confirmatory/strong-granite-confirmatory-grpo-math_short-c0-s92/training-5031330.log;output/strengthening_granite_confirmatory/strong-granite-confirmatory-grpo-math_short-c0-s92/trial-5031330.json,
attempt-b38b9aed5e1ded54,cfg-7df2428553b76877,run-b38b9aed5e1ded54,boundary,mr-xm-confirm-phi4_mini-grpo-code_heavy_tail-c4-s51,5003967,1,memory_failure,0,rollout_init_memory,,,output/major_revision_cross_model_confirmatory/mr-xm-confirm-phi4_mini-grpo-code_heavy_tail-c4-s51/environment-5003967.json;output/major_revision_cross_model_confirmatory/mr-xm-confirm-phi4_mini-grpo-code_heavy_tail-c4-s51/gpu-memory-5003967.csv;output/major_revision_cross_model_confirmatory/mr-xm-confirm-phi4_mini-grpo-code_heavy_tail-c4-s51/gpu-telemetry-5003967.csv;output/major_revision_cross_model_confirmatory/mr-xm-confirm-phi4_mini-grpo-code_heavy_tail-c4-s51/phase-memory-5003967.csv;output/major_revision_cross_model_confirmatory/mr-xm-confirm-phi4_mini-grpo-code_heavy_tail-c4-s51/training-5003967.log;output/major_revision_cross_model_confirmatory/mr-xm-confirm-phi4_mini-grpo-code_heavy_tail-c4-s51/trial-5003967.json,
attempt-b38c52a9b53beb98,cfg-a14ab647ea9728c0,run-b38c52a9b53beb98,instrumentation,rev-instrumentation-phi4_mini-gsm8k-c3-s112-external,5045357,1,completed,1,,,,output/revision_instrumentation/rev-instrumentation-phi4_mini-gsm8k-c3-s112-external/attempt-5045357/environment-5045357.json;output/revision_instrumentation/rev-instrumentation-phi4_mini-gsm8k-c3-s112-external/attempt-5045357/gpu-memory-5045357.csv;output/revision_instrumentation/rev-instrumentation-phi4_mini-gsm8k-c3-s112-external/attempt-5045357/gpu-telemetry-5045357.csv;output/revision_instrumentation/rev-instrumentation-phi4_mini-gsm8k-c3-s112-external/attempt-5045357/phase-memory-5045357.csv;output/revision_instrumentation/rev-instrumentation-phi4_mini-gsm8k-c3-s112-external/attempt-5045357/training-5045357.log;output/revision_instrumentation/rev-instrumentation-phi4_mini-gsm8k-c3-s112-external/attempt-5045357/trial-5045357.json;output/revision_instrumentation/rev-instrumentation-phi4_mini-gsm8k-c3-s112-external/trial-5045357.json,
attempt-b3bebcf0b0ad32e5,cfg-93d4f41e600c9079,run-b3bebcf0b0ad32e5,boundary,strong-granite-confirmatory-grpo-code_heavy_tail-c4-s93,5031375,1,completed,1,,,,output/strengthening_granite_confirmatory/strong-granite-confirmatory-grpo-code_heavy_tail-c4-s93/environment-5031375.json;output/strengthening_granite_confirmatory/strong-granite-confirmatory-grpo-code_heavy_tail-c4-s93/gpu-memory-5031375.csv;output/strengthening_granite_confirmatory/strong-granite-confirmatory-grpo-code_heavy_tail-c4-s93/gpu-telemetry-5031375.csv;output/strengthening_granite_confirmatory/strong-granite-confirmatory-grpo-code_heavy_tail-c4-s93/phase-memory-5031375.csv;output/strengthening_granite_confirmatory/strong-granite-confirmatory-grpo-code_heavy_tail-c4-s93/training-5031375.log;output/strengthening_granite_confirmatory/strong-granite-confirmatory-grpo-code_heavy_tail-c4-s93/trial-5031375.json,
attempt-b43111e44ab90c3b,cfg-fd41285187ce3c5b,run-b43111e44ab90c3b,batch_reservation,strong-factorial-qwen25_3b-grpo-code_heavy_tail-actor_only-s96,5031988,1,completed,1,,,,output/strengthening_factorial/strong-factorial-qwen25_3b-grpo-code_heavy_tail-actor_only-s96/environment-5031988.json;output/strengthening_factorial/strong-factorial-qwen25_3b-grpo-code_heavy_tail-actor_only-s96/gpu-memory-5031988.csv;output/strengthening_factorial/strong-factorial-qwen25_3b-grpo-code_heavy_tail-actor_only-s96/gpu-telemetry-5031988.csv;output/strengthening_factorial/strong-factorial-qwen25_3b-grpo-code_heavy_tail-actor_only-s96/phase-memory-5031988.csv;output/strengthening_factorial/strong-factorial-qwen25_3b-grpo-code_heavy_tail-actor_only-s96/training-5031988.log;output/strengthening_factorial/strong-factorial-qwen25_3b-grpo-code_heavy_tail-actor_only-s96/trial-5031988.json,
attempt-b4916f4377022693,cfg-a8e7e878a371de68,run-b4916f4377022693,batch_reservation,strong-factorial-phi4_mini-grpo-code_standard-base-s95,5031746,1,completed,1,,,,output/strengthening_factorial/strong-factorial-phi4_mini-grpo-code_standard-base-s95/environment-5031746.json;output/strengthening_factorial/strong-factorial-phi4_mini-grpo-code_standard-base-s95/gpu-memory-5031746.csv;output/strengthening_factorial/strong-factorial-phi4_mini-grpo-code_standard-base-s95/gpu-telemetry-5031746.csv;output/strengthening_factorial/strong-factorial-phi4_mini-grpo-code_standard-base-s95/phase-memory-5031746.csv;output/strengthening_factorial/strong-factorial-phi4_mini-grpo-code_standard-base-s95/training-5031746.log;output/strengthening_factorial/strong-factorial-phi4_mini-grpo-code_standard-base-s95/trial-5031746.json,
attempt-b4a7ae8f4cebf772,cfg-a9973fa41ccc608d,run-b4a7ae8f4cebf772,batch_logging_control,review-control-phi4_mini-gsm8k-s122-full_b8,5048577,1,completed,1,,,,output/review_instrumentation_batch/review-control-phi4_mini-gsm8k-s122-full_b8/trial-5048577.json,
attempt-b4bdae244de61402,cfg-a988dbb2ba8e6b83,run-b4bdae244de61402,temporal_100,strong-time-grpo-math-qwen25_1p5b-safe_margin-s93,5033779,1,completed,1,,,,output/strengthening_temporal_phases/strong-time-grpo-math-qwen25_1p5b-safe_margin-s93/environment-5033779.json;output/strengthening_temporal_phases/strong-time-grpo-math-qwen25_1p5b-safe_margin-s93/gpu-memory-5033779.csv;output/strengthening_temporal_phases/strong-time-grpo-math-qwen25_1p5b-safe_margin-s93/gpu-telemetry-5033779.csv;output/strengthening_temporal_phases/strong-time-grpo-math-qwen25_1p5b-safe_margin-s93/phase-memory-5033779.csv;output/strengthening_temporal_phases/strong-time-grpo-math-qwen25_1p5b-safe_margin-s93/training-5033779.log;output/strengthening_temporal_phases/strong-time-grpo-math-qwen25_1p5b-safe_margin-s93/trial-5033779.json,
attempt-b604667ef9f31a2c,cfg-95d55e94877f1b88,run-b604667ef9f31a2c,sampling_calibration,v2tel-07-qwen25_3b-grpo-math-safe_margin-100ms,4935311,1,completed,1,,,,output/benchmark_v2_telemetry_calibration/v2tel-07-qwen25_3b-grpo-math-safe_margin-100ms/environment-4935311.json;output/benchmark_v2_telemetry_calibration/v2tel-07-qwen25_3b-grpo-math-safe_margin-100ms/gpu-memory-4935311.csv;output/benchmark_v2_telemetry_calibration/v2tel-07-qwen25_3b-grpo-math-safe_margin-100ms/gpu-telemetry-4935311.csv;output/benchmark_v2_telemetry_calibration/v2tel-07-qwen25_3b-grpo-math-safe_margin-100ms/phase-memory-4935311.csv;output/benchmark_v2_telemetry_calibration/v2tel-07-qwen25_3b-grpo-math-safe_margin-100ms/training-4935311.log;output/benchmark_v2_telemetry_calibration/v2tel-07-qwen25_3b-grpo-math-safe_margin-100ms/trial-4935311.json,
attempt-b6051c1696c16d90,cfg-bae2977da7957f72,run-b6051c1696c16d90,boundary,strong-granite-confirmatory-grpo-code_standard-c0-s91,5031410,1,completed,1,,,,output/strengthening_granite_confirmatory/strong-granite-confirmatory-grpo-code_standard-c0-s91/environment-5031410.json;output/strengthening_granite_confirmatory/strong-granite-confirmatory-grpo-code_standard-c0-s91/gpu-memory-5031410.csv;output/strengthening_granite_confirmatory/strong-granite-confirmatory-grpo-code_standard-c0-s91/gpu-telemetry-5031410.csv;output/strengthening_granite_confirmatory/strong-granite-confirmatory-grpo-code_standard-c0-s91/phase-memory-5031410.csv;output/strengthening_granite_confirmatory/strong-granite-confirmatory-grpo-code_standard-c0-s91/training-5031410.log;output/strengthening_granite_confirmatory/strong-granite-confirmatory-grpo-code_standard-c0-s91/trial-5031410.json,
attempt-b6231a02cf307732,cfg-bf9ce8082ed7a2d9,run-b6231a02cf307732,batch_reservation,strong-factorial-qwen25_3b-grpo-code_heavy_tail-base-s94,5031981,1,completed,1,,,,output/strengthening_factorial/strong-factorial-qwen25_3b-grpo-code_heavy_tail-base-s94/environment-5031981.json;output/strengthening_factorial/strong-factorial-qwen25_3b-grpo-code_heavy_tail-base-s94/gpu-memory-5031981.csv;output/strengthening_factorial/strong-factorial-qwen25_3b-grpo-code_heavy_tail-base-s94/gpu-telemetry-5031981.csv;output/strengthening_factorial/strong-factorial-qwen25_3b-grpo-code_heavy_tail-base-s94/phase-memory-5031981.csv;output/strengthening_factorial/strong-factorial-qwen25_3b-grpo-code_heavy_tail-base-s94/training-5031981.log;output/strengthening_factorial/strong-factorial-qwen25_3b-grpo-code_heavy_tail-base-s94/trial-5031981.json,
attempt-b75c7a58aecd0ad3,cfg-3dc042a103546eac,run-b75c7a58aecd0ad3,boundary,strong-granite-confirmatory-grpo-code_heavy_tail-c5-s93,5031397,1,memory_failure,0,rollout_init_memory,,,output/strengthening_granite_confirmatory/strong-granite-confirmatory-grpo-code_heavy_tail-c5-s93/environment-5031397.json;output/strengthening_granite_confirmatory/strong-granite-confirmatory-grpo-code_heavy_tail-c5-s93/gpu-memory-5031397.csv;output/strengthening_granite_confirmatory/strong-granite-confirmatory-grpo-code_heavy_tail-c5-s93/gpu-telemetry-5031397.csv;output/strengthening_granite_confirmatory/strong-granite-confirmatory-grpo-code_heavy_tail-c5-s93/phase-memory-5031397.csv;output/strengthening_granite_confirmatory/strong-granite-confirmatory-grpo-code_heavy_tail-c5-s93/training-5031397.log;output/strengthening_granite_confirmatory/strong-granite-confirmatory-grpo-code_heavy_tail-c5-s93/trial-5031397.json,
attempt-b7dfe88f55fd6aef,cfg-c5eec07ea9371c25,run-b7dfe88f55fd6aef,batch_reservation,strong-factorial-phi4_mini-grpo-code_heavy_tail-actor_only-s94,5031706,1,completed,1,,,,output/strengthening_factorial/strong-factorial-phi4_mini-grpo-code_heavy_tail-actor_only-s94/environment-5031706.json;output/strengthening_factorial/strong-factorial-phi4_mini-grpo-code_heavy_tail-actor_only-s94/gpu-memory-5031706.csv;output/strengthening_factorial/strong-factorial-phi4_mini-grpo-code_heavy_tail-actor_only-s94/gpu-telemetry-5031706.csv;output/strengthening_factorial/strong-factorial-phi4_mini-grpo-code_heavy_tail-actor_only-s94/phase-memory-5031706.csv;output/strengthening_factorial/strong-factorial-phi4_mini-grpo-code_heavy_tail-actor_only-s94/training-5031706.log;output/strengthening_factorial/strong-factorial-phi4_mini-grpo-code_heavy_tail-actor_only-s94/trial-5031706.json,
attempt-b81c24dd1ee30d1b,cfg-d138048feeb8fe5d,run-b81c24dd1ee30d1b,boundary,v2cf-confirm-phi4_mini-grpo-math_short-c4-s41,4936326,1,memory_failure,0,rollout_init_memory,,,output/benchmark_v2_cross_family_confirmatory/v2cf-confirm-phi4_mini-grpo-math_short-c4-s41/environment-4936326.json;output/benchmark_v2_cross_family_confirmatory/v2cf-confirm-phi4_mini-grpo-math_short-c4-s41/gpu-memory-4936326.csv;output/benchmark_v2_cross_family_confirmatory/v2cf-confirm-phi4_mini-grpo-math_short-c4-s41/gpu-telemetry-4936326.csv;output/benchmark_v2_cross_family_confirmatory/v2cf-confirm-phi4_mini-grpo-math_short-c4-s41/phase-memory-4936326.csv;output/benchmark_v2_cross_family_confirmatory/v2cf-confirm-phi4_mini-grpo-math_short-c4-s41/training-4936326.log;output/benchmark_v2_cross_family_confirmatory/v2cf-confirm-phi4_mini-grpo-math_short-c4-s41/trial-4936326.json,
attempt-b82e73d0d30a3d04,cfg-e2763ffc8afa3602,run-b82e73d0d30a3d04,batch_reservation,strong-factorial-granite33_2b-grpo-gsm8k_long-reservation_only-s96,5031400,1,completed,1,,,,output/strengthening_factorial/strong-factorial-granite33_2b-grpo-gsm8k_long-reservation_only-s96/environment-5031400.json;output/strengthening_factorial/strong-factorial-granite33_2b-grpo-gsm8k_long-reservation_only-s96/gpu-memory-5031400.csv;output/strengthening_factorial/strong-factorial-granite33_2b-grpo-gsm8k_long-reservation_only-s96/gpu-telemetry-5031400.csv;output/strengthening_factorial/strong-factorial-granite33_2b-grpo-gsm8k_long-reservation_only-s96/phase-memory-5031400.csv;output/strengthening_factorial/strong-factorial-granite33_2b-grpo-gsm8k_long-reservation_only-s96/training-5031400.log;output/strengthening_factorial/strong-factorial-granite33_2b-grpo-gsm8k_long-reservation_only-s96/trial-5031400.json,
attempt-b88da0fed340722e,cfg-9c461415e6bb9702,run-b88da0fed340722e,boundary,mr-xm-confirm-phi4_mini-grpo-code_standard-c0-s51,5001892,1,completed,1,,,,output/major_revision_cross_model_confirmatory/mr-xm-confirm-phi4_mini-grpo-code_standard-c0-s51/environment-5001892.json;output/major_revision_cross_model_confirmatory/mr-xm-confirm-phi4_mini-grpo-code_standard-c0-s51/gpu-memory-5001892.csv;output/major_revision_cross_model_confirmatory/mr-xm-confirm-phi4_mini-grpo-code_standard-c0-s51/gpu-telemetry-5001892.csv;output/major_revision_cross_model_confirmatory/mr-xm-confirm-phi4_mini-grpo-code_standard-c0-s51/phase-memory-5001892.csv;output/major_revision_cross_model_confirmatory/mr-xm-confirm-phi4_mini-grpo-code_standard-c0-s51/training-5001892.log;output/major_revision_cross_model_confirmatory/mr-xm-confirm-phi4_mini-grpo-code_standard-c0-s51/trial-5001892.json,
attempt-b9329df9c6eeaf5a,cfg-bae2977da7957f72,,boundary,strong-granite-confirmatory-grpo-code_standard-c0-s93,5031275,0,other_failure,0,distributed_port_collision,granite_vllm_replica_port_collision,,output/strengthening_granite_confirmatory/strong-granite-confirmatory-grpo-code_standard-c0-s93/environment-5031275.json;output/strengthening_granite_confirmatory/strong-granite-confirmatory-grpo-code_standard-c0-s93/gpu-memory-5031275.csv;output/strengthening_granite_confirmatory/strong-granite-confirmatory-grpo-code_standard-c0-s93/gpu-telemetry-5031275.csv;output/strengthening_granite_confirmatory/strong-granite-confirmatory-grpo-code_standard-c0-s93/phase-memory-5031275.csv;output/strengthening_granite_confirmatory/strong-granite-confirmatory-grpo-code_standard-c0-s93/training-5031275.log;output/strengthening_granite_confirmatory/strong-granite-confirmatory-grpo-code_standard-c0-s93/trial-5031275.json,
attempt-bbbacde9e32fa97e,cfg-cc2c35944156e5d4,run-bbbacde9e32fa97e,four_gpu,rev-topology-qwen25_3b-gsm8k-c3-s113-four_gpu,5045296,1,completed,1,,,,output/revision_topology/rev-topology-qwen25_3b-gsm8k-c3-s113-four_gpu/attempt-5045296/environment-5045296.json;output/revision_topology/rev-topology-qwen25_3b-gsm8k-c3-s113-four_gpu/attempt-5045296/gpu-memory-5045296.csv;output/revision_topology/rev-topology-qwen25_3b-gsm8k-c3-s113-four_gpu/attempt-5045296/gpu-telemetry-5045296.csv;output/revision_topology/rev-topology-qwen25_3b-gsm8k-c3-s113-four_gpu/attempt-5045296/phase-memory-5045296.csv;output/revision_topology/rev-topology-qwen25_3b-gsm8k-c3-s113-four_gpu/attempt-5045296/training-5045296.log;output/revision_topology/rev-topology-qwen25_3b-gsm8k-c3-s113-four_gpu/attempt-5045296/trial-5045296.json;output/revision_topology/rev-topology-qwen25_3b-gsm8k-c3-s113-four_gpu/trial-5045296.json,
attempt-be71851f7d9212c5,cfg-5047dff55c13e55f,run-be71851f7d9212c5,batch_reservation,strong-factorial-qwen25_3b-grpo-gsm8k-base-s94,5032028,1,completed,1,,,,output/strengthening_factorial/strong-factorial-qwen25_3b-grpo-gsm8k-base-s94/environment-5032028.json;output/strengthening_factorial/strong-factorial-qwen25_3b-grpo-gsm8k-base-s94/gpu-memory-5032028.csv;output/strengthening_factorial/strong-factorial-qwen25_3b-grpo-gsm8k-base-s94/gpu-telemetry-5032028.csv;output/strengthening_factorial/strong-factorial-qwen25_3b-grpo-gsm8k-base-s94/phase-memory-5032028.csv;output/strengthening_factorial/strong-factorial-qwen25_3b-grpo-gsm8k-base-s94/training-5032028.log;output/strengthening_factorial/strong-factorial-qwen25_3b-grpo-gsm8k-base-s94/trial-5032028.json,
attempt-be8120c20d0b390e,cfg-89ca48ce88ea694e,run-be8120c20d0b390e,boundary,mr-xm-confirm-phi4_mini-grpo-code_heavy_tail-c3-s52,5003957,1,completed,1,,,,output/major_revision_cross_model_confirmatory/mr-xm-confirm-phi4_mini-grpo-code_heavy_tail-c3-s52/environment-5003957.json;output/major_revision_cross_model_confirmatory/mr-xm-confirm-phi4_mini-grpo-code_heavy_tail-c3-s52/gpu-memory-5003957.csv;output/major_revision_cross_model_confirmatory/mr-xm-confirm-phi4_mini-grpo-code_heavy_tail-c3-s52/gpu-telemetry-5003957.csv;output/major_revision_cross_model_confirmatory/mr-xm-confirm-phi4_mini-grpo-code_heavy_tail-c3-s52/phase-memory-5003957.csv;output/major_revision_cross_model_confirmatory/mr-xm-confirm-phi4_mini-grpo-code_heavy_tail-c3-s52/training-5003957.log;output/major_revision_cross_model_confirmatory/mr-xm-confirm-phi4_mini-grpo-code_heavy_tail-c3-s52/trial-5003957.json,
attempt-bf1339dc8db5cd0a,cfg-d02503f8c9804a2d,,boundary,strong-granite-confirmatory-grpo-math_short-c4-s91,5031266,0,other_failure,0,distributed_port_collision,granite_vllm_replica_port_collision,,output/strengthening_granite_confirmatory/strong-granite-confirmatory-grpo-math_short-c4-s91/environment-5031266.json;output/strengthening_granite_confirmatory/strong-granite-confirmatory-grpo-math_short-c4-s91/gpu-memory-5031266.csv;output/strengthening_granite_confirmatory/strong-granite-confirmatory-grpo-math_short-c4-s91/gpu-telemetry-5031266.csv;output/strengthening_granite_confirmatory/strong-granite-confirmatory-grpo-math_short-c4-s91/phase-memory-5031266.csv;output/strengthening_granite_confirmatory/strong-granite-confirmatory-grpo-math_short-c4-s91/training-5031266.log;output/strengthening_granite_confirmatory/strong-granite-confirmatory-grpo-math_short-c4-s91/trial-5031266.json,
attempt-c05f93a718bc11c4,cfg-96ccf395b84393f7,run-c05f93a718bc11c4,boundary,v2cf-confirm-phi4_mini-grpo-gsm8k_long-c2-s41,4936179,1,completed,1,,,,output/benchmark_v2_cross_family_confirmatory/v2cf-confirm-phi4_mini-grpo-gsm8k_long-c2-s41/environment-4936179.json;output/benchmark_v2_cross_family_confirmatory/v2cf-confirm-phi4_mini-grpo-gsm8k_long-c2-s41/gpu-memory-4936179.csv;output/benchmark_v2_cross_family_confirmatory/v2cf-confirm-phi4_mini-grpo-gsm8k_long-c2-s41/gpu-telemetry-4936179.csv;output/benchmark_v2_cross_family_confirmatory/v2cf-confirm-phi4_mini-grpo-gsm8k_long-c2-s41/phase-memory-4936179.csv;output/benchmark_v2_cross_family_confirmatory/v2cf-confirm-phi4_mini-grpo-gsm8k_long-c2-s41/training-4936179.log;output/benchmark_v2_cross_family_confirmatory/v2cf-confirm-phi4_mini-grpo-gsm8k_long-c2-s41/trial-4936179.json,
attempt-c06f5724c4fb11d3,cfg-cd3974595f9db882,run-c06f5724c4fb11d3,boundary,v2cf-confirm-qwen25_3b-grpo-gsm8k_long-c1-s42,4935523,1,completed,1,,,,output/benchmark_v2_cross_family_confirmatory/v2cf-confirm-qwen25_3b-grpo-gsm8k_long-c1-s42/environment-4935523.json;output/benchmark_v2_cross_family_confirmatory/v2cf-confirm-qwen25_3b-grpo-gsm8k_long-c1-s42/gpu-memory-4935523.csv;output/benchmark_v2_cross_family_confirmatory/v2cf-confirm-qwen25_3b-grpo-gsm8k_long-c1-s42/gpu-telemetry-4935523.csv;output/benchmark_v2_cross_family_confirmatory/v2cf-confirm-qwen25_3b-grpo-gsm8k_long-c1-s42/phase-memory-4935523.csv;output/benchmark_v2_cross_family_confirmatory/v2cf-confirm-qwen25_3b-grpo-gsm8k_long-c1-s42/training-4935523.log;output/benchmark_v2_cross_family_confirmatory/v2cf-confirm-qwen25_3b-grpo-gsm8k_long-c1-s42/trial-4935523.json,
attempt-c0f90c2b436767fa,cfg-f439d2dd90137a80,run-c0f90c2b436767fa,four_gpu,rev-topology-granite33_2b-gsm8k-c4-s112-four_gpu,5045398,1,completed,1,,,,output/revision_topology/rev-topology-granite33_2b-gsm8k-c4-s112-four_gpu/attempt-5045398/environment-5045398.json;output/revision_topology/rev-topology-granite33_2b-gsm8k-c4-s112-four_gpu/attempt-5045398/gpu-memory-5045398.csv;output/revision_topology/rev-topology-granite33_2b-gsm8k-c4-s112-four_gpu/attempt-5045398/gpu-telemetry-5045398.csv;output/revision_topology/rev-topology-granite33_2b-gsm8k-c4-s112-four_gpu/attempt-5045398/phase-memory-5045398.csv;output/revision_topology/rev-topology-granite33_2b-gsm8k-c4-s112-four_gpu/attempt-5045398/training-5045398.log;output/revision_topology/rev-topology-granite33_2b-gsm8k-c4-s112-four_gpu/attempt-5045398/trial-5045398.json;output/revision_topology/rev-topology-granite33_2b-gsm8k-c4-s112-four_gpu/trial-5045398.json,
attempt-c17a3de1776db1a4,cfg-fd5bb0db68b0dae3,run-c17a3de1776db1a4,boundary,strong-granite-confirmatory-grpo-gsm8k_long-c0-s93,5031220,1,completed,1,,,,output/strengthening_granite_confirmatory/strong-granite-confirmatory-grpo-gsm8k_long-c0-s93/environment-5031220.json;output/strengthening_granite_confirmatory/strong-granite-confirmatory-grpo-gsm8k_long-c0-s93/gpu-memory-5031220.csv;output/strengthening_granite_confirmatory/strong-granite-confirmatory-grpo-gsm8k_long-c0-s93/gpu-telemetry-5031220.csv;output/strengthening_granite_confirmatory/strong-granite-confirmatory-grpo-gsm8k_long-c0-s93/phase-memory-5031220.csv;output/strengthening_granite_confirmatory/strong-granite-confirmatory-grpo-gsm8k_long-c0-s93/training-5031220.log;output/strengthening_granite_confirmatory/strong-granite-confirmatory-grpo-gsm8k_long-c0-s93/trial-5031220.json,
attempt-c1aa231a59c5ad45,cfg-1432bb8a4d9c3b8c,run-c1aa231a59c5ad45,four_gpu,rev-topology-phi4_mini-math-c4-s112-four_gpu,5045382,1,completed,1,,,,output/revision_topology/rev-topology-phi4_mini-math-c4-s112-four_gpu/attempt-5045382/environment-5045382.json;output/revision_topology/rev-topology-phi4_mini-math-c4-s112-four_gpu/attempt-5045382/gpu-memory-5045382.csv;output/revision_topology/rev-topology-phi4_mini-math-c4-s112-four_gpu/attempt-5045382/gpu-telemetry-5045382.csv;output/revision_topology/rev-topology-phi4_mini-math-c4-s112-four_gpu/attempt-5045382/phase-memory-5045382.csv;output/revision_topology/rev-topology-phi4_mini-math-c4-s112-four_gpu/attempt-5045382/training-5045382.log;output/revision_topology/rev-topology-phi4_mini-math-c4-s112-four_gpu/attempt-5045382/trial-5045382.json;output/revision_topology/rev-topology-phi4_mini-math-c4-s112-four_gpu/trial-5045382.json,
attempt-c1b20077e7ccc9a1,cfg-b5007322fb2e1772,run-c1b20077e7ccc9a1,boundary,mr-xm-confirm-qwen25_3b-grpo-code_heavy_tail-c0-s52,4999504,1,completed,1,,,,output/major_revision_cross_model_confirmatory/mr-xm-confirm-qwen25_3b-grpo-code_heavy_tail-c0-s52/environment-4999504.json;output/major_revision_cross_model_confirmatory/mr-xm-confirm-qwen25_3b-grpo-code_heavy_tail-c0-s52/gpu-memory-4999504.csv;output/major_revision_cross_model_confirmatory/mr-xm-confirm-qwen25_3b-grpo-code_heavy_tail-c0-s52/gpu-telemetry-4999504.csv;output/major_revision_cross_model_confirmatory/mr-xm-confirm-qwen25_3b-grpo-code_heavy_tail-c0-s52/phase-memory-4999504.csv;output/major_revision_cross_model_confirmatory/mr-xm-confirm-qwen25_3b-grpo-code_heavy_tail-c0-s52/training-4999504.log;output/major_revision_cross_model_confirmatory/mr-xm-confirm-qwen25_3b-grpo-code_heavy_tail-c0-s52/trial-4999504.json,
attempt-c1fcc3ba9b50d596,cfg-5244d13eac3116ad,run-c1fcc3ba9b50d596,boundary,v2cf-confirm-qwen25_3b-grpo-gsm8k_long-c0-s42,4935735,1,completed,1,,,,output/benchmark_v2_cross_family_confirmatory/v2cf-confirm-qwen25_3b-grpo-gsm8k_long-c0-s42/environment-4935735.json;output/benchmark_v2_cross_family_confirmatory/v2cf-confirm-qwen25_3b-grpo-gsm8k_long-c0-s42/gpu-memory-4935735.csv;output/benchmark_v2_cross_family_confirmatory/v2cf-confirm-qwen25_3b-grpo-gsm8k_long-c0-s42/gpu-telemetry-4935735.csv;output/benchmark_v2_cross_family_confirmatory/v2cf-confirm-qwen25_3b-grpo-gsm8k_long-c0-s42/phase-memory-4935735.csv;output/benchmark_v2_cross_family_confirmatory/v2cf-confirm-qwen25_3b-grpo-gsm8k_long-c0-s42/training-4935735.log;output/benchmark_v2_cross_family_confirmatory/v2cf-confirm-qwen25_3b-grpo-gsm8k_long-c0-s42/trial-4935735.json,
attempt-c1fed50785307d75,cfg-55811d23c5144bb7,run-c1fed50785307d75,boundary,v2cf-confirm-qwen25_3b-grpo-math_short-c4-s41,4935966,1,memory_failure,0,rollout_init_memory,,,output/benchmark_v2_cross_family_confirmatory/v2cf-confirm-qwen25_3b-grpo-math_short-c4-s41/environment-4935966.json;output/benchmark_v2_cross_family_confirmatory/v2cf-confirm-qwen25_3b-grpo-math_short-c4-s41/gpu-memory-4935966.csv;output/benchmark_v2_cross_family_confirmatory/v2cf-confirm-qwen25_3b-grpo-math_short-c4-s41/gpu-telemetry-4935966.csv;output/benchmark_v2_cross_family_confirmatory/v2cf-confirm-qwen25_3b-grpo-math_short-c4-s41/phase-memory-4935966.csv;output/benchmark_v2_cross_family_confirmatory/v2cf-confirm-qwen25_3b-grpo-math_short-c4-s41/training-4935966.log;output/benchmark_v2_cross_family_confirmatory/v2cf-confirm-qwen25_3b-grpo-math_short-c4-s41/trial-4935966.json,
attempt-c2858d4c72a27981,cfg-ea5a23a40ad5ca50,run-c2858d4c72a27981,boundary,mr-xm-confirm-qwen25_3b-grpo-code_standard-c4-s51,4999419,1,memory_failure,0,rollout_oom,,,output/major_revision_cross_model_confirmatory/mr-xm-confirm-qwen25_3b-grpo-code_standard-c4-s51/environment-4999419.json;output/major_revision_cross_model_confirmatory/mr-xm-confirm-qwen25_3b-grpo-code_standard-c4-s51/gpu-memory-4999419.csv;output/major_revision_cross_model_confirmatory/mr-xm-confirm-qwen25_3b-grpo-code_standard-c4-s51/gpu-telemetry-4999419.csv;output/major_revision_cross_model_confirmatory/mr-xm-confirm-qwen25_3b-grpo-code_standard-c4-s51/phase-memory-4999419.csv;output/major_revision_cross_model_confirmatory/mr-xm-confirm-qwen25_3b-grpo-code_standard-c4-s51/training-4999419.log;output/major_revision_cross_model_confirmatory/mr-xm-confirm-qwen25_3b-grpo-code_standard-c4-s51/trial-4999419.json,
attempt-c33938745c45d43a,cfg-57f3e6381e2a814a,run-c33938745c45d43a,batch_reservation,strong-factorial-phi4_mini-grpo-gsm8k-actor_only-s96,5031796,1,completed,1,,,,output/strengthening_factorial/strong-factorial-phi4_mini-grpo-gsm8k-actor_only-s96/environment-5031796.json;output/strengthening_factorial/strong-factorial-phi4_mini-grpo-gsm8k-actor_only-s96/gpu-memory-5031796.csv;output/strengthening_factorial/strong-factorial-phi4_mini-grpo-gsm8k-actor_only-s96/gpu-telemetry-5031796.csv;output/strengthening_factorial/strong-factorial-phi4_mini-grpo-gsm8k-actor_only-s96/phase-memory-5031796.csv;output/strengthening_factorial/strong-factorial-phi4_mini-grpo-gsm8k-actor_only-s96/training-5031796.log;output/strengthening_factorial/strong-factorial-phi4_mini-grpo-gsm8k-actor_only-s96/trial-5031796.json,
attempt-c3446afcc2d72038,cfg-3fb18b33cd9f8bcf,run-c3446afcc2d72038,state_release,strong-node-qwen25_3b-grpo-math-near_boundary-s82-p2-release,5031126,1,completed,1,,,,output/strengthening_same_node_residency/strong-node-qwen25_3b-grpo-math-near_boundary-s82-p2-release/environment-5031126.json;output/strengthening_same_node_residency/strong-node-qwen25_3b-grpo-math-near_boundary-s82-p2-release/gpu-memory-5031126.csv;output/strengthening_same_node_residency/strong-node-qwen25_3b-grpo-math-near_boundary-s82-p2-release/gpu-telemetry-5031126.csv;output/strengthening_same_node_residency/strong-node-qwen25_3b-grpo-math-near_boundary-s82-p2-release/phase-memory-5031126.csv;output/strengthening_same_node_residency/strong-node-qwen25_3b-grpo-math-near_boundary-s82-p2-release/training-5031126.log;output/strengthening_same_node_residency/strong-node-qwen25_3b-grpo-math-near_boundary-s82-p2-release/trial-5031126.json,
attempt-c3990bbf58cf59ac,cfg-b68e9036992511d4,run-c3990bbf58cf59ac,state_release,strong-node-qwen25_3b-grpo-math-safe_margin-s81-p1-resident,5031603,1,completed,1,,,,output/strengthening_same_node_residency/strong-node-qwen25_3b-grpo-math-safe_margin-s81-p1-resident/environment-5031603.json;output/strengthening_same_node_residency/strong-node-qwen25_3b-grpo-math-safe_margin-s81-p1-resident/gpu-memory-5031603.csv;output/strengthening_same_node_residency/strong-node-qwen25_3b-grpo-math-safe_margin-s81-p1-resident/gpu-telemetry-5031603.csv;output/strengthening_same_node_residency/strong-node-qwen25_3b-grpo-math-safe_margin-s81-p1-resident/phase-memory-5031603.csv;output/strengthening_same_node_residency/strong-node-qwen25_3b-grpo-math-safe_margin-s81-p1-resident/training-5031603.log;output/strengthening_same_node_residency/strong-node-qwen25_3b-grpo-math-safe_margin-s81-p1-resident/trial-5031603.json,
attempt-c3abfdebfd3bfa33,cfg-28f3c14e91d01934,,batch_reservation,strong-factorial-granite33_2b-grpo-code_heavy_tail-joint-s95,5031301,0,other_failure,0,runtime,factorial_live_launcher_replacement_failure,,output/strengthening_factorial/strong-factorial-granite33_2b-grpo-code_heavy_tail-joint-s95/environment-5031301.json;output/strengthening_factorial/strong-factorial-granite33_2b-grpo-code_heavy_tail-joint-s95/gpu-memory-5031301.csv;output/strengthening_factorial/strong-factorial-granite33_2b-grpo-code_heavy_tail-joint-s95/gpu-telemetry-5031301.csv;output/strengthening_factorial/strong-factorial-granite33_2b-grpo-code_heavy_tail-joint-s95/phase-memory-5031301.csv;output/strengthening_factorial/strong-factorial-granite33_2b-grpo-code_heavy_tail-joint-s95/training-5031301.log;output/strengthening_factorial/strong-factorial-granite33_2b-grpo-code_heavy_tail-joint-s95/trial-5031301.json,
attempt-c41a226bcf33a96f,cfg-338d9224eb9d2f3a,run-c41a226bcf33a96f,boundary,v2cf-confirm-qwen25_3b-grpo-gsm8k_long-c2-s41,4935808,1,completed,1,,,,output/benchmark_v2_cross_family_confirmatory/v2cf-confirm-qwen25_3b-grpo-gsm8k_long-c2-s41/environment-4935808.json;output/benchmark_v2_cross_family_confirmatory/v2cf-confirm-qwen25_3b-grpo-gsm8k_long-c2-s41/gpu-memory-4935808.csv;output/benchmark_v2_cross_family_confirmatory/v2cf-confirm-qwen25_3b-grpo-gsm8k_long-c2-s41/gpu-telemetry-4935808.csv;output/benchmark_v2_cross_family_confirmatory/v2cf-confirm-qwen25_3b-grpo-gsm8k_long-c2-s41/phase-memory-4935808.csv;output/benchmark_v2_cross_family_confirmatory/v2cf-confirm-qwen25_3b-grpo-gsm8k_long-c2-s41/training-4935808.log;output/benchmark_v2_cross_family_confirmatory/v2cf-confirm-qwen25_3b-grpo-gsm8k_long-c2-s41/trial-4935808.json,
attempt-c4211690a14a8072,cfg-db87c67536995ab0,run-c4211690a14a8072,boundary,mr-xm-confirm-qwen25_3b-grpo-code_standard-c1-s51,4999240,1,completed,1,,,,output/major_revision_cross_model_confirmatory/mr-xm-confirm-qwen25_3b-grpo-code_standard-c1-s51/environment-4999240.json;output/major_revision_cross_model_confirmatory/mr-xm-confirm-qwen25_3b-grpo-code_standard-c1-s51/gpu-memory-4999240.csv;output/major_revision_cross_model_confirmatory/mr-xm-confirm-qwen25_3b-grpo-code_standard-c1-s51/gpu-telemetry-4999240.csv;output/major_revision_cross_model_confirmatory/mr-xm-confirm-qwen25_3b-grpo-code_standard-c1-s51/phase-memory-4999240.csv;output/major_revision_cross_model_confirmatory/mr-xm-confirm-qwen25_3b-grpo-code_standard-c1-s51/training-4999240.log;output/major_revision_cross_model_confirmatory/mr-xm-confirm-qwen25_3b-grpo-code_standard-c1-s51/trial-4999240.json,
attempt-c48030a2af4a0e7c,cfg-3171760c4182a3cf,run-c48030a2af4a0e7c,horizon_followup,rev-temporal-phi4_mini-math-interpolated-s111-source,5045338,1,completed,1,,,,output/revision_temporal/rev-temporal-phi4_mini-math-interpolated-s111-source/attempt-5045338/environment-5045338.json;output/revision_temporal/rev-temporal-phi4_mini-math-interpolated-s111-source/attempt-5045338/gpu-memory-5045338.csv;output/revision_temporal/rev-temporal-phi4_mini-math-interpolated-s111-source/attempt-5045338/gpu-telemetry-5045338.csv;output/revision_temporal/rev-temporal-phi4_mini-math-interpolated-s111-source/attempt-5045338/phase-memory-5045338.csv;output/revision_temporal/rev-temporal-phi4_mini-math-interpolated-s111-source/attempt-5045338/training-5045338.log;output/revision_temporal/rev-temporal-phi4_mini-math-interpolated-s111-source/attempt-5045338/trial-5045338.json;output/revision_temporal/rev-temporal-phi4_mini-math-interpolated-s111-source/trial-5045338.json,
attempt-c49a84e89922d298,cfg-d4a213515805a9a7,run-c49a84e89922d298,boundary,strong-granite-confirmatory-grpo-gsm8k_long-c1-s91,5031221,1,completed,1,,,,output/strengthening_granite_confirmatory/strong-granite-confirmatory-grpo-gsm8k_long-c1-s91/environment-5031221.json;output/strengthening_granite_confirmatory/strong-granite-confirmatory-grpo-gsm8k_long-c1-s91/gpu-memory-5031221.csv;output/strengthening_granite_confirmatory/strong-granite-confirmatory-grpo-gsm8k_long-c1-s91/gpu-telemetry-5031221.csv;output/strengthening_granite_confirmatory/strong-granite-confirmatory-grpo-gsm8k_long-c1-s91/phase-memory-5031221.csv;output/strengthening_granite_confirmatory/strong-granite-confirmatory-grpo-gsm8k_long-c1-s91/training-5031221.log;output/strengthening_granite_confirmatory/strong-granite-confirmatory-grpo-gsm8k_long-c1-s91/trial-5031221.json,
attempt-c53b3eb973ecad5a,cfg-b3fe40f61c5686ea,run-c53b3eb973ecad5a,state_release,strong-node-qwen25_1p5b-grpo-math-near_boundary-s83-p1-resident,5031046,1,memory_failure,0,actor_update_oom,,,output/strengthening_same_node_residency/strong-node-qwen25_1p5b-grpo-math-near_boundary-s83-p1-resident/environment-5031046.json;output/strengthening_same_node_residency/strong-node-qwen25_1p5b-grpo-math-near_boundary-s83-p1-resident/gpu-memory-5031046.csv;output/strengthening_same_node_residency/strong-node-qwen25_1p5b-grpo-math-near_boundary-s83-p1-resident/gpu-telemetry-5031046.csv;output/strengthening_same_node_residency/strong-node-qwen25_1p5b-grpo-math-near_boundary-s83-p1-resident/phase-memory-5031046.csv;output/strengthening_same_node_residency/strong-node-qwen25_1p5b-grpo-math-near_boundary-s83-p1-resident/training-5031046.log;output/strengthening_same_node_residency/strong-node-qwen25_1p5b-grpo-math-near_boundary-s83-p1-resident/trial-5031046.json,
attempt-c55b0ccc21f5fe5d,cfg-ca5490162c750c31,run-c55b0ccc21f5fe5d,state_release,strong-node-qwen25_1p5b-grpo-gsm8k-near_boundary-s81-p1-release,5031041,1,completed,1,,,,output/strengthening_same_node_residency/strong-node-qwen25_1p5b-grpo-gsm8k-near_boundary-s81-p1-release/environment-5031041.json;output/strengthening_same_node_residency/strong-node-qwen25_1p5b-grpo-gsm8k-near_boundary-s81-p1-release/gpu-memory-5031041.csv;output/strengthening_same_node_residency/strong-node-qwen25_1p5b-grpo-gsm8k-near_boundary-s81-p1-release/gpu-telemetry-5031041.csv;output/strengthening_same_node_residency/strong-node-qwen25_1p5b-grpo-gsm8k-near_boundary-s81-p1-release/phase-memory-5031041.csv;output/strengthening_same_node_residency/strong-node-qwen25_1p5b-grpo-gsm8k-near_boundary-s81-p1-release/training-5031041.log;output/strengthening_same_node_residency/strong-node-qwen25_1p5b-grpo-gsm8k-near_boundary-s81-p1-release/trial-5031041.json,
attempt-c601b173501df212,cfg-96ccf395b84393f7,run-c601b173501df212,boundary,v2cf-confirm-phi4_mini-grpo-gsm8k_long-c2-s42,4936181,1,completed,1,,,,output/benchmark_v2_cross_family_confirmatory/v2cf-confirm-phi4_mini-grpo-gsm8k_long-c2-s42/environment-4936181.json;output/benchmark_v2_cross_family_confirmatory/v2cf-confirm-phi4_mini-grpo-gsm8k_long-c2-s42/gpu-memory-4936181.csv;output/benchmark_v2_cross_family_confirmatory/v2cf-confirm-phi4_mini-grpo-gsm8k_long-c2-s42/gpu-telemetry-4936181.csv;output/benchmark_v2_cross_family_confirmatory/v2cf-confirm-phi4_mini-grpo-gsm8k_long-c2-s42/phase-memory-4936181.csv;output/benchmark_v2_cross_family_confirmatory/v2cf-confirm-phi4_mini-grpo-gsm8k_long-c2-s42/training-4936181.log;output/benchmark_v2_cross_family_confirmatory/v2cf-confirm-phi4_mini-grpo-gsm8k_long-c2-s42/trial-4936181.json,
attempt-c7ba2c863fb5bd4d,cfg-3197439008c27071,run-c7ba2c863fb5bd4d,horizon_followup,rev-temporal-granite33_2b-math-interpolated-s111-long,5045431,1,completed,1,,,,output/revision_temporal/rev-temporal-granite33_2b-math-interpolated-s111-long/attempt-5045431/environment-5045431.json;output/revision_temporal/rev-temporal-granite33_2b-math-interpolated-s111-long/attempt-5045431/gpu-memory-5045431.csv;output/revision_temporal/rev-temporal-granite33_2b-math-interpolated-s111-long/attempt-5045431/gpu-telemetry-5045431.csv;output/revision_temporal/rev-temporal-granite33_2b-math-interpolated-s111-long/attempt-5045431/phase-memory-5045431.csv;output/revision_temporal/rev-temporal-granite33_2b-math-interpolated-s111-long/attempt-5045431/training-5045431.log;output/revision_temporal/rev-temporal-granite33_2b-math-interpolated-s111-long/attempt-5045431/trial-5045431.json;output/revision_temporal/rev-temporal-granite33_2b-math-interpolated-s111-long/trial-5045431.json,
attempt-c828499eee4a8498,cfg-445e1547e9317cd0,run-c828499eee4a8498,batch_reservation,strong-factorial-granite33_2b-grpo-gsm8k_long-base-s94,5031353,1,completed,1,,,,output/strengthening_factorial/strong-factorial-granite33_2b-grpo-gsm8k_long-base-s94/environment-5031353.json;output/strengthening_factorial/strong-factorial-granite33_2b-grpo-gsm8k_long-base-s94/gpu-memory-5031353.csv;output/strengthening_factorial/strong-factorial-granite33_2b-grpo-gsm8k_long-base-s94/gpu-telemetry-5031353.csv;output/strengthening_factorial/strong-factorial-granite33_2b-grpo-gsm8k_long-base-s94/phase-memory-5031353.csv;output/strengthening_factorial/strong-factorial-granite33_2b-grpo-gsm8k_long-base-s94/training-5031353.log;output/strengthening_factorial/strong-factorial-granite33_2b-grpo-gsm8k_long-base-s94/trial-5031353.json,
attempt-c84ffdee1a2d99cb,cfg-71a1a1a191bc4135,run-c84ffdee1a2d99cb,instrumentation,rev-instrumentation-granite33_2b-gsm8k-c4-s112-external,5045386,1,completed,1,,,,output/revision_instrumentation/rev-instrumentation-granite33_2b-gsm8k-c4-s112-external/attempt-5045386/environment-5045386.json;output/revision_instrumentation/rev-instrumentation-granite33_2b-gsm8k-c4-s112-external/attempt-5045386/gpu-memory-5045386.csv;output/revision_instrumentation/rev-instrumentation-granite33_2b-gsm8k-c4-s112-external/attempt-5045386/gpu-telemetry-5045386.csv;output/revision_instrumentation/rev-instrumentation-granite33_2b-gsm8k-c4-s112-external/attempt-5045386/phase-memory-5045386.csv;output/revision_instrumentation/rev-instrumentation-granite33_2b-gsm8k-c4-s112-external/attempt-5045386/training-5045386.log;output/revision_instrumentation/rev-instrumentation-granite33_2b-gsm8k-c4-s112-external/attempt-5045386/trial-5045386.json;output/revision_instrumentation/rev-instrumentation-granite33_2b-gsm8k-c4-s112-external/trial-5045386.json,
attempt-c85130f3388b6df1,cfg-40dbe09dcfdb5368,run-c85130f3388b6df1,batch_reservation,strong-factorial-granite33_2b-grpo-code_heavy_tail-actor_only-s96,5031341,1,completed,1,,,,output/strengthening_factorial/strong-factorial-granite33_2b-grpo-code_heavy_tail-actor_only-s96/environment-5031341.json;output/strengthening_factorial/strong-factorial-granite33_2b-grpo-code_heavy_tail-actor_only-s96/gpu-memory-5031341.csv;output/strengthening_factorial/strong-factorial-granite33_2b-grpo-code_heavy_tail-actor_only-s96/gpu-telemetry-5031341.csv;output/strengthening_factorial/strong-factorial-granite33_2b-grpo-code_heavy_tail-actor_only-s96/phase-memory-5031341.csv;output/strengthening_factorial/strong-factorial-granite33_2b-grpo-code_heavy_tail-actor_only-s96/training-5031341.log;output/strengthening_factorial/strong-factorial-granite33_2b-grpo-code_heavy_tail-actor_only-s96/trial-5031341.json,
attempt-c8e9eb1e53bd83a4,cfg-af3c23f421a50a52,run-c8e9eb1e53bd83a4,batch_reservation,strong-factorial-phi4_mini-grpo-code_heavy_tail-base-s95,5031695,1,completed,1,,,,output/strengthening_factorial/strong-factorial-phi4_mini-grpo-code_heavy_tail-base-s95/environment-5031695.json;output/strengthening_factorial/strong-factorial-phi4_mini-grpo-code_heavy_tail-base-s95/gpu-memory-5031695.csv;output/strengthening_factorial/strong-factorial-phi4_mini-grpo-code_heavy_tail-base-s95/gpu-telemetry-5031695.csv;output/strengthening_factorial/strong-factorial-phi4_mini-grpo-code_heavy_tail-base-s95/phase-memory-5031695.csv;output/strengthening_factorial/strong-factorial-phi4_mini-grpo-code_heavy_tail-base-s95/training-5031695.log;output/strengthening_factorial/strong-factorial-phi4_mini-grpo-code_heavy_tail-base-s95/trial-5031695.json,
attempt-ca6cba61abc4d184,cfg-61c14de21a34d0e6,run-ca6cba61abc4d184,boundary,strong-granite-confirmatory-grpo-code_standard-c4-s93,5031373,1,completed,1,,,,output/strengthening_granite_confirmatory/strong-granite-confirmatory-grpo-code_standard-c4-s93/environment-5031373.json;output/strengthening_granite_confirmatory/strong-granite-confirmatory-grpo-code_standard-c4-s93/gpu-memory-5031373.csv;output/strengthening_granite_confirmatory/strong-granite-confirmatory-grpo-code_standard-c4-s93/gpu-telemetry-5031373.csv;output/strengthening_granite_confirmatory/strong-granite-confirmatory-grpo-code_standard-c4-s93/phase-memory-5031373.csv;output/strengthening_granite_confirmatory/strong-granite-confirmatory-grpo-code_standard-c4-s93/training-5031373.log;output/strengthening_granite_confirmatory/strong-granite-confirmatory-grpo-code_standard-c4-s93/trial-5031373.json,
attempt-ca8868353ceb4e9e,cfg-161de6cc5f566679,run-ca8868353ceb4e9e,batch_reservation,strong-factorial-qwen25_3b-grpo-code_heavy_tail-joint-s94,5031992,1,completed,1,,,,output/strengthening_factorial/strong-factorial-qwen25_3b-grpo-code_heavy_tail-joint-s94/environment-5031992.json;output/strengthening_factorial/strong-factorial-qwen25_3b-grpo-code_heavy_tail-joint-s94/gpu-memory-5031992.csv;output/strengthening_factorial/strong-factorial-qwen25_3b-grpo-code_heavy_tail-joint-s94/gpu-telemetry-5031992.csv;output/strengthening_factorial/strong-factorial-qwen25_3b-grpo-code_heavy_tail-joint-s94/phase-memory-5031992.csv;output/strengthening_factorial/strong-factorial-qwen25_3b-grpo-code_heavy_tail-joint-s94/training-5031992.log;output/strengthening_factorial/strong-factorial-qwen25_3b-grpo-code_heavy_tail-joint-s94/trial-5031992.json,
attempt-cad7ab87f2343281,cfg-371ae37408089efe,run-cad7ab87f2343281,four_gpu,rev-topology-phi4_mini-math-c2-s113-four_gpu,5045370,1,completed,1,,,,output/revision_topology/rev-topology-phi4_mini-math-c2-s113-four_gpu/attempt-5045370/environment-5045370.json;output/revision_topology/rev-topology-phi4_mini-math-c2-s113-four_gpu/attempt-5045370/gpu-memory-5045370.csv;output/revision_topology/rev-topology-phi4_mini-math-c2-s113-four_gpu/attempt-5045370/gpu-telemetry-5045370.csv;output/revision_topology/rev-topology-phi4_mini-math-c2-s113-four_gpu/attempt-5045370/phase-memory-5045370.csv;output/revision_topology/rev-topology-phi4_mini-math-c2-s113-four_gpu/attempt-5045370/training-5045370.log;output/revision_topology/rev-topology-phi4_mini-math-c2-s113-four_gpu/attempt-5045370/trial-5045370.json;output/revision_topology/rev-topology-phi4_mini-math-c2-s113-four_gpu/trial-5045370.json,
attempt-cc9aa403bccbf9fd,cfg-331bb196cd92fe75,run-cc9aa403bccbf9fd,temporal_100,strong-time-grpo-gsm8k-qwen25_3b-safe_margin-s92,5032501,1,completed,1,,,,output/strengthening_temporal_phases/strong-time-grpo-gsm8k-qwen25_3b-safe_margin-s92/environment-5032501.json;output/strengthening_temporal_phases/strong-time-grpo-gsm8k-qwen25_3b-safe_margin-s92/gpu-memory-5032501.csv;output/strengthening_temporal_phases/strong-time-grpo-gsm8k-qwen25_3b-safe_margin-s92/gpu-telemetry-5032501.csv;output/strengthening_temporal_phases/strong-time-grpo-gsm8k-qwen25_3b-safe_margin-s92/phase-memory-5032501.csv;output/strengthening_temporal_phases/strong-time-grpo-gsm8k-qwen25_3b-safe_margin-s92/training-5032501.log;output/strengthening_temporal_phases/strong-time-grpo-gsm8k-qwen25_3b-safe_margin-s92/trial-5032501.json,
attempt-cca5576255a63eeb,cfg-b3fe40f61c5686ea,run-cca5576255a63eeb,state_release,strong-node-qwen25_1p5b-grpo-math-near_boundary-s81-p1-resident,5031044,1,memory_failure,0,actor_update_oom,,,output/strengthening_same_node_residency/strong-node-qwen25_1p5b-grpo-math-near_boundary-s81-p1-resident/environment-5031044.json;output/strengthening_same_node_residency/strong-node-qwen25_1p5b-grpo-math-near_boundary-s81-p1-resident/gpu-memory-5031044.csv;output/strengthening_same_node_residency/strong-node-qwen25_1p5b-grpo-math-near_boundary-s81-p1-resident/gpu-telemetry-5031044.csv;output/strengthening_same_node_residency/strong-node-qwen25_1p5b-grpo-math-near_boundary-s81-p1-resident/phase-memory-5031044.csv;output/strengthening_same_node_residency/strong-node-qwen25_1p5b-grpo-math-near_boundary-s81-p1-resident/training-5031044.log;output/strengthening_same_node_residency/strong-node-qwen25_1p5b-grpo-math-near_boundary-s81-p1-resident/trial-5031044.json,
attempt-cd116b743ea3a0ee,cfg-d02503f8c9804a2d,run-cd116b743ea3a0ee,boundary,strong-granite-confirmatory-grpo-math_short-c4-s92,5031601,1,completed,1,,,,output/strengthening_granite_confirmatory/strong-granite-confirmatory-grpo-math_short-c4-s92/environment-5031601.json;output/strengthening_granite_confirmatory/strong-granite-confirmatory-grpo-math_short-c4-s92/gpu-memory-5031601.csv;output/strengthening_granite_confirmatory/strong-granite-confirmatory-grpo-math_short-c4-s92/gpu-telemetry-5031601.csv;output/strengthening_granite_confirmatory/strong-granite-confirmatory-grpo-math_short-c4-s92/phase-memory-5031601.csv;output/strengthening_granite_confirmatory/strong-granite-confirmatory-grpo-math_short-c4-s92/training-5031601.log;output/strengthening_granite_confirmatory/strong-granite-confirmatory-grpo-math_short-c4-s92/trial-5031601.json,
attempt-cd8706bf20c76ecc,cfg-584e6c6664859977,run-cd8706bf20c76ecc,batch_reservation,strong-factorial-granite33_2b-grpo-gsm8k_long-actor_only-s94,5031356,1,completed,1,,,,output/strengthening_factorial/strong-factorial-granite33_2b-grpo-gsm8k_long-actor_only-s94/environment-5031356.json;output/strengthening_factorial/strong-factorial-granite33_2b-grpo-gsm8k_long-actor_only-s94/gpu-memory-5031356.csv;output/strengthening_factorial/strong-factorial-granite33_2b-grpo-gsm8k_long-actor_only-s94/gpu-telemetry-5031356.csv;output/strengthening_factorial/strong-factorial-granite33_2b-grpo-gsm8k_long-actor_only-s94/phase-memory-5031356.csv;output/strengthening_factorial/strong-factorial-granite33_2b-grpo-gsm8k_long-actor_only-s94/training-5031356.log;output/strengthening_factorial/strong-factorial-granite33_2b-grpo-gsm8k_long-actor_only-s94/trial-5031356.json,
attempt-cdb185f1541bbf3d,cfg-a3987314cb2f9f12,run-cdb185f1541bbf3d,boundary,v2cf-confirm-phi4_mini-grpo-math_short-c3-s41,4936293,1,completed,1,,,,output/benchmark_v2_cross_family_confirmatory/v2cf-confirm-phi4_mini-grpo-math_short-c3-s41/environment-4936293.json;output/benchmark_v2_cross_family_confirmatory/v2cf-confirm-phi4_mini-grpo-math_short-c3-s41/gpu-memory-4936293.csv;output/benchmark_v2_cross_family_confirmatory/v2cf-confirm-phi4_mini-grpo-math_short-c3-s41/gpu-telemetry-4936293.csv;output/benchmark_v2_cross_family_confirmatory/v2cf-confirm-phi4_mini-grpo-math_short-c3-s41/phase-memory-4936293.csv;output/benchmark_v2_cross_family_confirmatory/v2cf-confirm-phi4_mini-grpo-math_short-c3-s41/training-4936293.log;output/benchmark_v2_cross_family_confirmatory/v2cf-confirm-phi4_mini-grpo-math_short-c3-s41/trial-4936293.json,
attempt-cdcada2885d77ab6,cfg-90f4a9f55e2f827d,run-cdcada2885d77ab6,batch_logging_control,review-control-qwen25_3b-code_heavy_tail-s123-full_b8,5048501,1,completed,1,,,,output/review_instrumentation_batch/review-control-qwen25_3b-code_heavy_tail-s123-full_b8/trial-5048501.json,
attempt-cdee123860eee2ab,cfg-3ffb5c1bf8440754,run-cdee123860eee2ab,batch_reservation,strong-factorial-phi4_mini-grpo-code_heavy_tail-reservation_only-s96,5031728,1,completed,1,,,,output/strengthening_factorial/strong-factorial-phi4_mini-grpo-code_heavy_tail-reservation_only-s96/environment-5031728.json;output/strengthening_factorial/strong-factorial-phi4_mini-grpo-code_heavy_tail-reservation_only-s96/gpu-memory-5031728.csv;output/strengthening_factorial/strong-factorial-phi4_mini-grpo-code_heavy_tail-reservation_only-s96/gpu-telemetry-5031728.csv;output/strengthening_factorial/strong-factorial-phi4_mini-grpo-code_heavy_tail-reservation_only-s96/phase-memory-5031728.csv;output/strengthening_factorial/strong-factorial-phi4_mini-grpo-code_heavy_tail-reservation_only-s96/training-5031728.log;output/strengthening_factorial/strong-factorial-phi4_mini-grpo-code_heavy_tail-reservation_only-s96/trial-5031728.json,
attempt-cdfddce708a6b2c5,cfg-41e61e03ad83499f,run-cdfddce708a6b2c5,sampling_calibration,v2tel-01-qwen25_1p5b-grpo-math-near_boundary-100ms,4935081,1,completed,1,,,,output/benchmark_v2_telemetry_calibration/v2tel-01-qwen25_1p5b-grpo-math-near_boundary-100ms/environment-4935081.json;output/benchmark_v2_telemetry_calibration/v2tel-01-qwen25_1p5b-grpo-math-near_boundary-100ms/gpu-memory-4935081.csv;output/benchmark_v2_telemetry_calibration/v2tel-01-qwen25_1p5b-grpo-math-near_boundary-100ms/gpu-telemetry-4935081.csv;output/benchmark_v2_telemetry_calibration/v2tel-01-qwen25_1p5b-grpo-math-near_boundary-100ms/phase-memory-4935081.csv;output/benchmark_v2_telemetry_calibration/v2tel-01-qwen25_1p5b-grpo-math-near_boundary-100ms/training-4935081.log;output/benchmark_v2_telemetry_calibration/v2tel-01-qwen25_1p5b-grpo-math-near_boundary-100ms/trial-4935081.json,
attempt-ce00853c23a2ed32,cfg-195974eaa7e946e0,run-ce00853c23a2ed32,horizon_followup,rev-temporal-granite33_2b-math-interpolated-s111-source,5045431,1,completed,1,,,,output/revision_temporal/rev-temporal-granite33_2b-math-interpolated-s111-source/attempt-5045431/environment-5045431.json;output/revision_temporal/rev-temporal-granite33_2b-math-interpolated-s111-source/attempt-5045431/gpu-memory-5045431.csv;output/revision_temporal/rev-temporal-granite33_2b-math-interpolated-s111-source/attempt-5045431/gpu-telemetry-5045431.csv;output/revision_temporal/rev-temporal-granite33_2b-math-interpolated-s111-source/attempt-5045431/phase-memory-5045431.csv;output/revision_temporal/rev-temporal-granite33_2b-math-interpolated-s111-source/attempt-5045431/training-5045431.log;output/revision_temporal/rev-temporal-granite33_2b-math-interpolated-s111-source/attempt-5045431/trial-5045431.json;output/revision_temporal/rev-temporal-granite33_2b-math-interpolated-s111-source/trial-5045431.json,
attempt-ce93b82aaa8bfa1d,cfg-c3f0ad157d299d39,,boundary,strong-granite-confirmatory-grpo-code_standard-c3-s93,5031295,0,other_failure,0,distributed_port_collision,granite_vllm_replica_port_collision,,output/strengthening_granite_confirmatory/strong-granite-confirmatory-grpo-code_standard-c3-s93/environment-5031295.json;output/strengthening_granite_confirmatory/strong-granite-confirmatory-grpo-code_standard-c3-s93/gpu-memory-5031295.csv;output/strengthening_granite_confirmatory/strong-granite-confirmatory-grpo-code_standard-c3-s93/gpu-telemetry-5031295.csv;output/strengthening_granite_confirmatory/strong-granite-confirmatory-grpo-code_standard-c3-s93/phase-memory-5031295.csv;output/strengthening_granite_confirmatory/strong-granite-confirmatory-grpo-code_standard-c3-s93/training-5031295.log;output/strengthening_granite_confirmatory/strong-granite-confirmatory-grpo-code_standard-c3-s93/trial-5031295.json,
attempt-cecb9ef9d4768a37,cfg-32977d5aa42a41cb,run-cecb9ef9d4768a37,boundary,strong-granite-confirmatory-grpo-math_short-c5-s91,5031269,1,memory_failure,0,rollout_init_memory,,,output/strengthening_granite_confirmatory/strong-granite-confirmatory-grpo-math_short-c5-s91/environment-5031269.json;output/strengthening_granite_confirmatory/strong-granite-confirmatory-grpo-math_short-c5-s91/gpu-memory-5031269.csv;output/strengthening_granite_confirmatory/strong-granite-confirmatory-grpo-math_short-c5-s91/gpu-telemetry-5031269.csv;output/strengthening_granite_confirmatory/strong-granite-confirmatory-grpo-math_short-c5-s91/phase-memory-5031269.csv;output/strengthening_granite_confirmatory/strong-granite-confirmatory-grpo-math_short-c5-s91/training-5031269.log;output/strengthening_granite_confirmatory/strong-granite-confirmatory-grpo-math_short-c5-s91/trial-5031269.json,
attempt-cef469d9b68c446d,cfg-40dbe09dcfdb5368,run-cef469d9b68c446d,batch_reservation,strong-factorial-granite33_2b-grpo-code_heavy_tail-actor_only-s94,5031339,1,completed,1,,,,output/strengthening_factorial/strong-factorial-granite33_2b-grpo-code_heavy_tail-actor_only-s94/environment-5031339.json;output/strengthening_factorial/strong-factorial-granite33_2b-grpo-code_heavy_tail-actor_only-s94/gpu-memory-5031339.csv;output/strengthening_factorial/strong-factorial-granite33_2b-grpo-code_heavy_tail-actor_only-s94/gpu-telemetry-5031339.csv;output/strengthening_factorial/strong-factorial-granite33_2b-grpo-code_heavy_tail-actor_only-s94/phase-memory-5031339.csv;output/strengthening_factorial/strong-factorial-granite33_2b-grpo-code_heavy_tail-actor_only-s94/training-5031339.log;output/strengthening_factorial/strong-factorial-granite33_2b-grpo-code_heavy_tail-actor_only-s94/trial-5031339.json,
attempt-d0e5e0fc7f89d0e8,cfg-a24e9cdd2f6143f2,run-d0e5e0fc7f89d0e8,boundary,mr-xm-confirm-phi4_mini-grpo-code_heavy_tail-c0-s53,5003608,1,completed,1,,,,output/major_revision_cross_model_confirmatory/mr-xm-confirm-phi4_mini-grpo-code_heavy_tail-c0-s53/environment-5003608.json;output/major_revision_cross_model_confirmatory/mr-xm-confirm-phi4_mini-grpo-code_heavy_tail-c0-s53/gpu-memory-5003608.csv;output/major_revision_cross_model_confirmatory/mr-xm-confirm-phi4_mini-grpo-code_heavy_tail-c0-s53/gpu-telemetry-5003608.csv;output/major_revision_cross_model_confirmatory/mr-xm-confirm-phi4_mini-grpo-code_heavy_tail-c0-s53/phase-memory-5003608.csv;output/major_revision_cross_model_confirmatory/mr-xm-confirm-phi4_mini-grpo-code_heavy_tail-c0-s53/training-5003608.log;output/major_revision_cross_model_confirmatory/mr-xm-confirm-phi4_mini-grpo-code_heavy_tail-c0-s53/trial-5003608.json,
attempt-d1a2dd19ba5375d7,cfg-cc900fb7731c3f49,run-d1a2dd19ba5375d7,boundary,v2cf-confirm-phi4_mini-grpo-math_short-c5-s43,4936400,1,memory_failure,0,rollout_init_memory,,,output/benchmark_v2_cross_family_confirmatory/v2cf-confirm-phi4_mini-grpo-math_short-c5-s43/environment-4936400.json;output/benchmark_v2_cross_family_confirmatory/v2cf-confirm-phi4_mini-grpo-math_short-c5-s43/gpu-memory-4936400.csv;output/benchmark_v2_cross_family_confirmatory/v2cf-confirm-phi4_mini-grpo-math_short-c5-s43/gpu-telemetry-4936400.csv;output/benchmark_v2_cross_family_confirmatory/v2cf-confirm-phi4_mini-grpo-math_short-c5-s43/phase-memory-4936400.csv;output/benchmark_v2_cross_family_confirmatory/v2cf-confirm-phi4_mini-grpo-math_short-c5-s43/training-4936400.log;output/benchmark_v2_cross_family_confirmatory/v2cf-confirm-phi4_mini-grpo-math_short-c5-s43/trial-4936400.json,
attempt-d1bf6711fc6651dd,cfg-83aadaf7687932d9,run-d1bf6711fc6651dd,instrumentation,rev-instrumentation-qwen25_3b-gsm8k-c4-s111-full,5045286,1,memory_failure,0,weight_sync_oom,,,output/revision_instrumentation/rev-instrumentation-qwen25_3b-gsm8k-c4-s111-full/attempt-5045286/environment-5045286.json;output/revision_instrumentation/rev-instrumentation-qwen25_3b-gsm8k-c4-s111-full/attempt-5045286/gpu-memory-5045286.csv;output/revision_instrumentation/rev-instrumentation-qwen25_3b-gsm8k-c4-s111-full/attempt-5045286/gpu-telemetry-5045286.csv;output/revision_instrumentation/rev-instrumentation-qwen25_3b-gsm8k-c4-s111-full/attempt-5045286/phase-memory-5045286.csv;output/revision_instrumentation/rev-instrumentation-qwen25_3b-gsm8k-c4-s111-full/attempt-5045286/training-5045286.log;output/revision_instrumentation/rev-instrumentation-qwen25_3b-gsm8k-c4-s111-full/attempt-5045286/trial-5045286.json;output/revision_instrumentation/rev-instrumentation-qwen25_3b-gsm8k-c4-s111-full/trial-5045286.json,
attempt-d1f250f534fb8678,cfg-73c06764ba28a56b,run-d1f250f534fb8678,boundary,strong-granite-confirmatory-grpo-gsm8k_long-c3-s92,5031239,1,completed,1,,,,output/strengthening_granite_confirmatory/strong-granite-confirmatory-grpo-gsm8k_long-c3-s92/environment-5031239.json;output/strengthening_granite_confirmatory/strong-granite-confirmatory-grpo-gsm8k_long-c3-s92/gpu-memory-5031239.csv;output/strengthening_granite_confirmatory/strong-granite-confirmatory-grpo-gsm8k_long-c3-s92/gpu-telemetry-5031239.csv;output/strengthening_granite_confirmatory/strong-granite-confirmatory-grpo-gsm8k_long-c3-s92/phase-memory-5031239.csv;output/strengthening_granite_confirmatory/strong-granite-confirmatory-grpo-gsm8k_long-c3-s92/training-5031239.log;output/strengthening_granite_confirmatory/strong-granite-confirmatory-grpo-gsm8k_long-c3-s92/trial-5031239.json,
attempt-d299d9f6b759cae7,cfg-08730ad4a3df95fa,,batch_reservation,strong-factorial-granite33_2b-grpo-code_heavy_tail-reservation_only-s95,5031289,0,other_failure,0,distributed_port_collision,factorial_vllm_replica_port_collision,,output/strengthening_factorial/strong-factorial-granite33_2b-grpo-code_heavy_tail-reservation_only-s95/environment-5031289.json;output/strengthening_factorial/strong-factorial-granite33_2b-grpo-code_heavy_tail-reservation_only-s95/gpu-memory-5031289.csv;output/strengthening_factorial/strong-factorial-granite33_2b-grpo-code_heavy_tail-reservation_only-s95/gpu-telemetry-5031289.csv;output/strengthening_factorial/strong-factorial-granite33_2b-grpo-code_heavy_tail-reservation_only-s95/phase-memory-5031289.csv;output/strengthening_factorial/strong-factorial-granite33_2b-grpo-code_heavy_tail-reservation_only-s95/training-5031289.log;output/strengthening_factorial/strong-factorial-granite33_2b-grpo-code_heavy_tail-reservation_only-s95/trial-5031289.json,
attempt-d29e87d17c317703,cfg-3bbff1090fab73f9,run-d29e87d17c317703,instrumentation,rev-instrumentation-qwen25_3b-gsm8k-c3-s112-full,5045284,1,completed,1,,,,output/revision_instrumentation/rev-instrumentation-qwen25_3b-gsm8k-c3-s112-full/attempt-5045284/environment-5045284.json;output/revision_instrumentation/rev-instrumentation-qwen25_3b-gsm8k-c3-s112-full/attempt-5045284/gpu-memory-5045284.csv;output/revision_instrumentation/rev-instrumentation-qwen25_3b-gsm8k-c3-s112-full/attempt-5045284/gpu-telemetry-5045284.csv;output/revision_instrumentation/rev-instrumentation-qwen25_3b-gsm8k-c3-s112-full/attempt-5045284/phase-memory-5045284.csv;output/revision_instrumentation/rev-instrumentation-qwen25_3b-gsm8k-c3-s112-full/attempt-5045284/training-5045284.log;output/revision_instrumentation/rev-instrumentation-qwen25_3b-gsm8k-c3-s112-full/attempt-5045284/trial-5045284.json;output/revision_instrumentation/rev-instrumentation-qwen25_3b-gsm8k-c3-s112-full/trial-5045284.json,
attempt-d2bcadcdc478f9ba,cfg-9139b72537023523,run-d2bcadcdc478f9ba,batch_reservation,strong-factorial-granite33_2b-grpo-code_standard-joint-s94,5031323,1,completed,1,,,,output/strengthening_factorial/strong-factorial-granite33_2b-grpo-code_standard-joint-s94/environment-5031323.json;output/strengthening_factorial/strong-factorial-granite33_2b-grpo-code_standard-joint-s94/gpu-memory-5031323.csv;output/strengthening_factorial/strong-factorial-granite33_2b-grpo-code_standard-joint-s94/gpu-telemetry-5031323.csv;output/strengthening_factorial/strong-factorial-granite33_2b-grpo-code_standard-joint-s94/phase-memory-5031323.csv;output/strengthening_factorial/strong-factorial-granite33_2b-grpo-code_standard-joint-s94/training-5031323.log;output/strengthening_factorial/strong-factorial-granite33_2b-grpo-code_standard-joint-s94/trial-5031323.json,
attempt-d366b0949a17a42e,cfg-f03e4e98c682240e,run-d366b0949a17a42e,four_gpu,rev-topology-qwen25_3b-math-c2-s111-four_gpu,5045316,1,completed,1,,,,output/revision_topology/rev-topology-qwen25_3b-math-c2-s111-four_gpu/attempt-5045316/environment-5045316.json;output/revision_topology/rev-topology-qwen25_3b-math-c2-s111-four_gpu/attempt-5045316/gpu-memory-5045316.csv;output/revision_topology/rev-topology-qwen25_3b-math-c2-s111-four_gpu/attempt-5045316/gpu-telemetry-5045316.csv;output/revision_topology/rev-topology-qwen25_3b-math-c2-s111-four_gpu/attempt-5045316/phase-memory-5045316.csv;output/revision_topology/rev-topology-qwen25_3b-math-c2-s111-four_gpu/attempt-5045316/training-5045316.log;output/revision_topology/rev-topology-qwen25_3b-math-c2-s111-four_gpu/attempt-5045316/trial-5045316.json;output/revision_topology/rev-topology-qwen25_3b-math-c2-s111-four_gpu/trial-5045316.json,
attempt-d37473a655b0ca1b,cfg-89ca48ce88ea694e,run-d37473a655b0ca1b,boundary,mr-xm-confirm-phi4_mini-grpo-code_heavy_tail-c3-s53,5003964,1,completed,1,,,,output/major_revision_cross_model_confirmatory/mr-xm-confirm-phi4_mini-grpo-code_heavy_tail-c3-s53/environment-5003964.json;output/major_revision_cross_model_confirmatory/mr-xm-confirm-phi4_mini-grpo-code_heavy_tail-c3-s53/gpu-memory-5003964.csv;output/major_revision_cross_model_confirmatory/mr-xm-confirm-phi4_mini-grpo-code_heavy_tail-c3-s53/gpu-telemetry-5003964.csv;output/major_revision_cross_model_confirmatory/mr-xm-confirm-phi4_mini-grpo-code_heavy_tail-c3-s53/phase-memory-5003964.csv;output/major_revision_cross_model_confirmatory/mr-xm-confirm-phi4_mini-grpo-code_heavy_tail-c3-s53/training-5003964.log;output/major_revision_cross_model_confirmatory/mr-xm-confirm-phi4_mini-grpo-code_heavy_tail-c3-s53/trial-5003964.json,
attempt-d37e2798582e8124,cfg-792be3e27c84b0cb,run-d37e2798582e8124,temporal_40,v2time-grpo-math-qwen25_1p5b-one_step_unsafe-s42,4946975,1,completed,1,,,,output/benchmark_v2_temporal_confirmatory/v2time-grpo-math-qwen25_1p5b-one_step_unsafe-s42/environment-4946975.json;output/benchmark_v2_temporal_confirmatory/v2time-grpo-math-qwen25_1p5b-one_step_unsafe-s42/gpu-memory-4946975.csv;output/benchmark_v2_temporal_confirmatory/v2time-grpo-math-qwen25_1p5b-one_step_unsafe-s42/gpu-telemetry-4946975.csv;output/benchmark_v2_temporal_confirmatory/v2time-grpo-math-qwen25_1p5b-one_step_unsafe-s42/phase-memory-4946975.csv;output/benchmark_v2_temporal_confirmatory/v2time-grpo-math-qwen25_1p5b-one_step_unsafe-s42/training-4946975.log;output/benchmark_v2_temporal_confirmatory/v2time-grpo-math-qwen25_1p5b-one_step_unsafe-s42/trial-4946975.json,
attempt-d39a60e3e6cadc51,cfg-714c540f76d9525d,run-d39a60e3e6cadc51,four_gpu,rev-topology-qwen25_3b-math-c3-s113-four_gpu,5045329,1,completed,1,,,,output/revision_topology/rev-topology-qwen25_3b-math-c3-s113-four_gpu/attempt-5045329/environment-5045329.json;output/revision_topology/rev-topology-qwen25_3b-math-c3-s113-four_gpu/attempt-5045329/gpu-memory-5045329.csv;output/revision_topology/rev-topology-qwen25_3b-math-c3-s113-four_gpu/attempt-5045329/gpu-telemetry-5045329.csv;output/revision_topology/rev-topology-qwen25_3b-math-c3-s113-four_gpu/attempt-5045329/phase-memory-5045329.csv;output/revision_topology/rev-topology-qwen25_3b-math-c3-s113-four_gpu/attempt-5045329/training-5045329.log;output/revision_topology/rev-topology-qwen25_3b-math-c3-s113-four_gpu/attempt-5045329/trial-5045329.json;output/revision_topology/rev-topology-qwen25_3b-math-c3-s113-four_gpu/trial-5045329.json,
attempt-d3d97288abc9c706,cfg-bf9ce8082ed7a2d9,run-d3d97288abc9c706,batch_reservation,strong-factorial-qwen25_3b-grpo-code_heavy_tail-base-s95,5031982,1,completed,1,,,,output/strengthening_factorial/strong-factorial-qwen25_3b-grpo-code_heavy_tail-base-s95/environment-5031982.json;output/strengthening_factorial/strong-factorial-qwen25_3b-grpo-code_heavy_tail-base-s95/gpu-memory-5031982.csv;output/strengthening_factorial/strong-factorial-qwen25_3b-grpo-code_heavy_tail-base-s95/gpu-telemetry-5031982.csv;output/strengthening_factorial/strong-factorial-qwen25_3b-grpo-code_heavy_tail-base-s95/phase-memory-5031982.csv;output/strengthening_factorial/strong-factorial-qwen25_3b-grpo-code_heavy_tail-base-s95/training-5031982.log;output/strengthening_factorial/strong-factorial-qwen25_3b-grpo-code_heavy_tail-base-s95/trial-5031982.json,
attempt-d404d335716bdc89,cfg-831b7ab9490a8a5f,run-d404d335716bdc89,batch_logging_control,review-control-phi4_mini-gsm8k-s121-full_b16,5048502,1,completed,1,,,,output/review_instrumentation_batch/review-control-phi4_mini-gsm8k-s121-full_b16/trial-5048502.json,
attempt-d4bd02f259ea7182,cfg-cc030db9324662ea,run-d4bd02f259ea7182,horizon_followup,rev-temporal-granite33_2b-gsm8k-interpolated-s112-source,5045429,1,completed,1,,,,output/revision_temporal/rev-temporal-granite33_2b-gsm8k-interpolated-s112-source/attempt-5045429/environment-5045429.json;output/revision_temporal/rev-temporal-granite33_2b-gsm8k-interpolated-s112-source/attempt-5045429/gpu-memory-5045429.csv;output/revision_temporal/rev-temporal-granite33_2b-gsm8k-interpolated-s112-source/attempt-5045429/gpu-telemetry-5045429.csv;output/revision_temporal/rev-temporal-granite33_2b-gsm8k-interpolated-s112-source/attempt-5045429/phase-memory-5045429.csv;output/revision_temporal/rev-temporal-granite33_2b-gsm8k-interpolated-s112-source/attempt-5045429/training-5045429.log;output/revision_temporal/rev-temporal-granite33_2b-gsm8k-interpolated-s112-source/attempt-5045429/trial-5045429.json;output/revision_temporal/rev-temporal-granite33_2b-gsm8k-interpolated-s112-source/trial-5045429.json,
attempt-d4cad7d32873b7a5,cfg-a46e1a352338ca99,run-d4cad7d32873b7a5,instrumentation,rev-instrumentation-qwen25_3b-math-c3-s111-external,5045289,1,completed,1,,,,output/revision_instrumentation/rev-instrumentation-qwen25_3b-math-c3-s111-external/attempt-5045289/environment-5045289.json;output/revision_instrumentation/rev-instrumentation-qwen25_3b-math-c3-s111-external/attempt-5045289/gpu-memory-5045289.csv;output/revision_instrumentation/rev-instrumentation-qwen25_3b-math-c3-s111-external/attempt-5045289/gpu-telemetry-5045289.csv;output/revision_instrumentation/rev-instrumentation-qwen25_3b-math-c3-s111-external/attempt-5045289/phase-memory-5045289.csv;output/revision_instrumentation/rev-instrumentation-qwen25_3b-math-c3-s111-external/attempt-5045289/training-5045289.log;output/revision_instrumentation/rev-instrumentation-qwen25_3b-math-c3-s111-external/attempt-5045289/trial-5045289.json;output/revision_instrumentation/rev-instrumentation-qwen25_3b-math-c3-s111-external/trial-5045289.json,
attempt-d4e55ad8d89e06ce,cfg-c3f0ad157d299d39,run-d4e55ad8d89e06ce,boundary,strong-granite-confirmatory-grpo-code_standard-c3-s93,5031384,1,completed,1,,,,output/strengthening_granite_confirmatory/strong-granite-confirmatory-grpo-code_standard-c3-s93/environment-5031384.json;output/strengthening_granite_confirmatory/strong-granite-confirmatory-grpo-code_standard-c3-s93/gpu-memory-5031384.csv;output/strengthening_granite_confirmatory/strong-granite-confirmatory-grpo-code_standard-c3-s93/gpu-telemetry-5031384.csv;output/strengthening_granite_confirmatory/strong-granite-confirmatory-grpo-code_standard-c3-s93/phase-memory-5031384.csv;output/strengthening_granite_confirmatory/strong-granite-confirmatory-grpo-code_standard-c3-s93/training-5031384.log;output/strengthening_granite_confirmatory/strong-granite-confirmatory-grpo-code_standard-c3-s93/trial-5031384.json,
attempt-d5ac3858ed309427,cfg-18edbed17d1a0c2e,run-d5ac3858ed309427,state_release,strong-node-qwen25_3b-grpo-math-safe_margin-s83-p2-release,5031149,1,completed,1,,,,output/strengthening_same_node_residency/strong-node-qwen25_3b-grpo-math-safe_margin-s83-p2-release/environment-5031149.json;output/strengthening_same_node_residency/strong-node-qwen25_3b-grpo-math-safe_margin-s83-p2-release/gpu-memory-5031149.csv;output/strengthening_same_node_residency/strong-node-qwen25_3b-grpo-math-safe_margin-s83-p2-release/gpu-telemetry-5031149.csv;output/strengthening_same_node_residency/strong-node-qwen25_3b-grpo-math-safe_margin-s83-p2-release/phase-memory-5031149.csv;output/strengthening_same_node_residency/strong-node-qwen25_3b-grpo-math-safe_margin-s83-p2-release/training-5031149.log;output/strengthening_same_node_residency/strong-node-qwen25_3b-grpo-math-safe_margin-s83-p2-release/trial-5031149.json,
attempt-d5efcd676f94dc1c,cfg-d50136695367867d,run-d5efcd676f94dc1c,instrumentation,rev-instrumentation-phi4_mini-gsm8k-c2-s111-external,5045334,1,completed,1,,,,output/revision_instrumentation/rev-instrumentation-phi4_mini-gsm8k-c2-s111-external/attempt-5045334/environment-5045334.json;output/revision_instrumentation/rev-instrumentation-phi4_mini-gsm8k-c2-s111-external/attempt-5045334/gpu-memory-5045334.csv;output/revision_instrumentation/rev-instrumentation-phi4_mini-gsm8k-c2-s111-external/attempt-5045334/gpu-telemetry-5045334.csv;output/revision_instrumentation/rev-instrumentation-phi4_mini-gsm8k-c2-s111-external/attempt-5045334/phase-memory-5045334.csv;output/revision_instrumentation/rev-instrumentation-phi4_mini-gsm8k-c2-s111-external/attempt-5045334/training-5045334.log;output/revision_instrumentation/rev-instrumentation-phi4_mini-gsm8k-c2-s111-external/attempt-5045334/trial-5045334.json;output/revision_instrumentation/rev-instrumentation-phi4_mini-gsm8k-c2-s111-external/trial-5045334.json,
attempt-d5f6634208d6b70f,cfg-211b6fafd167a310,run-d5f6634208d6b70f,batch_reservation,strong-factorial-phi4_mini-grpo-math-actor_only-s96,5031837,1,completed,1,,,,output/strengthening_factorial/strong-factorial-phi4_mini-grpo-math-actor_only-s96/environment-5031837.json;output/strengthening_factorial/strong-factorial-phi4_mini-grpo-math-actor_only-s96/gpu-memory-5031837.csv;output/strengthening_factorial/strong-factorial-phi4_mini-grpo-math-actor_only-s96/gpu-telemetry-5031837.csv;output/strengthening_factorial/strong-factorial-phi4_mini-grpo-math-actor_only-s96/phase-memory-5031837.csv;output/strengthening_factorial/strong-factorial-phi4_mini-grpo-math-actor_only-s96/training-5031837.log;output/strengthening_factorial/strong-factorial-phi4_mini-grpo-math-actor_only-s96/trial-5031837.json,
attempt-d6465565f199d6c7,cfg-96fe21ab209bd8ca,run-d6465565f199d6c7,batch_reservation,strong-factorial-phi4_mini-grpo-code_standard-actor_only-s94,5031749,1,completed,1,,,,output/strengthening_factorial/strong-factorial-phi4_mini-grpo-code_standard-actor_only-s94/environment-5031749.json;output/strengthening_factorial/strong-factorial-phi4_mini-grpo-code_standard-actor_only-s94/gpu-memory-5031749.csv;output/strengthening_factorial/strong-factorial-phi4_mini-grpo-code_standard-actor_only-s94/gpu-telemetry-5031749.csv;output/strengthening_factorial/strong-factorial-phi4_mini-grpo-code_standard-actor_only-s94/phase-memory-5031749.csv;output/strengthening_factorial/strong-factorial-phi4_mini-grpo-code_standard-actor_only-s94/training-5031749.log;output/strengthening_factorial/strong-factorial-phi4_mini-grpo-code_standard-actor_only-s94/trial-5031749.json,
attempt-d646fd6f6a621fc3,cfg-371ae37408089efe,run-d646fd6f6a621fc3,four_gpu,rev-topology-phi4_mini-math-c2-s111-four_gpu,5045367,1,completed,1,,,,output/revision_topology/rev-topology-phi4_mini-math-c2-s111-four_gpu/attempt-5045367/environment-5045367.json;output/revision_topology/rev-topology-phi4_mini-math-c2-s111-four_gpu/attempt-5045367/gpu-memory-5045367.csv;output/revision_topology/rev-topology-phi4_mini-math-c2-s111-four_gpu/attempt-5045367/gpu-telemetry-5045367.csv;output/revision_topology/rev-topology-phi4_mini-math-c2-s111-four_gpu/attempt-5045367/phase-memory-5045367.csv;output/revision_topology/rev-topology-phi4_mini-math-c2-s111-four_gpu/attempt-5045367/training-5045367.log;output/revision_topology/rev-topology-phi4_mini-math-c2-s111-four_gpu/attempt-5045367/trial-5045367.json;output/revision_topology/rev-topology-phi4_mini-math-c2-s111-four_gpu/trial-5045367.json,
attempt-d657f591d51aee84,cfg-1c5278f8be90a50a,run-d657f591d51aee84,boundary,mr-xm-confirm-qwen25_3b-grpo-code_heavy_tail-c3-s53,4999813,1,completed,1,,,,output/major_revision_cross_model_confirmatory/mr-xm-confirm-qwen25_3b-grpo-code_heavy_tail-c3-s53/environment-4999813.json;output/major_revision_cross_model_confirmatory/mr-xm-confirm-qwen25_3b-grpo-code_heavy_tail-c3-s53/gpu-memory-4999813.csv;output/major_revision_cross_model_confirmatory/mr-xm-confirm-qwen25_3b-grpo-code_heavy_tail-c3-s53/gpu-telemetry-4999813.csv;output/major_revision_cross_model_confirmatory/mr-xm-confirm-qwen25_3b-grpo-code_heavy_tail-c3-s53/phase-memory-4999813.csv;output/major_revision_cross_model_confirmatory/mr-xm-confirm-qwen25_3b-grpo-code_heavy_tail-c3-s53/training-4999813.log;output/major_revision_cross_model_confirmatory/mr-xm-confirm-qwen25_3b-grpo-code_heavy_tail-c3-s53/trial-4999813.json,
attempt-d65f0e29c8d45395,cfg-fb0b705fb78cbfa7,run-d65f0e29c8d45395,batch_reservation,strong-factorial-granite33_2b-grpo-code_standard-reservation_only-s95,5031321,1,completed,1,,,,output/strengthening_factorial/strong-factorial-granite33_2b-grpo-code_standard-reservation_only-s95/environment-5031321.json;output/strengthening_factorial/strong-factorial-granite33_2b-grpo-code_standard-reservation_only-s95/gpu-memory-5031321.csv;output/strengthening_factorial/strong-factorial-granite33_2b-grpo-code_standard-reservation_only-s95/gpu-telemetry-5031321.csv;output/strengthening_factorial/strong-factorial-granite33_2b-grpo-code_standard-reservation_only-s95/phase-memory-5031321.csv;output/strengthening_factorial/strong-factorial-granite33_2b-grpo-code_standard-reservation_only-s95/training-5031321.log;output/strengthening_factorial/strong-factorial-granite33_2b-grpo-code_standard-reservation_only-s95/trial-5031321.json,
attempt-d6884e184ae73656,cfg-06e80279db3caed1,run-d6884e184ae73656,instrumentation,rev-instrumentation-phi4_mini-math-c2-s112-external,5045360,1,completed,1,,,,output/revision_instrumentation/rev-instrumentation-phi4_mini-math-c2-s112-external/attempt-5045360/environment-5045360.json;output/revision_instrumentation/rev-instrumentation-phi4_mini-math-c2-s112-external/attempt-5045360/gpu-memory-5045360.csv;output/revision_instrumentation/rev-instrumentation-phi4_mini-math-c2-s112-external/attempt-5045360/gpu-telemetry-5045360.csv;output/revision_instrumentation/rev-instrumentation-phi4_mini-math-c2-s112-external/attempt-5045360/phase-memory-5045360.csv;output/revision_instrumentation/rev-instrumentation-phi4_mini-math-c2-s112-external/attempt-5045360/training-5045360.log;output/revision_instrumentation/rev-instrumentation-phi4_mini-math-c2-s112-external/attempt-5045360/trial-5045360.json;output/revision_instrumentation/rev-instrumentation-phi4_mini-math-c2-s112-external/trial-5045360.json,
attempt-d81986810c3eed57,cfg-3dc042a103546eac,run-d81986810c3eed57,boundary,strong-granite-confirmatory-grpo-code_heavy_tail-c5-s92,5031392,1,memory_failure,0,rollout_init_memory,,,output/strengthening_granite_confirmatory/strong-granite-confirmatory-grpo-code_heavy_tail-c5-s92/environment-5031392.json;output/strengthening_granite_confirmatory/strong-granite-confirmatory-grpo-code_heavy_tail-c5-s92/gpu-memory-5031392.csv;output/strengthening_granite_confirmatory/strong-granite-confirmatory-grpo-code_heavy_tail-c5-s92/gpu-telemetry-5031392.csv;output/strengthening_granite_confirmatory/strong-granite-confirmatory-grpo-code_heavy_tail-c5-s92/phase-memory-5031392.csv;output/strengthening_granite_confirmatory/strong-granite-confirmatory-grpo-code_heavy_tail-c5-s92/training-5031392.log;output/strengthening_granite_confirmatory/strong-granite-confirmatory-grpo-code_heavy_tail-c5-s92/trial-5031392.json,
attempt-d8264ad3472e3d2f,cfg-49d9bccfe873f5c6,run-d8264ad3472e3d2f,boundary,mr-xm-confirm-qwen25_3b-grpo-code_heavy_tail-c4-s51,4999823,1,memory_failure,0,rollout_oom,,,output/major_revision_cross_model_confirmatory/mr-xm-confirm-qwen25_3b-grpo-code_heavy_tail-c4-s51/environment-4999823.json;output/major_revision_cross_model_confirmatory/mr-xm-confirm-qwen25_3b-grpo-code_heavy_tail-c4-s51/gpu-memory-4999823.csv;output/major_revision_cross_model_confirmatory/mr-xm-confirm-qwen25_3b-grpo-code_heavy_tail-c4-s51/gpu-telemetry-4999823.csv;output/major_revision_cross_model_confirmatory/mr-xm-confirm-qwen25_3b-grpo-code_heavy_tail-c4-s51/phase-memory-4999823.csv;output/major_revision_cross_model_confirmatory/mr-xm-confirm-qwen25_3b-grpo-code_heavy_tail-c4-s51/training-4999823.log;output/major_revision_cross_model_confirmatory/mr-xm-confirm-qwen25_3b-grpo-code_heavy_tail-c4-s51/trial-4999823.json,
attempt-d83bd9cb435b7a6c,cfg-9139b72537023523,run-d83bd9cb435b7a6c,batch_reservation,strong-factorial-granite33_2b-grpo-code_standard-joint-s96,5031352,1,completed,1,,,,output/strengthening_factorial/strong-factorial-granite33_2b-grpo-code_standard-joint-s96/environment-5031352.json;output/strengthening_factorial/strong-factorial-granite33_2b-grpo-code_standard-joint-s96/gpu-memory-5031352.csv;output/strengthening_factorial/strong-factorial-granite33_2b-grpo-code_standard-joint-s96/gpu-telemetry-5031352.csv;output/strengthening_factorial/strong-factorial-granite33_2b-grpo-code_standard-joint-s96/phase-memory-5031352.csv;output/strengthening_factorial/strong-factorial-granite33_2b-grpo-code_standard-joint-s96/training-5031352.log;output/strengthening_factorial/strong-factorial-granite33_2b-grpo-code_standard-joint-s96/trial-5031352.json,
attempt-d8591fa7f0920d96,cfg-14d47144a7cbb833,run-d8591fa7f0920d96,batch_reservation,strong-factorial-phi4_mini-grpo-gsm8k-base-s94,5031778,1,completed,1,,,,output/strengthening_factorial/strong-factorial-phi4_mini-grpo-gsm8k-base-s94/environment-5031778.json;output/strengthening_factorial/strong-factorial-phi4_mini-grpo-gsm8k-base-s94/gpu-memory-5031778.csv;output/strengthening_factorial/strong-factorial-phi4_mini-grpo-gsm8k-base-s94/gpu-telemetry-5031778.csv;output/strengthening_factorial/strong-factorial-phi4_mini-grpo-gsm8k-base-s94/phase-memory-5031778.csv;output/strengthening_factorial/strong-factorial-phi4_mini-grpo-gsm8k-base-s94/training-5031778.log;output/strengthening_factorial/strong-factorial-phi4_mini-grpo-gsm8k-base-s94/trial-5031778.json,
attempt-d8c3d935676cadd8,cfg-409a2028c2748c88,run-d8c3d935676cadd8,batch_logging_control,review-control-phi4_mini-gsm8k-s121-external_b16,5048502,1,completed,1,,,,output/review_instrumentation_batch/review-control-phi4_mini-gsm8k-s121-external_b16/trial-5048502.json,
attempt-d8d74f67e2fd5933,cfg-301e4dae7048c6ec,run-d8d74f67e2fd5933,four_gpu,rev-topology-phi4_mini-gsm8k-c2-s111-four_gpu,5045345,1,completed,1,,,,output/revision_topology/rev-topology-phi4_mini-gsm8k-c2-s111-four_gpu/attempt-5045345/environment-5045345.json;output/revision_topology/rev-topology-phi4_mini-gsm8k-c2-s111-four_gpu/attempt-5045345/gpu-memory-5045345.csv;output/revision_topology/rev-topology-phi4_mini-gsm8k-c2-s111-four_gpu/attempt-5045345/gpu-telemetry-5045345.csv;output/revision_topology/rev-topology-phi4_mini-gsm8k-c2-s111-four_gpu/attempt-5045345/phase-memory-5045345.csv;output/revision_topology/rev-topology-phi4_mini-gsm8k-c2-s111-four_gpu/attempt-5045345/training-5045345.log;output/revision_topology/rev-topology-phi4_mini-gsm8k-c2-s111-four_gpu/attempt-5045345/trial-5045345.json;output/revision_topology/rev-topology-phi4_mini-gsm8k-c2-s111-four_gpu/trial-5045345.json,
attempt-d902cc2fc5f6b65f,cfg-872fe55d8f69b30c,run-d902cc2fc5f6b65f,temporal_40,v2time-grpo-math-qwen25_1p5b-near_boundary-s41,4946123,1,completed,1,,,,output/benchmark_v2_temporal_confirmatory/v2time-grpo-math-qwen25_1p5b-near_boundary-s41/environment-4946123.json;output/benchmark_v2_temporal_confirmatory/v2time-grpo-math-qwen25_1p5b-near_boundary-s41/gpu-memory-4946123.csv;output/benchmark_v2_temporal_confirmatory/v2time-grpo-math-qwen25_1p5b-near_boundary-s41/gpu-telemetry-4946123.csv;output/benchmark_v2_temporal_confirmatory/v2time-grpo-math-qwen25_1p5b-near_boundary-s41/phase-memory-4946123.csv;output/benchmark_v2_temporal_confirmatory/v2time-grpo-math-qwen25_1p5b-near_boundary-s41/training-4946123.log;output/benchmark_v2_temporal_confirmatory/v2time-grpo-math-qwen25_1p5b-near_boundary-s41/trial-4946123.json,
attempt-d93be60895b5579e,cfg-d138048feeb8fe5d,run-d93be60895b5579e,boundary,v2cf-confirm-phi4_mini-grpo-math_short-c4-s43,4936381,1,memory_failure,0,rollout_init_memory,,,output/benchmark_v2_cross_family_confirmatory/v2cf-confirm-phi4_mini-grpo-math_short-c4-s43/environment-4936381.json;output/benchmark_v2_cross_family_confirmatory/v2cf-confirm-phi4_mini-grpo-math_short-c4-s43/gpu-memory-4936381.csv;output/benchmark_v2_cross_family_confirmatory/v2cf-confirm-phi4_mini-grpo-math_short-c4-s43/gpu-telemetry-4936381.csv;output/benchmark_v2_cross_family_confirmatory/v2cf-confirm-phi4_mini-grpo-math_short-c4-s43/phase-memory-4936381.csv;output/benchmark_v2_cross_family_confirmatory/v2cf-confirm-phi4_mini-grpo-math_short-c4-s43/training-4936381.log;output/benchmark_v2_cross_family_confirmatory/v2cf-confirm-phi4_mini-grpo-math_short-c4-s43/trial-4936381.json,
attempt-d94adccd6e5a8a40,cfg-f009e9e3891c06f4,run-d94adccd6e5a8a40,boundary,v2cf-confirm-qwen25_3b-grpo-math_short-c3-s42,4935955,1,completed,1,,,,output/benchmark_v2_cross_family_confirmatory/v2cf-confirm-qwen25_3b-grpo-math_short-c3-s42/environment-4935955.json;output/benchmark_v2_cross_family_confirmatory/v2cf-confirm-qwen25_3b-grpo-math_short-c3-s42/gpu-memory-4935955.csv;output/benchmark_v2_cross_family_confirmatory/v2cf-confirm-qwen25_3b-grpo-math_short-c3-s42/gpu-telemetry-4935955.csv;output/benchmark_v2_cross_family_confirmatory/v2cf-confirm-qwen25_3b-grpo-math_short-c3-s42/phase-memory-4935955.csv;output/benchmark_v2_cross_family_confirmatory/v2cf-confirm-qwen25_3b-grpo-math_short-c3-s42/training-4935955.log;output/benchmark_v2_cross_family_confirmatory/v2cf-confirm-qwen25_3b-grpo-math_short-c3-s42/trial-4935955.json,
attempt-d9798309559a273a,cfg-d50136695367867d,run-d9798309559a273a,instrumentation,rev-instrumentation-phi4_mini-gsm8k-c2-s113-external,5045343,1,completed,1,,,,output/revision_instrumentation/rev-instrumentation-phi4_mini-gsm8k-c2-s113-external/attempt-5045343/environment-5045343.json;output/revision_instrumentation/rev-instrumentation-phi4_mini-gsm8k-c2-s113-external/attempt-5045343/gpu-memory-5045343.csv;output/revision_instrumentation/rev-instrumentation-phi4_mini-gsm8k-c2-s113-external/attempt-5045343/gpu-telemetry-5045343.csv;output/revision_instrumentation/rev-instrumentation-phi4_mini-gsm8k-c2-s113-external/attempt-5045343/phase-memory-5045343.csv;output/revision_instrumentation/rev-instrumentation-phi4_mini-gsm8k-c2-s113-external/attempt-5045343/training-5045343.log;output/revision_instrumentation/rev-instrumentation-phi4_mini-gsm8k-c2-s113-external/attempt-5045343/trial-5045343.json;output/revision_instrumentation/rev-instrumentation-phi4_mini-gsm8k-c2-s113-external/trial-5045343.json,
attempt-d9acb29a5079bf10,cfg-f21b459aeb04a6a7,run-d9acb29a5079bf10,instrumentation,rev-instrumentation-qwen25_3b-math-c4-s112-external,5045319,1,memory_failure,0,rollout_init_memory,,,output/revision_instrumentation/rev-instrumentation-qwen25_3b-math-c4-s112-external/attempt-5045319/environment-5045319.json;output/revision_instrumentation/rev-instrumentation-qwen25_3b-math-c4-s112-external/attempt-5045319/gpu-memory-5045319.csv;output/revision_instrumentation/rev-instrumentation-qwen25_3b-math-c4-s112-external/attempt-5045319/gpu-telemetry-5045319.csv;output/revision_instrumentation/rev-instrumentation-qwen25_3b-math-c4-s112-external/attempt-5045319/phase-memory-5045319.csv;output/revision_instrumentation/rev-instrumentation-qwen25_3b-math-c4-s112-external/attempt-5045319/training-5045319.log;output/revision_instrumentation/rev-instrumentation-qwen25_3b-math-c4-s112-external/attempt-5045319/trial-5045319.json;output/revision_instrumentation/rev-instrumentation-qwen25_3b-math-c4-s112-external/trial-5045319.json,
attempt-d9fa54ef81313893,cfg-30e348e68aa5fb5c,run-d9fa54ef81313893,state_release,strong-node-qwen25_3b-grpo-math-near_boundary-s82-p1-resident,5031126,1,memory_failure,0,weight_sync_oom,,,output/strengthening_same_node_residency/strong-node-qwen25_3b-grpo-math-near_boundary-s82-p1-resident/environment-5031126.json;output/strengthening_same_node_residency/strong-node-qwen25_3b-grpo-math-near_boundary-s82-p1-resident/gpu-memory-5031126.csv;output/strengthening_same_node_residency/strong-node-qwen25_3b-grpo-math-near_boundary-s82-p1-resident/gpu-telemetry-5031126.csv;output/strengthening_same_node_residency/strong-node-qwen25_3b-grpo-math-near_boundary-s82-p1-resident/phase-memory-5031126.csv;output/strengthening_same_node_residency/strong-node-qwen25_3b-grpo-math-near_boundary-s82-p1-resident/training-5031126.log;output/strengthening_same_node_residency/strong-node-qwen25_3b-grpo-math-near_boundary-s82-p1-resident/trial-5031126.json,
attempt-da2744a2f7834766,cfg-aa33c72e0a449b9c,run-da2744a2f7834766,boundary,strong-granite-confirmatory-grpo-code_heavy_tail-c3-s91,5031350,1,completed,1,,,,output/strengthening_granite_confirmatory/strong-granite-confirmatory-grpo-code_heavy_tail-c3-s91/environment-5031350.json;output/strengthening_granite_confirmatory/strong-granite-confirmatory-grpo-code_heavy_tail-c3-s91/gpu-memory-5031350.csv;output/strengthening_granite_confirmatory/strong-granite-confirmatory-grpo-code_heavy_tail-c3-s91/gpu-telemetry-5031350.csv;output/strengthening_granite_confirmatory/strong-granite-confirmatory-grpo-code_heavy_tail-c3-s91/phase-memory-5031350.csv;output/strengthening_granite_confirmatory/strong-granite-confirmatory-grpo-code_heavy_tail-c3-s91/training-5031350.log;output/strengthening_granite_confirmatory/strong-granite-confirmatory-grpo-code_heavy_tail-c3-s91/trial-5031350.json,
attempt-db83349aad195c4a,cfg-8b7eb5281a925727,run-db83349aad195c4a,batch_reservation,strong-factorial-granite33_2b-grpo-gsm8k_long-joint-s96,5031403,1,completed,1,,,,output/strengthening_factorial/strong-factorial-granite33_2b-grpo-gsm8k_long-joint-s96/environment-5031403.json;output/strengthening_factorial/strong-factorial-granite33_2b-grpo-gsm8k_long-joint-s96/gpu-memory-5031403.csv;output/strengthening_factorial/strong-factorial-granite33_2b-grpo-gsm8k_long-joint-s96/gpu-telemetry-5031403.csv;output/strengthening_factorial/strong-factorial-granite33_2b-grpo-gsm8k_long-joint-s96/phase-memory-5031403.csv;output/strengthening_factorial/strong-factorial-granite33_2b-grpo-gsm8k_long-joint-s96/training-5031403.log;output/strengthening_factorial/strong-factorial-granite33_2b-grpo-gsm8k_long-joint-s96/trial-5031403.json,
attempt-dc6b102502cb6436,cfg-b8dd70ab682c13b2,run-dc6b102502cb6436,boundary,v2cf-confirm-phi4_mini-grpo-gsm8k_long-c1-s42,4935662,1,completed,1,,,,output/benchmark_v2_cross_family_confirmatory/v2cf-confirm-phi4_mini-grpo-gsm8k_long-c1-s42/environment-4935662.json;output/benchmark_v2_cross_family_confirmatory/v2cf-confirm-phi4_mini-grpo-gsm8k_long-c1-s42/gpu-memory-4935662.csv;output/benchmark_v2_cross_family_confirmatory/v2cf-confirm-phi4_mini-grpo-gsm8k_long-c1-s42/gpu-telemetry-4935662.csv;output/benchmark_v2_cross_family_confirmatory/v2cf-confirm-phi4_mini-grpo-gsm8k_long-c1-s42/phase-memory-4935662.csv;output/benchmark_v2_cross_family_confirmatory/v2cf-confirm-phi4_mini-grpo-gsm8k_long-c1-s42/training-4935662.log;output/benchmark_v2_cross_family_confirmatory/v2cf-confirm-phi4_mini-grpo-gsm8k_long-c1-s42/trial-4935662.json,
attempt-de7b33427d3245b8,cfg-4fc35dde1bc7253c,run-de7b33427d3245b8,instrumentation,rev-instrumentation-granite33_2b-gsm8k-c4-s113-full,5045387,1,completed,1,,,,output/revision_instrumentation/rev-instrumentation-granite33_2b-gsm8k-c4-s113-full/attempt-5045387/environment-5045387.json;output/revision_instrumentation/rev-instrumentation-granite33_2b-gsm8k-c4-s113-full/attempt-5045387/gpu-memory-5045387.csv;output/revision_instrumentation/rev-instrumentation-granite33_2b-gsm8k-c4-s113-full/attempt-5045387/gpu-telemetry-5045387.csv;output/revision_instrumentation/rev-instrumentation-granite33_2b-gsm8k-c4-s113-full/attempt-5045387/phase-memory-5045387.csv;output/revision_instrumentation/rev-instrumentation-granite33_2b-gsm8k-c4-s113-full/attempt-5045387/training-5045387.log;output/revision_instrumentation/rev-instrumentation-granite33_2b-gsm8k-c4-s113-full/attempt-5045387/trial-5045387.json;output/revision_instrumentation/rev-instrumentation-granite33_2b-gsm8k-c4-s113-full/trial-5045387.json,
attempt-de7e40ee93e9d49a,cfg-96fe21ab209bd8ca,run-de7e40ee93e9d49a,batch_reservation,strong-factorial-phi4_mini-grpo-code_standard-actor_only-s95,5031754,1,completed,1,,,,output/strengthening_factorial/strong-factorial-phi4_mini-grpo-code_standard-actor_only-s95/environment-5031754.json;output/strengthening_factorial/strong-factorial-phi4_mini-grpo-code_standard-actor_only-s95/gpu-memory-5031754.csv;output/strengthening_factorial/strong-factorial-phi4_mini-grpo-code_standard-actor_only-s95/gpu-telemetry-5031754.csv;output/strengthening_factorial/strong-factorial-phi4_mini-grpo-code_standard-actor_only-s95/phase-memory-5031754.csv;output/strengthening_factorial/strong-factorial-phi4_mini-grpo-code_standard-actor_only-s95/training-5031754.log;output/strengthening_factorial/strong-factorial-phi4_mini-grpo-code_standard-actor_only-s95/trial-5031754.json,
attempt-df59f08bfb96d055,cfg-967e29810f12167f,run-df59f08bfb96d055,temporal_40,v2time-grpo-gsm8k-qwen25_3b-one_step_unsafe-s43,4943155,1,memory_failure,0,rollout_init_memory,,,output/benchmark_v2_temporal_confirmatory/v2time-grpo-gsm8k-qwen25_3b-one_step_unsafe-s43/environment-4943155.json;output/benchmark_v2_temporal_confirmatory/v2time-grpo-gsm8k-qwen25_3b-one_step_unsafe-s43/gpu-memory-4943155.csv;output/benchmark_v2_temporal_confirmatory/v2time-grpo-gsm8k-qwen25_3b-one_step_unsafe-s43/gpu-telemetry-4943155.csv;output/benchmark_v2_temporal_confirmatory/v2time-grpo-gsm8k-qwen25_3b-one_step_unsafe-s43/phase-memory-4943155.csv;output/benchmark_v2_temporal_confirmatory/v2time-grpo-gsm8k-qwen25_3b-one_step_unsafe-s43/training-4943155.log;output/benchmark_v2_temporal_confirmatory/v2time-grpo-gsm8k-qwen25_3b-one_step_unsafe-s43/trial-4943155.json,
attempt-df636c7cc7f60a8f,cfg-1c5278f8be90a50a,,boundary,mr-xm-confirm-qwen25_3b-grpo-code_heavy_tail-c3-s51,4999705,0,other_failure,0,distributed_port_collision,vLLM worker TCPStore port collision during distributed initialization (EADDRINUSE); the failure occurred before the requested training step and produced no scientific memory outcome,,output/major_revision_cross_model_confirmatory/mr-xm-confirm-qwen25_3b-grpo-code_heavy_tail-c3-s51/environment-4999705.json;output/major_revision_cross_model_confirmatory/mr-xm-confirm-qwen25_3b-grpo-code_heavy_tail-c3-s51/gpu-memory-4999705.csv;output/major_revision_cross_model_confirmatory/mr-xm-confirm-qwen25_3b-grpo-code_heavy_tail-c3-s51/gpu-telemetry-4999705.csv;output/major_revision_cross_model_confirmatory/mr-xm-confirm-qwen25_3b-grpo-code_heavy_tail-c3-s51/phase-memory-4999705.csv;output/major_revision_cross_model_confirmatory/mr-xm-confirm-qwen25_3b-grpo-code_heavy_tail-c3-s51/training-4999705.log;output/major_revision_cross_model_confirmatory/mr-xm-confirm-qwen25_3b-grpo-code_heavy_tail-c3-s51/trial-4999705.json,
attempt-df76f86b863b9c95,cfg-8b7eb5281a925727,run-df76f86b863b9c95,batch_reservation,strong-factorial-granite33_2b-grpo-gsm8k_long-joint-s95,5031402,1,completed,1,,,,output/strengthening_factorial/strong-factorial-granite33_2b-grpo-gsm8k_long-joint-s95/environment-5031402.json;output/strengthening_factorial/strong-factorial-granite33_2b-grpo-gsm8k_long-joint-s95/gpu-memory-5031402.csv;output/strengthening_factorial/strong-factorial-granite33_2b-grpo-gsm8k_long-joint-s95/gpu-telemetry-5031402.csv;output/strengthening_factorial/strong-factorial-granite33_2b-grpo-gsm8k_long-joint-s95/phase-memory-5031402.csv;output/strengthening_factorial/strong-factorial-granite33_2b-grpo-gsm8k_long-joint-s95/training-5031402.log;output/strengthening_factorial/strong-factorial-granite33_2b-grpo-gsm8k_long-joint-s95/trial-5031402.json,
attempt-df86accbd66a7332,cfg-18edbed17d1a0c2e,,state_release,strong-node-qwen25_3b-grpo-math-safe_margin-s81-p2-release,5031141,0,completed,1,,same_node_pair_port_collision,,output/strengthening_same_node_residency/strong-node-qwen25_3b-grpo-math-safe_margin-s81-p2-release/environment-5031141.json;output/strengthening_same_node_residency/strong-node-qwen25_3b-grpo-math-safe_margin-s81-p2-release/gpu-memory-5031141.csv;output/strengthening_same_node_residency/strong-node-qwen25_3b-grpo-math-safe_margin-s81-p2-release/gpu-telemetry-5031141.csv;output/strengthening_same_node_residency/strong-node-qwen25_3b-grpo-math-safe_margin-s81-p2-release/phase-memory-5031141.csv;output/strengthening_same_node_residency/strong-node-qwen25_3b-grpo-math-safe_margin-s81-p2-release/training-5031141.log;output/strengthening_same_node_residency/strong-node-qwen25_3b-grpo-math-safe_margin-s81-p2-release/trial-5031141.json,
attempt-df9c84558e3cb1dc,cfg-fd4d4789145230df,,boundary,strong-granite-confirmatory-grpo-math_short-c1-s91,5031255,0,other_failure,0,runtime,granite_live_launcher_replacement_failure,,output/strengthening_granite_confirmatory/strong-granite-confirmatory-grpo-math_short-c1-s91/environment-5031255.json;output/strengthening_granite_confirmatory/strong-granite-confirmatory-grpo-math_short-c1-s91/gpu-memory-5031255.csv;output/strengthening_granite_confirmatory/strong-granite-confirmatory-grpo-math_short-c1-s91/gpu-telemetry-5031255.csv;output/strengthening_granite_confirmatory/strong-granite-confirmatory-grpo-math_short-c1-s91/phase-memory-5031255.csv;output/strengthening_granite_confirmatory/strong-granite-confirmatory-grpo-math_short-c1-s91/training-5031255.log;output/strengthening_granite_confirmatory/strong-granite-confirmatory-grpo-math_short-c1-s91/trial-5031255.json,
attempt-dfa366c7fd5f63e3,cfg-c8c150029ddeb5ed,run-dfa366c7fd5f63e3,instrumentation,rev-instrumentation-qwen25_3b-math-c4-s113-full,5045333,1,memory_failure,0,rollout_init_memory,,,output/revision_instrumentation/rev-instrumentation-qwen25_3b-math-c4-s113-full/attempt-5045333/environment-5045333.json;output/revision_instrumentation/rev-instrumentation-qwen25_3b-math-c4-s113-full/attempt-5045333/gpu-memory-5045333.csv;output/revision_instrumentation/rev-instrumentation-qwen25_3b-math-c4-s113-full/attempt-5045333/gpu-telemetry-5045333.csv;output/revision_instrumentation/rev-instrumentation-qwen25_3b-math-c4-s113-full/attempt-5045333/phase-memory-5045333.csv;output/revision_instrumentation/rev-instrumentation-qwen25_3b-math-c4-s113-full/attempt-5045333/training-5045333.log;output/revision_instrumentation/rev-instrumentation-qwen25_3b-math-c4-s113-full/attempt-5045333/trial-5045333.json;output/revision_instrumentation/rev-instrumentation-qwen25_3b-math-c4-s113-full/trial-5045333.json,
attempt-dfea065c6b10771e,cfg-3221cb24296b28df,run-dfea065c6b10771e,instrumentation,rev-instrumentation-granite33_2b-math-c3-s113-external,5045393,1,completed,1,,,,output/revision_instrumentation/rev-instrumentation-granite33_2b-math-c3-s113-external/attempt-5045393/environment-5045393.json;output/revision_instrumentation/rev-instrumentation-granite33_2b-math-c3-s113-external/attempt-5045393/gpu-memory-5045393.csv;output/revision_instrumentation/rev-instrumentation-granite33_2b-math-c3-s113-external/attempt-5045393/gpu-telemetry-5045393.csv;output/revision_instrumentation/rev-instrumentation-granite33_2b-math-c3-s113-external/attempt-5045393/phase-memory-5045393.csv;output/revision_instrumentation/rev-instrumentation-granite33_2b-math-c3-s113-external/attempt-5045393/training-5045393.log;output/revision_instrumentation/rev-instrumentation-granite33_2b-math-c3-s113-external/attempt-5045393/trial-5045393.json;output/revision_instrumentation/rev-instrumentation-granite33_2b-math-c3-s113-external/trial-5045393.json,
attempt-dffe79c047eecc01,cfg-bae2977da7957f72,run-dffe79c047eecc01,boundary,strong-granite-confirmatory-grpo-code_standard-c0-s92,5031274,1,completed,1,,,,output/strengthening_granite_confirmatory/strong-granite-confirmatory-grpo-code_standard-c0-s92/environment-5031274.json;output/strengthening_granite_confirmatory/strong-granite-confirmatory-grpo-code_standard-c0-s92/gpu-memory-5031274.csv;output/strengthening_granite_confirmatory/strong-granite-confirmatory-grpo-code_standard-c0-s92/gpu-telemetry-5031274.csv;output/strengthening_granite_confirmatory/strong-granite-confirmatory-grpo-code_standard-c0-s92/phase-memory-5031274.csv;output/strengthening_granite_confirmatory/strong-granite-confirmatory-grpo-code_standard-c0-s92/training-5031274.log;output/strengthening_granite_confirmatory/strong-granite-confirmatory-grpo-code_standard-c0-s92/trial-5031274.json,
attempt-e00099747ec97bc6,cfg-57f3e6381e2a814a,run-e00099747ec97bc6,batch_reservation,strong-factorial-phi4_mini-grpo-gsm8k-actor_only-s94,5031783,1,completed,1,,,,output/strengthening_factorial/strong-factorial-phi4_mini-grpo-gsm8k-actor_only-s94/environment-5031783.json;output/strengthening_factorial/strong-factorial-phi4_mini-grpo-gsm8k-actor_only-s94/gpu-memory-5031783.csv;output/strengthening_factorial/strong-factorial-phi4_mini-grpo-gsm8k-actor_only-s94/gpu-telemetry-5031783.csv;output/strengthening_factorial/strong-factorial-phi4_mini-grpo-gsm8k-actor_only-s94/phase-memory-5031783.csv;output/strengthening_factorial/strong-factorial-phi4_mini-grpo-gsm8k-actor_only-s94/training-5031783.log;output/strengthening_factorial/strong-factorial-phi4_mini-grpo-gsm8k-actor_only-s94/trial-5031783.json,
attempt-e010360db953ecea,cfg-9f624ec22aa3dde0,run-e010360db953ecea,four_gpu,rev-topology-granite33_2b-math-c4-s112-four_gpu,5045433,1,completed,1,,,,output/revision_topology/rev-topology-granite33_2b-math-c4-s112-four_gpu/attempt-5045433/environment-5045433.json;output/revision_topology/rev-topology-granite33_2b-math-c4-s112-four_gpu/attempt-5045433/gpu-memory-5045433.csv;output/revision_topology/rev-topology-granite33_2b-math-c4-s112-four_gpu/attempt-5045433/gpu-telemetry-5045433.csv;output/revision_topology/rev-topology-granite33_2b-math-c4-s112-four_gpu/attempt-5045433/phase-memory-5045433.csv;output/revision_topology/rev-topology-granite33_2b-math-c4-s112-four_gpu/attempt-5045433/training-5045433.log;output/revision_topology/rev-topology-granite33_2b-math-c4-s112-four_gpu/attempt-5045433/trial-5045433.json;output/revision_topology/rev-topology-granite33_2b-math-c4-s112-four_gpu/trial-5045433.json,
attempt-e0163b299f44b734,cfg-17e69bcf1b041bd9,run-e0163b299f44b734,four_gpu,rev-topology-phi4_mini-gsm8k-c3-s111-four_gpu,5045352,1,completed,1,,,,output/revision_topology/rev-topology-phi4_mini-gsm8k-c3-s111-four_gpu/attempt-5045352/environment-5045352.json;output/revision_topology/rev-topology-phi4_mini-gsm8k-c3-s111-four_gpu/attempt-5045352/gpu-memory-5045352.csv;output/revision_topology/rev-topology-phi4_mini-gsm8k-c3-s111-four_gpu/attempt-5045352/gpu-telemetry-5045352.csv;output/revision_topology/rev-topology-phi4_mini-gsm8k-c3-s111-four_gpu/attempt-5045352/phase-memory-5045352.csv;output/revision_topology/rev-topology-phi4_mini-gsm8k-c3-s111-four_gpu/attempt-5045352/training-5045352.log;output/revision_topology/rev-topology-phi4_mini-gsm8k-c3-s111-four_gpu/attempt-5045352/trial-5045352.json;output/revision_topology/rev-topology-phi4_mini-gsm8k-c3-s111-four_gpu/trial-5045352.json,
attempt-e01fd14d06cfc60d,cfg-10644b5d0a82d5c3,run-e01fd14d06cfc60d,boundary,mr-xm-confirm-phi4_mini-grpo-code_heavy_tail-c5-s51,5003970,1,memory_failure,0,rollout_init_memory,,,output/major_revision_cross_model_confirmatory/mr-xm-confirm-phi4_mini-grpo-code_heavy_tail-c5-s51/environment-5003970.json;output/major_revision_cross_model_confirmatory/mr-xm-confirm-phi4_mini-grpo-code_heavy_tail-c5-s51/gpu-memory-5003970.csv;output/major_revision_cross_model_confirmatory/mr-xm-confirm-phi4_mini-grpo-code_heavy_tail-c5-s51/gpu-telemetry-5003970.csv;output/major_revision_cross_model_confirmatory/mr-xm-confirm-phi4_mini-grpo-code_heavy_tail-c5-s51/phase-memory-5003970.csv;output/major_revision_cross_model_confirmatory/mr-xm-confirm-phi4_mini-grpo-code_heavy_tail-c5-s51/training-5003970.log;output/major_revision_cross_model_confirmatory/mr-xm-confirm-phi4_mini-grpo-code_heavy_tail-c5-s51/trial-5003970.json,
attempt-e044bac34208b194,cfg-fad1b555f8b37235,run-e044bac34208b194,boundary,mr-xm-confirm-qwen25_3b-grpo-code_heavy_tail-c5-s52,4999865,1,memory_failure,0,rollout_init_memory,,,output/major_revision_cross_model_confirmatory/mr-xm-confirm-qwen25_3b-grpo-code_heavy_tail-c5-s52/environment-4999865.json;output/major_revision_cross_model_confirmatory/mr-xm-confirm-qwen25_3b-grpo-code_heavy_tail-c5-s52/gpu-memory-4999865.csv;output/major_revision_cross_model_confirmatory/mr-xm-confirm-qwen25_3b-grpo-code_heavy_tail-c5-s52/gpu-telemetry-4999865.csv;output/major_revision_cross_model_confirmatory/mr-xm-confirm-qwen25_3b-grpo-code_heavy_tail-c5-s52/phase-memory-4999865.csv;output/major_revision_cross_model_confirmatory/mr-xm-confirm-qwen25_3b-grpo-code_heavy_tail-c5-s52/training-4999865.log;output/major_revision_cross_model_confirmatory/mr-xm-confirm-qwen25_3b-grpo-code_heavy_tail-c5-s52/trial-4999865.json,
attempt-e08b06da8fc5c5ae,cfg-818aa43be2ebba5e,run-e08b06da8fc5c5ae,horizon_followup,rev-temporal-phi4_mini-math-interpolated-s112-long,5045339,1,completed,1,,,,output/revision_temporal/rev-temporal-phi4_mini-math-interpolated-s112-long/attempt-5045339/environment-5045339.json;output/revision_temporal/rev-temporal-phi4_mini-math-interpolated-s112-long/attempt-5045339/gpu-memory-5045339.csv;output/revision_temporal/rev-temporal-phi4_mini-math-interpolated-s112-long/attempt-5045339/gpu-telemetry-5045339.csv;output/revision_temporal/rev-temporal-phi4_mini-math-interpolated-s112-long/attempt-5045339/phase-memory-5045339.csv;output/revision_temporal/rev-temporal-phi4_mini-math-interpolated-s112-long/attempt-5045339/training-5045339.log;output/revision_temporal/rev-temporal-phi4_mini-math-interpolated-s112-long/attempt-5045339/trial-5045339.json;output/revision_temporal/rev-temporal-phi4_mini-math-interpolated-s112-long/trial-5045339.json,
attempt-e0a0fa7d046edb49,cfg-c0605c1607caa079,run-e0a0fa7d046edb49,boundary,v2cf-confirm-phi4_mini-grpo-gsm8k_long-c3-s42,4936207,1,completed,1,,,,output/benchmark_v2_cross_family_confirmatory/v2cf-confirm-phi4_mini-grpo-gsm8k_long-c3-s42/environment-4936207.json;output/benchmark_v2_cross_family_confirmatory/v2cf-confirm-phi4_mini-grpo-gsm8k_long-c3-s42/gpu-memory-4936207.csv;output/benchmark_v2_cross_family_confirmatory/v2cf-confirm-phi4_mini-grpo-gsm8k_long-c3-s42/gpu-telemetry-4936207.csv;output/benchmark_v2_cross_family_confirmatory/v2cf-confirm-phi4_mini-grpo-gsm8k_long-c3-s42/phase-memory-4936207.csv;output/benchmark_v2_cross_family_confirmatory/v2cf-confirm-phi4_mini-grpo-gsm8k_long-c3-s42/training-4936207.log;output/benchmark_v2_cross_family_confirmatory/v2cf-confirm-phi4_mini-grpo-gsm8k_long-c3-s42/trial-4936207.json,
attempt-e0da6f76046de898,cfg-7d5384d3ac8311c8,run-e0da6f76046de898,horizon_followup,rev-temporal-phi4_mini-gsm8k-interpolated-s112-source,5045336,1,completed,1,,,,output/revision_temporal/rev-temporal-phi4_mini-gsm8k-interpolated-s112-source/attempt-5045336/environment-5045336.json;output/revision_temporal/rev-temporal-phi4_mini-gsm8k-interpolated-s112-source/attempt-5045336/gpu-memory-5045336.csv;output/revision_temporal/rev-temporal-phi4_mini-gsm8k-interpolated-s112-source/attempt-5045336/gpu-telemetry-5045336.csv;output/revision_temporal/rev-temporal-phi4_mini-gsm8k-interpolated-s112-source/attempt-5045336/phase-memory-5045336.csv;output/revision_temporal/rev-temporal-phi4_mini-gsm8k-interpolated-s112-source/attempt-5045336/training-5045336.log;output/revision_temporal/rev-temporal-phi4_mini-gsm8k-interpolated-s112-source/attempt-5045336/trial-5045336.json;output/revision_temporal/rev-temporal-phi4_mini-gsm8k-interpolated-s112-source/trial-5045336.json,
attempt-e165c7c8a265cc06,cfg-ca5490162c750c31,run-e165c7c8a265cc06,state_release,strong-node-qwen25_1p5b-grpo-gsm8k-near_boundary-s83-p1-release,5031043,1,completed,1,,,,output/strengthening_same_node_residency/strong-node-qwen25_1p5b-grpo-gsm8k-near_boundary-s83-p1-release/environment-5031043.json;output/strengthening_same_node_residency/strong-node-qwen25_1p5b-grpo-gsm8k-near_boundary-s83-p1-release/gpu-memory-5031043.csv;output/strengthening_same_node_residency/strong-node-qwen25_1p5b-grpo-gsm8k-near_boundary-s83-p1-release/gpu-telemetry-5031043.csv;output/strengthening_same_node_residency/strong-node-qwen25_1p5b-grpo-gsm8k-near_boundary-s83-p1-release/phase-memory-5031043.csv;output/strengthening_same_node_residency/strong-node-qwen25_1p5b-grpo-gsm8k-near_boundary-s83-p1-release/training-5031043.log;output/strengthening_same_node_residency/strong-node-qwen25_1p5b-grpo-gsm8k-near_boundary-s83-p1-release/trial-5031043.json,
attempt-e1f4cf5c4be99c07,cfg-32977d5aa42a41cb,run-e1f4cf5c4be99c07,boundary,strong-granite-confirmatory-grpo-math_short-c5-s93,5031408,1,memory_failure,0,rollout_init_memory,,,output/strengthening_granite_confirmatory/strong-granite-confirmatory-grpo-math_short-c5-s93/environment-5031408.json;output/strengthening_granite_confirmatory/strong-granite-confirmatory-grpo-math_short-c5-s93/gpu-memory-5031408.csv;output/strengthening_granite_confirmatory/strong-granite-confirmatory-grpo-math_short-c5-s93/gpu-telemetry-5031408.csv;output/strengthening_granite_confirmatory/strong-granite-confirmatory-grpo-math_short-c5-s93/phase-memory-5031408.csv;output/strengthening_granite_confirmatory/strong-granite-confirmatory-grpo-math_short-c5-s93/training-5031408.log;output/strengthening_granite_confirmatory/strong-granite-confirmatory-grpo-math_short-c5-s93/trial-5031408.json,
attempt-e29d0dd4f2b96c10,cfg-6467c4b5acff38f3,run-e29d0dd4f2b96c10,instrumentation,rev-instrumentation-phi4_mini-math-c3-s112-full,5045373,1,completed,1,,,,output/revision_instrumentation/rev-instrumentation-phi4_mini-math-c3-s112-full/attempt-5045373/environment-5045373.json;output/revision_instrumentation/rev-instrumentation-phi4_mini-math-c3-s112-full/attempt-5045373/gpu-memory-5045373.csv;output/revision_instrumentation/rev-instrumentation-phi4_mini-math-c3-s112-full/attempt-5045373/gpu-telemetry-5045373.csv;output/revision_instrumentation/rev-instrumentation-phi4_mini-math-c3-s112-full/attempt-5045373/phase-memory-5045373.csv;output/revision_instrumentation/rev-instrumentation-phi4_mini-math-c3-s112-full/attempt-5045373/training-5045373.log;output/revision_instrumentation/rev-instrumentation-phi4_mini-math-c3-s112-full/attempt-5045373/trial-5045373.json;output/revision_instrumentation/rev-instrumentation-phi4_mini-math-c3-s112-full/trial-5045373.json,
attempt-e2a6c31b90b46bb1,cfg-c8c150029ddeb5ed,run-e2a6c31b90b46bb1,instrumentation,rev-instrumentation-qwen25_3b-math-c4-s112-full,5045319,1,memory_failure,0,rollout_init_memory,,,output/revision_instrumentation/rev-instrumentation-qwen25_3b-math-c4-s112-full/attempt-5045319/environment-5045319.json;output/revision_instrumentation/rev-instrumentation-qwen25_3b-math-c4-s112-full/attempt-5045319/gpu-memory-5045319.csv;output/revision_instrumentation/rev-instrumentation-qwen25_3b-math-c4-s112-full/attempt-5045319/gpu-telemetry-5045319.csv;output/revision_instrumentation/rev-instrumentation-qwen25_3b-math-c4-s112-full/attempt-5045319/phase-memory-5045319.csv;output/revision_instrumentation/rev-instrumentation-qwen25_3b-math-c4-s112-full/attempt-5045319/training-5045319.log;output/revision_instrumentation/rev-instrumentation-qwen25_3b-math-c4-s112-full/attempt-5045319/trial-5045319.json;output/revision_instrumentation/rev-instrumentation-qwen25_3b-math-c4-s112-full/trial-5045319.json,
attempt-e3117ee4920184d8,cfg-3ca7715d60421fe4,run-e3117ee4920184d8,batch_reservation,strong-factorial-phi4_mini-grpo-math-joint-s96,5031862,1,completed,1,,,,output/strengthening_factorial/strong-factorial-phi4_mini-grpo-math-joint-s96/environment-5031862.json;output/strengthening_factorial/strong-factorial-phi4_mini-grpo-math-joint-s96/gpu-memory-5031862.csv;output/strengthening_factorial/strong-factorial-phi4_mini-grpo-math-joint-s96/gpu-telemetry-5031862.csv;output/strengthening_factorial/strong-factorial-phi4_mini-grpo-math-joint-s96/phase-memory-5031862.csv;output/strengthening_factorial/strong-factorial-phi4_mini-grpo-math-joint-s96/training-5031862.log;output/strengthening_factorial/strong-factorial-phi4_mini-grpo-math-joint-s96/trial-5031862.json,
attempt-e3729383a988d1a4,cfg-42a07dcd991102a7,run-e3729383a988d1a4,batch_reservation,strong-factorial-granite33_2b-grpo-code_standard-base-s94,5031380,1,completed,1,,,,output/strengthening_factorial/strong-factorial-granite33_2b-grpo-code_standard-base-s94/environment-5031380.json;output/strengthening_factorial/strong-factorial-granite33_2b-grpo-code_standard-base-s94/gpu-memory-5031380.csv;output/strengthening_factorial/strong-factorial-granite33_2b-grpo-code_standard-base-s94/gpu-telemetry-5031380.csv;output/strengthening_factorial/strong-factorial-granite33_2b-grpo-code_standard-base-s94/phase-memory-5031380.csv;output/strengthening_factorial/strong-factorial-granite33_2b-grpo-code_standard-base-s94/training-5031380.log;output/strengthening_factorial/strong-factorial-granite33_2b-grpo-code_standard-base-s94/trial-5031380.json,
attempt-e3ae6689588a56eb,cfg-3f0f48a3c570a0c8,run-e3ae6689588a56eb,boundary,v2cf-confirm-qwen25_3b-grpo-math_short-c0-s42,4935924,1,completed,1,,,,output/benchmark_v2_cross_family_confirmatory/v2cf-confirm-qwen25_3b-grpo-math_short-c0-s42/environment-4935924.json;output/benchmark_v2_cross_family_confirmatory/v2cf-confirm-qwen25_3b-grpo-math_short-c0-s42/gpu-memory-4935924.csv;output/benchmark_v2_cross_family_confirmatory/v2cf-confirm-qwen25_3b-grpo-math_short-c0-s42/gpu-telemetry-4935924.csv;output/benchmark_v2_cross_family_confirmatory/v2cf-confirm-qwen25_3b-grpo-math_short-c0-s42/phase-memory-4935924.csv;output/benchmark_v2_cross_family_confirmatory/v2cf-confirm-qwen25_3b-grpo-math_short-c0-s42/training-4935924.log;output/benchmark_v2_cross_family_confirmatory/v2cf-confirm-qwen25_3b-grpo-math_short-c0-s42/trial-4935924.json,
attempt-e50aad49ebdcc0b3,cfg-7df2428553b76877,run-e50aad49ebdcc0b3,boundary,mr-xm-confirm-phi4_mini-grpo-code_heavy_tail-c4-s53,5003969,1,memory_failure,0,rollout_init_memory,,,output/major_revision_cross_model_confirmatory/mr-xm-confirm-phi4_mini-grpo-code_heavy_tail-c4-s53/environment-5003969.json;output/major_revision_cross_model_confirmatory/mr-xm-confirm-phi4_mini-grpo-code_heavy_tail-c4-s53/gpu-memory-5003969.csv;output/major_revision_cross_model_confirmatory/mr-xm-confirm-phi4_mini-grpo-code_heavy_tail-c4-s53/gpu-telemetry-5003969.csv;output/major_revision_cross_model_confirmatory/mr-xm-confirm-phi4_mini-grpo-code_heavy_tail-c4-s53/phase-memory-5003969.csv;output/major_revision_cross_model_confirmatory/mr-xm-confirm-phi4_mini-grpo-code_heavy_tail-c4-s53/training-5003969.log;output/major_revision_cross_model_confirmatory/mr-xm-confirm-phi4_mini-grpo-code_heavy_tail-c4-s53/trial-5003969.json,
attempt-e57665a8a80a80da,cfg-f009e9e3891c06f4,run-e57665a8a80a80da,boundary,v2cf-confirm-qwen25_3b-grpo-math_short-c3-s41,4935953,1,completed,1,,,,output/benchmark_v2_cross_family_confirmatory/v2cf-confirm-qwen25_3b-grpo-math_short-c3-s41/environment-4935953.json;output/benchmark_v2_cross_family_confirmatory/v2cf-confirm-qwen25_3b-grpo-math_short-c3-s41/gpu-memory-4935953.csv;output/benchmark_v2_cross_family_confirmatory/v2cf-confirm-qwen25_3b-grpo-math_short-c3-s41/gpu-telemetry-4935953.csv;output/benchmark_v2_cross_family_confirmatory/v2cf-confirm-qwen25_3b-grpo-math_short-c3-s41/phase-memory-4935953.csv;output/benchmark_v2_cross_family_confirmatory/v2cf-confirm-qwen25_3b-grpo-math_short-c3-s41/training-4935953.log;output/benchmark_v2_cross_family_confirmatory/v2cf-confirm-qwen25_3b-grpo-math_short-c3-s41/trial-4935953.json,
attempt-e595efa2ebb4ad0a,cfg-b5912aa6ea40b7fd,run-e595efa2ebb4ad0a,batch_reservation,strong-factorial-qwen25_3b-grpo-math-base-s94,5032043,1,completed,1,,,,output/strengthening_factorial/strong-factorial-qwen25_3b-grpo-math-base-s94/environment-5032043.json;output/strengthening_factorial/strong-factorial-qwen25_3b-grpo-math-base-s94/gpu-memory-5032043.csv;output/strengthening_factorial/strong-factorial-qwen25_3b-grpo-math-base-s94/gpu-telemetry-5032043.csv;output/strengthening_factorial/strong-factorial-qwen25_3b-grpo-math-base-s94/phase-memory-5032043.csv;output/strengthening_factorial/strong-factorial-qwen25_3b-grpo-math-base-s94/training-5032043.log;output/strengthening_factorial/strong-factorial-qwen25_3b-grpo-math-base-s94/trial-5032043.json,
attempt-e5db79e55e615703,cfg-3fb18b33cd9f8bcf,run-e5db79e55e615703,state_release,strong-node-qwen25_3b-grpo-math-near_boundary-s83-p1-release,5031131,1,completed,1,,,,output/strengthening_same_node_residency/strong-node-qwen25_3b-grpo-math-near_boundary-s83-p1-release/environment-5031131.json;output/strengthening_same_node_residency/strong-node-qwen25_3b-grpo-math-near_boundary-s83-p1-release/gpu-memory-5031131.csv;output/strengthening_same_node_residency/strong-node-qwen25_3b-grpo-math-near_boundary-s83-p1-release/gpu-telemetry-5031131.csv;output/strengthening_same_node_residency/strong-node-qwen25_3b-grpo-math-near_boundary-s83-p1-release/phase-memory-5031131.csv;output/strengthening_same_node_residency/strong-node-qwen25_3b-grpo-math-near_boundary-s83-p1-release/training-5031131.log;output/strengthening_same_node_residency/strong-node-qwen25_3b-grpo-math-near_boundary-s83-p1-release/trial-5031131.json,
attempt-e6234102f234a412,cfg-a94bf7877633dfda,,boundary,strong-granite-confirmatory-grpo-code_standard-c2-s91,5031279,0,other_failure,0,distributed_port_collision,granite_vllm_replica_port_collision,,output/strengthening_granite_confirmatory/strong-granite-confirmatory-grpo-code_standard-c2-s91/environment-5031279.json;output/strengthening_granite_confirmatory/strong-granite-confirmatory-grpo-code_standard-c2-s91/gpu-memory-5031279.csv;output/strengthening_granite_confirmatory/strong-granite-confirmatory-grpo-code_standard-c2-s91/gpu-telemetry-5031279.csv;output/strengthening_granite_confirmatory/strong-granite-confirmatory-grpo-code_standard-c2-s91/phase-memory-5031279.csv;output/strengthening_granite_confirmatory/strong-granite-confirmatory-grpo-code_standard-c2-s91/training-5031279.log;output/strengthening_granite_confirmatory/strong-granite-confirmatory-grpo-code_standard-c2-s91/trial-5031279.json,
attempt-e6591b25fb8637d8,cfg-c38f036ca97204f7,run-e6591b25fb8637d8,temporal_40,v2time-grpo-gsm8k-qwen25_3b-safe_margin-s42,4940917,1,completed,1,,,,output/benchmark_v2_temporal_confirmatory/v2time-grpo-gsm8k-qwen25_3b-safe_margin-s42/environment-4940917.json;output/benchmark_v2_temporal_confirmatory/v2time-grpo-gsm8k-qwen25_3b-safe_margin-s42/gpu-memory-4940917.csv;output/benchmark_v2_temporal_confirmatory/v2time-grpo-gsm8k-qwen25_3b-safe_margin-s42/gpu-telemetry-4940917.csv;output/benchmark_v2_temporal_confirmatory/v2time-grpo-gsm8k-qwen25_3b-safe_margin-s42/phase-memory-4940917.csv;output/benchmark_v2_temporal_confirmatory/v2time-grpo-gsm8k-qwen25_3b-safe_margin-s42/training-4940917.log;output/benchmark_v2_temporal_confirmatory/v2time-grpo-gsm8k-qwen25_3b-safe_margin-s42/trial-4940917.json,
attempt-e6773e5a92df64b2,cfg-4feb2171d2cb6476,run-e6773e5a92df64b2,batch_logging_control,review-control-qwen25_3b-code_heavy_tail-s122-external_b16,5048560,1,completed,1,,,,output/review_instrumentation_batch/review-control-qwen25_3b-code_heavy_tail-s122-external_b16/trial-5048560.json,
attempt-e67e44ab2e0555d6,cfg-b8dd70ab682c13b2,run-e67e44ab2e0555d6,boundary,v2cf-confirm-phi4_mini-grpo-gsm8k_long-c1-s41,4935658,1,completed,1,,,,output/benchmark_v2_cross_family_confirmatory/v2cf-confirm-phi4_mini-grpo-gsm8k_long-c1-s41/environment-4935658.json;output/benchmark_v2_cross_family_confirmatory/v2cf-confirm-phi4_mini-grpo-gsm8k_long-c1-s41/gpu-memory-4935658.csv;output/benchmark_v2_cross_family_confirmatory/v2cf-confirm-phi4_mini-grpo-gsm8k_long-c1-s41/gpu-telemetry-4935658.csv;output/benchmark_v2_cross_family_confirmatory/v2cf-confirm-phi4_mini-grpo-gsm8k_long-c1-s41/phase-memory-4935658.csv;output/benchmark_v2_cross_family_confirmatory/v2cf-confirm-phi4_mini-grpo-gsm8k_long-c1-s41/training-4935658.log;output/benchmark_v2_cross_family_confirmatory/v2cf-confirm-phi4_mini-grpo-gsm8k_long-c1-s41/trial-4935658.json,
attempt-e6e0fb6b8c6ded64,cfg-9758870c0a0b4d69,run-e6e0fb6b8c6ded64,four_gpu,rev-topology-granite33_2b-math-c2-s112-four_gpu,5045402,1,completed,1,,,,output/revision_topology/rev-topology-granite33_2b-math-c2-s112-four_gpu/attempt-5045402/environment-5045402.json;output/revision_topology/rev-topology-granite33_2b-math-c2-s112-four_gpu/attempt-5045402/gpu-memory-5045402.csv;output/revision_topology/rev-topology-granite33_2b-math-c2-s112-four_gpu/attempt-5045402/gpu-telemetry-5045402.csv;output/revision_topology/rev-topology-granite33_2b-math-c2-s112-four_gpu/attempt-5045402/phase-memory-5045402.csv;output/revision_topology/rev-topology-granite33_2b-math-c2-s112-four_gpu/attempt-5045402/training-5045402.log;output/revision_topology/rev-topology-granite33_2b-math-c2-s112-four_gpu/attempt-5045402/trial-5045402.json;output/revision_topology/rev-topology-granite33_2b-math-c2-s112-four_gpu/trial-5045402.json,
attempt-e79b0e7ad4674811,cfg-9758870c0a0b4d69,run-e79b0e7ad4674811,four_gpu,rev-topology-granite33_2b-math-c2-s113-four_gpu,5045403,1,completed,1,,,,output/revision_topology/rev-topology-granite33_2b-math-c2-s113-four_gpu/attempt-5045403/environment-5045403.json;output/revision_topology/rev-topology-granite33_2b-math-c2-s113-four_gpu/attempt-5045403/gpu-memory-5045403.csv;output/revision_topology/rev-topology-granite33_2b-math-c2-s113-four_gpu/attempt-5045403/gpu-telemetry-5045403.csv;output/revision_topology/rev-topology-granite33_2b-math-c2-s113-four_gpu/attempt-5045403/phase-memory-5045403.csv;output/revision_topology/rev-topology-granite33_2b-math-c2-s113-four_gpu/attempt-5045403/training-5045403.log;output/revision_topology/rev-topology-granite33_2b-math-c2-s113-four_gpu/attempt-5045403/trial-5045403.json;output/revision_topology/rev-topology-granite33_2b-math-c2-s113-four_gpu/trial-5045403.json,
attempt-e7f931541613c5fa,cfg-a9973fa41ccc608d,run-e7f931541613c5fa,batch_logging_control,review-control-phi4_mini-gsm8k-s121-full_b8,5048502,1,completed,1,,,,output/review_instrumentation_batch/review-control-phi4_mini-gsm8k-s121-full_b8/trial-5048502.json,
attempt-e94a9b80aec54873,cfg-c0605c1607caa079,run-e94a9b80aec54873,boundary,v2cf-confirm-phi4_mini-grpo-gsm8k_long-c3-s43,4936213,1,completed,1,,,,output/benchmark_v2_cross_family_confirmatory/v2cf-confirm-phi4_mini-grpo-gsm8k_long-c3-s43/environment-4936213.json;output/benchmark_v2_cross_family_confirmatory/v2cf-confirm-phi4_mini-grpo-gsm8k_long-c3-s43/gpu-memory-4936213.csv;output/benchmark_v2_cross_family_confirmatory/v2cf-confirm-phi4_mini-grpo-gsm8k_long-c3-s43/gpu-telemetry-4936213.csv;output/benchmark_v2_cross_family_confirmatory/v2cf-confirm-phi4_mini-grpo-gsm8k_long-c3-s43/phase-memory-4936213.csv;output/benchmark_v2_cross_family_confirmatory/v2cf-confirm-phi4_mini-grpo-gsm8k_long-c3-s43/training-4936213.log;output/benchmark_v2_cross_family_confirmatory/v2cf-confirm-phi4_mini-grpo-gsm8k_long-c3-s43/trial-4936213.json,
attempt-e9e0028e80632136,cfg-c8c150029ddeb5ed,run-e9e0028e80632136,instrumentation,rev-instrumentation-qwen25_3b-math-c4-s111-full,5045317,1,memory_failure,0,rollout_init_memory,,,output/revision_instrumentation/rev-instrumentation-qwen25_3b-math-c4-s111-full/attempt-5045317/environment-5045317.json;output/revision_instrumentation/rev-instrumentation-qwen25_3b-math-c4-s111-full/attempt-5045317/gpu-memory-5045317.csv;output/revision_instrumentation/rev-instrumentation-qwen25_3b-math-c4-s111-full/attempt-5045317/gpu-telemetry-5045317.csv;output/revision_instrumentation/rev-instrumentation-qwen25_3b-math-c4-s111-full/attempt-5045317/phase-memory-5045317.csv;output/revision_instrumentation/rev-instrumentation-qwen25_3b-math-c4-s111-full/attempt-5045317/training-5045317.log;output/revision_instrumentation/rev-instrumentation-qwen25_3b-math-c4-s111-full/attempt-5045317/trial-5045317.json;output/revision_instrumentation/rev-instrumentation-qwen25_3b-math-c4-s111-full/trial-5045317.json,
attempt-ea41328221a33187,cfg-301e4dae7048c6ec,run-ea41328221a33187,four_gpu,rev-topology-phi4_mini-gsm8k-c2-s112-four_gpu,5045346,1,completed,1,,,,output/revision_topology/rev-topology-phi4_mini-gsm8k-c2-s112-four_gpu/attempt-5045346/environment-5045346.json;output/revision_topology/rev-topology-phi4_mini-gsm8k-c2-s112-four_gpu/attempt-5045346/gpu-memory-5045346.csv;output/revision_topology/rev-topology-phi4_mini-gsm8k-c2-s112-four_gpu/attempt-5045346/gpu-telemetry-5045346.csv;output/revision_topology/rev-topology-phi4_mini-gsm8k-c2-s112-four_gpu/attempt-5045346/phase-memory-5045346.csv;output/revision_topology/rev-topology-phi4_mini-gsm8k-c2-s112-four_gpu/attempt-5045346/training-5045346.log;output/revision_topology/rev-topology-phi4_mini-gsm8k-c2-s112-four_gpu/attempt-5045346/trial-5045346.json;output/revision_topology/rev-topology-phi4_mini-gsm8k-c2-s112-four_gpu/trial-5045346.json,
attempt-ea417d5206d8c55c,cfg-18edbed17d1a0c2e,run-ea417d5206d8c55c,state_release,strong-node-qwen25_3b-grpo-math-safe_margin-s82-p1-release,5031148,1,completed,1,,,,output/strengthening_same_node_residency/strong-node-qwen25_3b-grpo-math-safe_margin-s82-p1-release/environment-5031148.json;output/strengthening_same_node_residency/strong-node-qwen25_3b-grpo-math-safe_margin-s82-p1-release/gpu-memory-5031148.csv;output/strengthening_same_node_residency/strong-node-qwen25_3b-grpo-math-safe_margin-s82-p1-release/gpu-telemetry-5031148.csv;output/strengthening_same_node_residency/strong-node-qwen25_3b-grpo-math-safe_margin-s82-p1-release/phase-memory-5031148.csv;output/strengthening_same_node_residency/strong-node-qwen25_3b-grpo-math-safe_margin-s82-p1-release/training-5031148.log;output/strengthening_same_node_residency/strong-node-qwen25_3b-grpo-math-safe_margin-s82-p1-release/trial-5031148.json,
attempt-ea61e52982eecfed,cfg-7ee75feb0b09675f,run-ea61e52982eecfed,batch_reservation,strong-factorial-qwen25_3b-grpo-math-actor_only-s94,5032047,1,completed,1,,,,output/strengthening_factorial/strong-factorial-qwen25_3b-grpo-math-actor_only-s94/environment-5032047.json;output/strengthening_factorial/strong-factorial-qwen25_3b-grpo-math-actor_only-s94/gpu-memory-5032047.csv;output/strengthening_factorial/strong-factorial-qwen25_3b-grpo-math-actor_only-s94/gpu-telemetry-5032047.csv;output/strengthening_factorial/strong-factorial-qwen25_3b-grpo-math-actor_only-s94/phase-memory-5032047.csv;output/strengthening_factorial/strong-factorial-qwen25_3b-grpo-math-actor_only-s94/training-5032047.log;output/strengthening_factorial/strong-factorial-qwen25_3b-grpo-math-actor_only-s94/trial-5032047.json,
attempt-eb39c1889d967ed8,cfg-d9397d15f234d541,run-eb39c1889d967ed8,boundary,strong-granite-confirmatory-grpo-code_heavy_tail-c1-s93,5031344,1,completed,1,,,,output/strengthening_granite_confirmatory/strong-granite-confirmatory-grpo-code_heavy_tail-c1-s93/environment-5031344.json;output/strengthening_granite_confirmatory/strong-granite-confirmatory-grpo-code_heavy_tail-c1-s93/gpu-memory-5031344.csv;output/strengthening_granite_confirmatory/strong-granite-confirmatory-grpo-code_heavy_tail-c1-s93/gpu-telemetry-5031344.csv;output/strengthening_granite_confirmatory/strong-granite-confirmatory-grpo-code_heavy_tail-c1-s93/phase-memory-5031344.csv;output/strengthening_granite_confirmatory/strong-granite-confirmatory-grpo-code_heavy_tail-c1-s93/training-5031344.log;output/strengthening_granite_confirmatory/strong-granite-confirmatory-grpo-code_heavy_tail-c1-s93/trial-5031344.json,
attempt-eb4771b31d7c9c6d,cfg-e8893b12558f51dd,run-eb4771b31d7c9c6d,boundary,strong-granite-confirmatory-grpo-gsm8k_long-c5-s93,5031249,1,memory_failure,0,rollout_init_memory,,,output/strengthening_granite_confirmatory/strong-granite-confirmatory-grpo-gsm8k_long-c5-s93/environment-5031249.json;output/strengthening_granite_confirmatory/strong-granite-confirmatory-grpo-gsm8k_long-c5-s93/gpu-memory-5031249.csv;output/strengthening_granite_confirmatory/strong-granite-confirmatory-grpo-gsm8k_long-c5-s93/gpu-telemetry-5031249.csv;output/strengthening_granite_confirmatory/strong-granite-confirmatory-grpo-gsm8k_long-c5-s93/phase-memory-5031249.csv;output/strengthening_granite_confirmatory/strong-granite-confirmatory-grpo-gsm8k_long-c5-s93/training-5031249.log;output/strengthening_granite_confirmatory/strong-granite-confirmatory-grpo-gsm8k_long-c5-s93/trial-5031249.json,
attempt-eb4b8af04b8d5a83,cfg-fd41285187ce3c5b,run-eb4b8af04b8d5a83,batch_reservation,strong-factorial-qwen25_3b-grpo-code_heavy_tail-actor_only-s94,5031985,1,completed,1,,,,output/strengthening_factorial/strong-factorial-qwen25_3b-grpo-code_heavy_tail-actor_only-s94/environment-5031985.json;output/strengthening_factorial/strong-factorial-qwen25_3b-grpo-code_heavy_tail-actor_only-s94/gpu-memory-5031985.csv;output/strengthening_factorial/strong-factorial-qwen25_3b-grpo-code_heavy_tail-actor_only-s94/gpu-telemetry-5031985.csv;output/strengthening_factorial/strong-factorial-qwen25_3b-grpo-code_heavy_tail-actor_only-s94/phase-memory-5031985.csv;output/strengthening_factorial/strong-factorial-qwen25_3b-grpo-code_heavy_tail-actor_only-s94/training-5031985.log;output/strengthening_factorial/strong-factorial-qwen25_3b-grpo-code_heavy_tail-actor_only-s94/trial-5031985.json,
attempt-ebb9b667353371b0,cfg-e5f3439a7c655274,run-ebb9b667353371b0,temporal_40,v2time-grpo-gsm8k-qwen25_3b-near_boundary-s42,4942924,1,completed,1,,,,output/benchmark_v2_temporal_confirmatory/v2time-grpo-gsm8k-qwen25_3b-near_boundary-s42/environment-4942924.json;output/benchmark_v2_temporal_confirmatory/v2time-grpo-gsm8k-qwen25_3b-near_boundary-s42/gpu-memory-4942924.csv;output/benchmark_v2_temporal_confirmatory/v2time-grpo-gsm8k-qwen25_3b-near_boundary-s42/gpu-telemetry-4942924.csv;output/benchmark_v2_temporal_confirmatory/v2time-grpo-gsm8k-qwen25_3b-near_boundary-s42/phase-memory-4942924.csv;output/benchmark_v2_temporal_confirmatory/v2time-grpo-gsm8k-qwen25_3b-near_boundary-s42/training-4942924.log;output/benchmark_v2_temporal_confirmatory/v2time-grpo-gsm8k-qwen25_3b-near_boundary-s42/trial-4942924.json,
attempt-ebf3aa7a5144268b,cfg-5244d13eac3116ad,run-ebf3aa7a5144268b,boundary,v2cf-confirm-qwen25_3b-grpo-gsm8k_long-c0-s41,4935724,1,completed,1,,,,output/benchmark_v2_cross_family_confirmatory/v2cf-confirm-qwen25_3b-grpo-gsm8k_long-c0-s41/environment-4935724.json;output/benchmark_v2_cross_family_confirmatory/v2cf-confirm-qwen25_3b-grpo-gsm8k_long-c0-s41/gpu-memory-4935724.csv;output/benchmark_v2_cross_family_confirmatory/v2cf-confirm-qwen25_3b-grpo-gsm8k_long-c0-s41/gpu-telemetry-4935724.csv;output/benchmark_v2_cross_family_confirmatory/v2cf-confirm-qwen25_3b-grpo-gsm8k_long-c0-s41/phase-memory-4935724.csv;output/benchmark_v2_cross_family_confirmatory/v2cf-confirm-qwen25_3b-grpo-gsm8k_long-c0-s41/training-4935724.log;output/benchmark_v2_cross_family_confirmatory/v2cf-confirm-qwen25_3b-grpo-gsm8k_long-c0-s41/trial-4935724.json,
attempt-ebf6cc3e367056a2,cfg-7898c5f5e25f7757,run-ebf6cc3e367056a2,temporal_100,strong-time-grpo-math-qwen25_1p5b-near_boundary-s91,5034325,1,completed,1,,,,output/strengthening_temporal_phases/strong-time-grpo-math-qwen25_1p5b-near_boundary-s91/environment-5034325.json;output/strengthening_temporal_phases/strong-time-grpo-math-qwen25_1p5b-near_boundary-s91/gpu-memory-5034325.csv;output/strengthening_temporal_phases/strong-time-grpo-math-qwen25_1p5b-near_boundary-s91/gpu-telemetry-5034325.csv;output/strengthening_temporal_phases/strong-time-grpo-math-qwen25_1p5b-near_boundary-s91/phase-memory-5034325.csv;output/strengthening_temporal_phases/strong-time-grpo-math-qwen25_1p5b-near_boundary-s91/training-5034325.log;output/strengthening_temporal_phases/strong-time-grpo-math-qwen25_1p5b-near_boundary-s91/trial-5034325.json,
attempt-ed204f30ccc94238,cfg-191bdf2aa4d09de2,run-ed204f30ccc94238,batch_reservation,strong-factorial-phi4_mini-grpo-math-base-s96,5031826,1,completed,1,,,,output/strengthening_factorial/strong-factorial-phi4_mini-grpo-math-base-s96/environment-5031826.json;output/strengthening_factorial/strong-factorial-phi4_mini-grpo-math-base-s96/gpu-memory-5031826.csv;output/strengthening_factorial/strong-factorial-phi4_mini-grpo-math-base-s96/gpu-telemetry-5031826.csv;output/strengthening_factorial/strong-factorial-phi4_mini-grpo-math-base-s96/phase-memory-5031826.csv;output/strengthening_factorial/strong-factorial-phi4_mini-grpo-math-base-s96/training-5031826.log;output/strengthening_factorial/strong-factorial-phi4_mini-grpo-math-base-s96/trial-5031826.json,
attempt-ed61ae004b9b3e3b,cfg-3c86a11fdb8455cb,run-ed61ae004b9b3e3b,boundary,v2cf-confirm-phi4_mini-grpo-gsm8k_long-c5-s42,4936248,1,memory_failure,0,rollout_init_memory,,,output/benchmark_v2_cross_family_confirmatory/v2cf-confirm-phi4_mini-grpo-gsm8k_long-c5-s42/environment-4936248.json;output/benchmark_v2_cross_family_confirmatory/v2cf-confirm-phi4_mini-grpo-gsm8k_long-c5-s42/gpu-memory-4936248.csv;output/benchmark_v2_cross_family_confirmatory/v2cf-confirm-phi4_mini-grpo-gsm8k_long-c5-s42/gpu-telemetry-4936248.csv;output/benchmark_v2_cross_family_confirmatory/v2cf-confirm-phi4_mini-grpo-gsm8k_long-c5-s42/phase-memory-4936248.csv;output/benchmark_v2_cross_family_confirmatory/v2cf-confirm-phi4_mini-grpo-gsm8k_long-c5-s42/training-4936248.log;output/benchmark_v2_cross_family_confirmatory/v2cf-confirm-phi4_mini-grpo-gsm8k_long-c5-s42/trial-4936248.json,
attempt-ed826144e11ec0fe,cfg-bfb83ff32b7fd921,run-ed826144e11ec0fe,boundary,mr-xm-confirm-qwen25_3b-grpo-code_heavy_tail-c1-s53,4999664,1,completed,1,,,,output/major_revision_cross_model_confirmatory/mr-xm-confirm-qwen25_3b-grpo-code_heavy_tail-c1-s53/environment-4999664.json;output/major_revision_cross_model_confirmatory/mr-xm-confirm-qwen25_3b-grpo-code_heavy_tail-c1-s53/gpu-memory-4999664.csv;output/major_revision_cross_model_confirmatory/mr-xm-confirm-qwen25_3b-grpo-code_heavy_tail-c1-s53/gpu-telemetry-4999664.csv;output/major_revision_cross_model_confirmatory/mr-xm-confirm-qwen25_3b-grpo-code_heavy_tail-c1-s53/phase-memory-4999664.csv;output/major_revision_cross_model_confirmatory/mr-xm-confirm-qwen25_3b-grpo-code_heavy_tail-c1-s53/training-4999664.log;output/major_revision_cross_model_confirmatory/mr-xm-confirm-qwen25_3b-grpo-code_heavy_tail-c1-s53/trial-4999664.json,
attempt-ed849bbca851e576,cfg-3171760c4182a3cf,run-ed849bbca851e576,horizon_followup,rev-temporal-phi4_mini-math-interpolated-s112-source,5045339,1,completed,1,,,,output/revision_temporal/rev-temporal-phi4_mini-math-interpolated-s112-source/attempt-5045339/environment-5045339.json;output/revision_temporal/rev-temporal-phi4_mini-math-interpolated-s112-source/attempt-5045339/gpu-memory-5045339.csv;output/revision_temporal/rev-temporal-phi4_mini-math-interpolated-s112-source/attempt-5045339/gpu-telemetry-5045339.csv;output/revision_temporal/rev-temporal-phi4_mini-math-interpolated-s112-source/attempt-5045339/phase-memory-5045339.csv;output/revision_temporal/rev-temporal-phi4_mini-math-interpolated-s112-source/attempt-5045339/training-5045339.log;output/revision_temporal/rev-temporal-phi4_mini-math-interpolated-s112-source/attempt-5045339/trial-5045339.json;output/revision_temporal/rev-temporal-phi4_mini-math-interpolated-s112-source/trial-5045339.json,
attempt-ed9c9c0c64c7434e,cfg-896685010703c0fb,run-ed9c9c0c64c7434e,boundary,mr-xm-confirm-phi4_mini-grpo-code_standard-c5-s51,5003153,1,memory_failure,0,rollout_init_memory,,,output/major_revision_cross_model_confirmatory/mr-xm-confirm-phi4_mini-grpo-code_standard-c5-s51/environment-5003153.json;output/major_revision_cross_model_confirmatory/mr-xm-confirm-phi4_mini-grpo-code_standard-c5-s51/gpu-memory-5003153.csv;output/major_revision_cross_model_confirmatory/mr-xm-confirm-phi4_mini-grpo-code_standard-c5-s51/gpu-telemetry-5003153.csv;output/major_revision_cross_model_confirmatory/mr-xm-confirm-phi4_mini-grpo-code_standard-c5-s51/phase-memory-5003153.csv;output/major_revision_cross_model_confirmatory/mr-xm-confirm-phi4_mini-grpo-code_standard-c5-s51/training-5003153.log;output/major_revision_cross_model_confirmatory/mr-xm-confirm-phi4_mini-grpo-code_standard-c5-s51/trial-5003153.json,
attempt-ed9dc39bc0529cc9,cfg-a94bf7877633dfda,run-ed9dc39bc0529cc9,boundary,strong-granite-confirmatory-grpo-code_standard-c2-s92,5031326,1,completed,1,,,,output/strengthening_granite_confirmatory/strong-granite-confirmatory-grpo-code_standard-c2-s92/environment-5031326.json;output/strengthening_granite_confirmatory/strong-granite-confirmatory-grpo-code_standard-c2-s92/gpu-memory-5031326.csv;output/strengthening_granite_confirmatory/strong-granite-confirmatory-grpo-code_standard-c2-s92/gpu-telemetry-5031326.csv;output/strengthening_granite_confirmatory/strong-granite-confirmatory-grpo-code_standard-c2-s92/phase-memory-5031326.csv;output/strengthening_granite_confirmatory/strong-granite-confirmatory-grpo-code_standard-c2-s92/training-5031326.log;output/strengthening_granite_confirmatory/strong-granite-confirmatory-grpo-code_standard-c2-s92/trial-5031326.json,
attempt-eda49e73113c511f,cfg-a8e7e878a371de68,run-eda49e73113c511f,batch_reservation,strong-factorial-phi4_mini-grpo-code_standard-base-s94,5031745,1,completed,1,,,,output/strengthening_factorial/strong-factorial-phi4_mini-grpo-code_standard-base-s94/environment-5031745.json;output/strengthening_factorial/strong-factorial-phi4_mini-grpo-code_standard-base-s94/gpu-memory-5031745.csv;output/strengthening_factorial/strong-factorial-phi4_mini-grpo-code_standard-base-s94/gpu-telemetry-5031745.csv;output/strengthening_factorial/strong-factorial-phi4_mini-grpo-code_standard-base-s94/phase-memory-5031745.csv;output/strengthening_factorial/strong-factorial-phi4_mini-grpo-code_standard-base-s94/training-5031745.log;output/strengthening_factorial/strong-factorial-phi4_mini-grpo-code_standard-base-s94/trial-5031745.json,
attempt-edb765b6c0e1171f,cfg-71b33248b3cb3190,run-edb765b6c0e1171f,batch_reservation,strong-factorial-granite33_2b-grpo-math_short-joint-s95,5031497,1,completed,1,,,,output/strengthening_factorial/strong-factorial-granite33_2b-grpo-math_short-joint-s95/environment-5031497.json;output/strengthening_factorial/strong-factorial-granite33_2b-grpo-math_short-joint-s95/gpu-memory-5031497.csv;output/strengthening_factorial/strong-factorial-granite33_2b-grpo-math_short-joint-s95/gpu-telemetry-5031497.csv;output/strengthening_factorial/strong-factorial-granite33_2b-grpo-math_short-joint-s95/phase-memory-5031497.csv;output/strengthening_factorial/strong-factorial-granite33_2b-grpo-math_short-joint-s95/training-5031497.log;output/strengthening_factorial/strong-factorial-granite33_2b-grpo-math_short-joint-s95/trial-5031497.json,
attempt-edebf862fda8253c,cfg-e82e70f37087dd01,run-edebf862fda8253c,batch_reservation,strong-factorial-qwen25_3b-grpo-code_standard-reservation_only-s96,5032020,1,completed,1,,,,output/strengthening_factorial/strong-factorial-qwen25_3b-grpo-code_standard-reservation_only-s96/environment-5032020.json;output/strengthening_factorial/strong-factorial-qwen25_3b-grpo-code_standard-reservation_only-s96/gpu-memory-5032020.csv;output/strengthening_factorial/strong-factorial-qwen25_3b-grpo-code_standard-reservation_only-s96/gpu-telemetry-5032020.csv;output/strengthening_factorial/strong-factorial-qwen25_3b-grpo-code_standard-reservation_only-s96/phase-memory-5032020.csv;output/strengthening_factorial/strong-factorial-qwen25_3b-grpo-code_standard-reservation_only-s96/training-5032020.log;output/strengthening_factorial/strong-factorial-qwen25_3b-grpo-code_standard-reservation_only-s96/trial-5032020.json,
attempt-eded4c1aa9ce4fae,cfg-d02503f8c9804a2d,,boundary,strong-granite-confirmatory-grpo-math_short-c4-s93,5031268,0,other_failure,0,distributed_port_collision,granite_vllm_replica_port_collision,,output/strengthening_granite_confirmatory/strong-granite-confirmatory-grpo-math_short-c4-s93/environment-5031268.json;output/strengthening_granite_confirmatory/strong-granite-confirmatory-grpo-math_short-c4-s93/gpu-memory-5031268.csv;output/strengthening_granite_confirmatory/strong-granite-confirmatory-grpo-math_short-c4-s93/gpu-telemetry-5031268.csv;output/strengthening_granite_confirmatory/strong-granite-confirmatory-grpo-math_short-c4-s93/phase-memory-5031268.csv;output/strengthening_granite_confirmatory/strong-granite-confirmatory-grpo-math_short-c4-s93/training-5031268.log;output/strengthening_granite_confirmatory/strong-granite-confirmatory-grpo-math_short-c4-s93/trial-5031268.json,
attempt-ee034e3f7145d551,cfg-fd41285187ce3c5b,run-ee034e3f7145d551,batch_reservation,strong-factorial-qwen25_3b-grpo-code_heavy_tail-actor_only-s95,5031987,1,completed,1,,,,output/strengthening_factorial/strong-factorial-qwen25_3b-grpo-code_heavy_tail-actor_only-s95/environment-5031987.json;output/strengthening_factorial/strong-factorial-qwen25_3b-grpo-code_heavy_tail-actor_only-s95/gpu-memory-5031987.csv;output/strengthening_factorial/strong-factorial-qwen25_3b-grpo-code_heavy_tail-actor_only-s95/gpu-telemetry-5031987.csv;output/strengthening_factorial/strong-factorial-qwen25_3b-grpo-code_heavy_tail-actor_only-s95/phase-memory-5031987.csv;output/strengthening_factorial/strong-factorial-qwen25_3b-grpo-code_heavy_tail-actor_only-s95/training-5031987.log;output/strengthening_factorial/strong-factorial-qwen25_3b-grpo-code_heavy_tail-actor_only-s95/trial-5031987.json,
attempt-ee3dfb789877d8fe,cfg-a0eeadfadfa890b0,run-ee3dfb789877d8fe,batch_logging_control,review-control-qwen25_3b-code_heavy_tail-s122-external_b8,5048560,1,completed,1,,,,output/review_instrumentation_batch/review-control-qwen25_3b-code_heavy_tail-s122-external_b8/trial-5048560.json,
attempt-ee4d12759665a841,cfg-d50136695367867d,run-ee4d12759665a841,instrumentation,rev-instrumentation-phi4_mini-gsm8k-c2-s112-external,5045342,1,completed,1,,,,output/revision_instrumentation/rev-instrumentation-phi4_mini-gsm8k-c2-s112-external/attempt-5045342/environment-5045342.json;output/revision_instrumentation/rev-instrumentation-phi4_mini-gsm8k-c2-s112-external/attempt-5045342/gpu-memory-5045342.csv;output/revision_instrumentation/rev-instrumentation-phi4_mini-gsm8k-c2-s112-external/attempt-5045342/gpu-telemetry-5045342.csv;output/revision_instrumentation/rev-instrumentation-phi4_mini-gsm8k-c2-s112-external/attempt-5045342/phase-memory-5045342.csv;output/revision_instrumentation/rev-instrumentation-phi4_mini-gsm8k-c2-s112-external/attempt-5045342/training-5045342.log;output/revision_instrumentation/rev-instrumentation-phi4_mini-gsm8k-c2-s112-external/attempt-5045342/trial-5045342.json;output/revision_instrumentation/rev-instrumentation-phi4_mini-gsm8k-c2-s112-external/trial-5045342.json,
attempt-ee4d14c91da3596d,cfg-f989b39cd682f07b,run-ee4d14c91da3596d,batch_reservation,strong-factorial-granite33_2b-grpo-math_short-reservation_only-s96,5031438,1,completed,1,,,,output/strengthening_factorial/strong-factorial-granite33_2b-grpo-math_short-reservation_only-s96/environment-5031438.json;output/strengthening_factorial/strong-factorial-granite33_2b-grpo-math_short-reservation_only-s96/gpu-memory-5031438.csv;output/strengthening_factorial/strong-factorial-granite33_2b-grpo-math_short-reservation_only-s96/gpu-telemetry-5031438.csv;output/strengthening_factorial/strong-factorial-granite33_2b-grpo-math_short-reservation_only-s96/phase-memory-5031438.csv;output/strengthening_factorial/strong-factorial-granite33_2b-grpo-math_short-reservation_only-s96/training-5031438.log;output/strengthening_factorial/strong-factorial-granite33_2b-grpo-math_short-reservation_only-s96/trial-5031438.json,
attempt-eece780f74517192,cfg-a23a9ffc1f670139,run-eece780f74517192,four_gpu,rev-topology-qwen25_3b-math-c4-s113-four_gpu,5045344,1,completed,1,,,,output/revision_topology/rev-topology-qwen25_3b-math-c4-s113-four_gpu/attempt-5045344/environment-5045344.json;output/revision_topology/rev-topology-qwen25_3b-math-c4-s113-four_gpu/attempt-5045344/gpu-memory-5045344.csv;output/revision_topology/rev-topology-qwen25_3b-math-c4-s113-four_gpu/attempt-5045344/gpu-telemetry-5045344.csv;output/revision_topology/rev-topology-qwen25_3b-math-c4-s113-four_gpu/attempt-5045344/phase-memory-5045344.csv;output/revision_topology/rev-topology-qwen25_3b-math-c4-s113-four_gpu/attempt-5045344/training-5045344.log;output/revision_topology/rev-topology-qwen25_3b-math-c4-s113-four_gpu/attempt-5045344/trial-5045344.json;output/revision_topology/rev-topology-qwen25_3b-math-c4-s113-four_gpu/trial-5045344.json,
attempt-ef93d18945132e53,cfg-28f3c14e91d01934,run-ef93d18945132e53,batch_reservation,strong-factorial-granite33_2b-grpo-code_heavy_tail-joint-s94,5031377,1,completed,1,,,,output/strengthening_factorial/strong-factorial-granite33_2b-grpo-code_heavy_tail-joint-s94/environment-5031377.json;output/strengthening_factorial/strong-factorial-granite33_2b-grpo-code_heavy_tail-joint-s94/gpu-memory-5031377.csv;output/strengthening_factorial/strong-factorial-granite33_2b-grpo-code_heavy_tail-joint-s94/gpu-telemetry-5031377.csv;output/strengthening_factorial/strong-factorial-granite33_2b-grpo-code_heavy_tail-joint-s94/phase-memory-5031377.csv;output/strengthening_factorial/strong-factorial-granite33_2b-grpo-code_heavy_tail-joint-s94/training-5031377.log;output/strengthening_factorial/strong-factorial-granite33_2b-grpo-code_heavy_tail-joint-s94/trial-5031377.json,
attempt-f035efd246f89db8,cfg-a5e8503dbdd188ac,run-f035efd246f89db8,batch_reservation,strong-factorial-phi4_mini-grpo-code_standard-joint-s94,5031768,1,completed,1,,,,output/strengthening_factorial/strong-factorial-phi4_mini-grpo-code_standard-joint-s94/environment-5031768.json;output/strengthening_factorial/strong-factorial-phi4_mini-grpo-code_standard-joint-s94/gpu-memory-5031768.csv;output/strengthening_factorial/strong-factorial-phi4_mini-grpo-code_standard-joint-s94/gpu-telemetry-5031768.csv;output/strengthening_factorial/strong-factorial-phi4_mini-grpo-code_standard-joint-s94/phase-memory-5031768.csv;output/strengthening_factorial/strong-factorial-phi4_mini-grpo-code_standard-joint-s94/training-5031768.log;output/strengthening_factorial/strong-factorial-phi4_mini-grpo-code_standard-joint-s94/trial-5031768.json,
attempt-f06af21ca6640b55,cfg-9758870c0a0b4d69,run-f06af21ca6640b55,four_gpu,rev-topology-granite33_2b-math-c2-s111-four_gpu,5045401,1,completed,1,,,,output/revision_topology/rev-topology-granite33_2b-math-c2-s111-four_gpu/attempt-5045401/environment-5045401.json;output/revision_topology/rev-topology-granite33_2b-math-c2-s111-four_gpu/attempt-5045401/gpu-memory-5045401.csv;output/revision_topology/rev-topology-granite33_2b-math-c2-s111-four_gpu/attempt-5045401/gpu-telemetry-5045401.csv;output/revision_topology/rev-topology-granite33_2b-math-c2-s111-four_gpu/attempt-5045401/phase-memory-5045401.csv;output/revision_topology/rev-topology-granite33_2b-math-c2-s111-four_gpu/attempt-5045401/training-5045401.log;output/revision_topology/rev-topology-granite33_2b-math-c2-s111-four_gpu/attempt-5045401/trial-5045401.json;output/revision_topology/rev-topology-granite33_2b-math-c2-s111-four_gpu/trial-5045401.json,
attempt-f0b87a0c1acf70f4,cfg-5ff9621270e710ed,run-f0b87a0c1acf70f4,four_gpu,rev-topology-phi4_mini-gsm8k-c4-s111-four_gpu,5045355,1,completed,1,,,,output/revision_topology/rev-topology-phi4_mini-gsm8k-c4-s111-four_gpu/attempt-5045355/environment-5045355.json;output/revision_topology/rev-topology-phi4_mini-gsm8k-c4-s111-four_gpu/attempt-5045355/gpu-memory-5045355.csv;output/revision_topology/rev-topology-phi4_mini-gsm8k-c4-s111-four_gpu/attempt-5045355/gpu-telemetry-5045355.csv;output/revision_topology/rev-topology-phi4_mini-gsm8k-c4-s111-four_gpu/attempt-5045355/phase-memory-5045355.csv;output/revision_topology/rev-topology-phi4_mini-gsm8k-c4-s111-four_gpu/attempt-5045355/training-5045355.log;output/revision_topology/rev-topology-phi4_mini-gsm8k-c4-s111-four_gpu/attempt-5045355/trial-5045355.json;output/revision_topology/rev-topology-phi4_mini-gsm8k-c4-s111-four_gpu/trial-5045355.json,
attempt-f106e84ecf5dacbe,cfg-18285c3cb50308d4,run-f106e84ecf5dacbe,boundary,mr-xm-confirm-phi4_mini-grpo-code_heavy_tail-c1-s51,5003709,1,completed,1,,,,output/major_revision_cross_model_confirmatory/mr-xm-confirm-phi4_mini-grpo-code_heavy_tail-c1-s51/environment-5003709.json;output/major_revision_cross_model_confirmatory/mr-xm-confirm-phi4_mini-grpo-code_heavy_tail-c1-s51/gpu-memory-5003709.csv;output/major_revision_cross_model_confirmatory/mr-xm-confirm-phi4_mini-grpo-code_heavy_tail-c1-s51/gpu-telemetry-5003709.csv;output/major_revision_cross_model_confirmatory/mr-xm-confirm-phi4_mini-grpo-code_heavy_tail-c1-s51/phase-memory-5003709.csv;output/major_revision_cross_model_confirmatory/mr-xm-confirm-phi4_mini-grpo-code_heavy_tail-c1-s51/training-5003709.log;output/major_revision_cross_model_confirmatory/mr-xm-confirm-phi4_mini-grpo-code_heavy_tail-c1-s51/trial-5003709.json,
attempt-f1193abc3c10cefb,cfg-aa33c72e0a449b9c,run-f1193abc3c10cefb,boundary,strong-granite-confirmatory-grpo-code_heavy_tail-c3-s92,5031363,1,completed,1,,,,output/strengthening_granite_confirmatory/strong-granite-confirmatory-grpo-code_heavy_tail-c3-s92/environment-5031363.json;output/strengthening_granite_confirmatory/strong-granite-confirmatory-grpo-code_heavy_tail-c3-s92/gpu-memory-5031363.csv;output/strengthening_granite_confirmatory/strong-granite-confirmatory-grpo-code_heavy_tail-c3-s92/gpu-telemetry-5031363.csv;output/strengthening_granite_confirmatory/strong-granite-confirmatory-grpo-code_heavy_tail-c3-s92/phase-memory-5031363.csv;output/strengthening_granite_confirmatory/strong-granite-confirmatory-grpo-code_heavy_tail-c3-s92/training-5031363.log;output/strengthening_granite_confirmatory/strong-granite-confirmatory-grpo-code_heavy_tail-c3-s92/trial-5031363.json,
attempt-f1957d9f65e4126b,cfg-6d54ac65d934f404,run-f1957d9f65e4126b,boundary,mr-xm-confirm-qwen25_3b-grpo-code_standard-c2-s52,4999376,1,completed,1,,,,output/major_revision_cross_model_confirmatory/mr-xm-confirm-qwen25_3b-grpo-code_standard-c2-s52/environment-4999376.json;output/major_revision_cross_model_confirmatory/mr-xm-confirm-qwen25_3b-grpo-code_standard-c2-s52/gpu-memory-4999376.csv;output/major_revision_cross_model_confirmatory/mr-xm-confirm-qwen25_3b-grpo-code_standard-c2-s52/gpu-telemetry-4999376.csv;output/major_revision_cross_model_confirmatory/mr-xm-confirm-qwen25_3b-grpo-code_standard-c2-s52/phase-memory-4999376.csv;output/major_revision_cross_model_confirmatory/mr-xm-confirm-qwen25_3b-grpo-code_standard-c2-s52/training-4999376.log;output/major_revision_cross_model_confirmatory/mr-xm-confirm-qwen25_3b-grpo-code_standard-c2-s52/trial-4999376.json,
attempt-f1f9fe4af42f16c8,cfg-c2a8e6e8e140e109,run-f1f9fe4af42f16c8,four_gpu,rev-topology-granite33_2b-gsm8k-c3-s113-four_gpu,5045395,1,completed,1,,,,output/revision_topology/rev-topology-granite33_2b-gsm8k-c3-s113-four_gpu/attempt-5045395/environment-5045395.json;output/revision_topology/rev-topology-granite33_2b-gsm8k-c3-s113-four_gpu/attempt-5045395/gpu-memory-5045395.csv;output/revision_topology/rev-topology-granite33_2b-gsm8k-c3-s113-four_gpu/attempt-5045395/gpu-telemetry-5045395.csv;output/revision_topology/rev-topology-granite33_2b-gsm8k-c3-s113-four_gpu/attempt-5045395/phase-memory-5045395.csv;output/revision_topology/rev-topology-granite33_2b-gsm8k-c3-s113-four_gpu/attempt-5045395/training-5045395.log;output/revision_topology/rev-topology-granite33_2b-gsm8k-c3-s113-four_gpu/attempt-5045395/trial-5045395.json;output/revision_topology/rev-topology-granite33_2b-gsm8k-c3-s113-four_gpu/trial-5045395.json,
attempt-f1fe650adee2d921,cfg-8bd7050cd7f49e78,run-f1fe650adee2d921,boundary,v2cf-confirm-phi4_mini-grpo-gsm8k_long-c0-s42,4936174,1,completed,1,,,,output/benchmark_v2_cross_family_confirmatory/v2cf-confirm-phi4_mini-grpo-gsm8k_long-c0-s42/environment-4936174.json;output/benchmark_v2_cross_family_confirmatory/v2cf-confirm-phi4_mini-grpo-gsm8k_long-c0-s42/gpu-memory-4936174.csv;output/benchmark_v2_cross_family_confirmatory/v2cf-confirm-phi4_mini-grpo-gsm8k_long-c0-s42/gpu-telemetry-4936174.csv;output/benchmark_v2_cross_family_confirmatory/v2cf-confirm-phi4_mini-grpo-gsm8k_long-c0-s42/phase-memory-4936174.csv;output/benchmark_v2_cross_family_confirmatory/v2cf-confirm-phi4_mini-grpo-gsm8k_long-c0-s42/training-4936174.log;output/benchmark_v2_cross_family_confirmatory/v2cf-confirm-phi4_mini-grpo-gsm8k_long-c0-s42/trial-4936174.json,
attempt-f2729e96e20cf2b2,cfg-c52a49b3491283c7,run-f2729e96e20cf2b2,temporal_100,strong-time-grpo-gsm8k-qwen25_3b-near_boundary-s93,5032507,1,completed,1,,,,output/strengthening_temporal_phases/strong-time-grpo-gsm8k-qwen25_3b-near_boundary-s93/environment-5032507.json;output/strengthening_temporal_phases/strong-time-grpo-gsm8k-qwen25_3b-near_boundary-s93/gpu-memory-5032507.csv;output/strengthening_temporal_phases/strong-time-grpo-gsm8k-qwen25_3b-near_boundary-s93/gpu-telemetry-5032507.csv;output/strengthening_temporal_phases/strong-time-grpo-gsm8k-qwen25_3b-near_boundary-s93/phase-memory-5032507.csv;output/strengthening_temporal_phases/strong-time-grpo-gsm8k-qwen25_3b-near_boundary-s93/training-5032507.log;output/strengthening_temporal_phases/strong-time-grpo-gsm8k-qwen25_3b-near_boundary-s93/trial-5032507.json,
attempt-f323ddf716602d2e,cfg-55811d23c5144bb7,run-f323ddf716602d2e,boundary,v2cf-confirm-qwen25_3b-grpo-math_short-c4-s43,4935968,1,memory_failure,0,rollout_init_memory,,,output/benchmark_v2_cross_family_confirmatory/v2cf-confirm-qwen25_3b-grpo-math_short-c4-s43/environment-4935968.json;output/benchmark_v2_cross_family_confirmatory/v2cf-confirm-qwen25_3b-grpo-math_short-c4-s43/gpu-memory-4935968.csv;output/benchmark_v2_cross_family_confirmatory/v2cf-confirm-qwen25_3b-grpo-math_short-c4-s43/gpu-telemetry-4935968.csv;output/benchmark_v2_cross_family_confirmatory/v2cf-confirm-qwen25_3b-grpo-math_short-c4-s43/phase-memory-4935968.csv;output/benchmark_v2_cross_family_confirmatory/v2cf-confirm-qwen25_3b-grpo-math_short-c4-s43/training-4935968.log;output/benchmark_v2_cross_family_confirmatory/v2cf-confirm-qwen25_3b-grpo-math_short-c4-s43/trial-4935968.json,
attempt-f34d78b31d4c5a73,cfg-28f3c14e91d01934,,batch_reservation,strong-factorial-granite33_2b-grpo-code_heavy_tail-joint-s94,5031300,0,other_failure,0,runtime,factorial_live_launcher_replacement_failure,,output/strengthening_factorial/strong-factorial-granite33_2b-grpo-code_heavy_tail-joint-s94/environment-5031300.json;output/strengthening_factorial/strong-factorial-granite33_2b-grpo-code_heavy_tail-joint-s94/gpu-memory-5031300.csv;output/strengthening_factorial/strong-factorial-granite33_2b-grpo-code_heavy_tail-joint-s94/gpu-telemetry-5031300.csv;output/strengthening_factorial/strong-factorial-granite33_2b-grpo-code_heavy_tail-joint-s94/phase-memory-5031300.csv;output/strengthening_factorial/strong-factorial-granite33_2b-grpo-code_heavy_tail-joint-s94/training-5031300.log;output/strengthening_factorial/strong-factorial-granite33_2b-grpo-code_heavy_tail-joint-s94/trial-5031300.json,
attempt-f37c2b4e90ae31ef,cfg-d4a213515805a9a7,run-f37c2b4e90ae31ef,boundary,strong-granite-confirmatory-grpo-gsm8k_long-c1-s92,5031222,1,completed,1,,,,output/strengthening_granite_confirmatory/strong-granite-confirmatory-grpo-gsm8k_long-c1-s92/environment-5031222.json;output/strengthening_granite_confirmatory/strong-granite-confirmatory-grpo-gsm8k_long-c1-s92/gpu-memory-5031222.csv;output/strengthening_granite_confirmatory/strong-granite-confirmatory-grpo-gsm8k_long-c1-s92/gpu-telemetry-5031222.csv;output/strengthening_granite_confirmatory/strong-granite-confirmatory-grpo-gsm8k_long-c1-s92/phase-memory-5031222.csv;output/strengthening_granite_confirmatory/strong-granite-confirmatory-grpo-gsm8k_long-c1-s92/training-5031222.log;output/strengthening_granite_confirmatory/strong-granite-confirmatory-grpo-gsm8k_long-c1-s92/trial-5031222.json,
attempt-f3aff601db08f5c2,cfg-8bd7050cd7f49e78,run-f3aff601db08f5c2,boundary,v2cf-confirm-phi4_mini-grpo-gsm8k_long-c0-s43,4936175,1,completed,1,,,,output/benchmark_v2_cross_family_confirmatory/v2cf-confirm-phi4_mini-grpo-gsm8k_long-c0-s43/environment-4936175.json;output/benchmark_v2_cross_family_confirmatory/v2cf-confirm-phi4_mini-grpo-gsm8k_long-c0-s43/gpu-memory-4936175.csv;output/benchmark_v2_cross_family_confirmatory/v2cf-confirm-phi4_mini-grpo-gsm8k_long-c0-s43/gpu-telemetry-4936175.csv;output/benchmark_v2_cross_family_confirmatory/v2cf-confirm-phi4_mini-grpo-gsm8k_long-c0-s43/phase-memory-4936175.csv;output/benchmark_v2_cross_family_confirmatory/v2cf-confirm-phi4_mini-grpo-gsm8k_long-c0-s43/training-4936175.log;output/benchmark_v2_cross_family_confirmatory/v2cf-confirm-phi4_mini-grpo-gsm8k_long-c0-s43/trial-4936175.json,
attempt-f3e67dd0068edbd8,cfg-c3f0ad157d299d39,,boundary,strong-granite-confirmatory-grpo-code_standard-c3-s91,5031293,0,other_failure,0,distributed_port_collision,granite_vllm_replica_port_collision,,output/strengthening_granite_confirmatory/strong-granite-confirmatory-grpo-code_standard-c3-s91/environment-5031293.json;output/strengthening_granite_confirmatory/strong-granite-confirmatory-grpo-code_standard-c3-s91/gpu-memory-5031293.csv;output/strengthening_granite_confirmatory/strong-granite-confirmatory-grpo-code_standard-c3-s91/gpu-telemetry-5031293.csv;output/strengthening_granite_confirmatory/strong-granite-confirmatory-grpo-code_standard-c3-s91/phase-memory-5031293.csv;output/strengthening_granite_confirmatory/strong-granite-confirmatory-grpo-code_standard-c3-s91/training-5031293.log;output/strengthening_granite_confirmatory/strong-granite-confirmatory-grpo-code_standard-c3-s91/trial-5031293.json,
attempt-f537031bdae01833,cfg-08730ad4a3df95fa,run-f537031bdae01833,batch_reservation,strong-factorial-granite33_2b-grpo-code_heavy_tail-reservation_only-s95,5031327,1,completed,1,,,,output/strengthening_factorial/strong-factorial-granite33_2b-grpo-code_heavy_tail-reservation_only-s95/environment-5031327.json;output/strengthening_factorial/strong-factorial-granite33_2b-grpo-code_heavy_tail-reservation_only-s95/gpu-memory-5031327.csv;output/strengthening_factorial/strong-factorial-granite33_2b-grpo-code_heavy_tail-reservation_only-s95/gpu-telemetry-5031327.csv;output/strengthening_factorial/strong-factorial-granite33_2b-grpo-code_heavy_tail-reservation_only-s95/phase-memory-5031327.csv;output/strengthening_factorial/strong-factorial-granite33_2b-grpo-code_heavy_tail-reservation_only-s95/training-5031327.log;output/strengthening_factorial/strong-factorial-granite33_2b-grpo-code_heavy_tail-reservation_only-s95/trial-5031327.json,
attempt-f5e2db03bbc6d90a,cfg-835067f7405e89a2,,boundary,strong-granite-confirmatory-grpo-math_short-c3-s93,5031265,0,other_failure,0,distributed_port_collision,granite_vllm_replica_port_collision,,output/strengthening_granite_confirmatory/strong-granite-confirmatory-grpo-math_short-c3-s93/environment-5031265.json;output/strengthening_granite_confirmatory/strong-granite-confirmatory-grpo-math_short-c3-s93/gpu-memory-5031265.csv;output/strengthening_granite_confirmatory/strong-granite-confirmatory-grpo-math_short-c3-s93/gpu-telemetry-5031265.csv;output/strengthening_granite_confirmatory/strong-granite-confirmatory-grpo-math_short-c3-s93/phase-memory-5031265.csv;output/strengthening_granite_confirmatory/strong-granite-confirmatory-grpo-math_short-c3-s93/training-5031265.log;output/strengthening_granite_confirmatory/strong-granite-confirmatory-grpo-math_short-c3-s93/trial-5031265.json,
attempt-f5e7e1435963c664,cfg-d559324a0b1e4ecd,run-f5e7e1435963c664,instrumentation,rev-instrumentation-granite33_2b-gsm8k-c3-s113-full,5045379,1,completed,1,,,,output/revision_instrumentation/rev-instrumentation-granite33_2b-gsm8k-c3-s113-full/attempt-5045379/environment-5045379.json;output/revision_instrumentation/rev-instrumentation-granite33_2b-gsm8k-c3-s113-full/attempt-5045379/gpu-memory-5045379.csv;output/revision_instrumentation/rev-instrumentation-granite33_2b-gsm8k-c3-s113-full/attempt-5045379/gpu-telemetry-5045379.csv;output/revision_instrumentation/rev-instrumentation-granite33_2b-gsm8k-c3-s113-full/attempt-5045379/phase-memory-5045379.csv;output/revision_instrumentation/rev-instrumentation-granite33_2b-gsm8k-c3-s113-full/attempt-5045379/training-5045379.log;output/revision_instrumentation/rev-instrumentation-granite33_2b-gsm8k-c3-s113-full/attempt-5045379/trial-5045379.json;output/revision_instrumentation/rev-instrumentation-granite33_2b-gsm8k-c3-s113-full/trial-5045379.json,
attempt-f66bcb2e3044e8be,cfg-9160dc45a0171a10,run-f66bcb2e3044e8be,boundary,mr-xm-confirm-qwen25_3b-grpo-code_standard-c0-s53,4999002,1,completed,1,,,,output/major_revision_cross_model_confirmatory/mr-xm-confirm-qwen25_3b-grpo-code_standard-c0-s53/environment-4999002.json;output/major_revision_cross_model_confirmatory/mr-xm-confirm-qwen25_3b-grpo-code_standard-c0-s53/gpu-memory-4999002.csv;output/major_revision_cross_model_confirmatory/mr-xm-confirm-qwen25_3b-grpo-code_standard-c0-s53/gpu-telemetry-4999002.csv;output/major_revision_cross_model_confirmatory/mr-xm-confirm-qwen25_3b-grpo-code_standard-c0-s53/phase-memory-4999002.csv;output/major_revision_cross_model_confirmatory/mr-xm-confirm-qwen25_3b-grpo-code_standard-c0-s53/training-4999002.log;output/major_revision_cross_model_confirmatory/mr-xm-confirm-qwen25_3b-grpo-code_standard-c0-s53/trial-4999002.json,
attempt-f6cbb7c1efef2be9,cfg-4feb2171d2cb6476,run-f6cbb7c1efef2be9,batch_logging_control,review-control-qwen25_3b-code_heavy_tail-s123-external_b16,5048501,1,completed,1,,,,output/review_instrumentation_batch/review-control-qwen25_3b-code_heavy_tail-s123-external_b16/trial-5048501.json,
attempt-f70a60a14b0a97e8,cfg-b3fe40f61c5686ea,run-f70a60a14b0a97e8,state_release,strong-node-qwen25_1p5b-grpo-math-near_boundary-s82-p2-resident,5031045,1,memory_failure,0,actor_update_oom,,,output/strengthening_same_node_residency/strong-node-qwen25_1p5b-grpo-math-near_boundary-s82-p2-resident/environment-5031045.json;output/strengthening_same_node_residency/strong-node-qwen25_1p5b-grpo-math-near_boundary-s82-p2-resident/gpu-memory-5031045.csv;output/strengthening_same_node_residency/strong-node-qwen25_1p5b-grpo-math-near_boundary-s82-p2-resident/gpu-telemetry-5031045.csv;output/strengthening_same_node_residency/strong-node-qwen25_1p5b-grpo-math-near_boundary-s82-p2-resident/phase-memory-5031045.csv;output/strengthening_same_node_residency/strong-node-qwen25_1p5b-grpo-math-near_boundary-s82-p2-resident/training-5031045.log;output/strengthening_same_node_residency/strong-node-qwen25_1p5b-grpo-math-near_boundary-s82-p2-resident/trial-5031045.json,
attempt-f7700409b956d387,cfg-e2a205be8efba055,run-f7700409b956d387,boundary,v2cf-confirm-phi4_mini-grpo-math_short-c0-s42,4936271,1,completed,1,,,,output/benchmark_v2_cross_family_confirmatory/v2cf-confirm-phi4_mini-grpo-math_short-c0-s42/environment-4936271.json;output/benchmark_v2_cross_family_confirmatory/v2cf-confirm-phi4_mini-grpo-math_short-c0-s42/gpu-memory-4936271.csv;output/benchmark_v2_cross_family_confirmatory/v2cf-confirm-phi4_mini-grpo-math_short-c0-s42/gpu-telemetry-4936271.csv;output/benchmark_v2_cross_family_confirmatory/v2cf-confirm-phi4_mini-grpo-math_short-c0-s42/phase-memory-4936271.csv;output/benchmark_v2_cross_family_confirmatory/v2cf-confirm-phi4_mini-grpo-math_short-c0-s42/training-4936271.log;output/benchmark_v2_cross_family_confirmatory/v2cf-confirm-phi4_mini-grpo-math_short-c0-s42/trial-4936271.json,
attempt-f7c11cc96b9c35f9,cfg-997a5dca920f4fb3,run-f7c11cc96b9c35f9,state_release,strong-node-qwen25_1p5b-grpo-gsm8k-near_boundary-s81-p2-resident,5031041,1,completed,1,,,,output/strengthening_same_node_residency/strong-node-qwen25_1p5b-grpo-gsm8k-near_boundary-s81-p2-resident/environment-5031041.json;output/strengthening_same_node_residency/strong-node-qwen25_1p5b-grpo-gsm8k-near_boundary-s81-p2-resident/gpu-memory-5031041.csv;output/strengthening_same_node_residency/strong-node-qwen25_1p5b-grpo-gsm8k-near_boundary-s81-p2-resident/gpu-telemetry-5031041.csv;output/strengthening_same_node_residency/strong-node-qwen25_1p5b-grpo-gsm8k-near_boundary-s81-p2-resident/phase-memory-5031041.csv;output/strengthening_same_node_residency/strong-node-qwen25_1p5b-grpo-gsm8k-near_boundary-s81-p2-resident/training-5031041.log;output/strengthening_same_node_residency/strong-node-qwen25_1p5b-grpo-gsm8k-near_boundary-s81-p2-resident/trial-5031041.json,
attempt-f8624c48095b7ced,cfg-df5e492a5bd02117,run-f8624c48095b7ced,instrumentation,rev-instrumentation-qwen25_3b-gsm8k-c4-s112-external,5045362,1,memory_failure,0,weight_sync_oom,,,output/revision_instrumentation/rev-instrumentation-qwen25_3b-gsm8k-c4-s112-external/attempt-5045362/environment-5045362.json;output/revision_instrumentation/rev-instrumentation-qwen25_3b-gsm8k-c4-s112-external/attempt-5045362/gpu-memory-5045362.csv;output/revision_instrumentation/rev-instrumentation-qwen25_3b-gsm8k-c4-s112-external/attempt-5045362/gpu-telemetry-5045362.csv;output/revision_instrumentation/rev-instrumentation-qwen25_3b-gsm8k-c4-s112-external/attempt-5045362/phase-memory-5045362.csv;output/revision_instrumentation/rev-instrumentation-qwen25_3b-gsm8k-c4-s112-external/attempt-5045362/training-5045362.log;output/revision_instrumentation/rev-instrumentation-qwen25_3b-gsm8k-c4-s112-external/attempt-5045362/trial-5045362.json;output/revision_instrumentation/rev-instrumentation-qwen25_3b-gsm8k-c4-s112-external/trial-5045362.json,
attempt-f88dcbf2482f36ce,cfg-30f98456fdb322c1,run-f88dcbf2482f36ce,boundary,v2cf-confirm-qwen25_3b-grpo-math_short-c2-s42,4935948,1,completed,1,,,,output/benchmark_v2_cross_family_confirmatory/v2cf-confirm-qwen25_3b-grpo-math_short-c2-s42/environment-4935948.json;output/benchmark_v2_cross_family_confirmatory/v2cf-confirm-qwen25_3b-grpo-math_short-c2-s42/gpu-memory-4935948.csv;output/benchmark_v2_cross_family_confirmatory/v2cf-confirm-qwen25_3b-grpo-math_short-c2-s42/gpu-telemetry-4935948.csv;output/benchmark_v2_cross_family_confirmatory/v2cf-confirm-qwen25_3b-grpo-math_short-c2-s42/phase-memory-4935948.csv;output/benchmark_v2_cross_family_confirmatory/v2cf-confirm-qwen25_3b-grpo-math_short-c2-s42/training-4935948.log;output/benchmark_v2_cross_family_confirmatory/v2cf-confirm-qwen25_3b-grpo-math_short-c2-s42/trial-4935948.json,
attempt-f8f4faaa9af2d8fe,cfg-ca71b56dc3189305,run-f8f4faaa9af2d8fe,boundary,mr-xm-confirm-qwen25_3b-grpo-code_standard-c5-s52,4999484,1,memory_failure,0,rollout_init_memory,,,output/major_revision_cross_model_confirmatory/mr-xm-confirm-qwen25_3b-grpo-code_standard-c5-s52/environment-4999484.json;output/major_revision_cross_model_confirmatory/mr-xm-confirm-qwen25_3b-grpo-code_standard-c5-s52/gpu-memory-4999484.csv;output/major_revision_cross_model_confirmatory/mr-xm-confirm-qwen25_3b-grpo-code_standard-c5-s52/gpu-telemetry-4999484.csv;output/major_revision_cross_model_confirmatory/mr-xm-confirm-qwen25_3b-grpo-code_standard-c5-s52/phase-memory-4999484.csv;output/major_revision_cross_model_confirmatory/mr-xm-confirm-qwen25_3b-grpo-code_standard-c5-s52/training-4999484.log;output/major_revision_cross_model_confirmatory/mr-xm-confirm-qwen25_3b-grpo-code_standard-c5-s52/trial-4999484.json,
attempt-f95d96d625cb93c9,cfg-ea92cccc91029465,run-f95d96d625cb93c9,boundary,mr-xm-confirm-phi4_mini-grpo-code_standard-c4-s53,5003101,1,memory_failure,0,rollout_init_memory,,,output/major_revision_cross_model_confirmatory/mr-xm-confirm-phi4_mini-grpo-code_standard-c4-s53/environment-5003101.json;output/major_revision_cross_model_confirmatory/mr-xm-confirm-phi4_mini-grpo-code_standard-c4-s53/gpu-memory-5003101.csv;output/major_revision_cross_model_confirmatory/mr-xm-confirm-phi4_mini-grpo-code_standard-c4-s53/gpu-telemetry-5003101.csv;output/major_revision_cross_model_confirmatory/mr-xm-confirm-phi4_mini-grpo-code_standard-c4-s53/phase-memory-5003101.csv;output/major_revision_cross_model_confirmatory/mr-xm-confirm-phi4_mini-grpo-code_standard-c4-s53/training-5003101.log;output/major_revision_cross_model_confirmatory/mr-xm-confirm-phi4_mini-grpo-code_standard-c4-s53/trial-5003101.json,
attempt-fa05b099624c4f19,cfg-00e900d266f3e8a4,run-fa05b099624c4f19,batch_reservation,strong-factorial-qwen25_3b-grpo-code_standard-base-s94,5032005,1,completed,1,,,,output/strengthening_factorial/strong-factorial-qwen25_3b-grpo-code_standard-base-s94/environment-5032005.json;output/strengthening_factorial/strong-factorial-qwen25_3b-grpo-code_standard-base-s94/gpu-memory-5032005.csv;output/strengthening_factorial/strong-factorial-qwen25_3b-grpo-code_standard-base-s94/gpu-telemetry-5032005.csv;output/strengthening_factorial/strong-factorial-qwen25_3b-grpo-code_standard-base-s94/phase-memory-5032005.csv;output/strengthening_factorial/strong-factorial-qwen25_3b-grpo-code_standard-base-s94/training-5032005.log;output/strengthening_factorial/strong-factorial-qwen25_3b-grpo-code_standard-base-s94/trial-5032005.json,
attempt-fa530835ea82e2cf,cfg-5c14e44760909675,run-fa530835ea82e2cf,state_release,strong-node-qwen25_1p5b-grpo-math-near_boundary-s82-p1-release,5031045,1,completed,1,,,,output/strengthening_same_node_residency/strong-node-qwen25_1p5b-grpo-math-near_boundary-s82-p1-release/environment-5031045.json;output/strengthening_same_node_residency/strong-node-qwen25_1p5b-grpo-math-near_boundary-s82-p1-release/gpu-memory-5031045.csv;output/strengthening_same_node_residency/strong-node-qwen25_1p5b-grpo-math-near_boundary-s82-p1-release/gpu-telemetry-5031045.csv;output/strengthening_same_node_residency/strong-node-qwen25_1p5b-grpo-math-near_boundary-s82-p1-release/phase-memory-5031045.csv;output/strengthening_same_node_residency/strong-node-qwen25_1p5b-grpo-math-near_boundary-s82-p1-release/training-5031045.log;output/strengthening_same_node_residency/strong-node-qwen25_1p5b-grpo-math-near_boundary-s82-p1-release/trial-5031045.json,
attempt-facbd0205e2a4e65,cfg-3c86a11fdb8455cb,run-facbd0205e2a4e65,boundary,v2cf-confirm-phi4_mini-grpo-gsm8k_long-c5-s41,4936243,1,memory_failure,0,rollout_init_memory,,,output/benchmark_v2_cross_family_confirmatory/v2cf-confirm-phi4_mini-grpo-gsm8k_long-c5-s41/environment-4936243.json;output/benchmark_v2_cross_family_confirmatory/v2cf-confirm-phi4_mini-grpo-gsm8k_long-c5-s41/gpu-memory-4936243.csv;output/benchmark_v2_cross_family_confirmatory/v2cf-confirm-phi4_mini-grpo-gsm8k_long-c5-s41/gpu-telemetry-4936243.csv;output/benchmark_v2_cross_family_confirmatory/v2cf-confirm-phi4_mini-grpo-gsm8k_long-c5-s41/phase-memory-4936243.csv;output/benchmark_v2_cross_family_confirmatory/v2cf-confirm-phi4_mini-grpo-gsm8k_long-c5-s41/training-4936243.log;output/benchmark_v2_cross_family_confirmatory/v2cf-confirm-phi4_mini-grpo-gsm8k_long-c5-s41/trial-4936243.json,
attempt-fb011ce5a4016104,cfg-93d4f41e600c9079,run-fb011ce5a4016104,boundary,strong-granite-confirmatory-grpo-code_heavy_tail-c4-s91,5031365,1,completed,1,,,,output/strengthening_granite_confirmatory/strong-granite-confirmatory-grpo-code_heavy_tail-c4-s91/environment-5031365.json;output/strengthening_granite_confirmatory/strong-granite-confirmatory-grpo-code_heavy_tail-c4-s91/gpu-memory-5031365.csv;output/strengthening_granite_confirmatory/strong-granite-confirmatory-grpo-code_heavy_tail-c4-s91/gpu-telemetry-5031365.csv;output/strengthening_granite_confirmatory/strong-granite-confirmatory-grpo-code_heavy_tail-c4-s91/phase-memory-5031365.csv;output/strengthening_granite_confirmatory/strong-granite-confirmatory-grpo-code_heavy_tail-c4-s91/training-5031365.log;output/strengthening_granite_confirmatory/strong-granite-confirmatory-grpo-code_heavy_tail-c4-s91/trial-5031365.json,
attempt-fb3b15c480823d85,cfg-3c86a11fdb8455cb,run-fb3b15c480823d85,boundary,v2cf-confirm-phi4_mini-grpo-gsm8k_long-c5-s43,4936261,1,memory_failure,0,rollout_init_memory,,,output/benchmark_v2_cross_family_confirmatory/v2cf-confirm-phi4_mini-grpo-gsm8k_long-c5-s43/environment-4936261.json;output/benchmark_v2_cross_family_confirmatory/v2cf-confirm-phi4_mini-grpo-gsm8k_long-c5-s43/gpu-memory-4936261.csv;output/benchmark_v2_cross_family_confirmatory/v2cf-confirm-phi4_mini-grpo-gsm8k_long-c5-s43/gpu-telemetry-4936261.csv;output/benchmark_v2_cross_family_confirmatory/v2cf-confirm-phi4_mini-grpo-gsm8k_long-c5-s43/phase-memory-4936261.csv;output/benchmark_v2_cross_family_confirmatory/v2cf-confirm-phi4_mini-grpo-gsm8k_long-c5-s43/training-4936261.log;output/benchmark_v2_cross_family_confirmatory/v2cf-confirm-phi4_mini-grpo-gsm8k_long-c5-s43/trial-4936261.json,
attempt-fb6a70d0a299d594,cfg-fd4d4789145230df,run-fb6a70d0a299d594,boundary,strong-granite-confirmatory-grpo-math_short-c1-s92,5031333,1,completed,1,,,,output/strengthening_granite_confirmatory/strong-granite-confirmatory-grpo-math_short-c1-s92/environment-5031333.json;output/strengthening_granite_confirmatory/strong-granite-confirmatory-grpo-math_short-c1-s92/gpu-memory-5031333.csv;output/strengthening_granite_confirmatory/strong-granite-confirmatory-grpo-math_short-c1-s92/gpu-telemetry-5031333.csv;output/strengthening_granite_confirmatory/strong-granite-confirmatory-grpo-math_short-c1-s92/phase-memory-5031333.csv;output/strengthening_granite_confirmatory/strong-granite-confirmatory-grpo-math_short-c1-s92/training-5031333.log;output/strengthening_granite_confirmatory/strong-granite-confirmatory-grpo-math_short-c1-s92/trial-5031333.json,
attempt-fbb3a8f011745b2a,cfg-b062fc673112f583,run-fbb3a8f011745b2a,batch_reservation,strong-factorial-phi4_mini-grpo-code_heavy_tail-joint-s96,5031737,1,completed,1,,,,output/strengthening_factorial/strong-factorial-phi4_mini-grpo-code_heavy_tail-joint-s96/environment-5031737.json;output/strengthening_factorial/strong-factorial-phi4_mini-grpo-code_heavy_tail-joint-s96/gpu-memory-5031737.csv;output/strengthening_factorial/strong-factorial-phi4_mini-grpo-code_heavy_tail-joint-s96/gpu-telemetry-5031737.csv;output/strengthening_factorial/strong-factorial-phi4_mini-grpo-code_heavy_tail-joint-s96/phase-memory-5031737.csv;output/strengthening_factorial/strong-factorial-phi4_mini-grpo-code_heavy_tail-joint-s96/training-5031737.log;output/strengthening_factorial/strong-factorial-phi4_mini-grpo-code_heavy_tail-joint-s96/trial-5031737.json,
attempt-fbd0d72c4fb0c7a2,cfg-40dbe09dcfdb5368,,batch_reservation,strong-factorial-granite33_2b-grpo-code_heavy_tail-actor_only-s95,5031286,0,other_failure,0,distributed_port_collision,factorial_vllm_replica_port_collision,,output/strengthening_factorial/strong-factorial-granite33_2b-grpo-code_heavy_tail-actor_only-s95/environment-5031286.json;output/strengthening_factorial/strong-factorial-granite33_2b-grpo-code_heavy_tail-actor_only-s95/gpu-memory-5031286.csv;output/strengthening_factorial/strong-factorial-granite33_2b-grpo-code_heavy_tail-actor_only-s95/gpu-telemetry-5031286.csv;output/strengthening_factorial/strong-factorial-granite33_2b-grpo-code_heavy_tail-actor_only-s95/phase-memory-5031286.csv;output/strengthening_factorial/strong-factorial-granite33_2b-grpo-code_heavy_tail-actor_only-s95/training-5031286.log;output/strengthening_factorial/strong-factorial-granite33_2b-grpo-code_heavy_tail-actor_only-s95/trial-5031286.json,
attempt-fc2cda15374c9699,cfg-cc5f4f0c2e1256ba,run-fc2cda15374c9699,boundary,strong-granite-confirmatory-grpo-code_standard-c1-s92,5031413,1,completed,1,,,,output/strengthening_granite_confirmatory/strong-granite-confirmatory-grpo-code_standard-c1-s92/environment-5031413.json;output/strengthening_granite_confirmatory/strong-granite-confirmatory-grpo-code_standard-c1-s92/gpu-memory-5031413.csv;output/strengthening_granite_confirmatory/strong-granite-confirmatory-grpo-code_standard-c1-s92/gpu-telemetry-5031413.csv;output/strengthening_granite_confirmatory/strong-granite-confirmatory-grpo-code_standard-c1-s92/phase-memory-5031413.csv;output/strengthening_granite_confirmatory/strong-granite-confirmatory-grpo-code_standard-c1-s92/training-5031413.log;output/strengthening_granite_confirmatory/strong-granite-confirmatory-grpo-code_standard-c1-s92/trial-5031413.json,
attempt-fcc80554a19438a4,cfg-57f3e6381e2a814a,run-fcc80554a19438a4,batch_reservation,strong-factorial-phi4_mini-grpo-gsm8k-actor_only-s95,5031791,1,completed,1,,,,output/strengthening_factorial/strong-factorial-phi4_mini-grpo-gsm8k-actor_only-s95/environment-5031791.json;output/strengthening_factorial/strong-factorial-phi4_mini-grpo-gsm8k-actor_only-s95/gpu-memory-5031791.csv;output/strengthening_factorial/strong-factorial-phi4_mini-grpo-gsm8k-actor_only-s95/gpu-telemetry-5031791.csv;output/strengthening_factorial/strong-factorial-phi4_mini-grpo-gsm8k-actor_only-s95/phase-memory-5031791.csv;output/strengthening_factorial/strong-factorial-phi4_mini-grpo-gsm8k-actor_only-s95/training-5031791.log;output/strengthening_factorial/strong-factorial-phi4_mini-grpo-gsm8k-actor_only-s95/trial-5031791.json,
attempt-fce414976fd56dae,cfg-331bb196cd92fe75,run-fce414976fd56dae,temporal_100,strong-time-grpo-gsm8k-qwen25_3b-safe_margin-s93,5032256,1,completed,1,,,,output/strengthening_temporal_phases/strong-time-grpo-gsm8k-qwen25_3b-safe_margin-s93/environment-5032256.json;output/strengthening_temporal_phases/strong-time-grpo-gsm8k-qwen25_3b-safe_margin-s93/gpu-memory-5032256.csv;output/strengthening_temporal_phases/strong-time-grpo-gsm8k-qwen25_3b-safe_margin-s93/gpu-telemetry-5032256.csv;output/strengthening_temporal_phases/strong-time-grpo-gsm8k-qwen25_3b-safe_margin-s93/phase-memory-5032256.csv;output/strengthening_temporal_phases/strong-time-grpo-gsm8k-qwen25_3b-safe_margin-s93/training-5032256.log;output/strengthening_temporal_phases/strong-time-grpo-gsm8k-qwen25_3b-safe_margin-s93/trial-5032256.json,
attempt-fda07fd3e1252859,cfg-b8dd70ab682c13b2,run-fda07fd3e1252859,boundary,v2cf-confirm-phi4_mini-grpo-gsm8k_long-c1-s43,4935665,1,completed,1,,,,output/benchmark_v2_cross_family_confirmatory/v2cf-confirm-phi4_mini-grpo-gsm8k_long-c1-s43/environment-4935665.json;output/benchmark_v2_cross_family_confirmatory/v2cf-confirm-phi4_mini-grpo-gsm8k_long-c1-s43/gpu-memory-4935665.csv;output/benchmark_v2_cross_family_confirmatory/v2cf-confirm-phi4_mini-grpo-gsm8k_long-c1-s43/gpu-telemetry-4935665.csv;output/benchmark_v2_cross_family_confirmatory/v2cf-confirm-phi4_mini-grpo-gsm8k_long-c1-s43/phase-memory-4935665.csv;output/benchmark_v2_cross_family_confirmatory/v2cf-confirm-phi4_mini-grpo-gsm8k_long-c1-s43/training-4935665.log;output/benchmark_v2_cross_family_confirmatory/v2cf-confirm-phi4_mini-grpo-gsm8k_long-c1-s43/trial-4935665.json,
attempt-fdb175c88623ad37,cfg-7a9a974958c57abc,run-fdb175c88623ad37,boundary,v2cf-confirm-qwen25_3b-grpo-gsm8k_long-c3-s42,4935817,1,completed,1,,,,output/benchmark_v2_cross_family_confirmatory/v2cf-confirm-qwen25_3b-grpo-gsm8k_long-c3-s42/environment-4935817.json;output/benchmark_v2_cross_family_confirmatory/v2cf-confirm-qwen25_3b-grpo-gsm8k_long-c3-s42/gpu-memory-4935817.csv;output/benchmark_v2_cross_family_confirmatory/v2cf-confirm-qwen25_3b-grpo-gsm8k_long-c3-s42/gpu-telemetry-4935817.csv;output/benchmark_v2_cross_family_confirmatory/v2cf-confirm-qwen25_3b-grpo-gsm8k_long-c3-s42/phase-memory-4935817.csv;output/benchmark_v2_cross_family_confirmatory/v2cf-confirm-qwen25_3b-grpo-gsm8k_long-c3-s42/training-4935817.log;output/benchmark_v2_cross_family_confirmatory/v2cf-confirm-qwen25_3b-grpo-gsm8k_long-c3-s42/trial-4935817.json,
attempt-fdc320c99c899125,cfg-fbe1c0422f98cb38,run-fdc320c99c899125,boundary,strong-granite-confirmatory-grpo-gsm8k_long-c2-s92,5031225,1,completed,1,,,,output/strengthening_granite_confirmatory/strong-granite-confirmatory-grpo-gsm8k_long-c2-s92/environment-5031225.json;output/strengthening_granite_confirmatory/strong-granite-confirmatory-grpo-gsm8k_long-c2-s92/gpu-memory-5031225.csv;output/strengthening_granite_confirmatory/strong-granite-confirmatory-grpo-gsm8k_long-c2-s92/gpu-telemetry-5031225.csv;output/strengthening_granite_confirmatory/strong-granite-confirmatory-grpo-gsm8k_long-c2-s92/phase-memory-5031225.csv;output/strengthening_granite_confirmatory/strong-granite-confirmatory-grpo-gsm8k_long-c2-s92/training-5031225.log;output/strengthening_granite_confirmatory/strong-granite-confirmatory-grpo-gsm8k_long-c2-s92/trial-5031225.json,
attempt-fed2d540bcebaa8f,cfg-a9973fa41ccc608d,run-fed2d540bcebaa8f,batch_logging_control,review-control-phi4_mini-gsm8k-s123-full_b8,5048576,1,completed,1,,,,output/review_instrumentation_batch/review-control-phi4_mini-gsm8k-s123-full_b8/trial-5048576.json,
attempt-fed723e12bda1744,cfg-1432bb8a4d9c3b8c,run-fed723e12bda1744,four_gpu,rev-topology-phi4_mini-math-c4-s111-four_gpu,5045381,1,completed,1,,,,output/revision_topology/rev-topology-phi4_mini-math-c4-s111-four_gpu/attempt-5045381/environment-5045381.json;output/revision_topology/rev-topology-phi4_mini-math-c4-s111-four_gpu/attempt-5045381/gpu-memory-5045381.csv;output/revision_topology/rev-topology-phi4_mini-math-c4-s111-four_gpu/attempt-5045381/gpu-telemetry-5045381.csv;output/revision_topology/rev-topology-phi4_mini-math-c4-s111-four_gpu/attempt-5045381/phase-memory-5045381.csv;output/revision_topology/rev-topology-phi4_mini-math-c4-s111-four_gpu/attempt-5045381/training-5045381.log;output/revision_topology/rev-topology-phi4_mini-math-c4-s111-four_gpu/attempt-5045381/trial-5045381.json;output/revision_topology/rev-topology-phi4_mini-math-c4-s111-four_gpu/trial-5045381.json,
attempt-feecb0898b4b6240,cfg-714c540f76d9525d,run-feecb0898b4b6240,four_gpu,rev-topology-qwen25_3b-math-c3-s111-four_gpu,5045321,1,completed,1,,,,output/revision_topology/rev-topology-qwen25_3b-math-c3-s111-four_gpu/attempt-5045321/environment-5045321.json;output/revision_topology/rev-topology-qwen25_3b-math-c3-s111-four_gpu/attempt-5045321/gpu-memory-5045321.csv;output/revision_topology/rev-topology-qwen25_3b-math-c3-s111-four_gpu/attempt-5045321/gpu-telemetry-5045321.csv;output/revision_topology/rev-topology-qwen25_3b-math-c3-s111-four_gpu/attempt-5045321/phase-memory-5045321.csv;output/revision_topology/rev-topology-qwen25_3b-math-c3-s111-four_gpu/attempt-5045321/training-5045321.log;output/revision_topology/rev-topology-qwen25_3b-math-c3-s111-four_gpu/attempt-5045321/trial-5045321.json;output/revision_topology/rev-topology-qwen25_3b-math-c3-s111-four_gpu/trial-5045321.json,
attempt-ff1284c713a6436e,cfg-c5eec07ea9371c25,run-ff1284c713a6436e,batch_reservation,strong-factorial-phi4_mini-grpo-code_heavy_tail-actor_only-s96,5031719,1,completed,1,,,,output/strengthening_factorial/strong-factorial-phi4_mini-grpo-code_heavy_tail-actor_only-s96/environment-5031719.json;output/strengthening_factorial/strong-factorial-phi4_mini-grpo-code_heavy_tail-actor_only-s96/gpu-memory-5031719.csv;output/strengthening_factorial/strong-factorial-phi4_mini-grpo-code_heavy_tail-actor_only-s96/gpu-telemetry-5031719.csv;output/strengthening_factorial/strong-factorial-phi4_mini-grpo-code_heavy_tail-actor_only-s96/phase-memory-5031719.csv;output/strengthening_factorial/strong-factorial-phi4_mini-grpo-code_heavy_tail-actor_only-s96/training-5031719.log;output/strengthening_factorial/strong-factorial-phi4_mini-grpo-code_heavy_tail-actor_only-s96/trial-5031719.json,
attempt-ffb8d5eed847dd66,cfg-4743c1c830bad982,run-ffb8d5eed847dd66,instrumentation,rev-instrumentation-phi4_mini-math-c2-s111-full,5045359,1,completed,1,,,,output/revision_instrumentation/rev-instrumentation-phi4_mini-math-c2-s111-full/attempt-5045359/environment-5045359.json;output/revision_instrumentation/rev-instrumentation-phi4_mini-math-c2-s111-full/attempt-5045359/gpu-memory-5045359.csv;output/revision_instrumentation/rev-instrumentation-phi4_mini-math-c2-s111-full/attempt-5045359/gpu-telemetry-5045359.csv;output/revision_instrumentation/rev-instrumentation-phi4_mini-math-c2-s111-full/attempt-5045359/phase-memory-5045359.csv;output/revision_instrumentation/rev-instrumentation-phi4_mini-math-c2-s111-full/attempt-5045359/training-5045359.log;output/revision_instrumentation/rev-instrumentation-phi4_mini-math-c2-s111-full/attempt-5045359/trial-5045359.json;output/revision_instrumentation/rev-instrumentation-phi4_mini-math-c2-s111-full/trial-5045359.json,
attempt-ffd4cbe677d09435,cfg-75662a6552e74f29,run-ffd4cbe677d09435,batch_reservation,strong-factorial-granite33_2b-grpo-math_short-base-s94,5031406,1,completed,1,,,,output/strengthening_factorial/strong-factorial-granite33_2b-grpo-math_short-base-s94/environment-5031406.json;output/strengthening_factorial/strong-factorial-granite33_2b-grpo-math_short-base-s94/gpu-memory-5031406.csv;output/strengthening_factorial/strong-factorial-granite33_2b-grpo-math_short-base-s94/gpu-telemetry-5031406.csv;output/strengthening_factorial/strong-factorial-granite33_2b-grpo-math_short-base-s94/phase-memory-5031406.csv;output/strengthening_factorial/strong-factorial-granite33_2b-grpo-math_short-base-s94/training-5031406.log;output/strengthening_factorial/strong-factorial-granite33_2b-grpo-math_short-base-s94/trial-5031406.json,
