run_id,configuration_id,study,experiment_id,training_seed,job_id,pair_id,period,observed_state,completed_requested_work,requested_training_steps,observed_peak_mib,completed_run_peak_mib,elapsed_seconds,terminal_stage,failure_kind,source_table,artifact_path,run_log,phase_memory_csv,gpu_telemetry_csv,environment_json,allocation_manifest,source_head
run-008cd5b7b91feefd,cfg-17e69bcf1b041bd9,four_gpu,rev-topology-phi4_mini-gsm8k-c3-s113-four_gpu,113,5045354,phi4_mini-gsm8k-c3-s113,1,within_margin,1,1,35730.0,35730.0,216.0,idle,,profiles/standard_grpo/revision-topology-trials.csv,output/revision_topology/rev-topology-phi4_mini-gsm8k-c3-s113-four_gpu/trial-5045354.json,output/revision_topology/rev-topology-phi4_mini-gsm8k-c3-s113-four_gpu/attempt-5045354/training-5045354.log,output/revision_topology/rev-topology-phi4_mini-gsm8k-c3-s113-four_gpu/attempt-5045354/phase-memory-5045354.csv,output/revision_topology/rev-topology-phi4_mini-gsm8k-c3-s113-four_gpu/attempt-5045354/gpu-telemetry-5045354.csv,output/revision_topology/rev-topology-phi4_mini-gsm8k-c3-s113-four_gpu/attempt-5045354/environment-5045354.json,output/revision_topology/pairs/phi4_mini-gsm8k-c3-s113/pair-5045354.json,b602c1ca41c1ab6d45a5a50885af86cfed90d0d6
run-00f0fdcc3cf29a61,cfg-4e0b53e75324e5f8,state_release,strong-node-qwen25_3b-grpo-gsm8k-near_boundary-s82-p2-release,82,5031092,strong-node-qwen25_3b-grpo-gsm8k-near_boundary-s82,2,within_margin,1,1,36750.0,36750.0,258.0,idle,,profiles/standard_grpo/same-node-trials.csv,output/strengthening_same_node_residency/strong-node-qwen25_3b-grpo-gsm8k-near_boundary-s82-p2-release/trial-5031092.json,output/strengthening_same_node_residency/strong-node-qwen25_3b-grpo-gsm8k-near_boundary-s82-p2-release/training-5031092.log,output/strengthening_same_node_residency/strong-node-qwen25_3b-grpo-gsm8k-near_boundary-s82-p2-release/phase-memory-5031092.csv,output/strengthening_same_node_residency/strong-node-qwen25_3b-grpo-gsm8k-near_boundary-s82-p2-release/gpu-telemetry-5031092.csv,output/strengthening_same_node_residency/strong-node-qwen25_3b-grpo-gsm8k-near_boundary-s82-p2-release/environment-5031092.json,,
run-0149080116bfd0c6,cfg-18285c3cb50308d4,boundary,mr-xm-confirm-phi4_mini-grpo-code_heavy_tail-c1-s53,53,5003711,,,within_margin,1,1,26056.0,26056.0,220.0,idle,,profiles/standard_grpo/boundary-trials.csv,output/major_revision_cross_model_confirmatory/mr-xm-confirm-phi4_mini-grpo-code_heavy_tail-c1-s53/trial-5003711.json,output/major_revision_cross_model_confirmatory/mr-xm-confirm-phi4_mini-grpo-code_heavy_tail-c1-s53/training-5003711.log,output/major_revision_cross_model_confirmatory/mr-xm-confirm-phi4_mini-grpo-code_heavy_tail-c1-s53/phase-memory-5003711.csv,output/major_revision_cross_model_confirmatory/mr-xm-confirm-phi4_mini-grpo-code_heavy_tail-c1-s53/gpu-telemetry-5003711.csv,output/major_revision_cross_model_confirmatory/mr-xm-confirm-phi4_mini-grpo-code_heavy_tail-c1-s53/environment-5003711.json,,
run-01c3bc12b2795a8c,cfg-73c06764ba28a56b,boundary,strong-granite-confirmatory-grpo-gsm8k_long-c3-s93,93,5031240,,,within_margin,1,1,36302.0,36302.0,176.0,idle,,profiles/standard_grpo/boundary-trials.csv,output/strengthening_granite_confirmatory/strong-granite-confirmatory-grpo-gsm8k_long-c3-s93/trial-5031240.json,output/strengthening_granite_confirmatory/strong-granite-confirmatory-grpo-gsm8k_long-c3-s93/training-5031240.log,output/strengthening_granite_confirmatory/strong-granite-confirmatory-grpo-gsm8k_long-c3-s93/phase-memory-5031240.csv,output/strengthening_granite_confirmatory/strong-granite-confirmatory-grpo-gsm8k_long-c3-s93/gpu-telemetry-5031240.csv,output/strengthening_granite_confirmatory/strong-granite-confirmatory-grpo-gsm8k_long-c3-s93/environment-5031240.json,,
run-01fa8aec3396244b,cfg-b7f5b55ef67a8883,batch_reservation,strong-factorial-qwen25_3b-grpo-code_heavy_tail-reservation_only-s94,94,5031989,,,within_margin,1,1,37418.0,37418.0,200.0,idle,,profiles/standard_grpo/factorial-trials.csv,output/strengthening_factorial/strong-factorial-qwen25_3b-grpo-code_heavy_tail-reservation_only-s94/trial-5031989.json,output/strengthening_factorial/strong-factorial-qwen25_3b-grpo-code_heavy_tail-reservation_only-s94/training-5031989.log,output/strengthening_factorial/strong-factorial-qwen25_3b-grpo-code_heavy_tail-reservation_only-s94/phase-memory-5031989.csv,output/strengthening_factorial/strong-factorial-qwen25_3b-grpo-code_heavy_tail-reservation_only-s94/gpu-telemetry-5031989.csv,output/strengthening_factorial/strong-factorial-qwen25_3b-grpo-code_heavy_tail-reservation_only-s94/environment-5031989.json,,
run-0266fae0b96a7550,cfg-a188f9742074d270,state_release,strong-node-qwen25_3b-grpo-gsm8k-near_boundary-s83-p2-resident,83,5031094,strong-node-qwen25_3b-grpo-gsm8k-near_boundary-s83,2,memory_failure,0,1,40926.0,,159.0,initializing,weight_sync_oom,profiles/standard_grpo/same-node-trials.csv,output/strengthening_same_node_residency/strong-node-qwen25_3b-grpo-gsm8k-near_boundary-s83-p2-resident/trial-5031094.json,output/strengthening_same_node_residency/strong-node-qwen25_3b-grpo-gsm8k-near_boundary-s83-p2-resident/training-5031094.log,output/strengthening_same_node_residency/strong-node-qwen25_3b-grpo-gsm8k-near_boundary-s83-p2-resident/phase-memory-5031094.csv,output/strengthening_same_node_residency/strong-node-qwen25_3b-grpo-gsm8k-near_boundary-s83-p2-resident/gpu-telemetry-5031094.csv,output/strengthening_same_node_residency/strong-node-qwen25_3b-grpo-gsm8k-near_boundary-s83-p2-resident/environment-5031094.json,,
run-0274ea382bb4411e,cfg-a8e7e878a371de68,batch_reservation,strong-factorial-phi4_mini-grpo-code_standard-base-s96,96,5031747,,,within_margin,1,1,35522.0,35522.0,223.0,idle,,profiles/standard_grpo/factorial-trials.csv,output/strengthening_factorial/strong-factorial-phi4_mini-grpo-code_standard-base-s96/trial-5031747.json,output/strengthening_factorial/strong-factorial-phi4_mini-grpo-code_standard-base-s96/training-5031747.log,output/strengthening_factorial/strong-factorial-phi4_mini-grpo-code_standard-base-s96/phase-memory-5031747.csv,output/strengthening_factorial/strong-factorial-phi4_mini-grpo-code_standard-base-s96/gpu-telemetry-5031747.csv,output/strengthening_factorial/strong-factorial-phi4_mini-grpo-code_standard-base-s96/environment-5031747.json,,
run-029e116495a7b815,cfg-399f6b038d6f65f9,four_gpu,rev-topology-qwen25_3b-gsm8k-c2-s111-four_gpu,111,5045273,qwen25_3b-gsm8k-c2-s111,1,within_margin,1,1,29840.0,29840.0,205.0,idle,,profiles/standard_grpo/revision-topology-trials.csv,output/revision_topology/rev-topology-qwen25_3b-gsm8k-c2-s111-four_gpu/trial-5045273.json,output/revision_topology/rev-topology-qwen25_3b-gsm8k-c2-s111-four_gpu/attempt-5045273/training-5045273.log,output/revision_topology/rev-topology-qwen25_3b-gsm8k-c2-s111-four_gpu/attempt-5045273/phase-memory-5045273.csv,output/revision_topology/rev-topology-qwen25_3b-gsm8k-c2-s111-four_gpu/attempt-5045273/gpu-telemetry-5045273.csv,output/revision_topology/rev-topology-qwen25_3b-gsm8k-c2-s111-four_gpu/attempt-5045273/environment-5045273.json,output/revision_topology/pairs/qwen25_3b-gsm8k-c2-s111/pair-5045273.json,b602c1ca41c1ab6d45a5a50885af86cfed90d0d6
run-02cd07da6caa1a64,cfg-338d9224eb9d2f3a,boundary,v2cf-confirm-qwen25_3b-grpo-gsm8k_long-c2-s42,42,4935810,,,within_margin,1,1,33108.0,33108.0,197.0,idle,,profiles/standard_grpo/boundary-trials.csv,output/benchmark_v2_cross_family_confirmatory/v2cf-confirm-qwen25_3b-grpo-gsm8k_long-c2-s42/trial-4935810.json,output/benchmark_v2_cross_family_confirmatory/v2cf-confirm-qwen25_3b-grpo-gsm8k_long-c2-s42/training-4935810.log,output/benchmark_v2_cross_family_confirmatory/v2cf-confirm-qwen25_3b-grpo-gsm8k_long-c2-s42/phase-memory-4935810.csv,output/benchmark_v2_cross_family_confirmatory/v2cf-confirm-qwen25_3b-grpo-gsm8k_long-c2-s42/gpu-telemetry-4935810.csv,output/benchmark_v2_cross_family_confirmatory/v2cf-confirm-qwen25_3b-grpo-gsm8k_long-c2-s42/environment-4935810.json,,
run-030884a3697e9a81,cfg-2d4026e56a7ee4fe,instrumentation,rev-instrumentation-granite33_2b-math-c4-s113-external,113,5045282,granite33_2b-math-c4-s113,1,above_margin,1,1,40750.0,40750.0,200.0,idle,,profiles/standard_grpo/revision-instrumentation-trials.csv,output/revision_instrumentation/rev-instrumentation-granite33_2b-math-c4-s113-external/trial-5045282.json,output/revision_instrumentation/rev-instrumentation-granite33_2b-math-c4-s113-external/attempt-5045282/training-5045282.log,output/revision_instrumentation/rev-instrumentation-granite33_2b-math-c4-s113-external/attempt-5045282/phase-memory-5045282.csv,output/revision_instrumentation/rev-instrumentation-granite33_2b-math-c4-s113-external/attempt-5045282/gpu-telemetry-5045282.csv,output/revision_instrumentation/rev-instrumentation-granite33_2b-math-c4-s113-external/attempt-5045282/environment-5045282.json,output/revision_instrumentation/pairs/granite33_2b-math-c4-s113/pair-5045282.json,92cd0c14334ab84d718fc3bdb03ae150f064654d
run-0357b851b79ef830,cfg-e80b4f00d0546932,instrumentation,rev-instrumentation-granite33_2b-math-c3-s112-full,112,5045391,granite33_2b-math-c3-s112,2,within_margin,1,1,36670.0,36670.0,207.0,idle,,profiles/standard_grpo/revision-instrumentation-trials.csv,output/revision_instrumentation/rev-instrumentation-granite33_2b-math-c3-s112-full/trial-5045391.json,output/revision_instrumentation/rev-instrumentation-granite33_2b-math-c3-s112-full/attempt-5045391/training-5045391.log,output/revision_instrumentation/rev-instrumentation-granite33_2b-math-c3-s112-full/attempt-5045391/phase-memory-5045391.csv,output/revision_instrumentation/rev-instrumentation-granite33_2b-math-c3-s112-full/attempt-5045391/gpu-telemetry-5045391.csv,output/revision_instrumentation/rev-instrumentation-granite33_2b-math-c3-s112-full/attempt-5045391/environment-5045391.json,output/revision_instrumentation/pairs/granite33_2b-math-c3-s112/pair-5045391.json,92cd0c14334ab84d718fc3bdb03ae150f064654d
run-0410e7cc800b89a1,cfg-c38f036ca97204f7,temporal_40,v2time-grpo-gsm8k-qwen25_3b-safe_margin-s41,41,4935431,,,within_margin,1,40,31304.0,31304.0,3556.0,idle,,profiles/standard_grpo/temporal-40-trials.csv,output/benchmark_v2_temporal_confirmatory/v2time-grpo-gsm8k-qwen25_3b-safe_margin-s41/trial-4935431.json,output/benchmark_v2_temporal_confirmatory/v2time-grpo-gsm8k-qwen25_3b-safe_margin-s41/training-4935431.log,output/benchmark_v2_temporal_confirmatory/v2time-grpo-gsm8k-qwen25_3b-safe_margin-s41/phase-memory-4935431.csv,output/benchmark_v2_temporal_confirmatory/v2time-grpo-gsm8k-qwen25_3b-safe_margin-s41/gpu-telemetry-4935431.csv,output/benchmark_v2_temporal_confirmatory/v2time-grpo-gsm8k-qwen25_3b-safe_margin-s41/environment-4935431.json,,
run-0456548fec311ba1,cfg-7a98d0694b7ff8f8,sampling_calibration,v2tel-04-qwen25_3b-grpo-gsm8k-near_boundary-10ms,53,4935155,v2tel-04-qwen25_3b-grpo-gsm8k-near_boundary,,within_margin,1,1,36056.0,36056.0,261.0,idle,,profiles/standard_grpo/telemetry-trials.csv,output/benchmark_v2_telemetry_calibration/v2tel-04-qwen25_3b-grpo-gsm8k-near_boundary-10ms/trial-4935155.json,output/benchmark_v2_telemetry_calibration/v2tel-04-qwen25_3b-grpo-gsm8k-near_boundary-10ms/training-4935155.log,output/benchmark_v2_telemetry_calibration/v2tel-04-qwen25_3b-grpo-gsm8k-near_boundary-10ms/phase-memory-4935155.csv,output/benchmark_v2_telemetry_calibration/v2tel-04-qwen25_3b-grpo-gsm8k-near_boundary-10ms/gpu-telemetry-4935155.csv,output/benchmark_v2_telemetry_calibration/v2tel-04-qwen25_3b-grpo-gsm8k-near_boundary-10ms/environment-4935155.json,,
run-05cc986ee8b775be,cfg-6a4562db98b38d6f,boundary,strong-granite-confirmatory-grpo-gsm8k_long-c4-s92,92,5031243,,,above_margin,1,1,40382.0,40382.0,191.0,idle,,profiles/standard_grpo/boundary-trials.csv,output/strengthening_granite_confirmatory/strong-granite-confirmatory-grpo-gsm8k_long-c4-s92/trial-5031243.json,output/strengthening_granite_confirmatory/strong-granite-confirmatory-grpo-gsm8k_long-c4-s92/training-5031243.log,output/strengthening_granite_confirmatory/strong-granite-confirmatory-grpo-gsm8k_long-c4-s92/phase-memory-5031243.csv,output/strengthening_granite_confirmatory/strong-granite-confirmatory-grpo-gsm8k_long-c4-s92/gpu-telemetry-5031243.csv,output/strengthening_granite_confirmatory/strong-granite-confirmatory-grpo-gsm8k_long-c4-s92/environment-5031243.json,,
run-0642d5dc18f1ac77,cfg-966f5804dc918967,boundary,v2cf-confirm-phi4_mini-grpo-gsm8k_long-c4-s41,41,4936236,,,memory_failure,0,1,14790.0,,102.0,initializing,rollout_init_memory,profiles/standard_grpo/boundary-trials.csv,output/benchmark_v2_cross_family_confirmatory/v2cf-confirm-phi4_mini-grpo-gsm8k_long-c4-s41/trial-4936236.json,output/benchmark_v2_cross_family_confirmatory/v2cf-confirm-phi4_mini-grpo-gsm8k_long-c4-s41/training-4936236.log,output/benchmark_v2_cross_family_confirmatory/v2cf-confirm-phi4_mini-grpo-gsm8k_long-c4-s41/phase-memory-4936236.csv,output/benchmark_v2_cross_family_confirmatory/v2cf-confirm-phi4_mini-grpo-gsm8k_long-c4-s41/gpu-telemetry-4936236.csv,output/benchmark_v2_cross_family_confirmatory/v2cf-confirm-phi4_mini-grpo-gsm8k_long-c4-s41/environment-4936236.json,,
run-076591b13d710b8c,cfg-fd4d4789145230df,boundary,strong-granite-confirmatory-grpo-math_short-c1-s93,93,5031334,,,within_margin,1,1,21516.0,21516.0,228.0,idle,,profiles/standard_grpo/boundary-trials.csv,output/strengthening_granite_confirmatory/strong-granite-confirmatory-grpo-math_short-c1-s93/trial-5031334.json,output/strengthening_granite_confirmatory/strong-granite-confirmatory-grpo-math_short-c1-s93/training-5031334.log,output/strengthening_granite_confirmatory/strong-granite-confirmatory-grpo-math_short-c1-s93/phase-memory-5031334.csv,output/strengthening_granite_confirmatory/strong-granite-confirmatory-grpo-math_short-c1-s93/gpu-telemetry-5031334.csv,output/strengthening_granite_confirmatory/strong-granite-confirmatory-grpo-math_short-c1-s93/environment-5031334.json,,
run-07e241ceb1cd9225,cfg-08730ad4a3df95fa,batch_reservation,strong-factorial-granite33_2b-grpo-code_heavy_tail-reservation_only-s96,96,5031602,,,within_margin,1,1,36542.0,36542.0,215.0,idle,,profiles/standard_grpo/factorial-trials.csv,output/strengthening_factorial/strong-factorial-granite33_2b-grpo-code_heavy_tail-reservation_only-s96/trial-5031602.json,output/strengthening_factorial/strong-factorial-granite33_2b-grpo-code_heavy_tail-reservation_only-s96/training-5031602.log,output/strengthening_factorial/strong-factorial-granite33_2b-grpo-code_heavy_tail-reservation_only-s96/phase-memory-5031602.csv,output/strengthening_factorial/strong-factorial-granite33_2b-grpo-code_heavy_tail-reservation_only-s96/gpu-telemetry-5031602.csv,output/strengthening_factorial/strong-factorial-granite33_2b-grpo-code_heavy_tail-reservation_only-s96/environment-5031602.json,,
run-082e697850e93a1a,cfg-7d5384d3ac8311c8,horizon_followup,rev-temporal-phi4_mini-gsm8k-interpolated-s111-source,111,5045281,phi4_mini-gsm8k-interpolated-s111,1,within_margin,1,1,37572.0,37572.0,249.0,validation,,profiles/standard_grpo/revision-temporal-trials.csv,output/revision_temporal/rev-temporal-phi4_mini-gsm8k-interpolated-s111-source/trial-5045281.json,output/revision_temporal/rev-temporal-phi4_mini-gsm8k-interpolated-s111-source/attempt-5045281/training-5045281.log,output/revision_temporal/rev-temporal-phi4_mini-gsm8k-interpolated-s111-source/attempt-5045281/phase-memory-5045281.csv,output/revision_temporal/rev-temporal-phi4_mini-gsm8k-interpolated-s111-source/attempt-5045281/gpu-telemetry-5045281.csv,output/revision_temporal/rev-temporal-phi4_mini-gsm8k-interpolated-s111-source/attempt-5045281/environment-5045281.json,output/revision_temporal/pairs/phi4_mini-gsm8k-interpolated-s111/pair-5045281.json,92f97eb8c6f49cccbcaaa7f9c58d57eab8de8755
run-0878641754683d89,cfg-c0605c1607caa079,boundary,v2cf-confirm-phi4_mini-grpo-gsm8k_long-c3-s41,41,4936192,,,above_margin,1,1,39550.0,39550.0,207.0,idle,,profiles/standard_grpo/boundary-trials.csv,output/benchmark_v2_cross_family_confirmatory/v2cf-confirm-phi4_mini-grpo-gsm8k_long-c3-s41/trial-4936192.json,output/benchmark_v2_cross_family_confirmatory/v2cf-confirm-phi4_mini-grpo-gsm8k_long-c3-s41/training-4936192.log,output/benchmark_v2_cross_family_confirmatory/v2cf-confirm-phi4_mini-grpo-gsm8k_long-c3-s41/phase-memory-4936192.csv,output/benchmark_v2_cross_family_confirmatory/v2cf-confirm-phi4_mini-grpo-gsm8k_long-c3-s41/gpu-telemetry-4936192.csv,output/benchmark_v2_cross_family_confirmatory/v2cf-confirm-phi4_mini-grpo-gsm8k_long-c3-s41/environment-4936192.json,,
run-09224dcdec18b7ce,cfg-28f3c14e91d01934,batch_reservation,strong-factorial-granite33_2b-grpo-code_heavy_tail-joint-s95,95,5031590,,,within_margin,1,1,36542.0,36542.0,195.0,idle,,profiles/standard_grpo/factorial-trials.csv,output/strengthening_factorial/strong-factorial-granite33_2b-grpo-code_heavy_tail-joint-s95/trial-5031590.json,output/strengthening_factorial/strong-factorial-granite33_2b-grpo-code_heavy_tail-joint-s95/training-5031590.log,output/strengthening_factorial/strong-factorial-granite33_2b-grpo-code_heavy_tail-joint-s95/phase-memory-5031590.csv,output/strengthening_factorial/strong-factorial-granite33_2b-grpo-code_heavy_tail-joint-s95/gpu-telemetry-5031590.csv,output/strengthening_factorial/strong-factorial-granite33_2b-grpo-code_heavy_tail-joint-s95/environment-5031590.json,,
run-09333bc88b35688d,cfg-62f371a80968a0ba,boundary,v2cf-confirm-qwen25_3b-grpo-math_short-c1-s42,42,4935542,,,within_margin,1,1,21900.0,21900.0,232.0,idle,,profiles/standard_grpo/boundary-trials.csv,output/benchmark_v2_cross_family_confirmatory/v2cf-confirm-qwen25_3b-grpo-math_short-c1-s42/trial-4935542.json,output/benchmark_v2_cross_family_confirmatory/v2cf-confirm-qwen25_3b-grpo-math_short-c1-s42/training-4935542.log,output/benchmark_v2_cross_family_confirmatory/v2cf-confirm-qwen25_3b-grpo-math_short-c1-s42/phase-memory-4935542.csv,output/benchmark_v2_cross_family_confirmatory/v2cf-confirm-qwen25_3b-grpo-math_short-c1-s42/gpu-telemetry-4935542.csv,output/benchmark_v2_cross_family_confirmatory/v2cf-confirm-qwen25_3b-grpo-math_short-c1-s42/environment-4935542.json,,
run-095297a4072b6658,cfg-b5352215babfeba6,boundary,strong-granite-confirmatory-grpo-math_short-c2-s93,93,5031367,,,within_margin,1,1,32690.0,32690.0,206.0,idle,,profiles/standard_grpo/boundary-trials.csv,output/strengthening_granite_confirmatory/strong-granite-confirmatory-grpo-math_short-c2-s93/trial-5031367.json,output/strengthening_granite_confirmatory/strong-granite-confirmatory-grpo-math_short-c2-s93/training-5031367.log,output/strengthening_granite_confirmatory/strong-granite-confirmatory-grpo-math_short-c2-s93/phase-memory-5031367.csv,output/strengthening_granite_confirmatory/strong-granite-confirmatory-grpo-math_short-c2-s93/gpu-telemetry-5031367.csv,output/strengthening_granite_confirmatory/strong-granite-confirmatory-grpo-math_short-c2-s93/environment-5031367.json,,
run-098ee575226a062a,cfg-78c440d3891ddbc2,four_gpu,rev-topology-qwen25_3b-gsm8k-c4-s112-four_gpu,112,5045298,qwen25_3b-gsm8k-c4-s112,1,within_margin,1,1,37976.0,37976.0,216.0,idle,,profiles/standard_grpo/revision-topology-trials.csv,output/revision_topology/rev-topology-qwen25_3b-gsm8k-c4-s112-four_gpu/trial-5045298.json,output/revision_topology/rev-topology-qwen25_3b-gsm8k-c4-s112-four_gpu/attempt-5045298/training-5045298.log,output/revision_topology/rev-topology-qwen25_3b-gsm8k-c4-s112-four_gpu/attempt-5045298/phase-memory-5045298.csv,output/revision_topology/rev-topology-qwen25_3b-gsm8k-c4-s112-four_gpu/attempt-5045298/gpu-telemetry-5045298.csv,output/revision_topology/rev-topology-qwen25_3b-gsm8k-c4-s112-four_gpu/attempt-5045298/environment-5045298.json,output/revision_topology/pairs/qwen25_3b-gsm8k-c4-s112/pair-5045298.json,b602c1ca41c1ab6d45a5a50885af86cfed90d0d6
run-09bd0ad46801b725,cfg-4eeaf0596358fc50,sampling_calibration,v2tel-06-qwen25_3b-grpo-math-near_boundary-10ms,53,4935223,v2tel-06-qwen25_3b-grpo-math-near_boundary,,within_margin,1,1,36518.0,36518.0,280.0,idle,,profiles/standard_grpo/telemetry-trials.csv,output/benchmark_v2_telemetry_calibration/v2tel-06-qwen25_3b-grpo-math-near_boundary-10ms/trial-4935223.json,output/benchmark_v2_telemetry_calibration/v2tel-06-qwen25_3b-grpo-math-near_boundary-10ms/training-4935223.log,output/benchmark_v2_telemetry_calibration/v2tel-06-qwen25_3b-grpo-math-near_boundary-10ms/phase-memory-4935223.csv,output/benchmark_v2_telemetry_calibration/v2tel-06-qwen25_3b-grpo-math-near_boundary-10ms/gpu-telemetry-4935223.csv,output/benchmark_v2_telemetry_calibration/v2tel-06-qwen25_3b-grpo-math-near_boundary-10ms/environment-4935223.json,,
run-09c61cb7b6e86735,cfg-30f98456fdb322c1,boundary,v2cf-confirm-qwen25_3b-grpo-math_short-c2-s43,43,4935949,,,within_margin,1,1,33446.0,33446.0,206.0,idle,,profiles/standard_grpo/boundary-trials.csv,output/benchmark_v2_cross_family_confirmatory/v2cf-confirm-qwen25_3b-grpo-math_short-c2-s43/trial-4935949.json,output/benchmark_v2_cross_family_confirmatory/v2cf-confirm-qwen25_3b-grpo-math_short-c2-s43/training-4935949.log,output/benchmark_v2_cross_family_confirmatory/v2cf-confirm-qwen25_3b-grpo-math_short-c2-s43/phase-memory-4935949.csv,output/benchmark_v2_cross_family_confirmatory/v2cf-confirm-qwen25_3b-grpo-math_short-c2-s43/gpu-telemetry-4935949.csv,output/benchmark_v2_cross_family_confirmatory/v2cf-confirm-qwen25_3b-grpo-math_short-c2-s43/environment-4935949.json,,
run-0a90994fada35da0,cfg-835067f7405e89a2,boundary,strong-granite-confirmatory-grpo-math_short-c3-s92,92,5031369,,,within_margin,1,1,38718.0,38718.0,206.0,idle,,profiles/standard_grpo/boundary-trials.csv,output/strengthening_granite_confirmatory/strong-granite-confirmatory-grpo-math_short-c3-s92/trial-5031369.json,output/strengthening_granite_confirmatory/strong-granite-confirmatory-grpo-math_short-c3-s92/training-5031369.log,output/strengthening_granite_confirmatory/strong-granite-confirmatory-grpo-math_short-c3-s92/phase-memory-5031369.csv,output/strengthening_granite_confirmatory/strong-granite-confirmatory-grpo-math_short-c3-s92/gpu-telemetry-5031369.csv,output/strengthening_granite_confirmatory/strong-granite-confirmatory-grpo-math_short-c3-s92/environment-5031369.json,,
run-0ad56852ba6e16cf,cfg-7ee75feb0b09675f,batch_reservation,strong-factorial-qwen25_3b-grpo-math-actor_only-s95,95,5032051,,,within_margin,1,1,33446.0,33446.0,212.0,idle,,profiles/standard_grpo/factorial-trials.csv,output/strengthening_factorial/strong-factorial-qwen25_3b-grpo-math-actor_only-s95/trial-5032051.json,output/strengthening_factorial/strong-factorial-qwen25_3b-grpo-math-actor_only-s95/training-5032051.log,output/strengthening_factorial/strong-factorial-qwen25_3b-grpo-math-actor_only-s95/phase-memory-5032051.csv,output/strengthening_factorial/strong-factorial-qwen25_3b-grpo-math-actor_only-s95/gpu-telemetry-5032051.csv,output/strengthening_factorial/strong-factorial-qwen25_3b-grpo-math-actor_only-s95/environment-5032051.json,,
run-0b08f43f00db84b6,cfg-402f13fde534d758,batch_reservation,strong-factorial-qwen25_3b-grpo-gsm8k-actor_only-s94,94,5032031,,,within_margin,1,1,33108.0,33108.0,196.0,idle,,profiles/standard_grpo/factorial-trials.csv,output/strengthening_factorial/strong-factorial-qwen25_3b-grpo-gsm8k-actor_only-s94/trial-5032031.json,output/strengthening_factorial/strong-factorial-qwen25_3b-grpo-gsm8k-actor_only-s94/training-5032031.log,output/strengthening_factorial/strong-factorial-qwen25_3b-grpo-gsm8k-actor_only-s94/phase-memory-5032031.csv,output/strengthening_factorial/strong-factorial-qwen25_3b-grpo-gsm8k-actor_only-s94/gpu-telemetry-5032031.csv,output/strengthening_factorial/strong-factorial-qwen25_3b-grpo-gsm8k-actor_only-s94/environment-5032031.json,,
run-0c16dc0e9b017276,cfg-b5007322fb2e1772,boundary,mr-xm-confirm-qwen25_3b-grpo-code_heavy_tail-c0-s51,51,4999495,,,within_margin,1,1,21542.0,21542.0,249.0,idle,,profiles/standard_grpo/boundary-trials.csv,output/major_revision_cross_model_confirmatory/mr-xm-confirm-qwen25_3b-grpo-code_heavy_tail-c0-s51/trial-4999495.json,output/major_revision_cross_model_confirmatory/mr-xm-confirm-qwen25_3b-grpo-code_heavy_tail-c0-s51/training-4999495.log,output/major_revision_cross_model_confirmatory/mr-xm-confirm-qwen25_3b-grpo-code_heavy_tail-c0-s51/phase-memory-4999495.csv,output/major_revision_cross_model_confirmatory/mr-xm-confirm-qwen25_3b-grpo-code_heavy_tail-c0-s51/gpu-telemetry-4999495.csv,output/major_revision_cross_model_confirmatory/mr-xm-confirm-qwen25_3b-grpo-code_heavy_tail-c0-s51/environment-4999495.json,,
run-0c67495ac95c7533,cfg-3c3a7527d888e069,instrumentation,rev-instrumentation-phi4_mini-gsm8k-c3-s112-full,112,5045357,phi4_mini-gsm8k-c3-s112,1,above_margin,1,1,39550.0,39550.0,193.0,idle,,profiles/standard_grpo/revision-instrumentation-trials.csv,output/revision_instrumentation/rev-instrumentation-phi4_mini-gsm8k-c3-s112-full/trial-5045357.json,output/revision_instrumentation/rev-instrumentation-phi4_mini-gsm8k-c3-s112-full/attempt-5045357/training-5045357.log,output/revision_instrumentation/rev-instrumentation-phi4_mini-gsm8k-c3-s112-full/attempt-5045357/phase-memory-5045357.csv,output/revision_instrumentation/rev-instrumentation-phi4_mini-gsm8k-c3-s112-full/attempt-5045357/gpu-telemetry-5045357.csv,output/revision_instrumentation/rev-instrumentation-phi4_mini-gsm8k-c3-s112-full/attempt-5045357/environment-5045357.json,output/revision_instrumentation/pairs/phi4_mini-gsm8k-c3-s112/pair-5045357.json,92cd0c14334ab84d718fc3bdb03ae150f064654d
run-0c81351f6a1a045a,cfg-3ffb5c1bf8440754,batch_reservation,strong-factorial-phi4_mini-grpo-code_heavy_tail-reservation_only-s95,95,5031721,,,above_margin,1,1,39938.0,39938.0,221.0,idle,,profiles/standard_grpo/factorial-trials.csv,output/strengthening_factorial/strong-factorial-phi4_mini-grpo-code_heavy_tail-reservation_only-s95/trial-5031721.json,output/strengthening_factorial/strong-factorial-phi4_mini-grpo-code_heavy_tail-reservation_only-s95/training-5031721.log,output/strengthening_factorial/strong-factorial-phi4_mini-grpo-code_heavy_tail-reservation_only-s95/phase-memory-5031721.csv,output/strengthening_factorial/strong-factorial-phi4_mini-grpo-code_heavy_tail-reservation_only-s95/gpu-telemetry-5031721.csv,output/strengthening_factorial/strong-factorial-phi4_mini-grpo-code_heavy_tail-reservation_only-s95/environment-5031721.json,,
run-0cf80a7a16cc4a96,cfg-49d9bccfe873f5c6,boundary,mr-xm-confirm-qwen25_3b-grpo-code_heavy_tail-c4-s53,53,4999833,,,memory_failure,0,1,40880.0,,166.0,rollout,rollout_oom,profiles/standard_grpo/boundary-trials.csv,output/major_revision_cross_model_confirmatory/mr-xm-confirm-qwen25_3b-grpo-code_heavy_tail-c4-s53/trial-4999833.json,output/major_revision_cross_model_confirmatory/mr-xm-confirm-qwen25_3b-grpo-code_heavy_tail-c4-s53/training-4999833.log,output/major_revision_cross_model_confirmatory/mr-xm-confirm-qwen25_3b-grpo-code_heavy_tail-c4-s53/phase-memory-4999833.csv,output/major_revision_cross_model_confirmatory/mr-xm-confirm-qwen25_3b-grpo-code_heavy_tail-c4-s53/gpu-telemetry-4999833.csv,output/major_revision_cross_model_confirmatory/mr-xm-confirm-qwen25_3b-grpo-code_heavy_tail-c4-s53/environment-4999833.json,,
run-0d0a8a08d9d99c01,cfg-967e29810f12167f,temporal_40,v2time-grpo-gsm8k-qwen25_3b-one_step_unsafe-s41,41,4943140,,,memory_failure,0,40,40954.0,,176.0,initializing,rollout_init_memory,profiles/standard_grpo/temporal-40-trials.csv,output/benchmark_v2_temporal_confirmatory/v2time-grpo-gsm8k-qwen25_3b-one_step_unsafe-s41/trial-4943140.json,output/benchmark_v2_temporal_confirmatory/v2time-grpo-gsm8k-qwen25_3b-one_step_unsafe-s41/training-4943140.log,output/benchmark_v2_temporal_confirmatory/v2time-grpo-gsm8k-qwen25_3b-one_step_unsafe-s41/phase-memory-4943140.csv,output/benchmark_v2_temporal_confirmatory/v2time-grpo-gsm8k-qwen25_3b-one_step_unsafe-s41/gpu-telemetry-4943140.csv,output/benchmark_v2_temporal_confirmatory/v2time-grpo-gsm8k-qwen25_3b-one_step_unsafe-s41/environment-4943140.json,,
run-0d1d57b08517c771,cfg-00e900d266f3e8a4,batch_reservation,strong-factorial-qwen25_3b-grpo-code_standard-base-s96,96,5032007,,,within_margin,1,1,33224.0,33224.0,215.0,idle,,profiles/standard_grpo/factorial-trials.csv,output/strengthening_factorial/strong-factorial-qwen25_3b-grpo-code_standard-base-s96/trial-5032007.json,output/strengthening_factorial/strong-factorial-qwen25_3b-grpo-code_standard-base-s96/training-5032007.log,output/strengthening_factorial/strong-factorial-qwen25_3b-grpo-code_standard-base-s96/phase-memory-5032007.csv,output/strengthening_factorial/strong-factorial-qwen25_3b-grpo-code_standard-base-s96/gpu-telemetry-5032007.csv,output/strengthening_factorial/strong-factorial-qwen25_3b-grpo-code_standard-base-s96/environment-5032007.json,,
run-0d9673e50a75b7c1,cfg-a0eeadfadfa890b0,batch_logging_control,review-control-qwen25_3b-code_heavy_tail-s123-external_b8,123,5048501,qwen25_3b-code_heavy_tail-s123,3,within_margin,1,1,33386.0,33386.0,192.0,idle,,profiles/review_revision/control-trials.csv,output/review_instrumentation_batch/review-control-qwen25_3b-code_heavy_tail-s123-external_b8/trial-5048501.json,output/review_instrumentation_batch/review-control-qwen25_3b-code_heavy_tail-s123-external_b8/attempt-5048501/training-5048501.log,output/review_instrumentation_batch/review-control-qwen25_3b-code_heavy_tail-s123-external_b8/attempt-5048501/phase-memory-5048501.csv,output/review_instrumentation_batch/review-control-qwen25_3b-code_heavy_tail-s123-external_b8/attempt-5048501/gpu-telemetry-5048501.csv,output/review_instrumentation_batch/review-control-qwen25_3b-code_heavy_tail-s123-external_b8/attempt-5048501/environment-5048501.json,output/review_instrumentation_batch/pairs/qwen25_3b-code_heavy_tail-s123/pair-5048501.json,018992850a9514b6dfd0d81a8060d7f8a98a89fa
run-0fdde96c688f32c7,cfg-402f13fde534d758,batch_reservation,strong-factorial-qwen25_3b-grpo-gsm8k-actor_only-s95,95,5032034,,,within_margin,1,1,33108.0,33108.0,194.0,idle,,profiles/standard_grpo/factorial-trials.csv,output/strengthening_factorial/strong-factorial-qwen25_3b-grpo-gsm8k-actor_only-s95/trial-5032034.json,output/strengthening_factorial/strong-factorial-qwen25_3b-grpo-gsm8k-actor_only-s95/training-5032034.log,output/strengthening_factorial/strong-factorial-qwen25_3b-grpo-gsm8k-actor_only-s95/phase-memory-5032034.csv,output/strengthening_factorial/strong-factorial-qwen25_3b-grpo-gsm8k-actor_only-s95/gpu-telemetry-5032034.csv,output/strengthening_factorial/strong-factorial-qwen25_3b-grpo-gsm8k-actor_only-s95/environment-5032034.json,,
run-0fe57a740983b1de,cfg-409a2028c2748c88,batch_logging_control,review-control-phi4_mini-gsm8k-s122-external_b16,122,5048577,phi4_mini-gsm8k-s122,3,within_margin,1,1,35518.0,35518.0,207.0,idle,,profiles/review_revision/control-trials.csv,output/review_instrumentation_batch/review-control-phi4_mini-gsm8k-s122-external_b16/trial-5048577.json,output/review_instrumentation_batch/review-control-phi4_mini-gsm8k-s122-external_b16/attempt-5048577/training-5048577.log,output/review_instrumentation_batch/review-control-phi4_mini-gsm8k-s122-external_b16/attempt-5048577/phase-memory-5048577.csv,output/review_instrumentation_batch/review-control-phi4_mini-gsm8k-s122-external_b16/attempt-5048577/gpu-telemetry-5048577.csv,output/review_instrumentation_batch/review-control-phi4_mini-gsm8k-s122-external_b16/attempt-5048577/environment-5048577.json,output/review_instrumentation_batch/pairs/phi4_mini-gsm8k-s122/pair-5048577.json,018992850a9514b6dfd0d81a8060d7f8a98a89fa
run-1006cbf4927f6a13,cfg-818aa43be2ebba5e,horizon_followup,rev-temporal-phi4_mini-math-interpolated-s111-long,111,5045338,phi4_mini-math-interpolated-s111,2,within_margin,1,100,38534.0,38534.0,4454.0,validation,,profiles/standard_grpo/revision-temporal-trials.csv,output/revision_temporal/rev-temporal-phi4_mini-math-interpolated-s111-long/trial-5045338.json,output/revision_temporal/rev-temporal-phi4_mini-math-interpolated-s111-long/attempt-5045338/training-5045338.log,output/revision_temporal/rev-temporal-phi4_mini-math-interpolated-s111-long/attempt-5045338/phase-memory-5045338.csv,output/revision_temporal/rev-temporal-phi4_mini-math-interpolated-s111-long/attempt-5045338/gpu-telemetry-5045338.csv,output/revision_temporal/rev-temporal-phi4_mini-math-interpolated-s111-long/attempt-5045338/environment-5045338.json,output/revision_temporal/pairs/phi4_mini-math-interpolated-s111/pair-5045338.json,92f97eb8c6f49cccbcaaa7f9c58d57eab8de8755
run-111ffec932918be2,cfg-a24e9cdd2f6143f2,boundary,mr-xm-confirm-phi4_mini-grpo-code_heavy_tail-c0-s51,51,5003405,,,within_margin,1,1,26056.0,26056.0,243.0,idle,,profiles/standard_grpo/boundary-trials.csv,output/major_revision_cross_model_confirmatory/mr-xm-confirm-phi4_mini-grpo-code_heavy_tail-c0-s51/trial-5003405.json,output/major_revision_cross_model_confirmatory/mr-xm-confirm-phi4_mini-grpo-code_heavy_tail-c0-s51/training-5003405.log,output/major_revision_cross_model_confirmatory/mr-xm-confirm-phi4_mini-grpo-code_heavy_tail-c0-s51/phase-memory-5003405.csv,output/major_revision_cross_model_confirmatory/mr-xm-confirm-phi4_mini-grpo-code_heavy_tail-c0-s51/gpu-telemetry-5003405.csv,output/major_revision_cross_model_confirmatory/mr-xm-confirm-phi4_mini-grpo-code_heavy_tail-c0-s51/environment-5003405.json,,
run-1143b68a594ed2fa,cfg-c2a8e6e8e140e109,four_gpu,rev-topology-granite33_2b-gsm8k-c3-s111-four_gpu,111,5045392,granite33_2b-gsm8k-c3-s111,1,within_margin,1,1,33660.0,33660.0,216.0,idle,,profiles/standard_grpo/revision-topology-trials.csv,output/revision_topology/rev-topology-granite33_2b-gsm8k-c3-s111-four_gpu/trial-5045392.json,output/revision_topology/rev-topology-granite33_2b-gsm8k-c3-s111-four_gpu/attempt-5045392/training-5045392.log,output/revision_topology/rev-topology-granite33_2b-gsm8k-c3-s111-four_gpu/attempt-5045392/phase-memory-5045392.csv,output/revision_topology/rev-topology-granite33_2b-gsm8k-c3-s111-four_gpu/attempt-5045392/gpu-telemetry-5045392.csv,output/revision_topology/rev-topology-granite33_2b-gsm8k-c3-s111-four_gpu/attempt-5045392/environment-5045392.json,output/revision_topology/pairs/granite33_2b-gsm8k-c3-s111/pair-5045392.json,b602c1ca41c1ab6d45a5a50885af86cfed90d0d6
run-11725abd32e6345f,cfg-78c440d3891ddbc2,four_gpu,rev-topology-qwen25_3b-gsm8k-c4-s111-four_gpu,111,5045297,qwen25_3b-gsm8k-c4-s111,1,within_margin,1,1,37976.0,37976.0,202.0,idle,,profiles/standard_grpo/revision-topology-trials.csv,output/revision_topology/rev-topology-qwen25_3b-gsm8k-c4-s111-four_gpu/trial-5045297.json,output/revision_topology/rev-topology-qwen25_3b-gsm8k-c4-s111-four_gpu/attempt-5045297/training-5045297.log,output/revision_topology/rev-topology-qwen25_3b-gsm8k-c4-s111-four_gpu/attempt-5045297/phase-memory-5045297.csv,output/revision_topology/rev-topology-qwen25_3b-gsm8k-c4-s111-four_gpu/attempt-5045297/gpu-telemetry-5045297.csv,output/revision_topology/rev-topology-qwen25_3b-gsm8k-c4-s111-four_gpu/attempt-5045297/environment-5045297.json,output/revision_topology/pairs/qwen25_3b-gsm8k-c4-s111/pair-5045297.json,b602c1ca41c1ab6d45a5a50885af86cfed90d0d6
run-11923134231cbe6e,cfg-4fc35dde1bc7253c,instrumentation,rev-instrumentation-granite33_2b-gsm8k-c4-s112-full,112,5045386,granite33_2b-gsm8k-c4-s112,2,above_margin,1,1,40382.0,40382.0,198.0,idle,,profiles/standard_grpo/revision-instrumentation-trials.csv,output/revision_instrumentation/rev-instrumentation-granite33_2b-gsm8k-c4-s112-full/trial-5045386.json,output/revision_instrumentation/rev-instrumentation-granite33_2b-gsm8k-c4-s112-full/attempt-5045386/training-5045386.log,output/revision_instrumentation/rev-instrumentation-granite33_2b-gsm8k-c4-s112-full/attempt-5045386/phase-memory-5045386.csv,output/revision_instrumentation/rev-instrumentation-granite33_2b-gsm8k-c4-s112-full/attempt-5045386/gpu-telemetry-5045386.csv,output/revision_instrumentation/rev-instrumentation-granite33_2b-gsm8k-c4-s112-full/attempt-5045386/environment-5045386.json,output/revision_instrumentation/pairs/granite33_2b-gsm8k-c4-s112/pair-5045386.json,92cd0c14334ab84d718fc3bdb03ae150f064654d
run-12bbd13dd5d69530,cfg-d559324a0b1e4ecd,instrumentation,rev-instrumentation-granite33_2b-gsm8k-c3-s111-full,111,5045376,granite33_2b-gsm8k-c3-s111,2,within_margin,1,1,36302.0,36302.0,184.0,idle,,profiles/standard_grpo/revision-instrumentation-trials.csv,output/revision_instrumentation/rev-instrumentation-granite33_2b-gsm8k-c3-s111-full/trial-5045376.json,output/revision_instrumentation/rev-instrumentation-granite33_2b-gsm8k-c3-s111-full/attempt-5045376/training-5045376.log,output/revision_instrumentation/rev-instrumentation-granite33_2b-gsm8k-c3-s111-full/attempt-5045376/phase-memory-5045376.csv,output/revision_instrumentation/rev-instrumentation-granite33_2b-gsm8k-c3-s111-full/attempt-5045376/gpu-telemetry-5045376.csv,output/revision_instrumentation/rev-instrumentation-granite33_2b-gsm8k-c3-s111-full/attempt-5045376/environment-5045376.json,output/revision_instrumentation/pairs/granite33_2b-gsm8k-c3-s111/pair-5045376.json,92cd0c14334ab84d718fc3bdb03ae150f064654d
run-1392dfe9ab81dc02,cfg-a330fc0dc0b46c34,horizon_followup,rev-temporal-granite33_2b-gsm8k-interpolated-s112-long,112,5045429,granite33_2b-gsm8k-interpolated-s112,2,within_margin,1,100,38586.0,38586.0,3403.0,validation,,profiles/standard_grpo/revision-temporal-trials.csv,output/revision_temporal/rev-temporal-granite33_2b-gsm8k-interpolated-s112-long/trial-5045429.json,output/revision_temporal/rev-temporal-granite33_2b-gsm8k-interpolated-s112-long/attempt-5045429/training-5045429.log,output/revision_temporal/rev-temporal-granite33_2b-gsm8k-interpolated-s112-long/attempt-5045429/phase-memory-5045429.csv,output/revision_temporal/rev-temporal-granite33_2b-gsm8k-interpolated-s112-long/attempt-5045429/gpu-telemetry-5045429.csv,output/revision_temporal/rev-temporal-granite33_2b-gsm8k-interpolated-s112-long/attempt-5045429/environment-5045429.json,output/revision_temporal/pairs/granite33_2b-gsm8k-interpolated-s112/pair-5045429.json,92f97eb8c6f49cccbcaaa7f9c58d57eab8de8755
run-1481d86d11d81180,cfg-acfa4acda15c3599,boundary,strong-granite-confirmatory-grpo-code_heavy_tail-c2-s91,91,5031345,,,within_margin,1,1,32542.0,32542.0,217.0,idle,,profiles/standard_grpo/boundary-trials.csv,output/strengthening_granite_confirmatory/strong-granite-confirmatory-grpo-code_heavy_tail-c2-s91/trial-5031345.json,output/strengthening_granite_confirmatory/strong-granite-confirmatory-grpo-code_heavy_tail-c2-s91/training-5031345.log,output/strengthening_granite_confirmatory/strong-granite-confirmatory-grpo-code_heavy_tail-c2-s91/phase-memory-5031345.csv,output/strengthening_granite_confirmatory/strong-granite-confirmatory-grpo-code_heavy_tail-c2-s91/gpu-telemetry-5031345.csv,output/strengthening_granite_confirmatory/strong-granite-confirmatory-grpo-code_heavy_tail-c2-s91/environment-5031345.json,,
run-14b716da6713bab4,cfg-00e900d266f3e8a4,batch_reservation,strong-factorial-qwen25_3b-grpo-code_standard-base-s95,95,5032006,,,within_margin,1,1,33298.0,33298.0,203.0,idle,,profiles/standard_grpo/factorial-trials.csv,output/strengthening_factorial/strong-factorial-qwen25_3b-grpo-code_standard-base-s95/trial-5032006.json,output/strengthening_factorial/strong-factorial-qwen25_3b-grpo-code_standard-base-s95/training-5032006.log,output/strengthening_factorial/strong-factorial-qwen25_3b-grpo-code_standard-base-s95/phase-memory-5032006.csv,output/strengthening_factorial/strong-factorial-qwen25_3b-grpo-code_standard-base-s95/gpu-telemetry-5032006.csv,output/strengthening_factorial/strong-factorial-qwen25_3b-grpo-code_standard-base-s95/environment-5032006.json,,
run-154259ed14525d2a,cfg-cad8341dbbff10ba,boundary,v2cf-confirm-qwen25_3b-grpo-math_short-c5-s42,42,4935983,,,memory_failure,0,1,10742.0,,102.0,initializing,rollout_init_memory,profiles/standard_grpo/boundary-trials.csv,output/benchmark_v2_cross_family_confirmatory/v2cf-confirm-qwen25_3b-grpo-math_short-c5-s42/trial-4935983.json,output/benchmark_v2_cross_family_confirmatory/v2cf-confirm-qwen25_3b-grpo-math_short-c5-s42/training-4935983.log,output/benchmark_v2_cross_family_confirmatory/v2cf-confirm-qwen25_3b-grpo-math_short-c5-s42/phase-memory-4935983.csv,output/benchmark_v2_cross_family_confirmatory/v2cf-confirm-qwen25_3b-grpo-math_short-c5-s42/gpu-telemetry-4935983.csv,output/benchmark_v2_cross_family_confirmatory/v2cf-confirm-qwen25_3b-grpo-math_short-c5-s42/environment-4935983.json,,
run-156386d35d0a38cd,cfg-49d9bccfe873f5c6,boundary,mr-xm-confirm-qwen25_3b-grpo-code_heavy_tail-c4-s52,52,4999827,,,memory_failure,0,1,40930.0,,166.0,rollout,rollout_oom,profiles/standard_grpo/boundary-trials.csv,output/major_revision_cross_model_confirmatory/mr-xm-confirm-qwen25_3b-grpo-code_heavy_tail-c4-s52/trial-4999827.json,output/major_revision_cross_model_confirmatory/mr-xm-confirm-qwen25_3b-grpo-code_heavy_tail-c4-s52/training-4999827.log,output/major_revision_cross_model_confirmatory/mr-xm-confirm-qwen25_3b-grpo-code_heavy_tail-c4-s52/phase-memory-4999827.csv,output/major_revision_cross_model_confirmatory/mr-xm-confirm-qwen25_3b-grpo-code_heavy_tail-c4-s52/gpu-telemetry-4999827.csv,output/major_revision_cross_model_confirmatory/mr-xm-confirm-qwen25_3b-grpo-code_heavy_tail-c4-s52/environment-4999827.json,,
run-15b7e41909f62734,cfg-331bb196cd92fe75,temporal_100,strong-time-grpo-gsm8k-qwen25_3b-safe_margin-s91,91,5032254,,,within_margin,1,100,32502.0,32502.0,8854.0,validation,,profiles/standard_grpo/temporal-100-trials.csv,output/strengthening_temporal_phases/strong-time-grpo-gsm8k-qwen25_3b-safe_margin-s91/trial-5032254.json,output/strengthening_temporal_phases/strong-time-grpo-gsm8k-qwen25_3b-safe_margin-s91/training-5032254.log,output/strengthening_temporal_phases/strong-time-grpo-gsm8k-qwen25_3b-safe_margin-s91/phase-memory-5032254.csv,output/strengthening_temporal_phases/strong-time-grpo-gsm8k-qwen25_3b-safe_margin-s91/gpu-telemetry-5032254.csv,output/strengthening_temporal_phases/strong-time-grpo-gsm8k-qwen25_3b-safe_margin-s91/environment-5032254.json,,
run-168853dccd7223a7,cfg-ca36112516a10a19,instrumentation,rev-instrumentation-phi4_mini-math-c3-s111-external,111,5045369,phi4_mini-math-c3-s111,2,above_margin,1,1,40016.0,40016.0,212.0,idle,,profiles/standard_grpo/revision-instrumentation-trials.csv,output/revision_instrumentation/rev-instrumentation-phi4_mini-math-c3-s111-external/trial-5045369.json,output/revision_instrumentation/rev-instrumentation-phi4_mini-math-c3-s111-external/attempt-5045369/training-5045369.log,output/revision_instrumentation/rev-instrumentation-phi4_mini-math-c3-s111-external/attempt-5045369/phase-memory-5045369.csv,output/revision_instrumentation/rev-instrumentation-phi4_mini-math-c3-s111-external/attempt-5045369/gpu-telemetry-5045369.csv,output/revision_instrumentation/rev-instrumentation-phi4_mini-math-c3-s111-external/attempt-5045369/environment-5045369.json,output/revision_instrumentation/pairs/phi4_mini-math-c3-s111/pair-5045369.json,92cd0c14334ab84d718fc3bdb03ae150f064654d
run-16aed4751b5f8c13,cfg-ea5a23a40ad5ca50,boundary,mr-xm-confirm-qwen25_3b-grpo-code_standard-c4-s52,52,4999424,,,memory_failure,0,1,40812.0,,640.0,rollout,rollout_oom,profiles/standard_grpo/boundary-trials.csv,output/major_revision_cross_model_confirmatory/mr-xm-confirm-qwen25_3b-grpo-code_standard-c4-s52/trial-4999424.json,output/major_revision_cross_model_confirmatory/mr-xm-confirm-qwen25_3b-grpo-code_standard-c4-s52/training-4999424.log,output/major_revision_cross_model_confirmatory/mr-xm-confirm-qwen25_3b-grpo-code_standard-c4-s52/phase-memory-4999424.csv,output/major_revision_cross_model_confirmatory/mr-xm-confirm-qwen25_3b-grpo-code_standard-c4-s52/gpu-telemetry-4999424.csv,output/major_revision_cross_model_confirmatory/mr-xm-confirm-qwen25_3b-grpo-code_standard-c4-s52/environment-4999424.json,,
run-1752a22f46393009,cfg-f21b459aeb04a6a7,instrumentation,rev-instrumentation-qwen25_3b-math-c4-s113-external,113,5045333,qwen25_3b-math-c4-s113,1,memory_failure,0,1,40956.0,,140.0,initializing,rollout_init_memory,profiles/standard_grpo/revision-instrumentation-trials.csv,output/revision_instrumentation/rev-instrumentation-qwen25_3b-math-c4-s113-external/trial-5045333.json,output/revision_instrumentation/rev-instrumentation-qwen25_3b-math-c4-s113-external/attempt-5045333/training-5045333.log,output/revision_instrumentation/rev-instrumentation-qwen25_3b-math-c4-s113-external/attempt-5045333/phase-memory-5045333.csv,output/revision_instrumentation/rev-instrumentation-qwen25_3b-math-c4-s113-external/attempt-5045333/gpu-telemetry-5045333.csv,output/revision_instrumentation/rev-instrumentation-qwen25_3b-math-c4-s113-external/attempt-5045333/environment-5045333.json,output/revision_instrumentation/pairs/qwen25_3b-math-c4-s113/pair-5045333.json,92cd0c14334ab84d718fc3bdb03ae150f064654d
run-177327206a8c16b7,cfg-d9397d15f234d541,boundary,strong-granite-confirmatory-grpo-code_heavy_tail-c1-s92,92,5031315,,,within_margin,1,1,21302.0,21302.0,214.0,idle,,profiles/standard_grpo/boundary-trials.csv,output/strengthening_granite_confirmatory/strong-granite-confirmatory-grpo-code_heavy_tail-c1-s92/trial-5031315.json,output/strengthening_granite_confirmatory/strong-granite-confirmatory-grpo-code_heavy_tail-c1-s92/training-5031315.log,output/strengthening_granite_confirmatory/strong-granite-confirmatory-grpo-code_heavy_tail-c1-s92/phase-memory-5031315.csv,output/strengthening_granite_confirmatory/strong-granite-confirmatory-grpo-code_heavy_tail-c1-s92/gpu-telemetry-5031315.csv,output/strengthening_granite_confirmatory/strong-granite-confirmatory-grpo-code_heavy_tail-c1-s92/environment-5031315.json,,
run-178b4724202d1604,cfg-1c5278f8be90a50a,boundary,mr-xm-confirm-qwen25_3b-grpo-code_heavy_tail-c3-s52,52,4999808,,,within_margin,1,1,37682.0,37682.0,194.0,idle,,profiles/standard_grpo/boundary-trials.csv,output/major_revision_cross_model_confirmatory/mr-xm-confirm-qwen25_3b-grpo-code_heavy_tail-c3-s52/trial-4999808.json,output/major_revision_cross_model_confirmatory/mr-xm-confirm-qwen25_3b-grpo-code_heavy_tail-c3-s52/training-4999808.log,output/major_revision_cross_model_confirmatory/mr-xm-confirm-qwen25_3b-grpo-code_heavy_tail-c3-s52/phase-memory-4999808.csv,output/major_revision_cross_model_confirmatory/mr-xm-confirm-qwen25_3b-grpo-code_heavy_tail-c3-s52/gpu-telemetry-4999808.csv,output/major_revision_cross_model_confirmatory/mr-xm-confirm-qwen25_3b-grpo-code_heavy_tail-c3-s52/environment-4999808.json,,
run-1841e2c0d781c74b,cfg-55811d23c5144bb7,boundary,v2cf-confirm-qwen25_3b-grpo-math_short-c4-s42,42,4935967,,,memory_failure,0,1,40956.0,,132.0,initializing,rollout_init_memory,profiles/standard_grpo/boundary-trials.csv,output/benchmark_v2_cross_family_confirmatory/v2cf-confirm-qwen25_3b-grpo-math_short-c4-s42/trial-4935967.json,output/benchmark_v2_cross_family_confirmatory/v2cf-confirm-qwen25_3b-grpo-math_short-c4-s42/training-4935967.log,output/benchmark_v2_cross_family_confirmatory/v2cf-confirm-qwen25_3b-grpo-math_short-c4-s42/phase-memory-4935967.csv,output/benchmark_v2_cross_family_confirmatory/v2cf-confirm-qwen25_3b-grpo-math_short-c4-s42/gpu-telemetry-4935967.csv,output/benchmark_v2_cross_family_confirmatory/v2cf-confirm-qwen25_3b-grpo-math_short-c4-s42/environment-4935967.json,,
run-185759787327a1e5,cfg-d02503f8c9804a2d,boundary,strong-granite-confirmatory-grpo-math_short-c4-s93,93,5031390,,,above_margin,1,1,40750.0,40750.0,199.0,idle,,profiles/standard_grpo/boundary-trials.csv,output/strengthening_granite_confirmatory/strong-granite-confirmatory-grpo-math_short-c4-s93/trial-5031390.json,output/strengthening_granite_confirmatory/strong-granite-confirmatory-grpo-math_short-c4-s93/training-5031390.log,output/strengthening_granite_confirmatory/strong-granite-confirmatory-grpo-math_short-c4-s93/phase-memory-5031390.csv,output/strengthening_granite_confirmatory/strong-granite-confirmatory-grpo-math_short-c4-s93/gpu-telemetry-5031390.csv,output/strengthening_granite_confirmatory/strong-granite-confirmatory-grpo-math_short-c4-s93/environment-5031390.json,,
run-18f953f654c9c150,cfg-f03e4e98c682240e,four_gpu,rev-topology-qwen25_3b-math-c2-s112-four_gpu,112,5045318,qwen25_3b-math-c2-s112,1,within_margin,1,1,30178.0,30178.0,212.0,idle,,profiles/standard_grpo/revision-topology-trials.csv,output/revision_topology/rev-topology-qwen25_3b-math-c2-s112-four_gpu/trial-5045318.json,output/revision_topology/rev-topology-qwen25_3b-math-c2-s112-four_gpu/attempt-5045318/training-5045318.log,output/revision_topology/rev-topology-qwen25_3b-math-c2-s112-four_gpu/attempt-5045318/phase-memory-5045318.csv,output/revision_topology/rev-topology-qwen25_3b-math-c2-s112-four_gpu/attempt-5045318/gpu-telemetry-5045318.csv,output/revision_topology/rev-topology-qwen25_3b-math-c2-s112-four_gpu/attempt-5045318/environment-5045318.json,output/revision_topology/pairs/qwen25_3b-math-c2-s112/pair-5045318.json,b602c1ca41c1ab6d45a5a50885af86cfed90d0d6
run-19a95273a2b69dde,cfg-5047dff55c13e55f,batch_reservation,strong-factorial-qwen25_3b-grpo-gsm8k-base-s95,95,5032029,,,within_margin,1,1,33108.0,33108.0,217.0,idle,,profiles/standard_grpo/factorial-trials.csv,output/strengthening_factorial/strong-factorial-qwen25_3b-grpo-gsm8k-base-s95/trial-5032029.json,output/strengthening_factorial/strong-factorial-qwen25_3b-grpo-gsm8k-base-s95/training-5032029.log,output/strengthening_factorial/strong-factorial-qwen25_3b-grpo-gsm8k-base-s95/phase-memory-5032029.csv,output/strengthening_factorial/strong-factorial-qwen25_3b-grpo-gsm8k-base-s95/gpu-telemetry-5032029.csv,output/strengthening_factorial/strong-factorial-qwen25_3b-grpo-gsm8k-base-s95/environment-5032029.json,,
run-19bfb0150a518fd6,cfg-aca3236b5ba27772,batch_logging_control,review-control-phi4_mini-gsm8k-s121-external_b8,121,5048502,phi4_mini-gsm8k-s121,1,within_margin,1,1,35538.0,35538.0,247.0,idle,,profiles/review_revision/control-trials.csv,output/review_instrumentation_batch/review-control-phi4_mini-gsm8k-s121-external_b8/trial-5048502.json,output/review_instrumentation_batch/review-control-phi4_mini-gsm8k-s121-external_b8/attempt-5048502/training-5048502.log,output/review_instrumentation_batch/review-control-phi4_mini-gsm8k-s121-external_b8/attempt-5048502/phase-memory-5048502.csv,output/review_instrumentation_batch/review-control-phi4_mini-gsm8k-s121-external_b8/attempt-5048502/gpu-telemetry-5048502.csv,output/review_instrumentation_batch/review-control-phi4_mini-gsm8k-s121-external_b8/attempt-5048502/environment-5048502.json,output/review_instrumentation_batch/pairs/phi4_mini-gsm8k-s121/pair-5048502.json,018992850a9514b6dfd0d81a8060d7f8a98a89fa
run-19e526fd4d600c0b,cfg-a026693bae37d30b,boundary,mr-xm-confirm-phi4_mini-grpo-code_standard-c3-s51,51,5002740,,,above_margin,1,1,39970.0,39970.0,202.0,idle,,profiles/standard_grpo/boundary-trials.csv,output/major_revision_cross_model_confirmatory/mr-xm-confirm-phi4_mini-grpo-code_standard-c3-s51/trial-5002740.json,output/major_revision_cross_model_confirmatory/mr-xm-confirm-phi4_mini-grpo-code_standard-c3-s51/training-5002740.log,output/major_revision_cross_model_confirmatory/mr-xm-confirm-phi4_mini-grpo-code_standard-c3-s51/phase-memory-5002740.csv,output/major_revision_cross_model_confirmatory/mr-xm-confirm-phi4_mini-grpo-code_standard-c3-s51/gpu-telemetry-5002740.csv,output/major_revision_cross_model_confirmatory/mr-xm-confirm-phi4_mini-grpo-code_standard-c3-s51/environment-5002740.json,,
run-19ff7c5a71e30198,cfg-62f371a80968a0ba,boundary,v2cf-confirm-qwen25_3b-grpo-math_short-c1-s43,43,4935556,,,within_margin,1,1,21880.0,21880.0,243.0,idle,,profiles/standard_grpo/boundary-trials.csv,output/benchmark_v2_cross_family_confirmatory/v2cf-confirm-qwen25_3b-grpo-math_short-c1-s43/trial-4935556.json,output/benchmark_v2_cross_family_confirmatory/v2cf-confirm-qwen25_3b-grpo-math_short-c1-s43/training-4935556.log,output/benchmark_v2_cross_family_confirmatory/v2cf-confirm-qwen25_3b-grpo-math_short-c1-s43/phase-memory-4935556.csv,output/benchmark_v2_cross_family_confirmatory/v2cf-confirm-qwen25_3b-grpo-math_short-c1-s43/gpu-telemetry-4935556.csv,output/benchmark_v2_cross_family_confirmatory/v2cf-confirm-qwen25_3b-grpo-math_short-c1-s43/environment-4935556.json,,
run-1a30bc35e1e7a5ef,cfg-db87c67536995ab0,boundary,mr-xm-confirm-qwen25_3b-grpo-code_standard-c1-s53,53,4999353,,,within_margin,1,1,21540.0,21540.0,214.0,idle,,profiles/standard_grpo/boundary-trials.csv,output/major_revision_cross_model_confirmatory/mr-xm-confirm-qwen25_3b-grpo-code_standard-c1-s53/trial-4999353.json,output/major_revision_cross_model_confirmatory/mr-xm-confirm-qwen25_3b-grpo-code_standard-c1-s53/training-4999353.log,output/major_revision_cross_model_confirmatory/mr-xm-confirm-qwen25_3b-grpo-code_standard-c1-s53/phase-memory-4999353.csv,output/major_revision_cross_model_confirmatory/mr-xm-confirm-qwen25_3b-grpo-code_standard-c1-s53/gpu-telemetry-4999353.csv,output/major_revision_cross_model_confirmatory/mr-xm-confirm-qwen25_3b-grpo-code_standard-c1-s53/environment-4999353.json,,
run-1ad38d95ed55b4ef,cfg-3b9787f775169f3d,batch_reservation,strong-factorial-granite33_2b-grpo-math_short-actor_only-s96,96,5031431,,,within_margin,1,1,32670.0,32670.0,207.0,idle,,profiles/standard_grpo/factorial-trials.csv,output/strengthening_factorial/strong-factorial-granite33_2b-grpo-math_short-actor_only-s96/trial-5031431.json,output/strengthening_factorial/strong-factorial-granite33_2b-grpo-math_short-actor_only-s96/training-5031431.log,output/strengthening_factorial/strong-factorial-granite33_2b-grpo-math_short-actor_only-s96/phase-memory-5031431.csv,output/strengthening_factorial/strong-factorial-granite33_2b-grpo-math_short-actor_only-s96/gpu-telemetry-5031431.csv,output/strengthening_factorial/strong-factorial-granite33_2b-grpo-math_short-actor_only-s96/environment-5031431.json,,
run-1bf72aa78c85243a,cfg-aa33c72e0a449b9c,boundary,strong-granite-confirmatory-grpo-code_heavy_tail-c3-s93,93,5031364,,,within_margin,1,1,36542.0,36542.0,198.0,idle,,profiles/standard_grpo/boundary-trials.csv,output/strengthening_granite_confirmatory/strong-granite-confirmatory-grpo-code_heavy_tail-c3-s93/trial-5031364.json,output/strengthening_granite_confirmatory/strong-granite-confirmatory-grpo-code_heavy_tail-c3-s93/training-5031364.log,output/strengthening_granite_confirmatory/strong-granite-confirmatory-grpo-code_heavy_tail-c3-s93/phase-memory-5031364.csv,output/strengthening_granite_confirmatory/strong-granite-confirmatory-grpo-code_heavy_tail-c3-s93/gpu-telemetry-5031364.csv,output/strengthening_granite_confirmatory/strong-granite-confirmatory-grpo-code_heavy_tail-c3-s93/environment-5031364.json,,
run-1ca25751126ef871,cfg-445e1547e9317cd0,batch_reservation,strong-factorial-granite33_2b-grpo-gsm8k_long-base-s95,95,5031354,,,within_margin,1,1,32322.0,32322.0,230.0,idle,,profiles/standard_grpo/factorial-trials.csv,output/strengthening_factorial/strong-factorial-granite33_2b-grpo-gsm8k_long-base-s95/trial-5031354.json,output/strengthening_factorial/strong-factorial-granite33_2b-grpo-gsm8k_long-base-s95/training-5031354.log,output/strengthening_factorial/strong-factorial-granite33_2b-grpo-gsm8k_long-base-s95/phase-memory-5031354.csv,output/strengthening_factorial/strong-factorial-granite33_2b-grpo-gsm8k_long-base-s95/gpu-telemetry-5031354.csv,output/strengthening_factorial/strong-factorial-granite33_2b-grpo-gsm8k_long-base-s95/environment-5031354.json,,
run-1d1ad0f9c5a5469b,cfg-fd4d4789145230df,boundary,strong-granite-confirmatory-grpo-math_short-c1-s91,91,5031332,,,within_margin,1,1,21516.0,21516.0,230.0,idle,,profiles/standard_grpo/boundary-trials.csv,output/strengthening_granite_confirmatory/strong-granite-confirmatory-grpo-math_short-c1-s91/trial-5031332.json,output/strengthening_granite_confirmatory/strong-granite-confirmatory-grpo-math_short-c1-s91/training-5031332.log,output/strengthening_granite_confirmatory/strong-granite-confirmatory-grpo-math_short-c1-s91/phase-memory-5031332.csv,output/strengthening_granite_confirmatory/strong-granite-confirmatory-grpo-math_short-c1-s91/gpu-telemetry-5031332.csv,output/strengthening_granite_confirmatory/strong-granite-confirmatory-grpo-math_short-c1-s91/environment-5031332.json,,
run-1da3aedb62f70d0e,cfg-3b9787f775169f3d,batch_reservation,strong-factorial-granite33_2b-grpo-math_short-actor_only-s94,94,5031429,,,within_margin,1,1,32670.0,32670.0,210.0,idle,,profiles/standard_grpo/factorial-trials.csv,output/strengthening_factorial/strong-factorial-granite33_2b-grpo-math_short-actor_only-s94/trial-5031429.json,output/strengthening_factorial/strong-factorial-granite33_2b-grpo-math_short-actor_only-s94/training-5031429.log,output/strengthening_factorial/strong-factorial-granite33_2b-grpo-math_short-actor_only-s94/phase-memory-5031429.csv,output/strengthening_factorial/strong-factorial-granite33_2b-grpo-math_short-actor_only-s94/gpu-telemetry-5031429.csv,output/strengthening_factorial/strong-factorial-granite33_2b-grpo-math_short-actor_only-s94/environment-5031429.json,,
run-1ea07dd20cf118b2,cfg-ea5a23a40ad5ca50,boundary,mr-xm-confirm-qwen25_3b-grpo-code_standard-c4-s53,53,4999486,,,memory_failure,0,1,40926.0,,176.0,rollout,rollout_oom,profiles/standard_grpo/boundary-trials.csv,output/major_revision_cross_model_confirmatory/mr-xm-confirm-qwen25_3b-grpo-code_standard-c4-s53/trial-4999486.json,output/major_revision_cross_model_confirmatory/mr-xm-confirm-qwen25_3b-grpo-code_standard-c4-s53/training-4999486.log,output/major_revision_cross_model_confirmatory/mr-xm-confirm-qwen25_3b-grpo-code_standard-c4-s53/phase-memory-4999486.csv,output/major_revision_cross_model_confirmatory/mr-xm-confirm-qwen25_3b-grpo-code_standard-c4-s53/gpu-telemetry-4999486.csv,output/major_revision_cross_model_confirmatory/mr-xm-confirm-qwen25_3b-grpo-code_standard-c4-s53/environment-4999486.json,,
run-211ac103cea42555,cfg-419301d6d3eea82b,state_release,strong-node-qwen25_3b-grpo-gsm8k-safe_margin-s83-p1-resident,83,5031106,strong-node-qwen25_3b-grpo-gsm8k-safe_margin-s83,1,within_margin,1,1,26784.0,26784.0,248.0,idle,,profiles/standard_grpo/same-node-trials.csv,output/strengthening_same_node_residency/strong-node-qwen25_3b-grpo-gsm8k-safe_margin-s83-p1-resident/trial-5031106.json,output/strengthening_same_node_residency/strong-node-qwen25_3b-grpo-gsm8k-safe_margin-s83-p1-resident/training-5031106.log,output/strengthening_same_node_residency/strong-node-qwen25_3b-grpo-gsm8k-safe_margin-s83-p1-resident/phase-memory-5031106.csv,output/strengthening_same_node_residency/strong-node-qwen25_3b-grpo-gsm8k-safe_margin-s83-p1-resident/gpu-telemetry-5031106.csv,output/strengthening_same_node_residency/strong-node-qwen25_3b-grpo-gsm8k-safe_margin-s83-p1-resident/environment-5031106.json,,
run-21226a472c7182cd,cfg-14d47144a7cbb833,batch_reservation,strong-factorial-phi4_mini-grpo-gsm8k-base-s95,95,5031779,,,within_margin,1,1,35518.0,35518.0,205.0,idle,,profiles/standard_grpo/factorial-trials.csv,output/strengthening_factorial/strong-factorial-phi4_mini-grpo-gsm8k-base-s95/trial-5031779.json,output/strengthening_factorial/strong-factorial-phi4_mini-grpo-gsm8k-base-s95/training-5031779.log,output/strengthening_factorial/strong-factorial-phi4_mini-grpo-gsm8k-base-s95/phase-memory-5031779.csv,output/strengthening_factorial/strong-factorial-phi4_mini-grpo-gsm8k-base-s95/gpu-telemetry-5031779.csv,output/strengthening_factorial/strong-factorial-phi4_mini-grpo-gsm8k-base-s95/environment-5031779.json,,
run-21f4e701a6105c44,cfg-b1aeb72d4434b30d,batch_reservation,strong-factorial-phi4_mini-grpo-gsm8k-reservation_only-s94,94,5031797,,,above_margin,1,1,39550.0,39550.0,219.0,idle,,profiles/standard_grpo/factorial-trials.csv,output/strengthening_factorial/strong-factorial-phi4_mini-grpo-gsm8k-reservation_only-s94/trial-5031797.json,output/strengthening_factorial/strong-factorial-phi4_mini-grpo-gsm8k-reservation_only-s94/training-5031797.log,output/strengthening_factorial/strong-factorial-phi4_mini-grpo-gsm8k-reservation_only-s94/phase-memory-5031797.csv,output/strengthening_factorial/strong-factorial-phi4_mini-grpo-gsm8k-reservation_only-s94/gpu-telemetry-5031797.csv,output/strengthening_factorial/strong-factorial-phi4_mini-grpo-gsm8k-reservation_only-s94/environment-5031797.json,,
run-226e7788ecb92b3d,cfg-191bdf2aa4d09de2,batch_reservation,strong-factorial-phi4_mini-grpo-math-base-s95,95,5031824,,,within_margin,1,1,36086.0,36086.0,207.0,idle,,profiles/standard_grpo/factorial-trials.csv,output/strengthening_factorial/strong-factorial-phi4_mini-grpo-math-base-s95/trial-5031824.json,output/strengthening_factorial/strong-factorial-phi4_mini-grpo-math-base-s95/training-5031824.log,output/strengthening_factorial/strong-factorial-phi4_mini-grpo-math-base-s95/phase-memory-5031824.csv,output/strengthening_factorial/strong-factorial-phi4_mini-grpo-math-base-s95/gpu-telemetry-5031824.csv,output/strengthening_factorial/strong-factorial-phi4_mini-grpo-math-base-s95/environment-5031824.json,,
run-2306e561112631b4,cfg-fad1b555f8b37235,boundary,mr-xm-confirm-qwen25_3b-grpo-code_heavy_tail-c5-s53,53,4999868,,,memory_failure,0,1,10742.0,,105.0,initializing,rollout_init_memory,profiles/standard_grpo/boundary-trials.csv,output/major_revision_cross_model_confirmatory/mr-xm-confirm-qwen25_3b-grpo-code_heavy_tail-c5-s53/trial-4999868.json,output/major_revision_cross_model_confirmatory/mr-xm-confirm-qwen25_3b-grpo-code_heavy_tail-c5-s53/training-4999868.log,output/major_revision_cross_model_confirmatory/mr-xm-confirm-qwen25_3b-grpo-code_heavy_tail-c5-s53/phase-memory-4999868.csv,output/major_revision_cross_model_confirmatory/mr-xm-confirm-qwen25_3b-grpo-code_heavy_tail-c5-s53/gpu-telemetry-4999868.csv,output/major_revision_cross_model_confirmatory/mr-xm-confirm-qwen25_3b-grpo-code_heavy_tail-c5-s53/environment-4999868.json,,
run-23b9fb5e02ab59df,cfg-f75b68f479767290,boundary,mr-xm-confirm-phi4_mini-grpo-code_standard-c1-s51,51,5002557,,,within_margin,1,1,26056.0,26056.0,199.0,idle,,profiles/standard_grpo/boundary-trials.csv,output/major_revision_cross_model_confirmatory/mr-xm-confirm-phi4_mini-grpo-code_standard-c1-s51/trial-5002557.json,output/major_revision_cross_model_confirmatory/mr-xm-confirm-phi4_mini-grpo-code_standard-c1-s51/training-5002557.log,output/major_revision_cross_model_confirmatory/mr-xm-confirm-phi4_mini-grpo-code_standard-c1-s51/phase-memory-5002557.csv,output/major_revision_cross_model_confirmatory/mr-xm-confirm-phi4_mini-grpo-code_standard-c1-s51/gpu-telemetry-5002557.csv,output/major_revision_cross_model_confirmatory/mr-xm-confirm-phi4_mini-grpo-code_standard-c1-s51/environment-5002557.json,,
run-23c83a081ae6fb32,cfg-4c4910aff27c5f91,sampling_calibration,v2tel-05-qwen25_3b-grpo-gsm8k-safe_margin-10ms,53,4935211,v2tel-05-qwen25_3b-grpo-gsm8k-safe_margin,,within_margin,1,1,21540.0,21540.0,248.0,idle,,profiles/standard_grpo/telemetry-trials.csv,output/benchmark_v2_telemetry_calibration/v2tel-05-qwen25_3b-grpo-gsm8k-safe_margin-10ms/trial-4935211.json,output/benchmark_v2_telemetry_calibration/v2tel-05-qwen25_3b-grpo-gsm8k-safe_margin-10ms/training-4935211.log,output/benchmark_v2_telemetry_calibration/v2tel-05-qwen25_3b-grpo-gsm8k-safe_margin-10ms/phase-memory-4935211.csv,output/benchmark_v2_telemetry_calibration/v2tel-05-qwen25_3b-grpo-gsm8k-safe_margin-10ms/gpu-telemetry-4935211.csv,output/benchmark_v2_telemetry_calibration/v2tel-05-qwen25_3b-grpo-gsm8k-safe_margin-10ms/environment-4935211.json,,
run-23f0078f77c42951,cfg-8a39420e5b484230,batch_reservation,strong-factorial-phi4_mini-grpo-math-reservation_only-s94,94,5031838,,,above_margin,1,1,40058.0,40058.0,210.0,idle,,profiles/standard_grpo/factorial-trials.csv,output/strengthening_factorial/strong-factorial-phi4_mini-grpo-math-reservation_only-s94/trial-5031838.json,output/strengthening_factorial/strong-factorial-phi4_mini-grpo-math-reservation_only-s94/training-5031838.log,output/strengthening_factorial/strong-factorial-phi4_mini-grpo-math-reservation_only-s94/phase-memory-5031838.csv,output/strengthening_factorial/strong-factorial-phi4_mini-grpo-math-reservation_only-s94/gpu-telemetry-5031838.csv,output/strengthening_factorial/strong-factorial-phi4_mini-grpo-math-reservation_only-s94/environment-5031838.json,,
run-241026e9cbd44d76,cfg-c3f0ad157d299d39,boundary,strong-granite-confirmatory-grpo-code_standard-c3-s91,91,5031382,,,within_margin,1,1,36480.0,36480.0,209.0,idle,,profiles/standard_grpo/boundary-trials.csv,output/strengthening_granite_confirmatory/strong-granite-confirmatory-grpo-code_standard-c3-s91/trial-5031382.json,output/strengthening_granite_confirmatory/strong-granite-confirmatory-grpo-code_standard-c3-s91/training-5031382.log,output/strengthening_granite_confirmatory/strong-granite-confirmatory-grpo-code_standard-c3-s91/phase-memory-5031382.csv,output/strengthening_granite_confirmatory/strong-granite-confirmatory-grpo-code_standard-c3-s91/gpu-telemetry-5031382.csv,output/strengthening_granite_confirmatory/strong-granite-confirmatory-grpo-code_standard-c3-s91/environment-5031382.json,,
run-24d31fead95d3089,cfg-a188f9742074d270,state_release,strong-node-qwen25_3b-grpo-gsm8k-near_boundary-s81-p2-resident,81,5031091,strong-node-qwen25_3b-grpo-gsm8k-near_boundary-s81,2,memory_failure,0,1,40926.0,,150.0,initializing,weight_sync_oom,profiles/standard_grpo/same-node-trials.csv,output/strengthening_same_node_residency/strong-node-qwen25_3b-grpo-gsm8k-near_boundary-s81-p2-resident/trial-5031091.json,output/strengthening_same_node_residency/strong-node-qwen25_3b-grpo-gsm8k-near_boundary-s81-p2-resident/training-5031091.log,output/strengthening_same_node_residency/strong-node-qwen25_3b-grpo-gsm8k-near_boundary-s81-p2-resident/phase-memory-5031091.csv,output/strengthening_same_node_residency/strong-node-qwen25_3b-grpo-gsm8k-near_boundary-s81-p2-resident/gpu-telemetry-5031091.csv,output/strengthening_same_node_residency/strong-node-qwen25_3b-grpo-gsm8k-near_boundary-s81-p2-resident/environment-5031091.json,,
run-254b76d27348fbce,cfg-c52a49b3491283c7,temporal_100,strong-time-grpo-gsm8k-qwen25_3b-near_boundary-s92,92,5032500,,,within_margin,1,100,38148.0,38148.0,9088.0,validation,,profiles/standard_grpo/temporal-100-trials.csv,output/strengthening_temporal_phases/strong-time-grpo-gsm8k-qwen25_3b-near_boundary-s92/trial-5032500.json,output/strengthening_temporal_phases/strong-time-grpo-gsm8k-qwen25_3b-near_boundary-s92/training-5032500.log,output/strengthening_temporal_phases/strong-time-grpo-gsm8k-qwen25_3b-near_boundary-s92/phase-memory-5032500.csv,output/strengthening_temporal_phases/strong-time-grpo-gsm8k-qwen25_3b-near_boundary-s92/gpu-telemetry-5032500.csv,output/strengthening_temporal_phases/strong-time-grpo-gsm8k-qwen25_3b-near_boundary-s92/environment-5032500.json,,
run-26556af229c766af,cfg-bfb83ff32b7fd921,boundary,mr-xm-confirm-qwen25_3b-grpo-code_heavy_tail-c1-s52,52,4999655,,,within_margin,1,1,21560.0,21560.0,215.0,idle,,profiles/standard_grpo/boundary-trials.csv,output/major_revision_cross_model_confirmatory/mr-xm-confirm-qwen25_3b-grpo-code_heavy_tail-c1-s52/trial-4999655.json,output/major_revision_cross_model_confirmatory/mr-xm-confirm-qwen25_3b-grpo-code_heavy_tail-c1-s52/training-4999655.log,output/major_revision_cross_model_confirmatory/mr-xm-confirm-qwen25_3b-grpo-code_heavy_tail-c1-s52/phase-memory-4999655.csv,output/major_revision_cross_model_confirmatory/mr-xm-confirm-qwen25_3b-grpo-code_heavy_tail-c1-s52/gpu-telemetry-4999655.csv,output/major_revision_cross_model_confirmatory/mr-xm-confirm-qwen25_3b-grpo-code_heavy_tail-c1-s52/environment-4999655.json,,
run-26e3224353ef75d1,cfg-e5f3439a7c655274,temporal_40,v2time-grpo-gsm8k-qwen25_3b-near_boundary-s43,43,4943041,,,within_margin,1,40,38196.0,38196.0,3656.0,idle,,profiles/standard_grpo/temporal-40-trials.csv,output/benchmark_v2_temporal_confirmatory/v2time-grpo-gsm8k-qwen25_3b-near_boundary-s43/trial-4943041.json,output/benchmark_v2_temporal_confirmatory/v2time-grpo-gsm8k-qwen25_3b-near_boundary-s43/training-4943041.log,output/benchmark_v2_temporal_confirmatory/v2time-grpo-gsm8k-qwen25_3b-near_boundary-s43/phase-memory-4943041.csv,output/benchmark_v2_temporal_confirmatory/v2time-grpo-gsm8k-qwen25_3b-near_boundary-s43/gpu-telemetry-4943041.csv,output/benchmark_v2_temporal_confirmatory/v2time-grpo-gsm8k-qwen25_3b-near_boundary-s43/environment-4943041.json,,
run-27b3d2d3151fa554,cfg-32977d5aa42a41cb,boundary,strong-granite-confirmatory-grpo-math_short-c5-s92,92,5031391,,,memory_failure,0,1,7780.0,,97.0,initializing,rollout_init_memory,profiles/standard_grpo/boundary-trials.csv,output/strengthening_granite_confirmatory/strong-granite-confirmatory-grpo-math_short-c5-s92/trial-5031391.json,output/strengthening_granite_confirmatory/strong-granite-confirmatory-grpo-math_short-c5-s92/training-5031391.log,output/strengthening_granite_confirmatory/strong-granite-confirmatory-grpo-math_short-c5-s92/phase-memory-5031391.csv,output/strengthening_granite_confirmatory/strong-granite-confirmatory-grpo-math_short-c5-s92/gpu-telemetry-5031391.csv,output/strengthening_granite_confirmatory/strong-granite-confirmatory-grpo-math_short-c5-s92/environment-5031391.json,,
run-27e9d00ab1d16c97,cfg-e2763ffc8afa3602,batch_reservation,strong-factorial-granite33_2b-grpo-gsm8k_long-reservation_only-s95,95,5031394,,,within_margin,1,1,36302.0,36302.0,196.0,idle,,profiles/standard_grpo/factorial-trials.csv,output/strengthening_factorial/strong-factorial-granite33_2b-grpo-gsm8k_long-reservation_only-s95/trial-5031394.json,output/strengthening_factorial/strong-factorial-granite33_2b-grpo-gsm8k_long-reservation_only-s95/training-5031394.log,output/strengthening_factorial/strong-factorial-granite33_2b-grpo-gsm8k_long-reservation_only-s95/phase-memory-5031394.csv,output/strengthening_factorial/strong-factorial-granite33_2b-grpo-gsm8k_long-reservation_only-s95/gpu-telemetry-5031394.csv,output/strengthening_factorial/strong-factorial-granite33_2b-grpo-gsm8k_long-reservation_only-s95/environment-5031394.json,,
run-2892724d6e7b2ae0,cfg-cc5f4f0c2e1256ba,boundary,strong-granite-confirmatory-grpo-code_standard-c1-s93,93,5031418,,,within_margin,1,1,21270.0,21270.0,203.0,idle,,profiles/standard_grpo/boundary-trials.csv,output/strengthening_granite_confirmatory/strong-granite-confirmatory-grpo-code_standard-c1-s93/trial-5031418.json,output/strengthening_granite_confirmatory/strong-granite-confirmatory-grpo-code_standard-c1-s93/training-5031418.log,output/strengthening_granite_confirmatory/strong-granite-confirmatory-grpo-code_standard-c1-s93/phase-memory-5031418.csv,output/strengthening_granite_confirmatory/strong-granite-confirmatory-grpo-code_standard-c1-s93/gpu-telemetry-5031418.csv,output/strengthening_granite_confirmatory/strong-granite-confirmatory-grpo-code_standard-c1-s93/environment-5031418.json,,
run-291422f03d5c31ce,cfg-b062fc673112f583,batch_reservation,strong-factorial-phi4_mini-grpo-code_heavy_tail-joint-s95,95,5031730,,,above_margin,1,1,40142.0,40142.0,209.0,idle,,profiles/standard_grpo/factorial-trials.csv,output/strengthening_factorial/strong-factorial-phi4_mini-grpo-code_heavy_tail-joint-s95/trial-5031730.json,output/strengthening_factorial/strong-factorial-phi4_mini-grpo-code_heavy_tail-joint-s95/training-5031730.log,output/strengthening_factorial/strong-factorial-phi4_mini-grpo-code_heavy_tail-joint-s95/phase-memory-5031730.csv,output/strengthening_factorial/strong-factorial-phi4_mini-grpo-code_heavy_tail-joint-s95/gpu-telemetry-5031730.csv,output/strengthening_factorial/strong-factorial-phi4_mini-grpo-code_heavy_tail-joint-s95/environment-5031730.json,,
run-294352cf62ba89f1,cfg-a330fc0dc0b46c34,horizon_followup,rev-temporal-granite33_2b-gsm8k-interpolated-s113-long,113,5045430,granite33_2b-gsm8k-interpolated-s113,2,within_margin,1,100,38514.0,38514.0,3805.0,validation,,profiles/standard_grpo/revision-temporal-trials.csv,output/revision_temporal/rev-temporal-granite33_2b-gsm8k-interpolated-s113-long/trial-5045430.json,output/revision_temporal/rev-temporal-granite33_2b-gsm8k-interpolated-s113-long/attempt-5045430/training-5045430.log,output/revision_temporal/rev-temporal-granite33_2b-gsm8k-interpolated-s113-long/attempt-5045430/phase-memory-5045430.csv,output/revision_temporal/rev-temporal-granite33_2b-gsm8k-interpolated-s113-long/attempt-5045430/gpu-telemetry-5045430.csv,output/revision_temporal/rev-temporal-granite33_2b-gsm8k-interpolated-s113-long/attempt-5045430/environment-5045430.json,output/revision_temporal/pairs/granite33_2b-gsm8k-interpolated-s113/pair-5045430.json,92f97eb8c6f49cccbcaaa7f9c58d57eab8de8755
run-295d65824fa3093e,cfg-e117f15dd5ccfb30,boundary,mr-xm-confirm-phi4_mini-grpo-code_heavy_tail-c2-s52,52,5003942,,,within_margin,1,1,35958.0,35958.0,237.0,idle,,profiles/standard_grpo/boundary-trials.csv,output/major_revision_cross_model_confirmatory/mr-xm-confirm-phi4_mini-grpo-code_heavy_tail-c2-s52/trial-5003942.json,output/major_revision_cross_model_confirmatory/mr-xm-confirm-phi4_mini-grpo-code_heavy_tail-c2-s52/training-5003942.log,output/major_revision_cross_model_confirmatory/mr-xm-confirm-phi4_mini-grpo-code_heavy_tail-c2-s52/phase-memory-5003942.csv,output/major_revision_cross_model_confirmatory/mr-xm-confirm-phi4_mini-grpo-code_heavy_tail-c2-s52/gpu-telemetry-5003942.csv,output/major_revision_cross_model_confirmatory/mr-xm-confirm-phi4_mini-grpo-code_heavy_tail-c2-s52/environment-5003942.json,,
run-2991a07d2cf97778,cfg-61c14de21a34d0e6,boundary,strong-granite-confirmatory-grpo-code_standard-c4-s92,92,5031386,,,above_margin,1,1,40616.0,40616.0,201.0,idle,,profiles/standard_grpo/boundary-trials.csv,output/strengthening_granite_confirmatory/strong-granite-confirmatory-grpo-code_standard-c4-s92/trial-5031386.json,output/strengthening_granite_confirmatory/strong-granite-confirmatory-grpo-code_standard-c4-s92/training-5031386.log,output/strengthening_granite_confirmatory/strong-granite-confirmatory-grpo-code_standard-c4-s92/phase-memory-5031386.csv,output/strengthening_granite_confirmatory/strong-granite-confirmatory-grpo-code_standard-c4-s92/gpu-telemetry-5031386.csv,output/strengthening_granite_confirmatory/strong-granite-confirmatory-grpo-code_standard-c4-s92/environment-5031386.json,,
run-29fa8d54bb45846e,cfg-c2d27e8a89945048,batch_reservation,strong-factorial-qwen25_3b-grpo-gsm8k-joint-s96,96,5032042,,,within_margin,1,1,37140.0,37140.0,199.0,idle,,profiles/standard_grpo/factorial-trials.csv,output/strengthening_factorial/strong-factorial-qwen25_3b-grpo-gsm8k-joint-s96/trial-5032042.json,output/strengthening_factorial/strong-factorial-qwen25_3b-grpo-gsm8k-joint-s96/training-5032042.log,output/strengthening_factorial/strong-factorial-qwen25_3b-grpo-gsm8k-joint-s96/phase-memory-5032042.csv,output/strengthening_factorial/strong-factorial-qwen25_3b-grpo-gsm8k-joint-s96/gpu-telemetry-5032042.csv,output/strengthening_factorial/strong-factorial-qwen25_3b-grpo-gsm8k-joint-s96/environment-5032042.json,,
run-2a039ed87f6652cc,cfg-a23a9ffc1f670139,four_gpu,rev-topology-qwen25_3b-math-c4-s111-four_gpu,111,5045331,qwen25_3b-math-c4-s111,1,within_margin,1,1,38316.0,38316.0,222.0,idle,,profiles/standard_grpo/revision-topology-trials.csv,output/revision_topology/rev-topology-qwen25_3b-math-c4-s111-four_gpu/trial-5045331.json,output/revision_topology/rev-topology-qwen25_3b-math-c4-s111-four_gpu/attempt-5045331/training-5045331.log,output/revision_topology/rev-topology-qwen25_3b-math-c4-s111-four_gpu/attempt-5045331/phase-memory-5045331.csv,output/revision_topology/rev-topology-qwen25_3b-math-c4-s111-four_gpu/attempt-5045331/gpu-telemetry-5045331.csv,output/revision_topology/rev-topology-qwen25_3b-math-c4-s111-four_gpu/attempt-5045331/environment-5045331.json,output/revision_topology/pairs/qwen25_3b-math-c4-s111/pair-5045331.json,b602c1ca41c1ab6d45a5a50885af86cfed90d0d6
run-2abc00f0e2aa44eb,cfg-072bd7669d20f8fa,four_gpu,rev-topology-phi4_mini-math-c3-s112-four_gpu,112,5045374,phi4_mini-math-c3-s112,1,within_margin,1,1,36204.0,36204.0,221.0,idle,,profiles/standard_grpo/revision-topology-trials.csv,output/revision_topology/rev-topology-phi4_mini-math-c3-s112-four_gpu/trial-5045374.json,output/revision_topology/rev-topology-phi4_mini-math-c3-s112-four_gpu/attempt-5045374/training-5045374.log,output/revision_topology/rev-topology-phi4_mini-math-c3-s112-four_gpu/attempt-5045374/phase-memory-5045374.csv,output/revision_topology/rev-topology-phi4_mini-math-c3-s112-four_gpu/attempt-5045374/gpu-telemetry-5045374.csv,output/revision_topology/rev-topology-phi4_mini-math-c3-s112-four_gpu/attempt-5045374/environment-5045374.json,output/revision_topology/pairs/phi4_mini-math-c3-s112/pair-5045374.json,b602c1ca41c1ab6d45a5a50885af86cfed90d0d6
run-2ba0c38b4d8a3ef2,cfg-f439d2dd90137a80,four_gpu,rev-topology-granite33_2b-gsm8k-c4-s111-four_gpu,111,5045396,granite33_2b-gsm8k-c4-s111,1,within_margin,1,1,37740.0,37740.0,207.0,idle,,profiles/standard_grpo/revision-topology-trials.csv,output/revision_topology/rev-topology-granite33_2b-gsm8k-c4-s111-four_gpu/trial-5045396.json,output/revision_topology/rev-topology-granite33_2b-gsm8k-c4-s111-four_gpu/attempt-5045396/training-5045396.log,output/revision_topology/rev-topology-granite33_2b-gsm8k-c4-s111-four_gpu/attempt-5045396/phase-memory-5045396.csv,output/revision_topology/rev-topology-granite33_2b-gsm8k-c4-s111-four_gpu/attempt-5045396/gpu-telemetry-5045396.csv,output/revision_topology/rev-topology-granite33_2b-gsm8k-c4-s111-four_gpu/attempt-5045396/environment-5045396.json,output/revision_topology/pairs/granite33_2b-gsm8k-c4-s111/pair-5045396.json,b602c1ca41c1ab6d45a5a50885af86cfed90d0d6
run-2cdcfeefad5700fe,cfg-792be3e27c84b0cb,temporal_40,v2time-grpo-math-qwen25_1p5b-one_step_unsafe-s43,43,4947252,,,above_margin,1,40,40810.0,40810.0,3220.0,idle,,profiles/standard_grpo/temporal-40-trials.csv,output/benchmark_v2_temporal_confirmatory/v2time-grpo-math-qwen25_1p5b-one_step_unsafe-s43/trial-4947252.json,output/benchmark_v2_temporal_confirmatory/v2time-grpo-math-qwen25_1p5b-one_step_unsafe-s43/training-4947252.log,output/benchmark_v2_temporal_confirmatory/v2time-grpo-math-qwen25_1p5b-one_step_unsafe-s43/phase-memory-4947252.csv,output/benchmark_v2_temporal_confirmatory/v2time-grpo-math-qwen25_1p5b-one_step_unsafe-s43/gpu-telemetry-4947252.csv,output/benchmark_v2_temporal_confirmatory/v2time-grpo-math-qwen25_1p5b-one_step_unsafe-s43/environment-4947252.json,,
run-2e23d70581407d15,cfg-b1aeb72d4434b30d,batch_reservation,strong-factorial-phi4_mini-grpo-gsm8k-reservation_only-s95,95,5031801,,,above_margin,1,1,39550.0,39550.0,205.0,idle,,profiles/standard_grpo/factorial-trials.csv,output/strengthening_factorial/strong-factorial-phi4_mini-grpo-gsm8k-reservation_only-s95/trial-5031801.json,output/strengthening_factorial/strong-factorial-phi4_mini-grpo-gsm8k-reservation_only-s95/training-5031801.log,output/strengthening_factorial/strong-factorial-phi4_mini-grpo-gsm8k-reservation_only-s95/phase-memory-5031801.csv,output/strengthening_factorial/strong-factorial-phi4_mini-grpo-gsm8k-reservation_only-s95/gpu-telemetry-5031801.csv,output/strengthening_factorial/strong-factorial-phi4_mini-grpo-gsm8k-reservation_only-s95/environment-5031801.json,,
run-2ed007c4c6529d9f,cfg-fb0b705fb78cbfa7,batch_reservation,strong-factorial-granite33_2b-grpo-code_standard-reservation_only-s94,94,5031320,,,within_margin,1,1,36506.0,36506.0,198.0,idle,,profiles/standard_grpo/factorial-trials.csv,output/strengthening_factorial/strong-factorial-granite33_2b-grpo-code_standard-reservation_only-s94/trial-5031320.json,output/strengthening_factorial/strong-factorial-granite33_2b-grpo-code_standard-reservation_only-s94/training-5031320.log,output/strengthening_factorial/strong-factorial-granite33_2b-grpo-code_standard-reservation_only-s94/phase-memory-5031320.csv,output/strengthening_factorial/strong-factorial-granite33_2b-grpo-code_standard-reservation_only-s94/gpu-telemetry-5031320.csv,output/strengthening_factorial/strong-factorial-granite33_2b-grpo-code_standard-reservation_only-s94/environment-5031320.json,,
run-2f6bddb55ccb53bd,cfg-44b1b60788cfb061,state_release,strong-node-qwen25_3b-grpo-gsm8k-safe_margin-s81-p2-release,81,5031101,strong-node-qwen25_3b-grpo-gsm8k-safe_margin-s81,2,within_margin,1,1,21560.0,21560.0,243.0,idle,,profiles/standard_grpo/same-node-trials.csv,output/strengthening_same_node_residency/strong-node-qwen25_3b-grpo-gsm8k-safe_margin-s81-p2-release/trial-5031101.json,output/strengthening_same_node_residency/strong-node-qwen25_3b-grpo-gsm8k-safe_margin-s81-p2-release/training-5031101.log,output/strengthening_same_node_residency/strong-node-qwen25_3b-grpo-gsm8k-safe_margin-s81-p2-release/phase-memory-5031101.csv,output/strengthening_same_node_residency/strong-node-qwen25_3b-grpo-gsm8k-safe_margin-s81-p2-release/gpu-telemetry-5031101.csv,output/strengthening_same_node_residency/strong-node-qwen25_3b-grpo-gsm8k-safe_margin-s81-p2-release/environment-5031101.json,,
run-30f65fdaf0e63332,cfg-18285c3cb50308d4,boundary,mr-xm-confirm-phi4_mini-grpo-code_heavy_tail-c1-s52,52,5003710,,,within_margin,1,1,26056.0,26056.0,233.0,idle,,profiles/standard_grpo/boundary-trials.csv,output/major_revision_cross_model_confirmatory/mr-xm-confirm-phi4_mini-grpo-code_heavy_tail-c1-s52/trial-5003710.json,output/major_revision_cross_model_confirmatory/mr-xm-confirm-phi4_mini-grpo-code_heavy_tail-c1-s52/training-5003710.log,output/major_revision_cross_model_confirmatory/mr-xm-confirm-phi4_mini-grpo-code_heavy_tail-c1-s52/phase-memory-5003710.csv,output/major_revision_cross_model_confirmatory/mr-xm-confirm-phi4_mini-grpo-code_heavy_tail-c1-s52/gpu-telemetry-5003710.csv,output/major_revision_cross_model_confirmatory/mr-xm-confirm-phi4_mini-grpo-code_heavy_tail-c1-s52/environment-5003710.json,,
run-31080a1c082d1626,cfg-f439d2dd90137a80,four_gpu,rev-topology-granite33_2b-gsm8k-c4-s113-four_gpu,113,5045399,granite33_2b-gsm8k-c4-s113,1,within_margin,1,1,37740.0,37740.0,210.0,idle,,profiles/standard_grpo/revision-topology-trials.csv,output/revision_topology/rev-topology-granite33_2b-gsm8k-c4-s113-four_gpu/trial-5045399.json,output/revision_topology/rev-topology-granite33_2b-gsm8k-c4-s113-four_gpu/attempt-5045399/training-5045399.log,output/revision_topology/rev-topology-granite33_2b-gsm8k-c4-s113-four_gpu/attempt-5045399/phase-memory-5045399.csv,output/revision_topology/rev-topology-granite33_2b-gsm8k-c4-s113-four_gpu/attempt-5045399/gpu-telemetry-5045399.csv,output/revision_topology/rev-topology-granite33_2b-gsm8k-c4-s113-four_gpu/attempt-5045399/environment-5045399.json,output/revision_topology/pairs/granite33_2b-gsm8k-c4-s113/pair-5045399.json,b602c1ca41c1ab6d45a5a50885af86cfed90d0d6
run-33c58cd83cf8f1d9,cfg-0f540d3f6fe4661b,boundary,v2cf-confirm-phi4_mini-grpo-math_short-c2-s41,41,4936279,,,within_margin,1,1,35920.0,35920.0,223.0,idle,,profiles/standard_grpo/boundary-trials.csv,output/benchmark_v2_cross_family_confirmatory/v2cf-confirm-phi4_mini-grpo-math_short-c2-s41/trial-4936279.json,output/benchmark_v2_cross_family_confirmatory/v2cf-confirm-phi4_mini-grpo-math_short-c2-s41/training-4936279.log,output/benchmark_v2_cross_family_confirmatory/v2cf-confirm-phi4_mini-grpo-math_short-c2-s41/phase-memory-4936279.csv,output/benchmark_v2_cross_family_confirmatory/v2cf-confirm-phi4_mini-grpo-math_short-c2-s41/gpu-telemetry-4936279.csv,output/benchmark_v2_cross_family_confirmatory/v2cf-confirm-phi4_mini-grpo-math_short-c2-s41/environment-4936279.json,,
run-34094f97ef3c3e79,cfg-b5352215babfeba6,boundary,strong-granite-confirmatory-grpo-math_short-c2-s92,92,5031347,,,within_margin,1,1,32710.0,32710.0,196.0,idle,,profiles/standard_grpo/boundary-trials.csv,output/strengthening_granite_confirmatory/strong-granite-confirmatory-grpo-math_short-c2-s92/trial-5031347.json,output/strengthening_granite_confirmatory/strong-granite-confirmatory-grpo-math_short-c2-s92/training-5031347.log,output/strengthening_granite_confirmatory/strong-granite-confirmatory-grpo-math_short-c2-s92/phase-memory-5031347.csv,output/strengthening_granite_confirmatory/strong-granite-confirmatory-grpo-math_short-c2-s92/gpu-telemetry-5031347.csv,output/strengthening_granite_confirmatory/strong-granite-confirmatory-grpo-math_short-c2-s92/environment-5031347.json,,
run-34665cd38bc55a2c,cfg-9139b72537023523,batch_reservation,strong-factorial-granite33_2b-grpo-code_standard-joint-s95,95,5031351,,,within_margin,1,1,36458.0,36458.0,193.0,idle,,profiles/standard_grpo/factorial-trials.csv,output/strengthening_factorial/strong-factorial-granite33_2b-grpo-code_standard-joint-s95/trial-5031351.json,output/strengthening_factorial/strong-factorial-granite33_2b-grpo-code_standard-joint-s95/training-5031351.log,output/strengthening_factorial/strong-factorial-granite33_2b-grpo-code_standard-joint-s95/phase-memory-5031351.csv,output/strengthening_factorial/strong-factorial-granite33_2b-grpo-code_standard-joint-s95/gpu-telemetry-5031351.csv,output/strengthening_factorial/strong-factorial-granite33_2b-grpo-code_standard-joint-s95/environment-5031351.json,,
run-347d7d3a06445629,cfg-0804f13209d60a6b,instrumentation,rev-instrumentation-phi4_mini-gsm8k-c2-s113-full,113,5045343,phi4_mini-gsm8k-c2-s113,1,within_margin,1,1,35518.0,35518.0,188.0,idle,,profiles/standard_grpo/revision-instrumentation-trials.csv,output/revision_instrumentation/rev-instrumentation-phi4_mini-gsm8k-c2-s113-full/trial-5045343.json,output/revision_instrumentation/rev-instrumentation-phi4_mini-gsm8k-c2-s113-full/attempt-5045343/training-5045343.log,output/revision_instrumentation/rev-instrumentation-phi4_mini-gsm8k-c2-s113-full/attempt-5045343/phase-memory-5045343.csv,output/revision_instrumentation/rev-instrumentation-phi4_mini-gsm8k-c2-s113-full/attempt-5045343/gpu-telemetry-5045343.csv,output/revision_instrumentation/rev-instrumentation-phi4_mini-gsm8k-c2-s113-full/attempt-5045343/environment-5045343.json,output/revision_instrumentation/pairs/phi4_mini-gsm8k-c2-s113/pair-5045343.json,92cd0c14334ab84d718fc3bdb03ae150f064654d
run-34c6eb4118888676,cfg-2b2cf1d2c3374464,instrumentation,rev-instrumentation-granite33_2b-math-c4-s113-full,113,5045282,granite33_2b-math-c4-s113,2,above_margin,1,1,40750.0,40750.0,194.0,idle,,profiles/standard_grpo/revision-instrumentation-trials.csv,output/revision_instrumentation/rev-instrumentation-granite33_2b-math-c4-s113-full/trial-5045282.json,output/revision_instrumentation/rev-instrumentation-granite33_2b-math-c4-s113-full/attempt-5045282/training-5045282.log,output/revision_instrumentation/rev-instrumentation-granite33_2b-math-c4-s113-full/attempt-5045282/phase-memory-5045282.csv,output/revision_instrumentation/rev-instrumentation-granite33_2b-math-c4-s113-full/attempt-5045282/gpu-telemetry-5045282.csv,output/revision_instrumentation/rev-instrumentation-granite33_2b-math-c4-s113-full/attempt-5045282/environment-5045282.json,output/revision_instrumentation/pairs/granite33_2b-math-c4-s113/pair-5045282.json,92cd0c14334ab84d718fc3bdb03ae150f064654d
run-34d6a4750523c783,cfg-cb0fb55fdae06bd1,sampling_calibration,v2tel-00-qwen25_1p5b-grpo-gsm8k-near_boundary-100ms,53,4935039,v2tel-00-qwen25_1p5b-grpo-gsm8k-near_boundary,,within_margin,1,1,33954.0,33954.0,181.0,idle,,profiles/standard_grpo/telemetry-trials.csv,output/benchmark_v2_telemetry_calibration/v2tel-00-qwen25_1p5b-grpo-gsm8k-near_boundary-100ms/trial-4935039.json,output/benchmark_v2_telemetry_calibration/v2tel-00-qwen25_1p5b-grpo-gsm8k-near_boundary-100ms/training-4935039.log,output/benchmark_v2_telemetry_calibration/v2tel-00-qwen25_1p5b-grpo-gsm8k-near_boundary-100ms/phase-memory-4935039.csv,output/benchmark_v2_telemetry_calibration/v2tel-00-qwen25_1p5b-grpo-gsm8k-near_boundary-100ms/gpu-telemetry-4935039.csv,output/benchmark_v2_telemetry_calibration/v2tel-00-qwen25_1p5b-grpo-gsm8k-near_boundary-100ms/environment-4935039.json,,
run-363da2ea8680c36d,cfg-96ccf395b84393f7,boundary,v2cf-confirm-phi4_mini-grpo-gsm8k_long-c2-s43,43,4936185,,,within_margin,1,1,35518.0,35518.0,209.0,idle,,profiles/standard_grpo/boundary-trials.csv,output/benchmark_v2_cross_family_confirmatory/v2cf-confirm-phi4_mini-grpo-gsm8k_long-c2-s43/trial-4936185.json,output/benchmark_v2_cross_family_confirmatory/v2cf-confirm-phi4_mini-grpo-gsm8k_long-c2-s43/training-4936185.log,output/benchmark_v2_cross_family_confirmatory/v2cf-confirm-phi4_mini-grpo-gsm8k_long-c2-s43/phase-memory-4936185.csv,output/benchmark_v2_cross_family_confirmatory/v2cf-confirm-phi4_mini-grpo-gsm8k_long-c2-s43/gpu-telemetry-4936185.csv,output/benchmark_v2_cross_family_confirmatory/v2cf-confirm-phi4_mini-grpo-gsm8k_long-c2-s43/environment-4936185.json,,
run-3665a3d91bc715e0,cfg-71a1a1a191bc4135,instrumentation,rev-instrumentation-granite33_2b-gsm8k-c4-s111-external,111,5045385,granite33_2b-gsm8k-c4-s111,2,above_margin,1,1,40382.0,40382.0,207.0,idle,,profiles/standard_grpo/revision-instrumentation-trials.csv,output/revision_instrumentation/rev-instrumentation-granite33_2b-gsm8k-c4-s111-external/trial-5045385.json,output/revision_instrumentation/rev-instrumentation-granite33_2b-gsm8k-c4-s111-external/attempt-5045385/training-5045385.log,output/revision_instrumentation/rev-instrumentation-granite33_2b-gsm8k-c4-s111-external/attempt-5045385/phase-memory-5045385.csv,output/revision_instrumentation/rev-instrumentation-granite33_2b-gsm8k-c4-s111-external/attempt-5045385/gpu-telemetry-5045385.csv,output/revision_instrumentation/rev-instrumentation-granite33_2b-gsm8k-c4-s111-external/attempt-5045385/environment-5045385.json,output/revision_instrumentation/pairs/granite33_2b-gsm8k-c4-s111/pair-5045385.json,92cd0c14334ab84d718fc3bdb03ae150f064654d
run-372ba3119c34744d,cfg-3ca7715d60421fe4,batch_reservation,strong-factorial-phi4_mini-grpo-math-joint-s95,95,5031860,,,above_margin,1,1,40120.0,40120.0,214.0,idle,,profiles/standard_grpo/factorial-trials.csv,output/strengthening_factorial/strong-factorial-phi4_mini-grpo-math-joint-s95/trial-5031860.json,output/strengthening_factorial/strong-factorial-phi4_mini-grpo-math-joint-s95/training-5031860.log,output/strengthening_factorial/strong-factorial-phi4_mini-grpo-math-joint-s95/phase-memory-5031860.csv,output/strengthening_factorial/strong-factorial-phi4_mini-grpo-math-joint-s95/gpu-telemetry-5031860.csv,output/strengthening_factorial/strong-factorial-phi4_mini-grpo-math-joint-s95/environment-5031860.json,,
run-373bacb4f2a2c17a,cfg-ca71b56dc3189305,boundary,mr-xm-confirm-qwen25_3b-grpo-code_standard-c5-s51,51,4999453,,,memory_failure,0,1,10742.0,,107.0,initializing,rollout_init_memory,profiles/standard_grpo/boundary-trials.csv,output/major_revision_cross_model_confirmatory/mr-xm-confirm-qwen25_3b-grpo-code_standard-c5-s51/trial-4999453.json,output/major_revision_cross_model_confirmatory/mr-xm-confirm-qwen25_3b-grpo-code_standard-c5-s51/training-4999453.log,output/major_revision_cross_model_confirmatory/mr-xm-confirm-qwen25_3b-grpo-code_standard-c5-s51/phase-memory-4999453.csv,output/major_revision_cross_model_confirmatory/mr-xm-confirm-qwen25_3b-grpo-code_standard-c5-s51/gpu-telemetry-4999453.csv,output/major_revision_cross_model_confirmatory/mr-xm-confirm-qwen25_3b-grpo-code_standard-c5-s51/environment-4999453.json,,
run-375fe6c04485057e,cfg-10644b5d0a82d5c3,boundary,mr-xm-confirm-phi4_mini-grpo-code_heavy_tail-c5-s52,52,5003971,,,memory_failure,0,1,14790.0,,102.0,initializing,rollout_init_memory,profiles/standard_grpo/boundary-trials.csv,output/major_revision_cross_model_confirmatory/mr-xm-confirm-phi4_mini-grpo-code_heavy_tail-c5-s52/trial-5003971.json,output/major_revision_cross_model_confirmatory/mr-xm-confirm-phi4_mini-grpo-code_heavy_tail-c5-s52/training-5003971.log,output/major_revision_cross_model_confirmatory/mr-xm-confirm-phi4_mini-grpo-code_heavy_tail-c5-s52/phase-memory-5003971.csv,output/major_revision_cross_model_confirmatory/mr-xm-confirm-phi4_mini-grpo-code_heavy_tail-c5-s52/gpu-telemetry-5003971.csv,output/major_revision_cross_model_confirmatory/mr-xm-confirm-phi4_mini-grpo-code_heavy_tail-c5-s52/environment-5003971.json,,
run-37bd45b12125a656,cfg-7ee75feb0b09675f,batch_reservation,strong-factorial-qwen25_3b-grpo-math-actor_only-s96,96,5032052,,,within_margin,1,1,33446.0,33446.0,201.0,idle,,profiles/standard_grpo/factorial-trials.csv,output/strengthening_factorial/strong-factorial-qwen25_3b-grpo-math-actor_only-s96/trial-5032052.json,output/strengthening_factorial/strong-factorial-qwen25_3b-grpo-math-actor_only-s96/training-5032052.log,output/strengthening_factorial/strong-factorial-qwen25_3b-grpo-math-actor_only-s96/phase-memory-5032052.csv,output/strengthening_factorial/strong-factorial-qwen25_3b-grpo-math-actor_only-s96/gpu-telemetry-5032052.csv,output/strengthening_factorial/strong-factorial-qwen25_3b-grpo-math-actor_only-s96/environment-5032052.json,,
run-37f374765f300ebf,cfg-09d34ea9e791de94,batch_reservation,strong-factorial-qwen25_3b-grpo-gsm8k-reservation_only-s96,96,5032039,,,within_margin,1,1,37140.0,37140.0,209.0,idle,,profiles/standard_grpo/factorial-trials.csv,output/strengthening_factorial/strong-factorial-qwen25_3b-grpo-gsm8k-reservation_only-s96/trial-5032039.json,output/strengthening_factorial/strong-factorial-qwen25_3b-grpo-gsm8k-reservation_only-s96/training-5032039.log,output/strengthening_factorial/strong-factorial-qwen25_3b-grpo-gsm8k-reservation_only-s96/phase-memory-5032039.csv,output/strengthening_factorial/strong-factorial-qwen25_3b-grpo-gsm8k-reservation_only-s96/gpu-telemetry-5032039.csv,output/strengthening_factorial/strong-factorial-qwen25_3b-grpo-gsm8k-reservation_only-s96/environment-5032039.json,,
run-387dbc5b40f063d3,cfg-3ca7715d60421fe4,batch_reservation,strong-factorial-phi4_mini-grpo-math-joint-s94,94,5031857,,,above_margin,1,1,40160.0,40160.0,217.0,idle,,profiles/standard_grpo/factorial-trials.csv,output/strengthening_factorial/strong-factorial-phi4_mini-grpo-math-joint-s94/trial-5031857.json,output/strengthening_factorial/strong-factorial-phi4_mini-grpo-math-joint-s94/training-5031857.log,output/strengthening_factorial/strong-factorial-phi4_mini-grpo-math-joint-s94/phase-memory-5031857.csv,output/strengthening_factorial/strong-factorial-phi4_mini-grpo-math-joint-s94/gpu-telemetry-5031857.csv,output/strengthening_factorial/strong-factorial-phi4_mini-grpo-math-joint-s94/environment-5031857.json,,
run-38a9e28e077dac64,cfg-cc030db9324662ea,horizon_followup,rev-temporal-granite33_2b-gsm8k-interpolated-s113-source,113,5045430,granite33_2b-gsm8k-interpolated-s113,1,within_margin,1,1,38418.0,38418.0,229.0,validation,,profiles/standard_grpo/revision-temporal-trials.csv,output/revision_temporal/rev-temporal-granite33_2b-gsm8k-interpolated-s113-source/trial-5045430.json,output/revision_temporal/rev-temporal-granite33_2b-gsm8k-interpolated-s113-source/attempt-5045430/training-5045430.log,output/revision_temporal/rev-temporal-granite33_2b-gsm8k-interpolated-s113-source/attempt-5045430/phase-memory-5045430.csv,output/revision_temporal/rev-temporal-granite33_2b-gsm8k-interpolated-s113-source/attempt-5045430/gpu-telemetry-5045430.csv,output/revision_temporal/rev-temporal-granite33_2b-gsm8k-interpolated-s113-source/attempt-5045430/environment-5045430.json,output/revision_temporal/pairs/granite33_2b-gsm8k-interpolated-s113/pair-5045430.json,92f97eb8c6f49cccbcaaa7f9c58d57eab8de8755
run-38c7b29882a02ba3,cfg-a988dbb2ba8e6b83,temporal_100,strong-time-grpo-math-qwen25_1p5b-safe_margin-s92,92,5032510,,,within_margin,1,100,29860.0,29860.0,14454.0,validation,,profiles/standard_grpo/temporal-100-trials.csv,output/strengthening_temporal_phases/strong-time-grpo-math-qwen25_1p5b-safe_margin-s92/trial-5032510.json,output/strengthening_temporal_phases/strong-time-grpo-math-qwen25_1p5b-safe_margin-s92/training-5032510.log,output/strengthening_temporal_phases/strong-time-grpo-math-qwen25_1p5b-safe_margin-s92/phase-memory-5032510.csv,output/strengthening_temporal_phases/strong-time-grpo-math-qwen25_1p5b-safe_margin-s92/gpu-telemetry-5032510.csv,output/strengthening_temporal_phases/strong-time-grpo-math-qwen25_1p5b-safe_margin-s92/environment-5032510.json,,
run-38e29046b6118e96,cfg-7898c5f5e25f7757,temporal_100,strong-time-grpo-math-qwen25_1p5b-near_boundary-s92,92,5034326,,,within_margin,1,100,35216.0,35216.0,14688.0,validation,,profiles/standard_grpo/temporal-100-trials.csv,output/strengthening_temporal_phases/strong-time-grpo-math-qwen25_1p5b-near_boundary-s92/trial-5034326.json,output/strengthening_temporal_phases/strong-time-grpo-math-qwen25_1p5b-near_boundary-s92/training-5034326.log,output/strengthening_temporal_phases/strong-time-grpo-math-qwen25_1p5b-near_boundary-s92/phase-memory-5034326.csv,output/strengthening_temporal_phases/strong-time-grpo-math-qwen25_1p5b-near_boundary-s92/gpu-telemetry-5034326.csv,output/strengthening_temporal_phases/strong-time-grpo-math-qwen25_1p5b-near_boundary-s92/environment-5034326.json,,
run-39cb1c41ce8f8303,cfg-7d5384d3ac8311c8,horizon_followup,rev-temporal-phi4_mini-gsm8k-interpolated-s113-source,113,5045337,phi4_mini-gsm8k-interpolated-s113,1,within_margin,1,1,37588.0,37588.0,257.0,validation,,profiles/standard_grpo/revision-temporal-trials.csv,output/revision_temporal/rev-temporal-phi4_mini-gsm8k-interpolated-s113-source/trial-5045337.json,output/revision_temporal/rev-temporal-phi4_mini-gsm8k-interpolated-s113-source/attempt-5045337/training-5045337.log,output/revision_temporal/rev-temporal-phi4_mini-gsm8k-interpolated-s113-source/attempt-5045337/phase-memory-5045337.csv,output/revision_temporal/rev-temporal-phi4_mini-gsm8k-interpolated-s113-source/attempt-5045337/gpu-telemetry-5045337.csv,output/revision_temporal/rev-temporal-phi4_mini-gsm8k-interpolated-s113-source/attempt-5045337/environment-5045337.json,output/revision_temporal/pairs/phi4_mini-gsm8k-interpolated-s113/pair-5045337.json,92f97eb8c6f49cccbcaaa7f9c58d57eab8de8755
run-39fcbad6aacd21e2,cfg-5f2f431355dfcb31,batch_reservation,strong-factorial-phi4_mini-grpo-code_standard-reservation_only-s95,95,5031759,,,above_margin,1,1,39708.0,39708.0,219.0,idle,,profiles/standard_grpo/factorial-trials.csv,output/strengthening_factorial/strong-factorial-phi4_mini-grpo-code_standard-reservation_only-s95/trial-5031759.json,output/strengthening_factorial/strong-factorial-phi4_mini-grpo-code_standard-reservation_only-s95/training-5031759.log,output/strengthening_factorial/strong-factorial-phi4_mini-grpo-code_standard-reservation_only-s95/phase-memory-5031759.csv,output/strengthening_factorial/strong-factorial-phi4_mini-grpo-code_standard-reservation_only-s95/gpu-telemetry-5031759.csv,output/strengthening_factorial/strong-factorial-phi4_mini-grpo-code_standard-reservation_only-s95/environment-5031759.json,,
run-3a16d7dba3ba6015,cfg-a026693bae37d30b,boundary,mr-xm-confirm-phi4_mini-grpo-code_standard-c3-s52,52,5002761,,,above_margin,1,1,39832.0,39832.0,202.0,idle,,profiles/standard_grpo/boundary-trials.csv,output/major_revision_cross_model_confirmatory/mr-xm-confirm-phi4_mini-grpo-code_standard-c3-s52/trial-5002761.json,output/major_revision_cross_model_confirmatory/mr-xm-confirm-phi4_mini-grpo-code_standard-c3-s52/training-5002761.log,output/major_revision_cross_model_confirmatory/mr-xm-confirm-phi4_mini-grpo-code_standard-c3-s52/phase-memory-5002761.csv,output/major_revision_cross_model_confirmatory/mr-xm-confirm-phi4_mini-grpo-code_standard-c3-s52/gpu-telemetry-5002761.csv,output/major_revision_cross_model_confirmatory/mr-xm-confirm-phi4_mini-grpo-code_standard-c3-s52/environment-5002761.json,,
run-3a3f9391d21a67b7,cfg-0a36e5abf5f9732e,temporal_40,v2time-grpo-math-qwen25_1p5b-safe_margin-s43,43,4945926,,,within_margin,1,40,29352.0,29352.0,5829.0,idle,,profiles/standard_grpo/temporal-40-trials.csv,output/benchmark_v2_temporal_confirmatory/v2time-grpo-math-qwen25_1p5b-safe_margin-s43/trial-4945926.json,output/benchmark_v2_temporal_confirmatory/v2time-grpo-math-qwen25_1p5b-safe_margin-s43/training-4945926.log,output/benchmark_v2_temporal_confirmatory/v2time-grpo-math-qwen25_1p5b-safe_margin-s43/phase-memory-4945926.csv,output/benchmark_v2_temporal_confirmatory/v2time-grpo-math-qwen25_1p5b-safe_margin-s43/gpu-telemetry-4945926.csv,output/benchmark_v2_temporal_confirmatory/v2time-grpo-math-qwen25_1p5b-safe_margin-s43/environment-4945926.json,,
run-3a4f6cfe342e81a0,cfg-c608f00aea4f9b32,batch_reservation,strong-factorial-granite33_2b-grpo-code_standard-actor_only-s94,94,5031317,,,within_margin,1,1,32426.0,32426.0,200.0,idle,,profiles/standard_grpo/factorial-trials.csv,output/strengthening_factorial/strong-factorial-granite33_2b-grpo-code_standard-actor_only-s94/trial-5031317.json,output/strengthening_factorial/strong-factorial-granite33_2b-grpo-code_standard-actor_only-s94/training-5031317.log,output/strengthening_factorial/strong-factorial-granite33_2b-grpo-code_standard-actor_only-s94/phase-memory-5031317.csv,output/strengthening_factorial/strong-factorial-granite33_2b-grpo-code_standard-actor_only-s94/gpu-telemetry-5031317.csv,output/strengthening_factorial/strong-factorial-granite33_2b-grpo-code_standard-actor_only-s94/environment-5031317.json,,
run-3a8ff69f2aea0e3a,cfg-3197439008c27071,horizon_followup,rev-temporal-granite33_2b-math-interpolated-s113-long,113,5045335,granite33_2b-math-interpolated-s113,2,above_margin,1,100,39402.0,39402.0,3646.0,validation,,profiles/standard_grpo/revision-temporal-trials.csv,output/revision_temporal/rev-temporal-granite33_2b-math-interpolated-s113-long/trial-5045335.json,output/revision_temporal/rev-temporal-granite33_2b-math-interpolated-s113-long/attempt-5045335/training-5045335.log,output/revision_temporal/rev-temporal-granite33_2b-math-interpolated-s113-long/attempt-5045335/phase-memory-5045335.csv,output/revision_temporal/rev-temporal-granite33_2b-math-interpolated-s113-long/attempt-5045335/gpu-telemetry-5045335.csv,output/revision_temporal/rev-temporal-granite33_2b-math-interpolated-s113-long/attempt-5045335/environment-5045335.json,output/revision_temporal/pairs/granite33_2b-math-interpolated-s113/pair-5045335.json,92f97eb8c6f49cccbcaaa7f9c58d57eab8de8755
run-3ad909fd6f698915,cfg-9160dc45a0171a10,boundary,mr-xm-confirm-qwen25_3b-grpo-code_standard-c0-s52,52,4998842,,,within_margin,1,1,21560.0,21560.0,289.0,idle,,profiles/standard_grpo/boundary-trials.csv,output/major_revision_cross_model_confirmatory/mr-xm-confirm-qwen25_3b-grpo-code_standard-c0-s52/trial-4998842.json,output/major_revision_cross_model_confirmatory/mr-xm-confirm-qwen25_3b-grpo-code_standard-c0-s52/training-4998842.log,output/major_revision_cross_model_confirmatory/mr-xm-confirm-qwen25_3b-grpo-code_standard-c0-s52/phase-memory-4998842.csv,output/major_revision_cross_model_confirmatory/mr-xm-confirm-qwen25_3b-grpo-code_standard-c0-s52/gpu-telemetry-4998842.csv,output/major_revision_cross_model_confirmatory/mr-xm-confirm-qwen25_3b-grpo-code_standard-c0-s52/environment-4998842.json,,
run-3b139e9a9db9041b,cfg-0a36e5abf5f9732e,temporal_40,v2time-grpo-math-qwen25_1p5b-safe_margin-s42,42,4945505,,,within_margin,1,40,29612.0,29612.0,5858.0,idle,,profiles/standard_grpo/temporal-40-trials.csv,output/benchmark_v2_temporal_confirmatory/v2time-grpo-math-qwen25_1p5b-safe_margin-s42/trial-4945505.json,output/benchmark_v2_temporal_confirmatory/v2time-grpo-math-qwen25_1p5b-safe_margin-s42/training-4945505.log,output/benchmark_v2_temporal_confirmatory/v2time-grpo-math-qwen25_1p5b-safe_margin-s42/phase-memory-4945505.csv,output/benchmark_v2_temporal_confirmatory/v2time-grpo-math-qwen25_1p5b-safe_margin-s42/gpu-telemetry-4945505.csv,output/benchmark_v2_temporal_confirmatory/v2time-grpo-math-qwen25_1p5b-safe_margin-s42/environment-4945505.json,,
run-3b172729e627eb93,cfg-5629d7e19157784a,batch_reservation,strong-factorial-granite33_2b-grpo-code_heavy_tail-base-s96,96,5031338,,,within_margin,1,1,32744.0,32744.0,204.0,idle,,profiles/standard_grpo/factorial-trials.csv,output/strengthening_factorial/strong-factorial-granite33_2b-grpo-code_heavy_tail-base-s96/trial-5031338.json,output/strengthening_factorial/strong-factorial-granite33_2b-grpo-code_heavy_tail-base-s96/training-5031338.log,output/strengthening_factorial/strong-factorial-granite33_2b-grpo-code_heavy_tail-base-s96/phase-memory-5031338.csv,output/strengthening_factorial/strong-factorial-granite33_2b-grpo-code_heavy_tail-base-s96/gpu-telemetry-5031338.csv,output/strengthening_factorial/strong-factorial-granite33_2b-grpo-code_heavy_tail-base-s96/environment-5031338.json,,
run-3b1a3089614e30bc,cfg-0804f13209d60a6b,instrumentation,rev-instrumentation-phi4_mini-gsm8k-c2-s111-full,111,5045334,phi4_mini-gsm8k-c2-s111,1,within_margin,1,1,35518.0,35518.0,230.0,idle,,profiles/standard_grpo/revision-instrumentation-trials.csv,output/revision_instrumentation/rev-instrumentation-phi4_mini-gsm8k-c2-s111-full/trial-5045334.json,output/revision_instrumentation/rev-instrumentation-phi4_mini-gsm8k-c2-s111-full/attempt-5045334/training-5045334.log,output/revision_instrumentation/rev-instrumentation-phi4_mini-gsm8k-c2-s111-full/attempt-5045334/phase-memory-5045334.csv,output/revision_instrumentation/rev-instrumentation-phi4_mini-gsm8k-c2-s111-full/attempt-5045334/gpu-telemetry-5045334.csv,output/revision_instrumentation/rev-instrumentation-phi4_mini-gsm8k-c2-s111-full/attempt-5045334/environment-5045334.json,output/revision_instrumentation/pairs/phi4_mini-gsm8k-c2-s111/pair-5045334.json,92cd0c14334ab84d718fc3bdb03ae150f064654d
run-3b63c91236a27ad7,cfg-71b33248b3cb3190,batch_reservation,strong-factorial-granite33_2b-grpo-math_short-joint-s96,96,5031498,,,within_margin,1,1,36670.0,36670.0,207.0,idle,,profiles/standard_grpo/factorial-trials.csv,output/strengthening_factorial/strong-factorial-granite33_2b-grpo-math_short-joint-s96/trial-5031498.json,output/strengthening_factorial/strong-factorial-granite33_2b-grpo-math_short-joint-s96/training-5031498.log,output/strengthening_factorial/strong-factorial-granite33_2b-grpo-math_short-joint-s96/phase-memory-5031498.csv,output/strengthening_factorial/strong-factorial-granite33_2b-grpo-math_short-joint-s96/gpu-telemetry-5031498.csv,output/strengthening_factorial/strong-factorial-granite33_2b-grpo-math_short-joint-s96/environment-5031498.json,,
run-3bd00ac4b0cc413f,cfg-872fe55d8f69b30c,temporal_40,v2time-grpo-math-qwen25_1p5b-near_boundary-s43,43,4946539,,,within_margin,1,40,34882.0,34882.0,5826.0,idle,,profiles/standard_grpo/temporal-40-trials.csv,output/benchmark_v2_temporal_confirmatory/v2time-grpo-math-qwen25_1p5b-near_boundary-s43/trial-4946539.json,output/benchmark_v2_temporal_confirmatory/v2time-grpo-math-qwen25_1p5b-near_boundary-s43/training-4946539.log,output/benchmark_v2_temporal_confirmatory/v2time-grpo-math-qwen25_1p5b-near_boundary-s43/phase-memory-4946539.csv,output/benchmark_v2_temporal_confirmatory/v2time-grpo-math-qwen25_1p5b-near_boundary-s43/gpu-telemetry-4946539.csv,output/benchmark_v2_temporal_confirmatory/v2time-grpo-math-qwen25_1p5b-near_boundary-s43/environment-4946539.json,,
run-3cb77483c440bed8,cfg-997a5dca920f4fb3,state_release,strong-node-qwen25_1p5b-grpo-gsm8k-near_boundary-s82-p1-resident,82,5031120,strong-node-qwen25_1p5b-grpo-gsm8k-near_boundary-s82,1,above_margin,1,1,40544.0,40544.0,169.0,idle,,profiles/standard_grpo/same-node-trials.csv,output/strengthening_same_node_residency/strong-node-qwen25_1p5b-grpo-gsm8k-near_boundary-s82-p1-resident/trial-5031120.json,output/strengthening_same_node_residency/strong-node-qwen25_1p5b-grpo-gsm8k-near_boundary-s82-p1-resident/training-5031120.log,output/strengthening_same_node_residency/strong-node-qwen25_1p5b-grpo-gsm8k-near_boundary-s82-p1-resident/phase-memory-5031120.csv,output/strengthening_same_node_residency/strong-node-qwen25_1p5b-grpo-gsm8k-near_boundary-s82-p1-resident/gpu-telemetry-5031120.csv,output/strengthening_same_node_residency/strong-node-qwen25_1p5b-grpo-gsm8k-near_boundary-s82-p1-resident/environment-5031120.json,,
run-3d20ff163c859369,cfg-b7f5b55ef67a8883,batch_reservation,strong-factorial-qwen25_3b-grpo-code_heavy_tail-reservation_only-s95,95,5031990,,,within_margin,1,1,37418.0,37418.0,219.0,idle,,profiles/standard_grpo/factorial-trials.csv,output/strengthening_factorial/strong-factorial-qwen25_3b-grpo-code_heavy_tail-reservation_only-s95/trial-5031990.json,output/strengthening_factorial/strong-factorial-qwen25_3b-grpo-code_heavy_tail-reservation_only-s95/training-5031990.log,output/strengthening_factorial/strong-factorial-qwen25_3b-grpo-code_heavy_tail-reservation_only-s95/phase-memory-5031990.csv,output/strengthening_factorial/strong-factorial-qwen25_3b-grpo-code_heavy_tail-reservation_only-s95/gpu-telemetry-5031990.csv,output/strengthening_factorial/strong-factorial-qwen25_3b-grpo-code_heavy_tail-reservation_only-s95/environment-5031990.json,,
run-3e0ae7ccfb253599,cfg-2b2cf1d2c3374464,instrumentation,rev-instrumentation-granite33_2b-math-c4-s111-full,111,5045397,granite33_2b-math-c4-s111,2,above_margin,1,1,40750.0,40750.0,198.0,idle,,profiles/standard_grpo/revision-instrumentation-trials.csv,output/revision_instrumentation/rev-instrumentation-granite33_2b-math-c4-s111-full/trial-5045397.json,output/revision_instrumentation/rev-instrumentation-granite33_2b-math-c4-s111-full/attempt-5045397/training-5045397.log,output/revision_instrumentation/rev-instrumentation-granite33_2b-math-c4-s111-full/attempt-5045397/phase-memory-5045397.csv,output/revision_instrumentation/rev-instrumentation-granite33_2b-math-c4-s111-full/attempt-5045397/gpu-telemetry-5045397.csv,output/revision_instrumentation/rev-instrumentation-granite33_2b-math-c4-s111-full/attempt-5045397/environment-5045397.json,output/revision_instrumentation/pairs/granite33_2b-math-c4-s111/pair-5045397.json,92cd0c14334ab84d718fc3bdb03ae150f064654d
run-3ed4ca520e77af31,cfg-6467c4b5acff38f3,instrumentation,rev-instrumentation-phi4_mini-math-c3-s113-full,113,5045375,phi4_mini-math-c3-s113,1,above_margin,1,1,40016.0,40016.0,197.0,idle,,profiles/standard_grpo/revision-instrumentation-trials.csv,output/revision_instrumentation/rev-instrumentation-phi4_mini-math-c3-s113-full/trial-5045375.json,output/revision_instrumentation/rev-instrumentation-phi4_mini-math-c3-s113-full/attempt-5045375/training-5045375.log,output/revision_instrumentation/rev-instrumentation-phi4_mini-math-c3-s113-full/attempt-5045375/phase-memory-5045375.csv,output/revision_instrumentation/rev-instrumentation-phi4_mini-math-c3-s113-full/attempt-5045375/gpu-telemetry-5045375.csv,output/revision_instrumentation/rev-instrumentation-phi4_mini-math-c3-s113-full/attempt-5045375/environment-5045375.json,output/revision_instrumentation/pairs/phi4_mini-math-c3-s113/pair-5045375.json,92cd0c14334ab84d718fc3bdb03ae150f064654d
run-3ee68485032172dd,cfg-cadb236b55d403e1,horizon_followup,rev-temporal-phi4_mini-gsm8k-interpolated-s113-long,113,5045337,phi4_mini-gsm8k-interpolated-s113,2,within_margin,1,100,37664.0,37664.0,3665.0,validation,,profiles/standard_grpo/revision-temporal-trials.csv,output/revision_temporal/rev-temporal-phi4_mini-gsm8k-interpolated-s113-long/trial-5045337.json,output/revision_temporal/rev-temporal-phi4_mini-gsm8k-interpolated-s113-long/attempt-5045337/training-5045337.log,output/revision_temporal/rev-temporal-phi4_mini-gsm8k-interpolated-s113-long/attempt-5045337/phase-memory-5045337.csv,output/revision_temporal/rev-temporal-phi4_mini-gsm8k-interpolated-s113-long/attempt-5045337/gpu-telemetry-5045337.csv,output/revision_temporal/rev-temporal-phi4_mini-gsm8k-interpolated-s113-long/attempt-5045337/environment-5045337.json,output/revision_temporal/pairs/phi4_mini-gsm8k-interpolated-s113/pair-5045337.json,92f97eb8c6f49cccbcaaa7f9c58d57eab8de8755
run-3f160ea4fd9cde89,cfg-42a07dcd991102a7,batch_reservation,strong-factorial-granite33_2b-grpo-code_standard-base-s95,95,5031372,,,within_margin,1,1,32302.0,32302.0,194.0,idle,,profiles/standard_grpo/factorial-trials.csv,output/strengthening_factorial/strong-factorial-granite33_2b-grpo-code_standard-base-s95/trial-5031372.json,output/strengthening_factorial/strong-factorial-granite33_2b-grpo-code_standard-base-s95/training-5031372.log,output/strengthening_factorial/strong-factorial-granite33_2b-grpo-code_standard-base-s95/phase-memory-5031372.csv,output/strengthening_factorial/strong-factorial-granite33_2b-grpo-code_standard-base-s95/gpu-telemetry-5031372.csv,output/strengthening_factorial/strong-factorial-granite33_2b-grpo-code_standard-base-s95/environment-5031372.json,,
run-3f6af9a39b81e314,cfg-211b6fafd167a310,batch_reservation,strong-factorial-phi4_mini-grpo-math-actor_only-s94,94,5031829,,,within_margin,1,1,35938.0,35938.0,209.0,idle,,profiles/standard_grpo/factorial-trials.csv,output/strengthening_factorial/strong-factorial-phi4_mini-grpo-math-actor_only-s94/trial-5031829.json,output/strengthening_factorial/strong-factorial-phi4_mini-grpo-math-actor_only-s94/training-5031829.log,output/strengthening_factorial/strong-factorial-phi4_mini-grpo-math-actor_only-s94/phase-memory-5031829.csv,output/strengthening_factorial/strong-factorial-phi4_mini-grpo-math-actor_only-s94/gpu-telemetry-5031829.csv,output/strengthening_factorial/strong-factorial-phi4_mini-grpo-math-actor_only-s94/environment-5031829.json,,
run-4085b88cb89e172a,cfg-b7a35495ef8f0eb3,batch_reservation,strong-factorial-qwen25_3b-grpo-math-reservation_only-s96,96,5032056,,,within_margin,1,1,37478.0,37478.0,214.0,idle,,profiles/standard_grpo/factorial-trials.csv,output/strengthening_factorial/strong-factorial-qwen25_3b-grpo-math-reservation_only-s96/trial-5032056.json,output/strengthening_factorial/strong-factorial-qwen25_3b-grpo-math-reservation_only-s96/training-5032056.log,output/strengthening_factorial/strong-factorial-qwen25_3b-grpo-math-reservation_only-s96/phase-memory-5032056.csv,output/strengthening_factorial/strong-factorial-qwen25_3b-grpo-math-reservation_only-s96/gpu-telemetry-5032056.csv,output/strengthening_factorial/strong-factorial-qwen25_3b-grpo-math-reservation_only-s96/environment-5032056.json,,
run-41742b89de6e2ff7,cfg-5244d13eac3116ad,boundary,v2cf-confirm-qwen25_3b-grpo-gsm8k_long-c0-s43,43,4935739,,,within_margin,1,1,21540.0,21540.0,249.0,idle,,profiles/standard_grpo/boundary-trials.csv,output/benchmark_v2_cross_family_confirmatory/v2cf-confirm-qwen25_3b-grpo-gsm8k_long-c0-s43/trial-4935739.json,output/benchmark_v2_cross_family_confirmatory/v2cf-confirm-qwen25_3b-grpo-gsm8k_long-c0-s43/training-4935739.log,output/benchmark_v2_cross_family_confirmatory/v2cf-confirm-qwen25_3b-grpo-gsm8k_long-c0-s43/phase-memory-4935739.csv,output/benchmark_v2_cross_family_confirmatory/v2cf-confirm-qwen25_3b-grpo-gsm8k_long-c0-s43/gpu-telemetry-4935739.csv,output/benchmark_v2_cross_family_confirmatory/v2cf-confirm-qwen25_3b-grpo-gsm8k_long-c0-s43/environment-4935739.json,,
run-41ae1610098c9aa1,cfg-a94bf7877633dfda,boundary,strong-granite-confirmatory-grpo-code_standard-c2-s91,91,5031427,,,within_margin,1,1,32302.0,32302.0,198.0,idle,,profiles/standard_grpo/boundary-trials.csv,output/strengthening_granite_confirmatory/strong-granite-confirmatory-grpo-code_standard-c2-s91/trial-5031427.json,output/strengthening_granite_confirmatory/strong-granite-confirmatory-grpo-code_standard-c2-s91/training-5031427.log,output/strengthening_granite_confirmatory/strong-granite-confirmatory-grpo-code_standard-c2-s91/phase-memory-5031427.csv,output/strengthening_granite_confirmatory/strong-granite-confirmatory-grpo-code_standard-c2-s91/gpu-telemetry-5031427.csv,output/strengthening_granite_confirmatory/strong-granite-confirmatory-grpo-code_standard-c2-s91/environment-5031427.json,,
run-42117be20d7eaab6,cfg-10644b5d0a82d5c3,boundary,mr-xm-confirm-phi4_mini-grpo-code_heavy_tail-c5-s53,53,5004074,,,memory_failure,0,1,14790.0,,103.0,initializing,rollout_init_memory,profiles/standard_grpo/boundary-trials.csv,output/major_revision_cross_model_confirmatory/mr-xm-confirm-phi4_mini-grpo-code_heavy_tail-c5-s53/trial-5004074.json,output/major_revision_cross_model_confirmatory/mr-xm-confirm-phi4_mini-grpo-code_heavy_tail-c5-s53/training-5004074.log,output/major_revision_cross_model_confirmatory/mr-xm-confirm-phi4_mini-grpo-code_heavy_tail-c5-s53/phase-memory-5004074.csv,output/major_revision_cross_model_confirmatory/mr-xm-confirm-phi4_mini-grpo-code_heavy_tail-c5-s53/gpu-telemetry-5004074.csv,output/major_revision_cross_model_confirmatory/mr-xm-confirm-phi4_mini-grpo-code_heavy_tail-c5-s53/environment-5004074.json,,
run-426145c5f4e0a441,cfg-ef2331208f38fbaf,batch_reservation,strong-factorial-qwen25_3b-grpo-math-joint-s95,95,5032059,,,within_margin,1,1,37478.0,37478.0,202.0,idle,,profiles/standard_grpo/factorial-trials.csv,output/strengthening_factorial/strong-factorial-qwen25_3b-grpo-math-joint-s95/trial-5032059.json,output/strengthening_factorial/strong-factorial-qwen25_3b-grpo-math-joint-s95/training-5032059.log,output/strengthening_factorial/strong-factorial-qwen25_3b-grpo-math-joint-s95/phase-memory-5032059.csv,output/strengthening_factorial/strong-factorial-qwen25_3b-grpo-math-joint-s95/gpu-telemetry-5032059.csv,output/strengthening_factorial/strong-factorial-qwen25_3b-grpo-math-joint-s95/environment-5032059.json,,
run-42c5678ad2a32691,cfg-9c461415e6bb9702,boundary,mr-xm-confirm-phi4_mini-grpo-code_standard-c0-s53,53,5002544,,,within_margin,1,1,26056.0,26056.0,216.0,idle,,profiles/standard_grpo/boundary-trials.csv,output/major_revision_cross_model_confirmatory/mr-xm-confirm-phi4_mini-grpo-code_standard-c0-s53/trial-5002544.json,output/major_revision_cross_model_confirmatory/mr-xm-confirm-phi4_mini-grpo-code_standard-c0-s53/training-5002544.log,output/major_revision_cross_model_confirmatory/mr-xm-confirm-phi4_mini-grpo-code_standard-c0-s53/phase-memory-5002544.csv,output/major_revision_cross_model_confirmatory/mr-xm-confirm-phi4_mini-grpo-code_standard-c0-s53/gpu-telemetry-5002544.csv,output/major_revision_cross_model_confirmatory/mr-xm-confirm-phi4_mini-grpo-code_standard-c0-s53/environment-5002544.json,,
run-43a6cd76fca65267,cfg-3197439008c27071,horizon_followup,rev-temporal-granite33_2b-math-interpolated-s112-long,112,5045432,granite33_2b-math-interpolated-s112,2,above_margin,1,100,39410.0,39410.0,3951.0,validation,,profiles/standard_grpo/revision-temporal-trials.csv,output/revision_temporal/rev-temporal-granite33_2b-math-interpolated-s112-long/trial-5045432.json,output/revision_temporal/rev-temporal-granite33_2b-math-interpolated-s112-long/attempt-5045432/training-5045432.log,output/revision_temporal/rev-temporal-granite33_2b-math-interpolated-s112-long/attempt-5045432/phase-memory-5045432.csv,output/revision_temporal/rev-temporal-granite33_2b-math-interpolated-s112-long/attempt-5045432/gpu-telemetry-5045432.csv,output/revision_temporal/rev-temporal-granite33_2b-math-interpolated-s112-long/attempt-5045432/environment-5045432.json,output/revision_temporal/pairs/granite33_2b-math-interpolated-s112/pair-5045432.json,92f97eb8c6f49cccbcaaa7f9c58d57eab8de8755
run-43b09af6d052d6eb,cfg-e2a205be8efba055,boundary,v2cf-confirm-phi4_mini-grpo-math_short-c0-s41,41,4936266,,,within_margin,1,1,26348.0,26348.0,258.0,idle,,profiles/standard_grpo/boundary-trials.csv,output/benchmark_v2_cross_family_confirmatory/v2cf-confirm-phi4_mini-grpo-math_short-c0-s41/trial-4936266.json,output/benchmark_v2_cross_family_confirmatory/v2cf-confirm-phi4_mini-grpo-math_short-c0-s41/training-4936266.log,output/benchmark_v2_cross_family_confirmatory/v2cf-confirm-phi4_mini-grpo-math_short-c0-s41/phase-memory-4936266.csv,output/benchmark_v2_cross_family_confirmatory/v2cf-confirm-phi4_mini-grpo-math_short-c0-s41/gpu-telemetry-4936266.csv,output/benchmark_v2_cross_family_confirmatory/v2cf-confirm-phi4_mini-grpo-math_short-c0-s41/environment-4936266.json,,
run-44851f688ecccd08,cfg-e2763ffc8afa3602,batch_reservation,strong-factorial-granite33_2b-grpo-gsm8k_long-reservation_only-s94,94,5031393,,,within_margin,1,1,36302.0,36302.0,206.0,idle,,profiles/standard_grpo/factorial-trials.csv,output/strengthening_factorial/strong-factorial-granite33_2b-grpo-gsm8k_long-reservation_only-s94/trial-5031393.json,output/strengthening_factorial/strong-factorial-granite33_2b-grpo-gsm8k_long-reservation_only-s94/training-5031393.log,output/strengthening_factorial/strong-factorial-granite33_2b-grpo-gsm8k_long-reservation_only-s94/phase-memory-5031393.csv,output/strengthening_factorial/strong-factorial-granite33_2b-grpo-gsm8k_long-reservation_only-s94/gpu-telemetry-5031393.csv,output/strengthening_factorial/strong-factorial-granite33_2b-grpo-gsm8k_long-reservation_only-s94/environment-5031393.json,,
run-44b0631aa7ed3858,cfg-4743c1c830bad982,instrumentation,rev-instrumentation-phi4_mini-math-c2-s112-full,112,5045360,phi4_mini-math-c2-s112,1,within_margin,1,1,36096.0,36096.0,192.0,idle,,profiles/standard_grpo/revision-instrumentation-trials.csv,output/revision_instrumentation/rev-instrumentation-phi4_mini-math-c2-s112-full/trial-5045360.json,output/revision_instrumentation/rev-instrumentation-phi4_mini-math-c2-s112-full/attempt-5045360/training-5045360.log,output/revision_instrumentation/rev-instrumentation-phi4_mini-math-c2-s112-full/attempt-5045360/phase-memory-5045360.csv,output/revision_instrumentation/rev-instrumentation-phi4_mini-math-c2-s112-full/attempt-5045360/gpu-telemetry-5045360.csv,output/revision_instrumentation/rev-instrumentation-phi4_mini-math-c2-s112-full/attempt-5045360/environment-5045360.json,output/revision_instrumentation/pairs/phi4_mini-math-c2-s112/pair-5045360.json,92cd0c14334ab84d718fc3bdb03ae150f064654d
run-45488b857bdd8d52,cfg-8a39420e5b484230,batch_reservation,strong-factorial-phi4_mini-grpo-math-reservation_only-s95,95,5031841,,,above_margin,1,1,40016.0,40016.0,231.0,idle,,profiles/standard_grpo/factorial-trials.csv,output/strengthening_factorial/strong-factorial-phi4_mini-grpo-math-reservation_only-s95/trial-5031841.json,output/strengthening_factorial/strong-factorial-phi4_mini-grpo-math-reservation_only-s95/training-5031841.log,output/strengthening_factorial/strong-factorial-phi4_mini-grpo-math-reservation_only-s95/phase-memory-5031841.csv,output/strengthening_factorial/strong-factorial-phi4_mini-grpo-math-reservation_only-s95/gpu-telemetry-5031841.csv,output/strengthening_factorial/strong-factorial-phi4_mini-grpo-math-reservation_only-s95/environment-5031841.json,,
run-45cd94879346c8fc,cfg-e8893b12558f51dd,boundary,strong-granite-confirmatory-grpo-gsm8k_long-c5-s92,92,5031328,,,memory_failure,0,1,7780.0,,105.0,initializing,rollout_init_memory,profiles/standard_grpo/boundary-trials.csv,output/strengthening_granite_confirmatory/strong-granite-confirmatory-grpo-gsm8k_long-c5-s92/trial-5031328.json,output/strengthening_granite_confirmatory/strong-granite-confirmatory-grpo-gsm8k_long-c5-s92/training-5031328.log,output/strengthening_granite_confirmatory/strong-granite-confirmatory-grpo-gsm8k_long-c5-s92/phase-memory-5031328.csv,output/strengthening_granite_confirmatory/strong-granite-confirmatory-grpo-gsm8k_long-c5-s92/gpu-telemetry-5031328.csv,output/strengthening_granite_confirmatory/strong-granite-confirmatory-grpo-gsm8k_long-c5-s92/environment-5031328.json,,
run-45cf40daf74bfe5b,cfg-a3987314cb2f9f12,boundary,v2cf-confirm-phi4_mini-grpo-math_short-c3-s43,43,4936304,,,above_margin,1,1,40016.0,40016.0,236.0,idle,,profiles/standard_grpo/boundary-trials.csv,output/benchmark_v2_cross_family_confirmatory/v2cf-confirm-phi4_mini-grpo-math_short-c3-s43/trial-4936304.json,output/benchmark_v2_cross_family_confirmatory/v2cf-confirm-phi4_mini-grpo-math_short-c3-s43/training-4936304.log,output/benchmark_v2_cross_family_confirmatory/v2cf-confirm-phi4_mini-grpo-math_short-c3-s43/phase-memory-4936304.csv,output/benchmark_v2_cross_family_confirmatory/v2cf-confirm-phi4_mini-grpo-math_short-c3-s43/gpu-telemetry-4936304.csv,output/benchmark_v2_cross_family_confirmatory/v2cf-confirm-phi4_mini-grpo-math_short-c3-s43/environment-4936304.json,,
run-46371e1c7ad0bec8,cfg-e91942abb5b4f847,boundary,mr-xm-confirm-qwen25_3b-grpo-code_heavy_tail-c2-s51,51,4999681,,,within_margin,1,1,33436.0,33436.0,201.0,idle,,profiles/standard_grpo/boundary-trials.csv,output/major_revision_cross_model_confirmatory/mr-xm-confirm-qwen25_3b-grpo-code_heavy_tail-c2-s51/trial-4999681.json,output/major_revision_cross_model_confirmatory/mr-xm-confirm-qwen25_3b-grpo-code_heavy_tail-c2-s51/training-4999681.log,output/major_revision_cross_model_confirmatory/mr-xm-confirm-qwen25_3b-grpo-code_heavy_tail-c2-s51/phase-memory-4999681.csv,output/major_revision_cross_model_confirmatory/mr-xm-confirm-qwen25_3b-grpo-code_heavy_tail-c2-s51/gpu-telemetry-4999681.csv,output/major_revision_cross_model_confirmatory/mr-xm-confirm-qwen25_3b-grpo-code_heavy_tail-c2-s51/environment-4999681.json,,
run-46776c04a6d66bde,cfg-0804f13209d60a6b,instrumentation,rev-instrumentation-phi4_mini-gsm8k-c2-s112-full,112,5045342,phi4_mini-gsm8k-c2-s112,2,within_margin,1,1,35518.0,35518.0,208.0,idle,,profiles/standard_grpo/revision-instrumentation-trials.csv,output/revision_instrumentation/rev-instrumentation-phi4_mini-gsm8k-c2-s112-full/trial-5045342.json,output/revision_instrumentation/rev-instrumentation-phi4_mini-gsm8k-c2-s112-full/attempt-5045342/training-5045342.log,output/revision_instrumentation/rev-instrumentation-phi4_mini-gsm8k-c2-s112-full/attempt-5045342/phase-memory-5045342.csv,output/revision_instrumentation/rev-instrumentation-phi4_mini-gsm8k-c2-s112-full/attempt-5045342/gpu-telemetry-5045342.csv,output/revision_instrumentation/rev-instrumentation-phi4_mini-gsm8k-c2-s112-full/attempt-5045342/environment-5045342.json,output/revision_instrumentation/pairs/phi4_mini-gsm8k-c2-s112/pair-5045342.json,92cd0c14334ab84d718fc3bdb03ae150f064654d
run-46cf22d01b4cf8b4,cfg-409a2028c2748c88,batch_logging_control,review-control-phi4_mini-gsm8k-s123-external_b16,123,5048576,phi4_mini-gsm8k-s123,2,within_margin,1,1,35538.0,35538.0,201.0,idle,,profiles/review_revision/control-trials.csv,output/review_instrumentation_batch/review-control-phi4_mini-gsm8k-s123-external_b16/trial-5048576.json,output/review_instrumentation_batch/review-control-phi4_mini-gsm8k-s123-external_b16/attempt-5048576/training-5048576.log,output/review_instrumentation_batch/review-control-phi4_mini-gsm8k-s123-external_b16/attempt-5048576/phase-memory-5048576.csv,output/review_instrumentation_batch/review-control-phi4_mini-gsm8k-s123-external_b16/attempt-5048576/gpu-telemetry-5048576.csv,output/review_instrumentation_batch/review-control-phi4_mini-gsm8k-s123-external_b16/attempt-5048576/environment-5048576.json,output/review_instrumentation_batch/pairs/phi4_mini-gsm8k-s123/pair-5048576.json,018992850a9514b6dfd0d81a8060d7f8a98a89fa
run-484dc619c6b6ab92,cfg-3bbff1090fab73f9,instrumentation,rev-instrumentation-qwen25_3b-gsm8k-c3-s111-full,111,5045266,qwen25_3b-gsm8k-c3-s111,2,within_margin,1,1,37140.0,37140.0,189.0,idle,,profiles/standard_grpo/revision-instrumentation-trials.csv,output/revision_instrumentation/rev-instrumentation-qwen25_3b-gsm8k-c3-s111-full/trial-5045266.json,output/revision_instrumentation/rev-instrumentation-qwen25_3b-gsm8k-c3-s111-full/attempt-5045266/training-5045266.log,output/revision_instrumentation/rev-instrumentation-qwen25_3b-gsm8k-c3-s111-full/attempt-5045266/phase-memory-5045266.csv,output/revision_instrumentation/rev-instrumentation-qwen25_3b-gsm8k-c3-s111-full/attempt-5045266/gpu-telemetry-5045266.csv,output/revision_instrumentation/rev-instrumentation-qwen25_3b-gsm8k-c3-s111-full/attempt-5045266/environment-5045266.json,output/revision_instrumentation/pairs/qwen25_3b-gsm8k-c3-s111/pair-5045266.json,92cd0c14334ab84d718fc3bdb03ae150f064654d
run-48c5d6ebd2802dbe,cfg-399f6b038d6f65f9,four_gpu,rev-topology-qwen25_3b-gsm8k-c2-s112-four_gpu,112,5045290,qwen25_3b-gsm8k-c2-s112,1,within_margin,1,1,29820.0,29820.0,199.0,idle,,profiles/standard_grpo/revision-topology-trials.csv,output/revision_topology/rev-topology-qwen25_3b-gsm8k-c2-s112-four_gpu/trial-5045290.json,output/revision_topology/rev-topology-qwen25_3b-gsm8k-c2-s112-four_gpu/attempt-5045290/training-5045290.log,output/revision_topology/rev-topology-qwen25_3b-gsm8k-c2-s112-four_gpu/attempt-5045290/phase-memory-5045290.csv,output/revision_topology/rev-topology-qwen25_3b-gsm8k-c2-s112-four_gpu/attempt-5045290/gpu-telemetry-5045290.csv,output/revision_topology/rev-topology-qwen25_3b-gsm8k-c2-s112-four_gpu/attempt-5045290/environment-5045290.json,output/revision_topology/pairs/qwen25_3b-gsm8k-c2-s112/pair-5045290.json,b602c1ca41c1ab6d45a5a50885af86cfed90d0d6
run-492ea6e36c2a95f9,cfg-93d4f41e600c9079,boundary,strong-granite-confirmatory-grpo-code_heavy_tail-c4-s92,92,5031374,,,above_margin,1,1,40622.0,40622.0,193.0,idle,,profiles/standard_grpo/boundary-trials.csv,output/strengthening_granite_confirmatory/strong-granite-confirmatory-grpo-code_heavy_tail-c4-s92/trial-5031374.json,output/strengthening_granite_confirmatory/strong-granite-confirmatory-grpo-code_heavy_tail-c4-s92/training-5031374.log,output/strengthening_granite_confirmatory/strong-granite-confirmatory-grpo-code_heavy_tail-c4-s92/phase-memory-5031374.csv,output/strengthening_granite_confirmatory/strong-granite-confirmatory-grpo-code_heavy_tail-c4-s92/gpu-telemetry-5031374.csv,output/strengthening_granite_confirmatory/strong-granite-confirmatory-grpo-code_heavy_tail-c4-s92/environment-5031374.json,,
run-4934a60990bbe4c9,cfg-0a36e5abf5f9732e,temporal_40,v2time-grpo-math-qwen25_1p5b-safe_margin-s41,41,4943156,,,within_margin,1,40,29344.0,29344.0,5979.0,idle,,profiles/standard_grpo/temporal-40-trials.csv,output/benchmark_v2_temporal_confirmatory/v2time-grpo-math-qwen25_1p5b-safe_margin-s41/trial-4943156.json,output/benchmark_v2_temporal_confirmatory/v2time-grpo-math-qwen25_1p5b-safe_margin-s41/training-4943156.log,output/benchmark_v2_temporal_confirmatory/v2time-grpo-math-qwen25_1p5b-safe_margin-s41/phase-memory-4943156.csv,output/benchmark_v2_temporal_confirmatory/v2time-grpo-math-qwen25_1p5b-safe_margin-s41/gpu-telemetry-4943156.csv,output/benchmark_v2_temporal_confirmatory/v2time-grpo-math-qwen25_1p5b-safe_margin-s41/environment-4943156.json,,
run-4aff73c159192f96,cfg-0f8a31ef7ac4c551,boundary,v2cf-confirm-phi4_mini-grpo-math_short-c1-s43,43,4935682,,,within_margin,1,1,26348.0,26348.0,225.0,idle,,profiles/standard_grpo/boundary-trials.csv,output/benchmark_v2_cross_family_confirmatory/v2cf-confirm-phi4_mini-grpo-math_short-c1-s43/trial-4935682.json,output/benchmark_v2_cross_family_confirmatory/v2cf-confirm-phi4_mini-grpo-math_short-c1-s43/training-4935682.log,output/benchmark_v2_cross_family_confirmatory/v2cf-confirm-phi4_mini-grpo-math_short-c1-s43/phase-memory-4935682.csv,output/benchmark_v2_cross_family_confirmatory/v2cf-confirm-phi4_mini-grpo-math_short-c1-s43/gpu-telemetry-4935682.csv,output/benchmark_v2_cross_family_confirmatory/v2cf-confirm-phi4_mini-grpo-math_short-c1-s43/environment-4935682.json,,
run-4b11b993eada1544,cfg-d9397d15f234d541,boundary,strong-granite-confirmatory-grpo-code_heavy_tail-c1-s91,91,5031314,,,within_margin,1,1,21294.0,21294.0,189.0,idle,,profiles/standard_grpo/boundary-trials.csv,output/strengthening_granite_confirmatory/strong-granite-confirmatory-grpo-code_heavy_tail-c1-s91/trial-5031314.json,output/strengthening_granite_confirmatory/strong-granite-confirmatory-grpo-code_heavy_tail-c1-s91/training-5031314.log,output/strengthening_granite_confirmatory/strong-granite-confirmatory-grpo-code_heavy_tail-c1-s91/phase-memory-5031314.csv,output/strengthening_granite_confirmatory/strong-granite-confirmatory-grpo-code_heavy_tail-c1-s91/gpu-telemetry-5031314.csv,output/strengthening_granite_confirmatory/strong-granite-confirmatory-grpo-code_heavy_tail-c1-s91/environment-5031314.json,,
run-4b2dedf555bc2311,cfg-a94bf7877633dfda,boundary,strong-granite-confirmatory-grpo-code_standard-c2-s93,93,5031381,,,within_margin,1,1,32534.0,32534.0,189.0,idle,,profiles/standard_grpo/boundary-trials.csv,output/strengthening_granite_confirmatory/strong-granite-confirmatory-grpo-code_standard-c2-s93/trial-5031381.json,output/strengthening_granite_confirmatory/strong-granite-confirmatory-grpo-code_standard-c2-s93/training-5031381.log,output/strengthening_granite_confirmatory/strong-granite-confirmatory-grpo-code_standard-c2-s93/phase-memory-5031381.csv,output/strengthening_granite_confirmatory/strong-granite-confirmatory-grpo-code_standard-c2-s93/gpu-telemetry-5031381.csv,output/strengthening_granite_confirmatory/strong-granite-confirmatory-grpo-code_standard-c2-s93/environment-5031381.json,,
run-4b2e1cbb0383f25d,cfg-ea92cccc91029465,boundary,mr-xm-confirm-phi4_mini-grpo-code_standard-c4-s52,52,5002975,,,memory_failure,0,1,14790.0,,113.0,initializing,rollout_init_memory,profiles/standard_grpo/boundary-trials.csv,output/major_revision_cross_model_confirmatory/mr-xm-confirm-phi4_mini-grpo-code_standard-c4-s52/trial-5002975.json,output/major_revision_cross_model_confirmatory/mr-xm-confirm-phi4_mini-grpo-code_standard-c4-s52/training-5002975.log,output/major_revision_cross_model_confirmatory/mr-xm-confirm-phi4_mini-grpo-code_standard-c4-s52/phase-memory-5002975.csv,output/major_revision_cross_model_confirmatory/mr-xm-confirm-phi4_mini-grpo-code_standard-c4-s52/gpu-telemetry-5002975.csv,output/major_revision_cross_model_confirmatory/mr-xm-confirm-phi4_mini-grpo-code_standard-c4-s52/environment-5002975.json,,
run-4b307bc95f5bdd66,cfg-83aadaf7687932d9,instrumentation,rev-instrumentation-qwen25_3b-gsm8k-c4-s112-full,112,5045362,qwen25_3b-gsm8k-c4-s112,2,memory_failure,0,1,40882.0,,192.0,weight_sync,weight_sync_oom,profiles/standard_grpo/revision-instrumentation-trials.csv,output/revision_instrumentation/rev-instrumentation-qwen25_3b-gsm8k-c4-s112-full/trial-5045362.json,output/revision_instrumentation/rev-instrumentation-qwen25_3b-gsm8k-c4-s112-full/attempt-5045362/training-5045362.log,output/revision_instrumentation/rev-instrumentation-qwen25_3b-gsm8k-c4-s112-full/attempt-5045362/phase-memory-5045362.csv,output/revision_instrumentation/rev-instrumentation-qwen25_3b-gsm8k-c4-s112-full/attempt-5045362/gpu-telemetry-5045362.csv,output/revision_instrumentation/rev-instrumentation-qwen25_3b-gsm8k-c4-s112-full/attempt-5045362/environment-5045362.json,output/revision_instrumentation/pairs/qwen25_3b-gsm8k-c4-s112/pair-5045362.json,92cd0c14334ab84d718fc3bdb03ae150f064654d
run-4b311a2055282d32,cfg-4feb2171d2cb6476,batch_logging_control,review-control-qwen25_3b-code_heavy_tail-s121-external_b16,121,5048525,qwen25_3b-code_heavy_tail-s121,1,within_margin,1,1,33386.0,33386.0,225.0,idle,,profiles/review_revision/control-trials.csv,output/review_instrumentation_batch/review-control-qwen25_3b-code_heavy_tail-s121-external_b16/trial-5048525.json,output/review_instrumentation_batch/review-control-qwen25_3b-code_heavy_tail-s121-external_b16/attempt-5048525/training-5048525.log,output/review_instrumentation_batch/review-control-qwen25_3b-code_heavy_tail-s121-external_b16/attempt-5048525/phase-memory-5048525.csv,output/review_instrumentation_batch/review-control-qwen25_3b-code_heavy_tail-s121-external_b16/attempt-5048525/gpu-telemetry-5048525.csv,output/review_instrumentation_batch/review-control-qwen25_3b-code_heavy_tail-s121-external_b16/attempt-5048525/environment-5048525.json,output/review_instrumentation_batch/pairs/qwen25_3b-code_heavy_tail-s121/pair-5048525.json,018992850a9514b6dfd0d81a8060d7f8a98a89fa
run-4b476a65f0093e3c,cfg-301e4dae7048c6ec,four_gpu,rev-topology-phi4_mini-gsm8k-c2-s113-four_gpu,113,5045347,phi4_mini-gsm8k-c2-s113,1,within_margin,1,1,31658.0,31658.0,207.0,idle,,profiles/standard_grpo/revision-topology-trials.csv,output/revision_topology/rev-topology-phi4_mini-gsm8k-c2-s113-four_gpu/trial-5045347.json,output/revision_topology/rev-topology-phi4_mini-gsm8k-c2-s113-four_gpu/attempt-5045347/training-5045347.log,output/revision_topology/rev-topology-phi4_mini-gsm8k-c2-s113-four_gpu/attempt-5045347/phase-memory-5045347.csv,output/revision_topology/rev-topology-phi4_mini-gsm8k-c2-s113-four_gpu/attempt-5045347/gpu-telemetry-5045347.csv,output/revision_topology/rev-topology-phi4_mini-gsm8k-c2-s113-four_gpu/attempt-5045347/environment-5045347.json,output/revision_topology/pairs/phi4_mini-gsm8k-c2-s113/pair-5045347.json,b602c1ca41c1ab6d45a5a50885af86cfed90d0d6
run-4c3884b712abcf88,cfg-b828e98cedba337e,instrumentation,rev-instrumentation-qwen25_3b-math-c3-s111-full,111,5045289,qwen25_3b-math-c3-s111,1,within_margin,1,1,37478.0,37478.0,235.0,idle,,profiles/standard_grpo/revision-instrumentation-trials.csv,output/revision_instrumentation/rev-instrumentation-qwen25_3b-math-c3-s111-full/trial-5045289.json,output/revision_instrumentation/rev-instrumentation-qwen25_3b-math-c3-s111-full/attempt-5045289/training-5045289.log,output/revision_instrumentation/rev-instrumentation-qwen25_3b-math-c3-s111-full/attempt-5045289/phase-memory-5045289.csv,output/revision_instrumentation/rev-instrumentation-qwen25_3b-math-c3-s111-full/attempt-5045289/gpu-telemetry-5045289.csv,output/revision_instrumentation/rev-instrumentation-qwen25_3b-math-c3-s111-full/attempt-5045289/environment-5045289.json,output/revision_instrumentation/pairs/qwen25_3b-math-c3-s111/pair-5045289.json,92cd0c14334ab84d718fc3bdb03ae150f064654d
run-4c59518a178f04f0,cfg-835067f7405e89a2,boundary,strong-granite-confirmatory-grpo-math_short-c3-s91,91,5031368,,,within_margin,1,1,36670.0,36670.0,222.0,idle,,profiles/standard_grpo/boundary-trials.csv,output/strengthening_granite_confirmatory/strong-granite-confirmatory-grpo-math_short-c3-s91/trial-5031368.json,output/strengthening_granite_confirmatory/strong-granite-confirmatory-grpo-math_short-c3-s91/training-5031368.log,output/strengthening_granite_confirmatory/strong-granite-confirmatory-grpo-math_short-c3-s91/phase-memory-5031368.csv,output/strengthening_granite_confirmatory/strong-granite-confirmatory-grpo-math_short-c3-s91/gpu-telemetry-5031368.csv,output/strengthening_granite_confirmatory/strong-granite-confirmatory-grpo-math_short-c3-s91/environment-5031368.json,,
run-4d311effb603c38a,cfg-fd5bb0db68b0dae3,boundary,strong-granite-confirmatory-grpo-gsm8k_long-c0-s91,91,5031218,,,within_margin,1,1,19030.0,19030.0,258.0,idle,,profiles/standard_grpo/boundary-trials.csv,output/strengthening_granite_confirmatory/strong-granite-confirmatory-grpo-gsm8k_long-c0-s91/trial-5031218.json,output/strengthening_granite_confirmatory/strong-granite-confirmatory-grpo-gsm8k_long-c0-s91/training-5031218.log,output/strengthening_granite_confirmatory/strong-granite-confirmatory-grpo-gsm8k_long-c0-s91/phase-memory-5031218.csv,output/strengthening_granite_confirmatory/strong-granite-confirmatory-grpo-gsm8k_long-c0-s91/gpu-telemetry-5031218.csv,output/strengthening_granite_confirmatory/strong-granite-confirmatory-grpo-gsm8k_long-c0-s91/environment-5031218.json,,
run-4d58c2f4f590de82,cfg-399f6b038d6f65f9,four_gpu,rev-topology-qwen25_3b-gsm8k-c2-s113-four_gpu,113,5045291,qwen25_3b-gsm8k-c2-s113,1,within_margin,1,1,29820.0,29820.0,212.0,idle,,profiles/standard_grpo/revision-topology-trials.csv,output/revision_topology/rev-topology-qwen25_3b-gsm8k-c2-s113-four_gpu/trial-5045291.json,output/revision_topology/rev-topology-qwen25_3b-gsm8k-c2-s113-four_gpu/attempt-5045291/training-5045291.log,output/revision_topology/rev-topology-qwen25_3b-gsm8k-c2-s113-four_gpu/attempt-5045291/phase-memory-5045291.csv,output/revision_topology/rev-topology-qwen25_3b-gsm8k-c2-s113-four_gpu/attempt-5045291/gpu-telemetry-5045291.csv,output/revision_topology/rev-topology-qwen25_3b-gsm8k-c2-s113-four_gpu/attempt-5045291/environment-5045291.json,output/revision_topology/pairs/qwen25_3b-gsm8k-c2-s113/pair-5045291.json,b602c1ca41c1ab6d45a5a50885af86cfed90d0d6
run-4d737d030972c3b2,cfg-c2d27e8a89945048,batch_reservation,strong-factorial-qwen25_3b-grpo-gsm8k-joint-s95,95,5032041,,,within_margin,1,1,37140.0,37140.0,212.0,idle,,profiles/standard_grpo/factorial-trials.csv,output/strengthening_factorial/strong-factorial-qwen25_3b-grpo-gsm8k-joint-s95/trial-5032041.json,output/strengthening_factorial/strong-factorial-qwen25_3b-grpo-gsm8k-joint-s95/training-5032041.log,output/strengthening_factorial/strong-factorial-qwen25_3b-grpo-gsm8k-joint-s95/phase-memory-5032041.csv,output/strengthening_factorial/strong-factorial-qwen25_3b-grpo-gsm8k-joint-s95/gpu-telemetry-5032041.csv,output/strengthening_factorial/strong-factorial-qwen25_3b-grpo-gsm8k-joint-s95/environment-5032041.json,,
run-4d85ecf4c596270f,cfg-acfa4acda15c3599,boundary,strong-granite-confirmatory-grpo-code_heavy_tail-c2-s92,92,5031346,,,within_margin,1,1,32532.0,32532.0,230.0,idle,,profiles/standard_grpo/boundary-trials.csv,output/strengthening_granite_confirmatory/strong-granite-confirmatory-grpo-code_heavy_tail-c2-s92/trial-5031346.json,output/strengthening_granite_confirmatory/strong-granite-confirmatory-grpo-code_heavy_tail-c2-s92/training-5031346.log,output/strengthening_granite_confirmatory/strong-granite-confirmatory-grpo-code_heavy_tail-c2-s92/phase-memory-5031346.csv,output/strengthening_granite_confirmatory/strong-granite-confirmatory-grpo-code_heavy_tail-c2-s92/gpu-telemetry-5031346.csv,output/strengthening_granite_confirmatory/strong-granite-confirmatory-grpo-code_heavy_tail-c2-s92/environment-5031346.json,,
run-4df756bff5e8effb,cfg-42a07dcd991102a7,batch_reservation,strong-factorial-granite33_2b-grpo-code_standard-base-s96,96,5031316,,,within_margin,1,1,32302.0,32302.0,205.0,idle,,profiles/standard_grpo/factorial-trials.csv,output/strengthening_factorial/strong-factorial-granite33_2b-grpo-code_standard-base-s96/trial-5031316.json,output/strengthening_factorial/strong-factorial-granite33_2b-grpo-code_standard-base-s96/training-5031316.log,output/strengthening_factorial/strong-factorial-granite33_2b-grpo-code_standard-base-s96/phase-memory-5031316.csv,output/strengthening_factorial/strong-factorial-granite33_2b-grpo-code_standard-base-s96/gpu-telemetry-5031316.csv,output/strengthening_factorial/strong-factorial-granite33_2b-grpo-code_standard-base-s96/environment-5031316.json,,
run-4e23512e22aee8f4,cfg-9f624ec22aa3dde0,four_gpu,rev-topology-granite33_2b-math-c4-s111-four_gpu,111,5045428,granite33_2b-math-c4-s111,1,within_margin,1,1,38148.0,38148.0,207.0,idle,,profiles/standard_grpo/revision-topology-trials.csv,output/revision_topology/rev-topology-granite33_2b-math-c4-s111-four_gpu/trial-5045428.json,output/revision_topology/rev-topology-granite33_2b-math-c4-s111-four_gpu/attempt-5045428/training-5045428.log,output/revision_topology/rev-topology-granite33_2b-math-c4-s111-four_gpu/attempt-5045428/phase-memory-5045428.csv,output/revision_topology/rev-topology-granite33_2b-math-c4-s111-four_gpu/attempt-5045428/gpu-telemetry-5045428.csv,output/revision_topology/rev-topology-granite33_2b-math-c4-s111-four_gpu/attempt-5045428/environment-5045428.json,output/revision_topology/pairs/granite33_2b-math-c4-s111/pair-5045428.json,b602c1ca41c1ab6d45a5a50885af86cfed90d0d6
run-4f1029139447af41,cfg-00e028aa49d34e64,batch_reservation,strong-factorial-phi4_mini-grpo-gsm8k-joint-s94,94,5031807,,,above_margin,1,1,39550.0,39550.0,206.0,idle,,profiles/standard_grpo/factorial-trials.csv,output/strengthening_factorial/strong-factorial-phi4_mini-grpo-gsm8k-joint-s94/trial-5031807.json,output/strengthening_factorial/strong-factorial-phi4_mini-grpo-gsm8k-joint-s94/training-5031807.log,output/strengthening_factorial/strong-factorial-phi4_mini-grpo-gsm8k-joint-s94/phase-memory-5031807.csv,output/strengthening_factorial/strong-factorial-phi4_mini-grpo-gsm8k-joint-s94/gpu-telemetry-5031807.csv,output/strengthening_factorial/strong-factorial-phi4_mini-grpo-gsm8k-joint-s94/environment-5031807.json,,
run-5073cf9ce4ee4bbe,cfg-2178e5e1edeaba78,batch_logging_control,review-control-qwen25_3b-code_heavy_tail-s121-full_b16,121,5048525,qwen25_3b-code_heavy_tail-s121,3,within_margin,1,1,33386.0,33386.0,198.0,idle,,profiles/review_revision/control-trials.csv,output/review_instrumentation_batch/review-control-qwen25_3b-code_heavy_tail-s121-full_b16/trial-5048525.json,output/review_instrumentation_batch/review-control-qwen25_3b-code_heavy_tail-s121-full_b16/attempt-5048525/training-5048525.log,output/review_instrumentation_batch/review-control-qwen25_3b-code_heavy_tail-s121-full_b16/attempt-5048525/phase-memory-5048525.csv,output/review_instrumentation_batch/review-control-qwen25_3b-code_heavy_tail-s121-full_b16/attempt-5048525/gpu-telemetry-5048525.csv,output/review_instrumentation_batch/review-control-qwen25_3b-code_heavy_tail-s121-full_b16/attempt-5048525/environment-5048525.json,output/review_instrumentation_batch/pairs/qwen25_3b-code_heavy_tail-s121/pair-5048525.json,018992850a9514b6dfd0d81a8060d7f8a98a89fa
run-5175680fbb8fe282,cfg-c38f036ca97204f7,temporal_40,v2time-grpo-gsm8k-qwen25_3b-safe_margin-s43,43,4942457,,,within_margin,1,40,31752.0,31752.0,3642.0,idle,,profiles/standard_grpo/temporal-40-trials.csv,output/benchmark_v2_temporal_confirmatory/v2time-grpo-gsm8k-qwen25_3b-safe_margin-s43/trial-4942457.json,output/benchmark_v2_temporal_confirmatory/v2time-grpo-gsm8k-qwen25_3b-safe_margin-s43/training-4942457.log,output/benchmark_v2_temporal_confirmatory/v2time-grpo-gsm8k-qwen25_3b-safe_margin-s43/phase-memory-4942457.csv,output/benchmark_v2_temporal_confirmatory/v2time-grpo-gsm8k-qwen25_3b-safe_margin-s43/gpu-telemetry-4942457.csv,output/benchmark_v2_temporal_confirmatory/v2time-grpo-gsm8k-qwen25_3b-safe_margin-s43/environment-4942457.json,,
run-5186b71961deb472,cfg-2afbe250af9cd3e1,four_gpu,rev-topology-granite33_2b-math-c3-s111-four_gpu,111,5045407,granite33_2b-math-c3-s111,1,within_margin,1,1,34068.0,34068.0,205.0,idle,,profiles/standard_grpo/revision-topology-trials.csv,output/revision_topology/rev-topology-granite33_2b-math-c3-s111-four_gpu/trial-5045407.json,output/revision_topology/rev-topology-granite33_2b-math-c3-s111-four_gpu/attempt-5045407/training-5045407.log,output/revision_topology/rev-topology-granite33_2b-math-c3-s111-four_gpu/attempt-5045407/phase-memory-5045407.csv,output/revision_topology/rev-topology-granite33_2b-math-c3-s111-four_gpu/attempt-5045407/gpu-telemetry-5045407.csv,output/revision_topology/rev-topology-granite33_2b-math-c3-s111-four_gpu/attempt-5045407/environment-5045407.json,output/revision_topology/pairs/granite33_2b-math-c3-s111/pair-5045407.json,b602c1ca41c1ab6d45a5a50885af86cfed90d0d6
run-51f8094f3e56995a,cfg-73498805917fd151,instrumentation,rev-instrumentation-granite33_2b-gsm8k-c3-s111-external,111,5045376,granite33_2b-gsm8k-c3-s111,1,within_margin,1,1,36302.0,36302.0,206.0,idle,,profiles/standard_grpo/revision-instrumentation-trials.csv,output/revision_instrumentation/rev-instrumentation-granite33_2b-gsm8k-c3-s111-external/trial-5045376.json,output/revision_instrumentation/rev-instrumentation-granite33_2b-gsm8k-c3-s111-external/attempt-5045376/training-5045376.log,output/revision_instrumentation/rev-instrumentation-granite33_2b-gsm8k-c3-s111-external/attempt-5045376/phase-memory-5045376.csv,output/revision_instrumentation/rev-instrumentation-granite33_2b-gsm8k-c3-s111-external/attempt-5045376/gpu-telemetry-5045376.csv,output/revision_instrumentation/rev-instrumentation-granite33_2b-gsm8k-c3-s111-external/attempt-5045376/environment-5045376.json,output/revision_instrumentation/pairs/granite33_2b-gsm8k-c3-s111/pair-5045376.json,92cd0c14334ab84d718fc3bdb03ae150f064654d
run-522f71419d096954,cfg-f989b39cd682f07b,batch_reservation,strong-factorial-granite33_2b-grpo-math_short-reservation_only-s95,95,5031435,,,within_margin,1,1,36690.0,36690.0,207.0,idle,,profiles/standard_grpo/factorial-trials.csv,output/strengthening_factorial/strong-factorial-granite33_2b-grpo-math_short-reservation_only-s95/trial-5031435.json,output/strengthening_factorial/strong-factorial-granite33_2b-grpo-math_short-reservation_only-s95/training-5031435.log,output/strengthening_factorial/strong-factorial-granite33_2b-grpo-math_short-reservation_only-s95/phase-memory-5031435.csv,output/strengthening_factorial/strong-factorial-granite33_2b-grpo-math_short-reservation_only-s95/gpu-telemetry-5031435.csv,output/strengthening_factorial/strong-factorial-granite33_2b-grpo-math_short-reservation_only-s95/environment-5031435.json,,
run-5284f13cbef5573a,cfg-14d47144a7cbb833,batch_reservation,strong-factorial-phi4_mini-grpo-gsm8k-base-s96,96,5031780,,,within_margin,1,1,35518.0,35518.0,217.0,idle,,profiles/standard_grpo/factorial-trials.csv,output/strengthening_factorial/strong-factorial-phi4_mini-grpo-gsm8k-base-s96/trial-5031780.json,output/strengthening_factorial/strong-factorial-phi4_mini-grpo-gsm8k-base-s96/training-5031780.log,output/strengthening_factorial/strong-factorial-phi4_mini-grpo-gsm8k-base-s96/phase-memory-5031780.csv,output/strengthening_factorial/strong-factorial-phi4_mini-grpo-gsm8k-base-s96/gpu-telemetry-5031780.csv,output/strengthening_factorial/strong-factorial-phi4_mini-grpo-gsm8k-base-s96/environment-5031780.json,,
run-532100dadd21e618,cfg-195974eaa7e946e0,horizon_followup,rev-temporal-granite33_2b-math-interpolated-s113-source,113,5045335,granite33_2b-math-interpolated-s113,1,within_margin,1,1,38860.0,38860.0,227.0,validation,,profiles/standard_grpo/revision-temporal-trials.csv,output/revision_temporal/rev-temporal-granite33_2b-math-interpolated-s113-source/trial-5045335.json,output/revision_temporal/rev-temporal-granite33_2b-math-interpolated-s113-source/attempt-5045335/training-5045335.log,output/revision_temporal/rev-temporal-granite33_2b-math-interpolated-s113-source/attempt-5045335/phase-memory-5045335.csv,output/revision_temporal/rev-temporal-granite33_2b-math-interpolated-s113-source/attempt-5045335/gpu-telemetry-5045335.csv,output/revision_temporal/rev-temporal-granite33_2b-math-interpolated-s113-source/attempt-5045335/environment-5045335.json,output/revision_temporal/pairs/granite33_2b-math-interpolated-s113/pair-5045335.json,92f97eb8c6f49cccbcaaa7f9c58d57eab8de8755
run-53377d86e2b44eb1,cfg-a3987314cb2f9f12,boundary,v2cf-confirm-phi4_mini-grpo-math_short-c3-s42,42,4936296,,,above_margin,1,1,40080.0,40080.0,220.0,idle,,profiles/standard_grpo/boundary-trials.csv,output/benchmark_v2_cross_family_confirmatory/v2cf-confirm-phi4_mini-grpo-math_short-c3-s42/trial-4936296.json,output/benchmark_v2_cross_family_confirmatory/v2cf-confirm-phi4_mini-grpo-math_short-c3-s42/training-4936296.log,output/benchmark_v2_cross_family_confirmatory/v2cf-confirm-phi4_mini-grpo-math_short-c3-s42/phase-memory-4936296.csv,output/benchmark_v2_cross_family_confirmatory/v2cf-confirm-phi4_mini-grpo-math_short-c3-s42/gpu-telemetry-4936296.csv,output/benchmark_v2_cross_family_confirmatory/v2cf-confirm-phi4_mini-grpo-math_short-c3-s42/environment-4936296.json,,
run-5374e3760d9decfe,cfg-5c14e44760909675,state_release,strong-node-qwen25_1p5b-grpo-math-near_boundary-s81-p2-release,81,5031044,strong-node-qwen25_1p5b-grpo-math-near_boundary-s81,2,within_margin,1,1,34210.0,34210.0,196.0,idle,,profiles/standard_grpo/same-node-trials.csv,output/strengthening_same_node_residency/strong-node-qwen25_1p5b-grpo-math-near_boundary-s81-p2-release/trial-5031044.json,output/strengthening_same_node_residency/strong-node-qwen25_1p5b-grpo-math-near_boundary-s81-p2-release/training-5031044.log,output/strengthening_same_node_residency/strong-node-qwen25_1p5b-grpo-math-near_boundary-s81-p2-release/phase-memory-5031044.csv,output/strengthening_same_node_residency/strong-node-qwen25_1p5b-grpo-math-near_boundary-s81-p2-release/gpu-telemetry-5031044.csv,output/strengthening_same_node_residency/strong-node-qwen25_1p5b-grpo-math-near_boundary-s81-p2-release/environment-5031044.json,,
run-54093b16e1b0757e,cfg-0d9ba9215ab5683e,boundary,mr-xm-confirm-qwen25_3b-grpo-code_standard-c3-s53,53,4999411,,,within_margin,1,1,37418.0,37418.0,205.0,idle,,profiles/standard_grpo/boundary-trials.csv,output/major_revision_cross_model_confirmatory/mr-xm-confirm-qwen25_3b-grpo-code_standard-c3-s53/trial-4999411.json,output/major_revision_cross_model_confirmatory/mr-xm-confirm-qwen25_3b-grpo-code_standard-c3-s53/training-4999411.log,output/major_revision_cross_model_confirmatory/mr-xm-confirm-qwen25_3b-grpo-code_standard-c3-s53/phase-memory-4999411.csv,output/major_revision_cross_model_confirmatory/mr-xm-confirm-qwen25_3b-grpo-code_standard-c3-s53/gpu-telemetry-4999411.csv,output/major_revision_cross_model_confirmatory/mr-xm-confirm-qwen25_3b-grpo-code_standard-c3-s53/environment-4999411.json,,
run-544c94c6f59efe23,cfg-b68e9036992511d4,state_release,strong-node-qwen25_3b-grpo-math-safe_margin-s83-p1-resident,83,5031149,strong-node-qwen25_3b-grpo-math-safe_margin-s83,1,within_margin,1,1,32608.0,32608.0,477.0,idle,,profiles/standard_grpo/same-node-trials.csv,output/strengthening_same_node_residency/strong-node-qwen25_3b-grpo-math-safe_margin-s83-p1-resident/trial-5031149.json,output/strengthening_same_node_residency/strong-node-qwen25_3b-grpo-math-safe_margin-s83-p1-resident/training-5031149.log,output/strengthening_same_node_residency/strong-node-qwen25_3b-grpo-math-safe_margin-s83-p1-resident/phase-memory-5031149.csv,output/strengthening_same_node_residency/strong-node-qwen25_3b-grpo-math-safe_margin-s83-p1-resident/gpu-telemetry-5031149.csv,output/strengthening_same_node_residency/strong-node-qwen25_3b-grpo-math-safe_margin-s83-p1-resident/environment-5031149.json,,
run-54aa08141b2d9cfd,cfg-44b1b60788cfb061,state_release,strong-node-qwen25_3b-grpo-gsm8k-safe_margin-s83-p2-release,83,5031106,strong-node-qwen25_3b-grpo-gsm8k-safe_margin-s83,2,within_margin,1,1,21540.0,21540.0,251.0,idle,,profiles/standard_grpo/same-node-trials.csv,output/strengthening_same_node_residency/strong-node-qwen25_3b-grpo-gsm8k-safe_margin-s83-p2-release/trial-5031106.json,output/strengthening_same_node_residency/strong-node-qwen25_3b-grpo-gsm8k-safe_margin-s83-p2-release/training-5031106.log,output/strengthening_same_node_residency/strong-node-qwen25_3b-grpo-gsm8k-safe_margin-s83-p2-release/phase-memory-5031106.csv,output/strengthening_same_node_residency/strong-node-qwen25_3b-grpo-gsm8k-safe_margin-s83-p2-release/gpu-telemetry-5031106.csv,output/strengthening_same_node_residency/strong-node-qwen25_3b-grpo-gsm8k-safe_margin-s83-p2-release/environment-5031106.json,,
run-550825b0812c77b8,cfg-e82e70f37087dd01,batch_reservation,strong-factorial-qwen25_3b-grpo-code_standard-reservation_only-s95,95,5032018,,,within_margin,1,1,37418.0,37418.0,199.0,idle,,profiles/standard_grpo/factorial-trials.csv,output/strengthening_factorial/strong-factorial-qwen25_3b-grpo-code_standard-reservation_only-s95/trial-5032018.json,output/strengthening_factorial/strong-factorial-qwen25_3b-grpo-code_standard-reservation_only-s95/training-5032018.log,output/strengthening_factorial/strong-factorial-qwen25_3b-grpo-code_standard-reservation_only-s95/phase-memory-5032018.csv,output/strengthening_factorial/strong-factorial-qwen25_3b-grpo-code_standard-reservation_only-s95/gpu-telemetry-5032018.csv,output/strengthening_factorial/strong-factorial-qwen25_3b-grpo-code_standard-reservation_only-s95/environment-5032018.json,,
run-554ea10676e8ad6e,cfg-b828e98cedba337e,instrumentation,rev-instrumentation-qwen25_3b-math-c3-s112-full,112,5045311,qwen25_3b-math-c3-s112,2,within_margin,1,1,37478.0,37478.0,206.0,idle,,profiles/standard_grpo/revision-instrumentation-trials.csv,output/revision_instrumentation/rev-instrumentation-qwen25_3b-math-c3-s112-full/trial-5045311.json,output/revision_instrumentation/rev-instrumentation-qwen25_3b-math-c3-s112-full/attempt-5045311/training-5045311.log,output/revision_instrumentation/rev-instrumentation-qwen25_3b-math-c3-s112-full/attempt-5045311/phase-memory-5045311.csv,output/revision_instrumentation/rev-instrumentation-qwen25_3b-math-c3-s112-full/attempt-5045311/gpu-telemetry-5045311.csv,output/revision_instrumentation/rev-instrumentation-qwen25_3b-math-c3-s112-full/attempt-5045311/environment-5045311.json,output/revision_instrumentation/pairs/qwen25_3b-math-c3-s112/pair-5045311.json,92cd0c14334ab84d718fc3bdb03ae150f064654d
run-55b6ce6fbfd629cf,cfg-cc030db9324662ea,horizon_followup,rev-temporal-granite33_2b-gsm8k-interpolated-s111-source,111,5045341,granite33_2b-gsm8k-interpolated-s111,1,within_margin,1,1,38422.0,38422.0,288.0,validation,,profiles/standard_grpo/revision-temporal-trials.csv,output/revision_temporal/rev-temporal-granite33_2b-gsm8k-interpolated-s111-source/trial-5045341.json,output/revision_temporal/rev-temporal-granite33_2b-gsm8k-interpolated-s111-source/attempt-5045341/training-5045341.log,output/revision_temporal/rev-temporal-granite33_2b-gsm8k-interpolated-s111-source/attempt-5045341/phase-memory-5045341.csv,output/revision_temporal/rev-temporal-granite33_2b-gsm8k-interpolated-s111-source/attempt-5045341/gpu-telemetry-5045341.csv,output/revision_temporal/rev-temporal-granite33_2b-gsm8k-interpolated-s111-source/attempt-5045341/environment-5045341.json,output/revision_temporal/pairs/granite33_2b-gsm8k-interpolated-s111/pair-5045341.json,92f97eb8c6f49cccbcaaa7f9c58d57eab8de8755
run-562f2a83100f5603,cfg-966f5804dc918967,boundary,v2cf-confirm-phi4_mini-grpo-gsm8k_long-c4-s42,42,4936237,,,memory_failure,0,1,14790.0,,102.0,initializing,rollout_init_memory,profiles/standard_grpo/boundary-trials.csv,output/benchmark_v2_cross_family_confirmatory/v2cf-confirm-phi4_mini-grpo-gsm8k_long-c4-s42/trial-4936237.json,output/benchmark_v2_cross_family_confirmatory/v2cf-confirm-phi4_mini-grpo-gsm8k_long-c4-s42/training-4936237.log,output/benchmark_v2_cross_family_confirmatory/v2cf-confirm-phi4_mini-grpo-gsm8k_long-c4-s42/phase-memory-4936237.csv,output/benchmark_v2_cross_family_confirmatory/v2cf-confirm-phi4_mini-grpo-gsm8k_long-c4-s42/gpu-telemetry-4936237.csv,output/benchmark_v2_cross_family_confirmatory/v2cf-confirm-phi4_mini-grpo-gsm8k_long-c4-s42/environment-4936237.json,,
run-57e3675613397582,cfg-ca5490162c750c31,state_release,strong-node-qwen25_1p5b-grpo-gsm8k-near_boundary-s82-p2-release,82,5031120,strong-node-qwen25_1p5b-grpo-gsm8k-near_boundary-s82,2,within_margin,1,1,33954.0,33954.0,176.0,idle,,profiles/standard_grpo/same-node-trials.csv,output/strengthening_same_node_residency/strong-node-qwen25_1p5b-grpo-gsm8k-near_boundary-s82-p2-release/trial-5031120.json,output/strengthening_same_node_residency/strong-node-qwen25_1p5b-grpo-gsm8k-near_boundary-s82-p2-release/training-5031120.log,output/strengthening_same_node_residency/strong-node-qwen25_1p5b-grpo-gsm8k-near_boundary-s82-p2-release/phase-memory-5031120.csv,output/strengthening_same_node_residency/strong-node-qwen25_1p5b-grpo-gsm8k-near_boundary-s82-p2-release/gpu-telemetry-5031120.csv,output/strengthening_same_node_residency/strong-node-qwen25_1p5b-grpo-gsm8k-near_boundary-s82-p2-release/environment-5031120.json,,
run-582c904925bff5f6,cfg-b7f5b55ef67a8883,batch_reservation,strong-factorial-qwen25_3b-grpo-code_heavy_tail-reservation_only-s96,96,5031991,,,within_margin,1,1,37412.0,37412.0,215.0,idle,,profiles/standard_grpo/factorial-trials.csv,output/strengthening_factorial/strong-factorial-qwen25_3b-grpo-code_heavy_tail-reservation_only-s96/trial-5031991.json,output/strengthening_factorial/strong-factorial-qwen25_3b-grpo-code_heavy_tail-reservation_only-s96/training-5031991.log,output/strengthening_factorial/strong-factorial-qwen25_3b-grpo-code_heavy_tail-reservation_only-s96/phase-memory-5031991.csv,output/strengthening_factorial/strong-factorial-qwen25_3b-grpo-code_heavy_tail-reservation_only-s96/gpu-telemetry-5031991.csv,output/strengthening_factorial/strong-factorial-qwen25_3b-grpo-code_heavy_tail-reservation_only-s96/environment-5031991.json,,
run-58417472a8ec8e7f,cfg-1432bb8a4d9c3b8c,four_gpu,rev-topology-phi4_mini-math-c4-s113-four_gpu,113,5045383,phi4_mini-math-c4-s113,1,above_margin,1,1,40236.0,40236.0,216.0,idle,,profiles/standard_grpo/revision-topology-trials.csv,output/revision_topology/rev-topology-phi4_mini-math-c4-s113-four_gpu/trial-5045383.json,output/revision_topology/rev-topology-phi4_mini-math-c4-s113-four_gpu/attempt-5045383/training-5045383.log,output/revision_topology/rev-topology-phi4_mini-math-c4-s113-four_gpu/attempt-5045383/phase-memory-5045383.csv,output/revision_topology/rev-topology-phi4_mini-math-c4-s113-four_gpu/attempt-5045383/gpu-telemetry-5045383.csv,output/revision_topology/rev-topology-phi4_mini-math-c4-s113-four_gpu/attempt-5045383/environment-5045383.json,output/revision_topology/pairs/phi4_mini-math-c4-s113/pair-5045383.json,b602c1ca41c1ab6d45a5a50885af86cfed90d0d6
run-58a3a00d2b39929c,cfg-b8e90bd69c9744ea,four_gpu,rev-topology-granite33_2b-gsm8k-c2-s111-four_gpu,111,5045384,granite33_2b-gsm8k-c2-s111,1,within_margin,1,1,29660.0,29660.0,216.0,idle,,profiles/standard_grpo/revision-topology-trials.csv,output/revision_topology/rev-topology-granite33_2b-gsm8k-c2-s111-four_gpu/trial-5045384.json,output/revision_topology/rev-topology-granite33_2b-gsm8k-c2-s111-four_gpu/attempt-5045384/training-5045384.log,output/revision_topology/rev-topology-granite33_2b-gsm8k-c2-s111-four_gpu/attempt-5045384/phase-memory-5045384.csv,output/revision_topology/rev-topology-granite33_2b-gsm8k-c2-s111-four_gpu/attempt-5045384/gpu-telemetry-5045384.csv,output/revision_topology/rev-topology-granite33_2b-gsm8k-c2-s111-four_gpu/attempt-5045384/environment-5045384.json,output/revision_topology/pairs/granite33_2b-gsm8k-c2-s111/pair-5045384.json,b602c1ca41c1ab6d45a5a50885af86cfed90d0d6
run-5944fa4d054677ac,cfg-5f2f431355dfcb31,batch_reservation,strong-factorial-phi4_mini-grpo-code_standard-reservation_only-s96,96,5031767,,,above_margin,1,1,39550.0,39550.0,217.0,idle,,profiles/standard_grpo/factorial-trials.csv,output/strengthening_factorial/strong-factorial-phi4_mini-grpo-code_standard-reservation_only-s96/trial-5031767.json,output/strengthening_factorial/strong-factorial-phi4_mini-grpo-code_standard-reservation_only-s96/training-5031767.log,output/strengthening_factorial/strong-factorial-phi4_mini-grpo-code_standard-reservation_only-s96/phase-memory-5031767.csv,output/strengthening_factorial/strong-factorial-phi4_mini-grpo-code_standard-reservation_only-s96/gpu-telemetry-5031767.csv,output/strengthening_factorial/strong-factorial-phi4_mini-grpo-code_standard-reservation_only-s96/environment-5031767.json,,
run-59781d84caaa64c4,cfg-a5e8503dbdd188ac,batch_reservation,strong-factorial-phi4_mini-grpo-code_standard-joint-s95,95,5031769,,,above_margin,1,1,39730.0,39730.0,200.0,idle,,profiles/standard_grpo/factorial-trials.csv,output/strengthening_factorial/strong-factorial-phi4_mini-grpo-code_standard-joint-s95/trial-5031769.json,output/strengthening_factorial/strong-factorial-phi4_mini-grpo-code_standard-joint-s95/training-5031769.log,output/strengthening_factorial/strong-factorial-phi4_mini-grpo-code_standard-joint-s95/phase-memory-5031769.csv,output/strengthening_factorial/strong-factorial-phi4_mini-grpo-code_standard-joint-s95/gpu-telemetry-5031769.csv,output/strengthening_factorial/strong-factorial-phi4_mini-grpo-code_standard-joint-s95/environment-5031769.json,,
run-5a34dc430612dd84,cfg-402f13fde534d758,batch_reservation,strong-factorial-qwen25_3b-grpo-gsm8k-actor_only-s96,96,5032036,,,within_margin,1,1,33108.0,33108.0,192.0,idle,,profiles/standard_grpo/factorial-trials.csv,output/strengthening_factorial/strong-factorial-qwen25_3b-grpo-gsm8k-actor_only-s96/trial-5032036.json,output/strengthening_factorial/strong-factorial-qwen25_3b-grpo-gsm8k-actor_only-s96/training-5032036.log,output/strengthening_factorial/strong-factorial-qwen25_3b-grpo-gsm8k-actor_only-s96/phase-memory-5032036.csv,output/strengthening_factorial/strong-factorial-qwen25_3b-grpo-gsm8k-actor_only-s96/gpu-telemetry-5032036.csv,output/strengthening_factorial/strong-factorial-qwen25_3b-grpo-gsm8k-actor_only-s96/environment-5032036.json,,
run-5a9c0e8cc64612ee,cfg-161de6cc5f566679,batch_reservation,strong-factorial-qwen25_3b-grpo-code_heavy_tail-joint-s95,95,5031993,,,within_margin,1,1,37418.0,37418.0,209.0,idle,,profiles/standard_grpo/factorial-trials.csv,output/strengthening_factorial/strong-factorial-qwen25_3b-grpo-code_heavy_tail-joint-s95/trial-5031993.json,output/strengthening_factorial/strong-factorial-qwen25_3b-grpo-code_heavy_tail-joint-s95/training-5031993.log,output/strengthening_factorial/strong-factorial-qwen25_3b-grpo-code_heavy_tail-joint-s95/phase-memory-5031993.csv,output/strengthening_factorial/strong-factorial-qwen25_3b-grpo-code_heavy_tail-joint-s95/gpu-telemetry-5031993.csv,output/strengthening_factorial/strong-factorial-qwen25_3b-grpo-code_heavy_tail-joint-s95/environment-5031993.json,,
run-5afa6711dd6b8533,cfg-2afbe250af9cd3e1,four_gpu,rev-topology-granite33_2b-math-c3-s113-four_gpu,113,5045427,granite33_2b-math-c3-s113,1,within_margin,1,1,34068.0,34068.0,204.0,idle,,profiles/standard_grpo/revision-topology-trials.csv,output/revision_topology/rev-topology-granite33_2b-math-c3-s113-four_gpu/trial-5045427.json,output/revision_topology/rev-topology-granite33_2b-math-c3-s113-four_gpu/attempt-5045427/training-5045427.log,output/revision_topology/rev-topology-granite33_2b-math-c3-s113-four_gpu/attempt-5045427/phase-memory-5045427.csv,output/revision_topology/rev-topology-granite33_2b-math-c3-s113-four_gpu/attempt-5045427/gpu-telemetry-5045427.csv,output/revision_topology/rev-topology-granite33_2b-math-c3-s113-four_gpu/attempt-5045427/environment-5045427.json,output/revision_topology/pairs/granite33_2b-math-c3-s113/pair-5045427.json,b602c1ca41c1ab6d45a5a50885af86cfed90d0d6
run-5be2cb212cc5e75c,cfg-d02503f8c9804a2d,boundary,strong-granite-confirmatory-grpo-math_short-c4-s91,91,5031388,,,above_margin,1,1,40750.0,40750.0,204.0,idle,,profiles/standard_grpo/boundary-trials.csv,output/strengthening_granite_confirmatory/strong-granite-confirmatory-grpo-math_short-c4-s91/trial-5031388.json,output/strengthening_granite_confirmatory/strong-granite-confirmatory-grpo-math_short-c4-s91/training-5031388.log,output/strengthening_granite_confirmatory/strong-granite-confirmatory-grpo-math_short-c4-s91/phase-memory-5031388.csv,output/strengthening_granite_confirmatory/strong-granite-confirmatory-grpo-math_short-c4-s91/gpu-telemetry-5031388.csv,output/strengthening_granite_confirmatory/strong-granite-confirmatory-grpo-math_short-c4-s91/environment-5031388.json,,
run-5bf664554a208619,cfg-2609c0d3dc682182,sampling_calibration,v2tel-01-qwen25_1p5b-grpo-math-near_boundary-10ms,53,4935055,v2tel-01-qwen25_1p5b-grpo-math-near_boundary,,within_margin,1,1,34228.0,34228.0,179.0,idle,,profiles/standard_grpo/telemetry-trials.csv,output/benchmark_v2_telemetry_calibration/v2tel-01-qwen25_1p5b-grpo-math-near_boundary-10ms/trial-4935055.json,output/benchmark_v2_telemetry_calibration/v2tel-01-qwen25_1p5b-grpo-math-near_boundary-10ms/training-4935055.log,output/benchmark_v2_telemetry_calibration/v2tel-01-qwen25_1p5b-grpo-math-near_boundary-10ms/phase-memory-4935055.csv,output/benchmark_v2_telemetry_calibration/v2tel-01-qwen25_1p5b-grpo-math-near_boundary-10ms/gpu-telemetry-4935055.csv,output/benchmark_v2_telemetry_calibration/v2tel-01-qwen25_1p5b-grpo-math-near_boundary-10ms/environment-4935055.json,,
run-5c413b02aece8e43,cfg-9160dc45a0171a10,boundary,mr-xm-confirm-qwen25_3b-grpo-code_standard-c0-s51,51,4998827,,,within_margin,1,1,21540.0,21540.0,257.0,idle,,profiles/standard_grpo/boundary-trials.csv,output/major_revision_cross_model_confirmatory/mr-xm-confirm-qwen25_3b-grpo-code_standard-c0-s51/trial-4998827.json,output/major_revision_cross_model_confirmatory/mr-xm-confirm-qwen25_3b-grpo-code_standard-c0-s51/training-4998827.log,output/major_revision_cross_model_confirmatory/mr-xm-confirm-qwen25_3b-grpo-code_standard-c0-s51/phase-memory-4998827.csv,output/major_revision_cross_model_confirmatory/mr-xm-confirm-qwen25_3b-grpo-code_standard-c0-s51/gpu-telemetry-4998827.csv,output/major_revision_cross_model_confirmatory/mr-xm-confirm-qwen25_3b-grpo-code_standard-c0-s51/environment-4998827.json,,
run-5c4b198c0f64aa44,cfg-7df2428553b76877,boundary,mr-xm-confirm-phi4_mini-grpo-code_heavy_tail-c4-s52,52,5003968,,,memory_failure,0,1,14790.0,,101.0,initializing,rollout_init_memory,profiles/standard_grpo/boundary-trials.csv,output/major_revision_cross_model_confirmatory/mr-xm-confirm-phi4_mini-grpo-code_heavy_tail-c4-s52/trial-5003968.json,output/major_revision_cross_model_confirmatory/mr-xm-confirm-phi4_mini-grpo-code_heavy_tail-c4-s52/training-5003968.log,output/major_revision_cross_model_confirmatory/mr-xm-confirm-phi4_mini-grpo-code_heavy_tail-c4-s52/phase-memory-5003968.csv,output/major_revision_cross_model_confirmatory/mr-xm-confirm-phi4_mini-grpo-code_heavy_tail-c4-s52/gpu-telemetry-5003968.csv,output/major_revision_cross_model_confirmatory/mr-xm-confirm-phi4_mini-grpo-code_heavy_tail-c4-s52/environment-5003968.json,,
run-5cd1f1d3e657b7e0,cfg-40dbe09dcfdb5368,batch_reservation,strong-factorial-granite33_2b-grpo-code_heavy_tail-actor_only-s95,95,5031340,,,within_margin,1,1,32542.0,32542.0,209.0,idle,,profiles/standard_grpo/factorial-trials.csv,output/strengthening_factorial/strong-factorial-granite33_2b-grpo-code_heavy_tail-actor_only-s95/trial-5031340.json,output/strengthening_factorial/strong-factorial-granite33_2b-grpo-code_heavy_tail-actor_only-s95/training-5031340.log,output/strengthening_factorial/strong-factorial-granite33_2b-grpo-code_heavy_tail-actor_only-s95/phase-memory-5031340.csv,output/strengthening_factorial/strong-factorial-granite33_2b-grpo-code_heavy_tail-actor_only-s95/gpu-telemetry-5031340.csv,output/strengthening_factorial/strong-factorial-granite33_2b-grpo-code_heavy_tail-actor_only-s95/environment-5031340.json,,
run-5cfd91e503973c8f,cfg-cc2c35944156e5d4,four_gpu,rev-topology-qwen25_3b-gsm8k-c3-s112-four_gpu,112,5045293,qwen25_3b-gsm8k-c3-s112,1,within_margin,1,1,33852.0,33852.0,218.0,idle,,profiles/standard_grpo/revision-topology-trials.csv,output/revision_topology/rev-topology-qwen25_3b-gsm8k-c3-s112-four_gpu/trial-5045293.json,output/revision_topology/rev-topology-qwen25_3b-gsm8k-c3-s112-four_gpu/attempt-5045293/training-5045293.log,output/revision_topology/rev-topology-qwen25_3b-gsm8k-c3-s112-four_gpu/attempt-5045293/phase-memory-5045293.csv,output/revision_topology/rev-topology-qwen25_3b-gsm8k-c3-s112-four_gpu/attempt-5045293/gpu-telemetry-5045293.csv,output/revision_topology/rev-topology-qwen25_3b-gsm8k-c3-s112-four_gpu/attempt-5045293/environment-5045293.json,output/revision_topology/pairs/qwen25_3b-gsm8k-c3-s112/pair-5045293.json,b602c1ca41c1ab6d45a5a50885af86cfed90d0d6
run-5e35e83849bf3bd0,cfg-3c3a7527d888e069,instrumentation,rev-instrumentation-phi4_mini-gsm8k-c3-s113-full,113,5045358,phi4_mini-gsm8k-c3-s113,2,above_margin,1,1,39550.0,39550.0,208.0,idle,,profiles/standard_grpo/revision-instrumentation-trials.csv,output/revision_instrumentation/rev-instrumentation-phi4_mini-gsm8k-c3-s113-full/trial-5045358.json,output/revision_instrumentation/rev-instrumentation-phi4_mini-gsm8k-c3-s113-full/attempt-5045358/training-5045358.log,output/revision_instrumentation/rev-instrumentation-phi4_mini-gsm8k-c3-s113-full/attempt-5045358/phase-memory-5045358.csv,output/revision_instrumentation/rev-instrumentation-phi4_mini-gsm8k-c3-s113-full/attempt-5045358/gpu-telemetry-5045358.csv,output/revision_instrumentation/rev-instrumentation-phi4_mini-gsm8k-c3-s113-full/attempt-5045358/environment-5045358.json,output/revision_instrumentation/pairs/phi4_mini-gsm8k-c3-s113/pair-5045358.json,92cd0c14334ab84d718fc3bdb03ae150f064654d
run-5e62d1fb2df3c2e5,cfg-71b33248b3cb3190,batch_reservation,strong-factorial-granite33_2b-grpo-math_short-joint-s94,94,5031439,,,within_margin,1,1,36670.0,36670.0,215.0,idle,,profiles/standard_grpo/factorial-trials.csv,output/strengthening_factorial/strong-factorial-granite33_2b-grpo-math_short-joint-s94/trial-5031439.json,output/strengthening_factorial/strong-factorial-granite33_2b-grpo-math_short-joint-s94/training-5031439.log,output/strengthening_factorial/strong-factorial-granite33_2b-grpo-math_short-joint-s94/phase-memory-5031439.csv,output/strengthening_factorial/strong-factorial-granite33_2b-grpo-math_short-joint-s94/gpu-telemetry-5031439.csv,output/strengthening_factorial/strong-factorial-granite33_2b-grpo-math_short-joint-s94/environment-5031439.json,,
run-5ef32259a12fa232,cfg-b7a35495ef8f0eb3,batch_reservation,strong-factorial-qwen25_3b-grpo-math-reservation_only-s94,94,5032053,,,within_margin,1,1,37478.0,37478.0,231.0,idle,,profiles/standard_grpo/factorial-trials.csv,output/strengthening_factorial/strong-factorial-qwen25_3b-grpo-math-reservation_only-s94/trial-5032053.json,output/strengthening_factorial/strong-factorial-qwen25_3b-grpo-math-reservation_only-s94/training-5032053.log,output/strengthening_factorial/strong-factorial-qwen25_3b-grpo-math-reservation_only-s94/phase-memory-5032053.csv,output/strengthening_factorial/strong-factorial-qwen25_3b-grpo-math-reservation_only-s94/gpu-telemetry-5032053.csv,output/strengthening_factorial/strong-factorial-qwen25_3b-grpo-math-reservation_only-s94/environment-5032053.json,,
run-5efb5e0f28867048,cfg-acfa4acda15c3599,boundary,strong-granite-confirmatory-grpo-code_heavy_tail-c2-s93,93,5031348,,,within_margin,1,1,32542.0,32542.0,188.0,idle,,profiles/standard_grpo/boundary-trials.csv,output/strengthening_granite_confirmatory/strong-granite-confirmatory-grpo-code_heavy_tail-c2-s93/trial-5031348.json,output/strengthening_granite_confirmatory/strong-granite-confirmatory-grpo-code_heavy_tail-c2-s93/training-5031348.log,output/strengthening_granite_confirmatory/strong-granite-confirmatory-grpo-code_heavy_tail-c2-s93/phase-memory-5031348.csv,output/strengthening_granite_confirmatory/strong-granite-confirmatory-grpo-code_heavy_tail-c2-s93/gpu-telemetry-5031348.csv,output/strengthening_granite_confirmatory/strong-granite-confirmatory-grpo-code_heavy_tail-c2-s93/environment-5031348.json,,
run-5f0b952e0c94bc7a,cfg-b5912aa6ea40b7fd,batch_reservation,strong-factorial-qwen25_3b-grpo-math-base-s95,95,5032045,,,within_margin,1,1,33446.0,33446.0,212.0,idle,,profiles/standard_grpo/factorial-trials.csv,output/strengthening_factorial/strong-factorial-qwen25_3b-grpo-math-base-s95/trial-5032045.json,output/strengthening_factorial/strong-factorial-qwen25_3b-grpo-math-base-s95/training-5032045.log,output/strengthening_factorial/strong-factorial-qwen25_3b-grpo-math-base-s95/phase-memory-5032045.csv,output/strengthening_factorial/strong-factorial-qwen25_3b-grpo-math-base-s95/gpu-telemetry-5032045.csv,output/strengthening_factorial/strong-factorial-qwen25_3b-grpo-math-base-s95/environment-5032045.json,,
run-605e26d762516c94,cfg-cad8341dbbff10ba,boundary,v2cf-confirm-qwen25_3b-grpo-math_short-c5-s43,43,4935984,,,memory_failure,0,1,10742.0,,104.0,initializing,rollout_init_memory,profiles/standard_grpo/boundary-trials.csv,output/benchmark_v2_cross_family_confirmatory/v2cf-confirm-qwen25_3b-grpo-math_short-c5-s43/trial-4935984.json,output/benchmark_v2_cross_family_confirmatory/v2cf-confirm-qwen25_3b-grpo-math_short-c5-s43/training-4935984.log,output/benchmark_v2_cross_family_confirmatory/v2cf-confirm-qwen25_3b-grpo-math_short-c5-s43/phase-memory-4935984.csv,output/benchmark_v2_cross_family_confirmatory/v2cf-confirm-qwen25_3b-grpo-math_short-c5-s43/gpu-telemetry-4935984.csv,output/benchmark_v2_cross_family_confirmatory/v2cf-confirm-qwen25_3b-grpo-math_short-c5-s43/environment-4935984.json,,
run-60665c9740317acd,cfg-bfb83ff32b7fd921,boundary,mr-xm-confirm-qwen25_3b-grpo-code_heavy_tail-c1-s51,51,4999650,,,within_margin,1,1,21560.0,21560.0,217.0,idle,,profiles/standard_grpo/boundary-trials.csv,output/major_revision_cross_model_confirmatory/mr-xm-confirm-qwen25_3b-grpo-code_heavy_tail-c1-s51/trial-4999650.json,output/major_revision_cross_model_confirmatory/mr-xm-confirm-qwen25_3b-grpo-code_heavy_tail-c1-s51/training-4999650.log,output/major_revision_cross_model_confirmatory/mr-xm-confirm-qwen25_3b-grpo-code_heavy_tail-c1-s51/phase-memory-4999650.csv,output/major_revision_cross_model_confirmatory/mr-xm-confirm-qwen25_3b-grpo-code_heavy_tail-c1-s51/gpu-telemetry-4999650.csv,output/major_revision_cross_model_confirmatory/mr-xm-confirm-qwen25_3b-grpo-code_heavy_tail-c1-s51/environment-4999650.json,,
run-60807b4671a63641,cfg-09d34ea9e791de94,batch_reservation,strong-factorial-qwen25_3b-grpo-gsm8k-reservation_only-s95,95,5032038,,,within_margin,1,1,37140.0,37140.0,200.0,idle,,profiles/standard_grpo/factorial-trials.csv,output/strengthening_factorial/strong-factorial-qwen25_3b-grpo-gsm8k-reservation_only-s95/trial-5032038.json,output/strengthening_factorial/strong-factorial-qwen25_3b-grpo-gsm8k-reservation_only-s95/training-5032038.log,output/strengthening_factorial/strong-factorial-qwen25_3b-grpo-gsm8k-reservation_only-s95/phase-memory-5032038.csv,output/strengthening_factorial/strong-factorial-qwen25_3b-grpo-gsm8k-reservation_only-s95/gpu-telemetry-5032038.csv,output/strengthening_factorial/strong-factorial-qwen25_3b-grpo-gsm8k-reservation_only-s95/environment-5032038.json,,
run-60c7e145c987e06c,cfg-352f4dbc55fbcd3c,boundary,v2cf-confirm-qwen25_3b-grpo-gsm8k_long-c5-s41,41,4935848,,,memory_failure,0,1,10742.0,,123.0,initializing,rollout_init_memory,profiles/standard_grpo/boundary-trials.csv,output/benchmark_v2_cross_family_confirmatory/v2cf-confirm-qwen25_3b-grpo-gsm8k_long-c5-s41/trial-4935848.json,output/benchmark_v2_cross_family_confirmatory/v2cf-confirm-qwen25_3b-grpo-gsm8k_long-c5-s41/training-4935848.log,output/benchmark_v2_cross_family_confirmatory/v2cf-confirm-qwen25_3b-grpo-gsm8k_long-c5-s41/phase-memory-4935848.csv,output/benchmark_v2_cross_family_confirmatory/v2cf-confirm-qwen25_3b-grpo-gsm8k_long-c5-s41/gpu-telemetry-4935848.csv,output/benchmark_v2_cross_family_confirmatory/v2cf-confirm-qwen25_3b-grpo-gsm8k_long-c5-s41/environment-4935848.json,,
run-61426ca46dbb13b7,cfg-d559324a0b1e4ecd,instrumentation,rev-instrumentation-granite33_2b-gsm8k-c3-s112-full,112,5045378,granite33_2b-gsm8k-c3-s112,1,within_margin,1,1,36302.0,36302.0,193.0,idle,,profiles/standard_grpo/revision-instrumentation-trials.csv,output/revision_instrumentation/rev-instrumentation-granite33_2b-gsm8k-c3-s112-full/trial-5045378.json,output/revision_instrumentation/rev-instrumentation-granite33_2b-gsm8k-c3-s112-full/attempt-5045378/training-5045378.log,output/revision_instrumentation/rev-instrumentation-granite33_2b-gsm8k-c3-s112-full/attempt-5045378/phase-memory-5045378.csv,output/revision_instrumentation/rev-instrumentation-granite33_2b-gsm8k-c3-s112-full/attempt-5045378/gpu-telemetry-5045378.csv,output/revision_instrumentation/rev-instrumentation-granite33_2b-gsm8k-c3-s112-full/attempt-5045378/environment-5045378.json,output/revision_instrumentation/pairs/granite33_2b-gsm8k-c3-s112/pair-5045378.json,92cd0c14334ab84d718fc3bdb03ae150f064654d
run-619d85e42c35b7e9,cfg-818aa43be2ebba5e,horizon_followup,rev-temporal-phi4_mini-math-interpolated-s113-long,113,5045340,phi4_mini-math-interpolated-s113,2,within_margin,1,100,38494.0,38494.0,4070.0,validation,,profiles/standard_grpo/revision-temporal-trials.csv,output/revision_temporal/rev-temporal-phi4_mini-math-interpolated-s113-long/trial-5045340.json,output/revision_temporal/rev-temporal-phi4_mini-math-interpolated-s113-long/attempt-5045340/training-5045340.log,output/revision_temporal/rev-temporal-phi4_mini-math-interpolated-s113-long/attempt-5045340/phase-memory-5045340.csv,output/revision_temporal/rev-temporal-phi4_mini-math-interpolated-s113-long/attempt-5045340/gpu-telemetry-5045340.csv,output/revision_temporal/rev-temporal-phi4_mini-math-interpolated-s113-long/attempt-5045340/environment-5045340.json,output/revision_temporal/pairs/phi4_mini-math-interpolated-s113/pair-5045340.json,92f97eb8c6f49cccbcaaa7f9c58d57eab8de8755
run-621d4058a3205378,cfg-a46e1a352338ca99,instrumentation,rev-instrumentation-qwen25_3b-math-c3-s113-external,113,5045315,qwen25_3b-math-c3-s113,2,within_margin,1,1,37478.0,37478.0,191.0,idle,,profiles/standard_grpo/revision-instrumentation-trials.csv,output/revision_instrumentation/rev-instrumentation-qwen25_3b-math-c3-s113-external/trial-5045315.json,output/revision_instrumentation/rev-instrumentation-qwen25_3b-math-c3-s113-external/attempt-5045315/training-5045315.log,output/revision_instrumentation/rev-instrumentation-qwen25_3b-math-c3-s113-external/attempt-5045315/phase-memory-5045315.csv,output/revision_instrumentation/rev-instrumentation-qwen25_3b-math-c3-s113-external/attempt-5045315/gpu-telemetry-5045315.csv,output/revision_instrumentation/rev-instrumentation-qwen25_3b-math-c3-s113-external/attempt-5045315/environment-5045315.json,output/revision_instrumentation/pairs/qwen25_3b-math-c3-s113/pair-5045315.json,92cd0c14334ab84d718fc3bdb03ae150f064654d
run-631f4369eb764c12,cfg-cc900fb7731c3f49,boundary,v2cf-confirm-phi4_mini-grpo-math_short-c5-s42,42,4936395,,,memory_failure,0,1,14790.0,,121.0,initializing,rollout_init_memory,profiles/standard_grpo/boundary-trials.csv,output/benchmark_v2_cross_family_confirmatory/v2cf-confirm-phi4_mini-grpo-math_short-c5-s42/trial-4936395.json,output/benchmark_v2_cross_family_confirmatory/v2cf-confirm-phi4_mini-grpo-math_short-c5-s42/training-4936395.log,output/benchmark_v2_cross_family_confirmatory/v2cf-confirm-phi4_mini-grpo-math_short-c5-s42/phase-memory-4936395.csv,output/benchmark_v2_cross_family_confirmatory/v2cf-confirm-phi4_mini-grpo-math_short-c5-s42/gpu-telemetry-4936395.csv,output/benchmark_v2_cross_family_confirmatory/v2cf-confirm-phi4_mini-grpo-math_short-c5-s42/environment-4936395.json,,
run-65383feba24c278b,cfg-90f4a9f55e2f827d,batch_logging_control,review-control-qwen25_3b-code_heavy_tail-s122-full_b8,122,5048560,qwen25_3b-code_heavy_tail-s122,4,within_margin,1,1,33410.0,33410.0,195.0,idle,,profiles/review_revision/control-trials.csv,output/review_instrumentation_batch/review-control-qwen25_3b-code_heavy_tail-s122-full_b8/trial-5048560.json,output/review_instrumentation_batch/review-control-qwen25_3b-code_heavy_tail-s122-full_b8/attempt-5048560/training-5048560.log,output/review_instrumentation_batch/review-control-qwen25_3b-code_heavy_tail-s122-full_b8/attempt-5048560/phase-memory-5048560.csv,output/review_instrumentation_batch/review-control-qwen25_3b-code_heavy_tail-s122-full_b8/attempt-5048560/gpu-telemetry-5048560.csv,output/review_instrumentation_batch/review-control-qwen25_3b-code_heavy_tail-s122-full_b8/attempt-5048560/environment-5048560.json,output/review_instrumentation_batch/pairs/qwen25_3b-code_heavy_tail-s122/pair-5048560.json,018992850a9514b6dfd0d81a8060d7f8a98a89fa
run-653bf862eca4020a,cfg-e117f15dd5ccfb30,boundary,mr-xm-confirm-phi4_mini-grpo-code_heavy_tail-c2-s53,53,5003951,,,within_margin,1,1,36100.0,36100.0,212.0,idle,,profiles/standard_grpo/boundary-trials.csv,output/major_revision_cross_model_confirmatory/mr-xm-confirm-phi4_mini-grpo-code_heavy_tail-c2-s53/trial-5003951.json,output/major_revision_cross_model_confirmatory/mr-xm-confirm-phi4_mini-grpo-code_heavy_tail-c2-s53/training-5003951.log,output/major_revision_cross_model_confirmatory/mr-xm-confirm-phi4_mini-grpo-code_heavy_tail-c2-s53/phase-memory-5003951.csv,output/major_revision_cross_model_confirmatory/mr-xm-confirm-phi4_mini-grpo-code_heavy_tail-c2-s53/gpu-telemetry-5003951.csv,output/major_revision_cross_model_confirmatory/mr-xm-confirm-phi4_mini-grpo-code_heavy_tail-c2-s53/environment-5003951.json,,
run-65e4f8260aacbb49,cfg-df5e492a5bd02117,instrumentation,rev-instrumentation-qwen25_3b-gsm8k-c4-s113-external,113,5045288,qwen25_3b-gsm8k-c4-s113,2,memory_failure,0,1,40810.0,,201.0,weight_sync,weight_sync_oom,profiles/standard_grpo/revision-instrumentation-trials.csv,output/revision_instrumentation/rev-instrumentation-qwen25_3b-gsm8k-c4-s113-external/trial-5045288.json,output/revision_instrumentation/rev-instrumentation-qwen25_3b-gsm8k-c4-s113-external/attempt-5045288/training-5045288.log,output/revision_instrumentation/rev-instrumentation-qwen25_3b-gsm8k-c4-s113-external/attempt-5045288/phase-memory-5045288.csv,output/revision_instrumentation/rev-instrumentation-qwen25_3b-gsm8k-c4-s113-external/attempt-5045288/gpu-telemetry-5045288.csv,output/revision_instrumentation/rev-instrumentation-qwen25_3b-gsm8k-c4-s113-external/attempt-5045288/environment-5045288.json,output/revision_instrumentation/pairs/qwen25_3b-gsm8k-c4-s113/pair-5045288.json,92cd0c14334ab84d718fc3bdb03ae150f064654d
run-662e9fc34994b56d,cfg-af3c23f421a50a52,batch_reservation,strong-factorial-phi4_mini-grpo-code_heavy_tail-base-s96,96,5031700,,,within_margin,1,1,35970.0,35970.0,213.0,idle,,profiles/standard_grpo/factorial-trials.csv,output/strengthening_factorial/strong-factorial-phi4_mini-grpo-code_heavy_tail-base-s96/trial-5031700.json,output/strengthening_factorial/strong-factorial-phi4_mini-grpo-code_heavy_tail-base-s96/training-5031700.log,output/strengthening_factorial/strong-factorial-phi4_mini-grpo-code_heavy_tail-base-s96/phase-memory-5031700.csv,output/strengthening_factorial/strong-factorial-phi4_mini-grpo-code_heavy_tail-base-s96/gpu-telemetry-5031700.csv,output/strengthening_factorial/strong-factorial-phi4_mini-grpo-code_heavy_tail-base-s96/environment-5031700.json,,
run-662ed31a26cb96dc,cfg-b5912aa6ea40b7fd,batch_reservation,strong-factorial-qwen25_3b-grpo-math-base-s96,96,5032046,,,within_margin,1,1,33446.0,33446.0,217.0,idle,,profiles/standard_grpo/factorial-trials.csv,output/strengthening_factorial/strong-factorial-qwen25_3b-grpo-math-base-s96/trial-5032046.json,output/strengthening_factorial/strong-factorial-qwen25_3b-grpo-math-base-s96/training-5032046.log,output/strengthening_factorial/strong-factorial-qwen25_3b-grpo-math-base-s96/phase-memory-5032046.csv,output/strengthening_factorial/strong-factorial-qwen25_3b-grpo-math-base-s96/gpu-telemetry-5032046.csv,output/strengthening_factorial/strong-factorial-qwen25_3b-grpo-math-base-s96/environment-5032046.json,,
run-66a874f3ecb2a2ac,cfg-0d9ba9215ab5683e,boundary,mr-xm-confirm-qwen25_3b-grpo-code_standard-c3-s51,51,4999394,,,within_margin,1,1,37418.0,37418.0,209.0,idle,,profiles/standard_grpo/boundary-trials.csv,output/major_revision_cross_model_confirmatory/mr-xm-confirm-qwen25_3b-grpo-code_standard-c3-s51/trial-4999394.json,output/major_revision_cross_model_confirmatory/mr-xm-confirm-qwen25_3b-grpo-code_standard-c3-s51/training-4999394.log,output/major_revision_cross_model_confirmatory/mr-xm-confirm-qwen25_3b-grpo-code_standard-c3-s51/phase-memory-4999394.csv,output/major_revision_cross_model_confirmatory/mr-xm-confirm-qwen25_3b-grpo-code_standard-c3-s51/gpu-telemetry-4999394.csv,output/major_revision_cross_model_confirmatory/mr-xm-confirm-qwen25_3b-grpo-code_standard-c3-s51/environment-4999394.json,,
run-6722ef18b748bde1,cfg-b8e90bd69c9744ea,four_gpu,rev-topology-granite33_2b-gsm8k-c2-s112-four_gpu,112,5045388,granite33_2b-gsm8k-c2-s112,1,within_margin,1,1,29660.0,29660.0,196.0,idle,,profiles/standard_grpo/revision-topology-trials.csv,output/revision_topology/rev-topology-granite33_2b-gsm8k-c2-s112-four_gpu/trial-5045388.json,output/revision_topology/rev-topology-granite33_2b-gsm8k-c2-s112-four_gpu/attempt-5045388/training-5045388.log,output/revision_topology/rev-topology-granite33_2b-gsm8k-c2-s112-four_gpu/attempt-5045388/phase-memory-5045388.csv,output/revision_topology/rev-topology-granite33_2b-gsm8k-c2-s112-four_gpu/attempt-5045388/gpu-telemetry-5045388.csv,output/revision_topology/rev-topology-granite33_2b-gsm8k-c2-s112-four_gpu/attempt-5045388/environment-5045388.json,output/revision_topology/pairs/granite33_2b-gsm8k-c2-s112/pair-5045388.json,b602c1ca41c1ab6d45a5a50885af86cfed90d0d6
run-67cce36309b08398,cfg-c2a8e6e8e140e109,four_gpu,rev-topology-granite33_2b-gsm8k-c3-s112-four_gpu,112,5045394,granite33_2b-gsm8k-c3-s112,1,within_margin,1,1,33660.0,33660.0,203.0,idle,,profiles/standard_grpo/revision-topology-trials.csv,output/revision_topology/rev-topology-granite33_2b-gsm8k-c3-s112-four_gpu/trial-5045394.json,output/revision_topology/rev-topology-granite33_2b-gsm8k-c3-s112-four_gpu/attempt-5045394/training-5045394.log,output/revision_topology/rev-topology-granite33_2b-gsm8k-c3-s112-four_gpu/attempt-5045394/phase-memory-5045394.csv,output/revision_topology/rev-topology-granite33_2b-gsm8k-c3-s112-four_gpu/attempt-5045394/gpu-telemetry-5045394.csv,output/revision_topology/rev-topology-granite33_2b-gsm8k-c3-s112-four_gpu/attempt-5045394/environment-5045394.json,output/revision_topology/pairs/granite33_2b-gsm8k-c3-s112/pair-5045394.json,b602c1ca41c1ab6d45a5a50885af86cfed90d0d6
run-67df22fde7166ef1,cfg-7a0e81934d3398ee,boundary,strong-granite-confirmatory-grpo-code_heavy_tail-c0-s93,93,5031313,,,within_margin,1,1,19070.0,19070.0,246.0,idle,,profiles/standard_grpo/boundary-trials.csv,output/strengthening_granite_confirmatory/strong-granite-confirmatory-grpo-code_heavy_tail-c0-s93/trial-5031313.json,output/strengthening_granite_confirmatory/strong-granite-confirmatory-grpo-code_heavy_tail-c0-s93/training-5031313.log,output/strengthening_granite_confirmatory/strong-granite-confirmatory-grpo-code_heavy_tail-c0-s93/phase-memory-5031313.csv,output/strengthening_granite_confirmatory/strong-granite-confirmatory-grpo-code_heavy_tail-c0-s93/gpu-telemetry-5031313.csv,output/strengthening_granite_confirmatory/strong-granite-confirmatory-grpo-code_heavy_tail-c0-s93/environment-5031313.json,,
run-68021b8ff1129d0c,cfg-3171760c4182a3cf,horizon_followup,rev-temporal-phi4_mini-math-interpolated-s113-source,113,5045340,phi4_mini-math-interpolated-s113,1,within_margin,1,1,37968.0,37968.0,276.0,validation,,profiles/standard_grpo/revision-temporal-trials.csv,output/revision_temporal/rev-temporal-phi4_mini-math-interpolated-s113-source/trial-5045340.json,output/revision_temporal/rev-temporal-phi4_mini-math-interpolated-s113-source/attempt-5045340/training-5045340.log,output/revision_temporal/rev-temporal-phi4_mini-math-interpolated-s113-source/attempt-5045340/phase-memory-5045340.csv,output/revision_temporal/rev-temporal-phi4_mini-math-interpolated-s113-source/attempt-5045340/gpu-telemetry-5045340.csv,output/revision_temporal/rev-temporal-phi4_mini-math-interpolated-s113-source/attempt-5045340/environment-5045340.json,output/revision_temporal/pairs/phi4_mini-math-interpolated-s113/pair-5045340.json,92f97eb8c6f49cccbcaaa7f9c58d57eab8de8755
run-68482101d72398e8,cfg-3ed91476f970784c,sampling_calibration,v2tel-07-qwen25_3b-grpo-math-safe_margin-10ms,53,4935274,v2tel-07-qwen25_3b-grpo-math-safe_margin,,within_margin,1,1,22340.0,22340.0,503.0,idle,,profiles/standard_grpo/telemetry-trials.csv,output/benchmark_v2_telemetry_calibration/v2tel-07-qwen25_3b-grpo-math-safe_margin-10ms/trial-4935274.json,output/benchmark_v2_telemetry_calibration/v2tel-07-qwen25_3b-grpo-math-safe_margin-10ms/training-4935274.log,output/benchmark_v2_telemetry_calibration/v2tel-07-qwen25_3b-grpo-math-safe_margin-10ms/phase-memory-4935274.csv,output/benchmark_v2_telemetry_calibration/v2tel-07-qwen25_3b-grpo-math-safe_margin-10ms/gpu-telemetry-4935274.csv,output/benchmark_v2_telemetry_calibration/v2tel-07-qwen25_3b-grpo-math-safe_margin-10ms/environment-4935274.json,,
run-686524346fa8a73b,cfg-bf9ce8082ed7a2d9,batch_reservation,strong-factorial-qwen25_3b-grpo-code_heavy_tail-base-s96,96,5031983,,,within_margin,1,1,35156.0,35156.0,214.0,idle,,profiles/standard_grpo/factorial-trials.csv,output/strengthening_factorial/strong-factorial-qwen25_3b-grpo-code_heavy_tail-base-s96/trial-5031983.json,output/strengthening_factorial/strong-factorial-qwen25_3b-grpo-code_heavy_tail-base-s96/training-5031983.log,output/strengthening_factorial/strong-factorial-qwen25_3b-grpo-code_heavy_tail-base-s96/phase-memory-5031983.csv,output/strengthening_factorial/strong-factorial-qwen25_3b-grpo-code_heavy_tail-base-s96/gpu-telemetry-5031983.csv,output/strengthening_factorial/strong-factorial-qwen25_3b-grpo-code_heavy_tail-base-s96/environment-5031983.json,,
run-689bb878203c8cf3,cfg-2178e5e1edeaba78,batch_logging_control,review-control-qwen25_3b-code_heavy_tail-s123-full_b16,123,5048501,qwen25_3b-code_heavy_tail-s123,1,within_margin,1,1,33386.0,33386.0,201.0,idle,,profiles/review_revision/control-trials.csv,output/review_instrumentation_batch/review-control-qwen25_3b-code_heavy_tail-s123-full_b16/trial-5048501.json,output/review_instrumentation_batch/review-control-qwen25_3b-code_heavy_tail-s123-full_b16/attempt-5048501/training-5048501.log,output/review_instrumentation_batch/review-control-qwen25_3b-code_heavy_tail-s123-full_b16/attempt-5048501/phase-memory-5048501.csv,output/review_instrumentation_batch/review-control-qwen25_3b-code_heavy_tail-s123-full_b16/attempt-5048501/gpu-telemetry-5048501.csv,output/review_instrumentation_batch/review-control-qwen25_3b-code_heavy_tail-s123-full_b16/attempt-5048501/environment-5048501.json,output/review_instrumentation_batch/pairs/qwen25_3b-code_heavy_tail-s123/pair-5048501.json,018992850a9514b6dfd0d81a8060d7f8a98a89fa
run-68f798cca6ab5d77,cfg-2ad5ea3587b997a9,batch_reservation,strong-factorial-qwen25_3b-grpo-code_standard-joint-s96,96,5032026,,,within_margin,1,1,37346.0,37346.0,206.0,idle,,profiles/standard_grpo/factorial-trials.csv,output/strengthening_factorial/strong-factorial-qwen25_3b-grpo-code_standard-joint-s96/trial-5032026.json,output/strengthening_factorial/strong-factorial-qwen25_3b-grpo-code_standard-joint-s96/training-5032026.log,output/strengthening_factorial/strong-factorial-qwen25_3b-grpo-code_standard-joint-s96/phase-memory-5032026.csv,output/strengthening_factorial/strong-factorial-qwen25_3b-grpo-code_standard-joint-s96/gpu-telemetry-5032026.csv,output/strengthening_factorial/strong-factorial-qwen25_3b-grpo-code_standard-joint-s96/environment-5032026.json,,
run-69dc38d8a6f15d47,cfg-072bd7669d20f8fa,four_gpu,rev-topology-phi4_mini-math-c3-s111-four_gpu,111,5045372,phi4_mini-math-c3-s111,1,within_margin,1,1,36204.0,36204.0,213.0,idle,,profiles/standard_grpo/revision-topology-trials.csv,output/revision_topology/rev-topology-phi4_mini-math-c3-s111-four_gpu/trial-5045372.json,output/revision_topology/rev-topology-phi4_mini-math-c3-s111-four_gpu/attempt-5045372/training-5045372.log,output/revision_topology/rev-topology-phi4_mini-math-c3-s111-four_gpu/attempt-5045372/phase-memory-5045372.csv,output/revision_topology/rev-topology-phi4_mini-math-c3-s111-four_gpu/attempt-5045372/gpu-telemetry-5045372.csv,output/revision_topology/rev-topology-phi4_mini-math-c3-s111-four_gpu/attempt-5045372/environment-5045372.json,output/revision_topology/pairs/phi4_mini-math-c3-s111/pair-5045372.json,b602c1ca41c1ab6d45a5a50885af86cfed90d0d6
run-69f20390ad169fbc,cfg-83aadaf7687932d9,instrumentation,rev-instrumentation-qwen25_3b-gsm8k-c4-s113-full,113,5045288,qwen25_3b-gsm8k-c4-s113,1,memory_failure,0,1,40834.0,,215.0,weight_sync,weight_sync_oom,profiles/standard_grpo/revision-instrumentation-trials.csv,output/revision_instrumentation/rev-instrumentation-qwen25_3b-gsm8k-c4-s113-full/trial-5045288.json,output/revision_instrumentation/rev-instrumentation-qwen25_3b-gsm8k-c4-s113-full/attempt-5045288/training-5045288.log,output/revision_instrumentation/rev-instrumentation-qwen25_3b-gsm8k-c4-s113-full/attempt-5045288/phase-memory-5045288.csv,output/revision_instrumentation/rev-instrumentation-qwen25_3b-gsm8k-c4-s113-full/attempt-5045288/gpu-telemetry-5045288.csv,output/revision_instrumentation/rev-instrumentation-qwen25_3b-gsm8k-c4-s113-full/attempt-5045288/environment-5045288.json,output/revision_instrumentation/pairs/qwen25_3b-gsm8k-c4-s113/pair-5045288.json,92cd0c14334ab84d718fc3bdb03ae150f064654d
run-6a1dcb79ab3d8935,cfg-ca71b56dc3189305,boundary,mr-xm-confirm-qwen25_3b-grpo-code_standard-c5-s53,53,4999488,,,memory_failure,0,1,10742.0,,108.0,initializing,rollout_init_memory,profiles/standard_grpo/boundary-trials.csv,output/major_revision_cross_model_confirmatory/mr-xm-confirm-qwen25_3b-grpo-code_standard-c5-s53/trial-4999488.json,output/major_revision_cross_model_confirmatory/mr-xm-confirm-qwen25_3b-grpo-code_standard-c5-s53/training-4999488.log,output/major_revision_cross_model_confirmatory/mr-xm-confirm-qwen25_3b-grpo-code_standard-c5-s53/phase-memory-4999488.csv,output/major_revision_cross_model_confirmatory/mr-xm-confirm-qwen25_3b-grpo-code_standard-c5-s53/gpu-telemetry-4999488.csv,output/major_revision_cross_model_confirmatory/mr-xm-confirm-qwen25_3b-grpo-code_standard-c5-s53/environment-4999488.json,,
run-6a2076837ba00735,cfg-e82e70f37087dd01,batch_reservation,strong-factorial-qwen25_3b-grpo-code_standard-reservation_only-s94,94,5032033,,,within_margin,1,1,37418.0,37418.0,226.0,idle,,profiles/standard_grpo/factorial-trials.csv,output/strengthening_factorial/strong-factorial-qwen25_3b-grpo-code_standard-reservation_only-s94/trial-5032033.json,output/strengthening_factorial/strong-factorial-qwen25_3b-grpo-code_standard-reservation_only-s94/training-5032033.log,output/strengthening_factorial/strong-factorial-qwen25_3b-grpo-code_standard-reservation_only-s94/phase-memory-5032033.csv,output/strengthening_factorial/strong-factorial-qwen25_3b-grpo-code_standard-reservation_only-s94/gpu-telemetry-5032033.csv,output/strengthening_factorial/strong-factorial-qwen25_3b-grpo-code_standard-reservation_only-s94/environment-5032033.json,,
run-6a7c2df6c8c4944b,cfg-0f540d3f6fe4661b,boundary,v2cf-confirm-phi4_mini-grpo-math_short-c2-s42,42,4936286,,,within_margin,1,1,35920.0,35920.0,235.0,idle,,profiles/standard_grpo/boundary-trials.csv,output/benchmark_v2_cross_family_confirmatory/v2cf-confirm-phi4_mini-grpo-math_short-c2-s42/trial-4936286.json,output/benchmark_v2_cross_family_confirmatory/v2cf-confirm-phi4_mini-grpo-math_short-c2-s42/training-4936286.log,output/benchmark_v2_cross_family_confirmatory/v2cf-confirm-phi4_mini-grpo-math_short-c2-s42/phase-memory-4936286.csv,output/benchmark_v2_cross_family_confirmatory/v2cf-confirm-phi4_mini-grpo-math_short-c2-s42/gpu-telemetry-4936286.csv,output/benchmark_v2_cross_family_confirmatory/v2cf-confirm-phi4_mini-grpo-math_short-c2-s42/environment-4936286.json,,
run-6a7ed50a682cccc0,cfg-cc5f4f0c2e1256ba,boundary,strong-granite-confirmatory-grpo-code_standard-c1-s91,91,5031412,,,within_margin,1,1,21290.0,21290.0,214.0,idle,,profiles/standard_grpo/boundary-trials.csv,output/strengthening_granite_confirmatory/strong-granite-confirmatory-grpo-code_standard-c1-s91/trial-5031412.json,output/strengthening_granite_confirmatory/strong-granite-confirmatory-grpo-code_standard-c1-s91/training-5031412.log,output/strengthening_granite_confirmatory/strong-granite-confirmatory-grpo-code_standard-c1-s91/phase-memory-5031412.csv,output/strengthening_granite_confirmatory/strong-granite-confirmatory-grpo-code_standard-c1-s91/gpu-telemetry-5031412.csv,output/strengthening_granite_confirmatory/strong-granite-confirmatory-grpo-code_standard-c1-s91/environment-5031412.json,,
run-6a93d5115c1f97f8,cfg-161de6cc5f566679,batch_reservation,strong-factorial-qwen25_3b-grpo-code_heavy_tail-joint-s96,96,5031994,,,within_margin,1,1,37418.0,37418.0,226.0,idle,,profiles/standard_grpo/factorial-trials.csv,output/strengthening_factorial/strong-factorial-qwen25_3b-grpo-code_heavy_tail-joint-s96/trial-5031994.json,output/strengthening_factorial/strong-factorial-qwen25_3b-grpo-code_heavy_tail-joint-s96/training-5031994.log,output/strengthening_factorial/strong-factorial-qwen25_3b-grpo-code_heavy_tail-joint-s96/phase-memory-5031994.csv,output/strengthening_factorial/strong-factorial-qwen25_3b-grpo-code_heavy_tail-joint-s96/gpu-telemetry-5031994.csv,output/strengthening_factorial/strong-factorial-qwen25_3b-grpo-code_heavy_tail-joint-s96/environment-5031994.json,,
run-6b761c089805ff62,cfg-97107ceba8bf0cbe,boundary,mr-xm-confirm-phi4_mini-grpo-code_standard-c2-s51,51,5002623,,,within_margin,1,1,35958.0,35958.0,197.0,idle,,profiles/standard_grpo/boundary-trials.csv,output/major_revision_cross_model_confirmatory/mr-xm-confirm-phi4_mini-grpo-code_standard-c2-s51/trial-5002623.json,output/major_revision_cross_model_confirmatory/mr-xm-confirm-phi4_mini-grpo-code_standard-c2-s51/training-5002623.log,output/major_revision_cross_model_confirmatory/mr-xm-confirm-phi4_mini-grpo-code_standard-c2-s51/phase-memory-5002623.csv,output/major_revision_cross_model_confirmatory/mr-xm-confirm-phi4_mini-grpo-code_standard-c2-s51/gpu-telemetry-5002623.csv,output/major_revision_cross_model_confirmatory/mr-xm-confirm-phi4_mini-grpo-code_standard-c2-s51/environment-5002623.json,,
run-6bfc6c2b6c6aa6e0,cfg-cad8341dbbff10ba,boundary,v2cf-confirm-qwen25_3b-grpo-math_short-c5-s41,41,4935981,,,memory_failure,0,1,10742.0,,101.0,initializing,rollout_init_memory,profiles/standard_grpo/boundary-trials.csv,output/benchmark_v2_cross_family_confirmatory/v2cf-confirm-qwen25_3b-grpo-math_short-c5-s41/trial-4935981.json,output/benchmark_v2_cross_family_confirmatory/v2cf-confirm-qwen25_3b-grpo-math_short-c5-s41/training-4935981.log,output/benchmark_v2_cross_family_confirmatory/v2cf-confirm-qwen25_3b-grpo-math_short-c5-s41/phase-memory-4935981.csv,output/benchmark_v2_cross_family_confirmatory/v2cf-confirm-qwen25_3b-grpo-math_short-c5-s41/gpu-telemetry-4935981.csv,output/benchmark_v2_cross_family_confirmatory/v2cf-confirm-qwen25_3b-grpo-math_short-c5-s41/environment-4935981.json,,
run-6c2763dbd9b1b676,cfg-6467c4b5acff38f3,instrumentation,rev-instrumentation-phi4_mini-math-c3-s111-full,111,5045369,phi4_mini-math-c3-s111,1,above_margin,1,1,40386.0,40386.0,223.0,idle,,profiles/standard_grpo/revision-instrumentation-trials.csv,output/revision_instrumentation/rev-instrumentation-phi4_mini-math-c3-s111-full/trial-5045369.json,output/revision_instrumentation/rev-instrumentation-phi4_mini-math-c3-s111-full/attempt-5045369/training-5045369.log,output/revision_instrumentation/rev-instrumentation-phi4_mini-math-c3-s111-full/attempt-5045369/phase-memory-5045369.csv,output/revision_instrumentation/rev-instrumentation-phi4_mini-math-c3-s111-full/attempt-5045369/gpu-telemetry-5045369.csv,output/revision_instrumentation/rev-instrumentation-phi4_mini-math-c3-s111-full/attempt-5045369/environment-5045369.json,output/revision_instrumentation/pairs/phi4_mini-math-c3-s111/pair-5045369.json,92cd0c14334ab84d718fc3bdb03ae150f064654d
run-6c7dd880c55f952a,cfg-3dc042a103546eac,boundary,strong-granite-confirmatory-grpo-code_heavy_tail-c5-s91,91,5031387,,,memory_failure,0,1,7780.0,,100.0,initializing,rollout_init_memory,profiles/standard_grpo/boundary-trials.csv,output/strengthening_granite_confirmatory/strong-granite-confirmatory-grpo-code_heavy_tail-c5-s91/trial-5031387.json,output/strengthening_granite_confirmatory/strong-granite-confirmatory-grpo-code_heavy_tail-c5-s91/training-5031387.log,output/strengthening_granite_confirmatory/strong-granite-confirmatory-grpo-code_heavy_tail-c5-s91/phase-memory-5031387.csv,output/strengthening_granite_confirmatory/strong-granite-confirmatory-grpo-code_heavy_tail-c5-s91/gpu-telemetry-5031387.csv,output/strengthening_granite_confirmatory/strong-granite-confirmatory-grpo-code_heavy_tail-c5-s91/environment-5031387.json,,
run-6c9a88c2bd045250,cfg-5839ccf95c2c1722,boundary,v2cf-confirm-qwen25_3b-grpo-gsm8k_long-c4-s41,41,4935827,,,memory_failure,0,1,40810.0,,220.0,weight_sync,weight_sync_oom,profiles/standard_grpo/boundary-trials.csv,output/benchmark_v2_cross_family_confirmatory/v2cf-confirm-qwen25_3b-grpo-gsm8k_long-c4-s41/trial-4935827.json,output/benchmark_v2_cross_family_confirmatory/v2cf-confirm-qwen25_3b-grpo-gsm8k_long-c4-s41/training-4935827.log,output/benchmark_v2_cross_family_confirmatory/v2cf-confirm-qwen25_3b-grpo-gsm8k_long-c4-s41/phase-memory-4935827.csv,output/benchmark_v2_cross_family_confirmatory/v2cf-confirm-qwen25_3b-grpo-gsm8k_long-c4-s41/gpu-telemetry-4935827.csv,output/benchmark_v2_cross_family_confirmatory/v2cf-confirm-qwen25_3b-grpo-gsm8k_long-c4-s41/environment-4935827.json,,
run-6cb813204d3d1097,cfg-5839ccf95c2c1722,boundary,v2cf-confirm-qwen25_3b-grpo-gsm8k_long-c4-s43,43,4935846,,,memory_failure,0,1,40830.0,,211.0,weight_sync,weight_sync_oom,profiles/standard_grpo/boundary-trials.csv,output/benchmark_v2_cross_family_confirmatory/v2cf-confirm-qwen25_3b-grpo-gsm8k_long-c4-s43/trial-4935846.json,output/benchmark_v2_cross_family_confirmatory/v2cf-confirm-qwen25_3b-grpo-gsm8k_long-c4-s43/training-4935846.log,output/benchmark_v2_cross_family_confirmatory/v2cf-confirm-qwen25_3b-grpo-gsm8k_long-c4-s43/phase-memory-4935846.csv,output/benchmark_v2_cross_family_confirmatory/v2cf-confirm-qwen25_3b-grpo-gsm8k_long-c4-s43/gpu-telemetry-4935846.csv,output/benchmark_v2_cross_family_confirmatory/v2cf-confirm-qwen25_3b-grpo-gsm8k_long-c4-s43/environment-4935846.json,,
run-6ce91c6a318af7d6,cfg-419301d6d3eea82b,state_release,strong-node-qwen25_3b-grpo-gsm8k-safe_margin-s81-p1-resident,81,5031101,strong-node-qwen25_3b-grpo-gsm8k-safe_margin-s81,1,within_margin,1,1,26784.0,26784.0,238.0,idle,,profiles/standard_grpo/same-node-trials.csv,output/strengthening_same_node_residency/strong-node-qwen25_3b-grpo-gsm8k-safe_margin-s81-p1-resident/trial-5031101.json,output/strengthening_same_node_residency/strong-node-qwen25_3b-grpo-gsm8k-safe_margin-s81-p1-resident/training-5031101.log,output/strengthening_same_node_residency/strong-node-qwen25_3b-grpo-gsm8k-safe_margin-s81-p1-resident/phase-memory-5031101.csv,output/strengthening_same_node_residency/strong-node-qwen25_3b-grpo-gsm8k-safe_margin-s81-p1-resident/gpu-telemetry-5031101.csv,output/strengthening_same_node_residency/strong-node-qwen25_3b-grpo-gsm8k-safe_margin-s81-p1-resident/environment-5031101.json,,
run-6ceae8dbd0065670,cfg-6a4562db98b38d6f,boundary,strong-granite-confirmatory-grpo-gsm8k_long-c4-s93,93,5031244,,,above_margin,1,1,40382.0,40382.0,203.0,idle,,profiles/standard_grpo/boundary-trials.csv,output/strengthening_granite_confirmatory/strong-granite-confirmatory-grpo-gsm8k_long-c4-s93/trial-5031244.json,output/strengthening_granite_confirmatory/strong-granite-confirmatory-grpo-gsm8k_long-c4-s93/training-5031244.log,output/strengthening_granite_confirmatory/strong-granite-confirmatory-grpo-gsm8k_long-c4-s93/phase-memory-5031244.csv,output/strengthening_granite_confirmatory/strong-granite-confirmatory-grpo-gsm8k_long-c4-s93/gpu-telemetry-5031244.csv,output/strengthening_granite_confirmatory/strong-granite-confirmatory-grpo-gsm8k_long-c4-s93/environment-5031244.json,,
run-6d090f4f82b3847c,cfg-89ca48ce88ea694e,boundary,mr-xm-confirm-phi4_mini-grpo-code_heavy_tail-c3-s51,51,5003953,,,above_margin,1,1,40112.0,40112.0,212.0,idle,,profiles/standard_grpo/boundary-trials.csv,output/major_revision_cross_model_confirmatory/mr-xm-confirm-phi4_mini-grpo-code_heavy_tail-c3-s51/trial-5003953.json,output/major_revision_cross_model_confirmatory/mr-xm-confirm-phi4_mini-grpo-code_heavy_tail-c3-s51/training-5003953.log,output/major_revision_cross_model_confirmatory/mr-xm-confirm-phi4_mini-grpo-code_heavy_tail-c3-s51/phase-memory-5003953.csv,output/major_revision_cross_model_confirmatory/mr-xm-confirm-phi4_mini-grpo-code_heavy_tail-c3-s51/gpu-telemetry-5003953.csv,output/major_revision_cross_model_confirmatory/mr-xm-confirm-phi4_mini-grpo-code_heavy_tail-c3-s51/environment-5003953.json,,
run-6da63b83739cb402,cfg-30e348e68aa5fb5c,state_release,strong-node-qwen25_3b-grpo-math-near_boundary-s81-p2-resident,81,5031124,strong-node-qwen25_3b-grpo-math-near_boundary-s81,2,memory_failure,0,1,40926.0,,148.0,initializing,weight_sync_oom,profiles/standard_grpo/same-node-trials.csv,output/strengthening_same_node_residency/strong-node-qwen25_3b-grpo-math-near_boundary-s81-p2-resident/trial-5031124.json,output/strengthening_same_node_residency/strong-node-qwen25_3b-grpo-math-near_boundary-s81-p2-resident/training-5031124.log,output/strengthening_same_node_residency/strong-node-qwen25_3b-grpo-math-near_boundary-s81-p2-resident/phase-memory-5031124.csv,output/strengthening_same_node_residency/strong-node-qwen25_3b-grpo-math-near_boundary-s81-p2-resident/gpu-telemetry-5031124.csv,output/strengthening_same_node_residency/strong-node-qwen25_3b-grpo-math-near_boundary-s81-p2-resident/environment-5031124.json,,
run-6de41670dd5ab9ea,cfg-c5eec07ea9371c25,batch_reservation,strong-factorial-phi4_mini-grpo-code_heavy_tail-actor_only-s95,95,5031718,,,within_margin,1,1,36100.0,36100.0,231.0,idle,,profiles/standard_grpo/factorial-trials.csv,output/strengthening_factorial/strong-factorial-phi4_mini-grpo-code_heavy_tail-actor_only-s95/trial-5031718.json,output/strengthening_factorial/strong-factorial-phi4_mini-grpo-code_heavy_tail-actor_only-s95/training-5031718.log,output/strengthening_factorial/strong-factorial-phi4_mini-grpo-code_heavy_tail-actor_only-s95/phase-memory-5031718.csv,output/strengthening_factorial/strong-factorial-phi4_mini-grpo-code_heavy_tail-actor_only-s95/gpu-telemetry-5031718.csv,output/strengthening_factorial/strong-factorial-phi4_mini-grpo-code_heavy_tail-actor_only-s95/environment-5031718.json,,
run-6dedaa65c9ee4a7c,cfg-a988dbb2ba8e6b83,temporal_100,strong-time-grpo-math-qwen25_1p5b-safe_margin-s91,91,5032508,,,within_margin,1,100,28832.0,28832.0,14494.0,validation,,profiles/standard_grpo/temporal-100-trials.csv,output/strengthening_temporal_phases/strong-time-grpo-math-qwen25_1p5b-safe_margin-s91/trial-5032508.json,output/strengthening_temporal_phases/strong-time-grpo-math-qwen25_1p5b-safe_margin-s91/training-5032508.log,output/strengthening_temporal_phases/strong-time-grpo-math-qwen25_1p5b-safe_margin-s91/phase-memory-5032508.csv,output/strengthening_temporal_phases/strong-time-grpo-math-qwen25_1p5b-safe_margin-s91/gpu-telemetry-5032508.csv,output/strengthening_temporal_phases/strong-time-grpo-math-qwen25_1p5b-safe_margin-s91/environment-5032508.json,,
run-6df1b2834c7f04ce,cfg-b7a35495ef8f0eb3,batch_reservation,strong-factorial-qwen25_3b-grpo-math-reservation_only-s95,95,5032054,,,within_margin,1,1,37478.0,37478.0,204.0,idle,,profiles/standard_grpo/factorial-trials.csv,output/strengthening_factorial/strong-factorial-qwen25_3b-grpo-math-reservation_only-s95/trial-5032054.json,output/strengthening_factorial/strong-factorial-qwen25_3b-grpo-math-reservation_only-s95/training-5032054.log,output/strengthening_factorial/strong-factorial-qwen25_3b-grpo-math-reservation_only-s95/phase-memory-5032054.csv,output/strengthening_factorial/strong-factorial-qwen25_3b-grpo-math-reservation_only-s95/gpu-telemetry-5032054.csv,output/strengthening_factorial/strong-factorial-qwen25_3b-grpo-math-reservation_only-s95/environment-5032054.json,,
run-6ee63b0f012d9943,cfg-fbe1c0422f98cb38,boundary,strong-granite-confirmatory-grpo-gsm8k_long-c2-s91,91,5031224,,,within_margin,1,1,32302.0,32302.0,205.0,idle,,profiles/standard_grpo/boundary-trials.csv,output/strengthening_granite_confirmatory/strong-granite-confirmatory-grpo-gsm8k_long-c2-s91/trial-5031224.json,output/strengthening_granite_confirmatory/strong-granite-confirmatory-grpo-gsm8k_long-c2-s91/training-5031224.log,output/strengthening_granite_confirmatory/strong-granite-confirmatory-grpo-gsm8k_long-c2-s91/phase-memory-5031224.csv,output/strengthening_granite_confirmatory/strong-granite-confirmatory-grpo-gsm8k_long-c2-s91/gpu-telemetry-5031224.csv,output/strengthening_granite_confirmatory/strong-granite-confirmatory-grpo-gsm8k_long-c2-s91/environment-5031224.json,,
run-6f5eba05ce1db8a2,cfg-a188f9742074d270,state_release,strong-node-qwen25_3b-grpo-gsm8k-near_boundary-s82-p1-resident,82,5031092,strong-node-qwen25_3b-grpo-gsm8k-near_boundary-s82,1,memory_failure,0,1,40926.0,,158.0,initializing,weight_sync_oom,profiles/standard_grpo/same-node-trials.csv,output/strengthening_same_node_residency/strong-node-qwen25_3b-grpo-gsm8k-near_boundary-s82-p1-resident/trial-5031092.json,output/strengthening_same_node_residency/strong-node-qwen25_3b-grpo-gsm8k-near_boundary-s82-p1-resident/training-5031092.log,output/strengthening_same_node_residency/strong-node-qwen25_3b-grpo-gsm8k-near_boundary-s82-p1-resident/phase-memory-5031092.csv,output/strengthening_same_node_residency/strong-node-qwen25_3b-grpo-gsm8k-near_boundary-s82-p1-resident/gpu-telemetry-5031092.csv,output/strengthening_same_node_residency/strong-node-qwen25_3b-grpo-gsm8k-near_boundary-s82-p1-resident/environment-5031092.json,,
run-6fa0c5912a1ce657,cfg-4743c1c830bad982,instrumentation,rev-instrumentation-phi4_mini-math-c2-s113-full,113,5045361,phi4_mini-math-c2-s113,2,within_margin,1,1,35920.0,35920.0,218.0,idle,,profiles/standard_grpo/revision-instrumentation-trials.csv,output/revision_instrumentation/rev-instrumentation-phi4_mini-math-c2-s113-full/trial-5045361.json,output/revision_instrumentation/rev-instrumentation-phi4_mini-math-c2-s113-full/attempt-5045361/training-5045361.log,output/revision_instrumentation/rev-instrumentation-phi4_mini-math-c2-s113-full/attempt-5045361/phase-memory-5045361.csv,output/revision_instrumentation/rev-instrumentation-phi4_mini-math-c2-s113-full/attempt-5045361/gpu-telemetry-5045361.csv,output/revision_instrumentation/rev-instrumentation-phi4_mini-math-c2-s113-full/attempt-5045361/environment-5045361.json,output/revision_instrumentation/pairs/phi4_mini-math-c2-s113/pair-5045361.json,92cd0c14334ab84d718fc3bdb03ae150f064654d
run-70334b069aa42407,cfg-f75b68f479767290,boundary,mr-xm-confirm-phi4_mini-grpo-code_standard-c1-s53,53,5002599,,,within_margin,1,1,26036.0,26036.0,199.0,idle,,profiles/standard_grpo/boundary-trials.csv,output/major_revision_cross_model_confirmatory/mr-xm-confirm-phi4_mini-grpo-code_standard-c1-s53/trial-5002599.json,output/major_revision_cross_model_confirmatory/mr-xm-confirm-phi4_mini-grpo-code_standard-c1-s53/training-5002599.log,output/major_revision_cross_model_confirmatory/mr-xm-confirm-phi4_mini-grpo-code_standard-c1-s53/phase-memory-5002599.csv,output/major_revision_cross_model_confirmatory/mr-xm-confirm-phi4_mini-grpo-code_standard-c1-s53/gpu-telemetry-5002599.csv,output/major_revision_cross_model_confirmatory/mr-xm-confirm-phi4_mini-grpo-code_standard-c1-s53/environment-5002599.json,,
run-70bb98c14f3fdd8b,cfg-90f4a9f55e2f827d,batch_logging_control,review-control-qwen25_3b-code_heavy_tail-s121-full_b8,121,5048525,qwen25_3b-code_heavy_tail-s121,2,within_margin,1,1,33386.0,33386.0,197.0,idle,,profiles/review_revision/control-trials.csv,output/review_instrumentation_batch/review-control-qwen25_3b-code_heavy_tail-s121-full_b8/trial-5048525.json,output/review_instrumentation_batch/review-control-qwen25_3b-code_heavy_tail-s121-full_b8/attempt-5048525/training-5048525.log,output/review_instrumentation_batch/review-control-qwen25_3b-code_heavy_tail-s121-full_b8/attempt-5048525/phase-memory-5048525.csv,output/review_instrumentation_batch/review-control-qwen25_3b-code_heavy_tail-s121-full_b8/attempt-5048525/gpu-telemetry-5048525.csv,output/review_instrumentation_batch/review-control-qwen25_3b-code_heavy_tail-s121-full_b8/attempt-5048525/environment-5048525.json,output/review_instrumentation_batch/pairs/qwen25_3b-code_heavy_tail-s121/pair-5048525.json,018992850a9514b6dfd0d81a8060d7f8a98a89fa
run-71acc2b1953baebd,cfg-cc2c35944156e5d4,four_gpu,rev-topology-qwen25_3b-gsm8k-c3-s111-four_gpu,111,5045292,qwen25_3b-gsm8k-c3-s111,1,within_margin,1,1,33872.0,33872.0,226.0,idle,,profiles/standard_grpo/revision-topology-trials.csv,output/revision_topology/rev-topology-qwen25_3b-gsm8k-c3-s111-four_gpu/trial-5045292.json,output/revision_topology/rev-topology-qwen25_3b-gsm8k-c3-s111-four_gpu/attempt-5045292/training-5045292.log,output/revision_topology/rev-topology-qwen25_3b-gsm8k-c3-s111-four_gpu/attempt-5045292/phase-memory-5045292.csv,output/revision_topology/rev-topology-qwen25_3b-gsm8k-c3-s111-four_gpu/attempt-5045292/gpu-telemetry-5045292.csv,output/revision_topology/rev-topology-qwen25_3b-gsm8k-c3-s111-four_gpu/attempt-5045292/environment-5045292.json,output/revision_topology/pairs/qwen25_3b-gsm8k-c3-s111/pair-5045292.json,b602c1ca41c1ab6d45a5a50885af86cfed90d0d6
run-71bde42053b12f0b,cfg-c608f00aea4f9b32,batch_reservation,strong-factorial-granite33_2b-grpo-code_standard-actor_only-s95,95,5031318,,,within_margin,1,1,32534.0,32534.0,194.0,idle,,profiles/standard_grpo/factorial-trials.csv,output/strengthening_factorial/strong-factorial-granite33_2b-grpo-code_standard-actor_only-s95/trial-5031318.json,output/strengthening_factorial/strong-factorial-granite33_2b-grpo-code_standard-actor_only-s95/training-5031318.log,output/strengthening_factorial/strong-factorial-granite33_2b-grpo-code_standard-actor_only-s95/phase-memory-5031318.csv,output/strengthening_factorial/strong-factorial-granite33_2b-grpo-code_standard-actor_only-s95/gpu-telemetry-5031318.csv,output/strengthening_factorial/strong-factorial-granite33_2b-grpo-code_standard-actor_only-s95/environment-5031318.json,,
run-724b9d0fb65d9b17,cfg-d4a213515805a9a7,boundary,strong-granite-confirmatory-grpo-gsm8k_long-c1-s93,93,5031223,,,within_margin,1,1,21128.0,21128.0,215.0,idle,,profiles/standard_grpo/boundary-trials.csv,output/strengthening_granite_confirmatory/strong-granite-confirmatory-grpo-gsm8k_long-c1-s93/trial-5031223.json,output/strengthening_granite_confirmatory/strong-granite-confirmatory-grpo-gsm8k_long-c1-s93/training-5031223.log,output/strengthening_granite_confirmatory/strong-granite-confirmatory-grpo-gsm8k_long-c1-s93/phase-memory-5031223.csv,output/strengthening_granite_confirmatory/strong-granite-confirmatory-grpo-gsm8k_long-c1-s93/gpu-telemetry-5031223.csv,output/strengthening_granite_confirmatory/strong-granite-confirmatory-grpo-gsm8k_long-c1-s93/environment-5031223.json,,
run-72f151d0d8d633d6,cfg-97107ceba8bf0cbe,boundary,mr-xm-confirm-phi4_mini-grpo-code_standard-c2-s52,52,5002650,,,within_margin,1,1,35958.0,35958.0,232.0,idle,,profiles/standard_grpo/boundary-trials.csv,output/major_revision_cross_model_confirmatory/mr-xm-confirm-phi4_mini-grpo-code_standard-c2-s52/trial-5002650.json,output/major_revision_cross_model_confirmatory/mr-xm-confirm-phi4_mini-grpo-code_standard-c2-s52/training-5002650.log,output/major_revision_cross_model_confirmatory/mr-xm-confirm-phi4_mini-grpo-code_standard-c2-s52/phase-memory-5002650.csv,output/major_revision_cross_model_confirmatory/mr-xm-confirm-phi4_mini-grpo-code_standard-c2-s52/gpu-telemetry-5002650.csv,output/major_revision_cross_model_confirmatory/mr-xm-confirm-phi4_mini-grpo-code_standard-c2-s52/environment-5002650.json,,
run-7315a48a85bad5ca,cfg-a0eeadfadfa890b0,batch_logging_control,review-control-qwen25_3b-code_heavy_tail-s121-external_b8,121,5048525,qwen25_3b-code_heavy_tail-s121,4,within_margin,1,1,33286.0,33286.0,212.0,idle,,profiles/review_revision/control-trials.csv,output/review_instrumentation_batch/review-control-qwen25_3b-code_heavy_tail-s121-external_b8/trial-5048525.json,output/review_instrumentation_batch/review-control-qwen25_3b-code_heavy_tail-s121-external_b8/attempt-5048525/training-5048525.log,output/review_instrumentation_batch/review-control-qwen25_3b-code_heavy_tail-s121-external_b8/attempt-5048525/phase-memory-5048525.csv,output/review_instrumentation_batch/review-control-qwen25_3b-code_heavy_tail-s121-external_b8/attempt-5048525/gpu-telemetry-5048525.csv,output/review_instrumentation_batch/review-control-qwen25_3b-code_heavy_tail-s121-external_b8/attempt-5048525/environment-5048525.json,output/review_instrumentation_batch/pairs/qwen25_3b-code_heavy_tail-s121/pair-5048525.json,018992850a9514b6dfd0d81a8060d7f8a98a89fa
run-7407f692bdac7c71,cfg-ea92cccc91029465,boundary,mr-xm-confirm-phi4_mini-grpo-code_standard-c4-s51,51,5002973,,,memory_failure,0,1,14790.0,,119.0,initializing,rollout_init_memory,profiles/standard_grpo/boundary-trials.csv,output/major_revision_cross_model_confirmatory/mr-xm-confirm-phi4_mini-grpo-code_standard-c4-s51/trial-5002973.json,output/major_revision_cross_model_confirmatory/mr-xm-confirm-phi4_mini-grpo-code_standard-c4-s51/training-5002973.log,output/major_revision_cross_model_confirmatory/mr-xm-confirm-phi4_mini-grpo-code_standard-c4-s51/phase-memory-5002973.csv,output/major_revision_cross_model_confirmatory/mr-xm-confirm-phi4_mini-grpo-code_standard-c4-s51/gpu-telemetry-5002973.csv,output/major_revision_cross_model_confirmatory/mr-xm-confirm-phi4_mini-grpo-code_standard-c4-s51/environment-5002973.json,,
run-746eed8b05bd4254,cfg-896685010703c0fb,boundary,mr-xm-confirm-phi4_mini-grpo-code_standard-c5-s52,52,5003303,,,memory_failure,0,1,14790.0,,102.0,initializing,rollout_init_memory,profiles/standard_grpo/boundary-trials.csv,output/major_revision_cross_model_confirmatory/mr-xm-confirm-phi4_mini-grpo-code_standard-c5-s52/trial-5003303.json,output/major_revision_cross_model_confirmatory/mr-xm-confirm-phi4_mini-grpo-code_standard-c5-s52/training-5003303.log,output/major_revision_cross_model_confirmatory/mr-xm-confirm-phi4_mini-grpo-code_standard-c5-s52/phase-memory-5003303.csv,output/major_revision_cross_model_confirmatory/mr-xm-confirm-phi4_mini-grpo-code_standard-c5-s52/gpu-telemetry-5003303.csv,output/major_revision_cross_model_confirmatory/mr-xm-confirm-phi4_mini-grpo-code_standard-c5-s52/environment-5003303.json,,
run-74cf21874bf9cd37,cfg-aca3236b5ba27772,batch_logging_control,review-control-phi4_mini-gsm8k-s122-external_b8,122,5048577,phi4_mini-gsm8k-s122,2,within_margin,1,1,35518.0,35518.0,208.0,idle,,profiles/review_revision/control-trials.csv,output/review_instrumentation_batch/review-control-phi4_mini-gsm8k-s122-external_b8/trial-5048577.json,output/review_instrumentation_batch/review-control-phi4_mini-gsm8k-s122-external_b8/attempt-5048577/training-5048577.log,output/review_instrumentation_batch/review-control-phi4_mini-gsm8k-s122-external_b8/attempt-5048577/phase-memory-5048577.csv,output/review_instrumentation_batch/review-control-phi4_mini-gsm8k-s122-external_b8/attempt-5048577/gpu-telemetry-5048577.csv,output/review_instrumentation_batch/review-control-phi4_mini-gsm8k-s122-external_b8/attempt-5048577/environment-5048577.json,output/review_instrumentation_batch/pairs/phi4_mini-gsm8k-s122/pair-5048577.json,018992850a9514b6dfd0d81a8060d7f8a98a89fa
run-76d15668ac349594,cfg-7a9a974958c57abc,boundary,v2cf-confirm-qwen25_3b-grpo-gsm8k_long-c3-s43,43,4935822,,,within_margin,1,1,37140.0,37140.0,234.0,idle,,profiles/standard_grpo/boundary-trials.csv,output/benchmark_v2_cross_family_confirmatory/v2cf-confirm-qwen25_3b-grpo-gsm8k_long-c3-s43/trial-4935822.json,output/benchmark_v2_cross_family_confirmatory/v2cf-confirm-qwen25_3b-grpo-gsm8k_long-c3-s43/training-4935822.log,output/benchmark_v2_cross_family_confirmatory/v2cf-confirm-qwen25_3b-grpo-gsm8k_long-c3-s43/phase-memory-4935822.csv,output/benchmark_v2_cross_family_confirmatory/v2cf-confirm-qwen25_3b-grpo-gsm8k_long-c3-s43/gpu-telemetry-4935822.csv,output/benchmark_v2_cross_family_confirmatory/v2cf-confirm-qwen25_3b-grpo-gsm8k_long-c3-s43/environment-4935822.json,,
run-77a115af5e9e8ea6,cfg-28f3c14e91d01934,batch_reservation,strong-factorial-granite33_2b-grpo-code_heavy_tail-joint-s96,96,5031379,,,within_margin,1,1,36536.0,36536.0,200.0,idle,,profiles/standard_grpo/factorial-trials.csv,output/strengthening_factorial/strong-factorial-granite33_2b-grpo-code_heavy_tail-joint-s96/trial-5031379.json,output/strengthening_factorial/strong-factorial-granite33_2b-grpo-code_heavy_tail-joint-s96/training-5031379.log,output/strengthening_factorial/strong-factorial-granite33_2b-grpo-code_heavy_tail-joint-s96/phase-memory-5031379.csv,output/strengthening_factorial/strong-factorial-granite33_2b-grpo-code_heavy_tail-joint-s96/gpu-telemetry-5031379.csv,output/strengthening_factorial/strong-factorial-granite33_2b-grpo-code_heavy_tail-joint-s96/environment-5031379.json,,
run-77bbae44d3ee659b,cfg-5629d7e19157784a,batch_reservation,strong-factorial-granite33_2b-grpo-code_heavy_tail-base-s95,95,5031337,,,within_margin,1,1,32536.0,32536.0,229.0,idle,,profiles/standard_grpo/factorial-trials.csv,output/strengthening_factorial/strong-factorial-granite33_2b-grpo-code_heavy_tail-base-s95/trial-5031337.json,output/strengthening_factorial/strong-factorial-granite33_2b-grpo-code_heavy_tail-base-s95/training-5031337.log,output/strengthening_factorial/strong-factorial-granite33_2b-grpo-code_heavy_tail-base-s95/phase-memory-5031337.csv,output/strengthening_factorial/strong-factorial-granite33_2b-grpo-code_heavy_tail-base-s95/gpu-telemetry-5031337.csv,output/strengthening_factorial/strong-factorial-granite33_2b-grpo-code_heavy_tail-base-s95/environment-5031337.json,,
run-79dfd584d192084c,cfg-30e348e68aa5fb5c,state_release,strong-node-qwen25_3b-grpo-math-near_boundary-s83-p2-resident,83,5031131,strong-node-qwen25_3b-grpo-math-near_boundary-s83,2,memory_failure,0,1,40926.0,,144.0,initializing,weight_sync_oom,profiles/standard_grpo/same-node-trials.csv,output/strengthening_same_node_residency/strong-node-qwen25_3b-grpo-math-near_boundary-s83-p2-resident/trial-5031131.json,output/strengthening_same_node_residency/strong-node-qwen25_3b-grpo-math-near_boundary-s83-p2-resident/training-5031131.log,output/strengthening_same_node_residency/strong-node-qwen25_3b-grpo-math-near_boundary-s83-p2-resident/phase-memory-5031131.csv,output/strengthening_same_node_residency/strong-node-qwen25_3b-grpo-math-near_boundary-s83-p2-resident/gpu-telemetry-5031131.csv,output/strengthening_same_node_residency/strong-node-qwen25_3b-grpo-math-near_boundary-s83-p2-resident/environment-5031131.json,,
run-79f5e337e6b88b53,cfg-419301d6d3eea82b,state_release,strong-node-qwen25_3b-grpo-gsm8k-safe_margin-s82-p2-resident,82,5031103,strong-node-qwen25_3b-grpo-gsm8k-safe_margin-s82,2,within_margin,1,1,26820.0,26820.0,270.0,idle,,profiles/standard_grpo/same-node-trials.csv,output/strengthening_same_node_residency/strong-node-qwen25_3b-grpo-gsm8k-safe_margin-s82-p2-resident/trial-5031103.json,output/strengthening_same_node_residency/strong-node-qwen25_3b-grpo-gsm8k-safe_margin-s82-p2-resident/training-5031103.log,output/strengthening_same_node_residency/strong-node-qwen25_3b-grpo-gsm8k-safe_margin-s82-p2-resident/phase-memory-5031103.csv,output/strengthening_same_node_residency/strong-node-qwen25_3b-grpo-gsm8k-safe_margin-s82-p2-resident/gpu-telemetry-5031103.csv,output/strengthening_same_node_residency/strong-node-qwen25_3b-grpo-gsm8k-safe_margin-s82-p2-resident/environment-5031103.json,,
run-7a050e864f7919e4,cfg-e5f3439a7c655274,temporal_40,v2time-grpo-gsm8k-qwen25_3b-near_boundary-s41,41,4942791,,,within_margin,1,40,37748.0,37748.0,3779.0,idle,,profiles/standard_grpo/temporal-40-trials.csv,output/benchmark_v2_temporal_confirmatory/v2time-grpo-gsm8k-qwen25_3b-near_boundary-s41/trial-4942791.json,output/benchmark_v2_temporal_confirmatory/v2time-grpo-gsm8k-qwen25_3b-near_boundary-s41/training-4942791.log,output/benchmark_v2_temporal_confirmatory/v2time-grpo-gsm8k-qwen25_3b-near_boundary-s41/phase-memory-4942791.csv,output/benchmark_v2_temporal_confirmatory/v2time-grpo-gsm8k-qwen25_3b-near_boundary-s41/gpu-telemetry-4942791.csv,output/benchmark_v2_temporal_confirmatory/v2time-grpo-gsm8k-qwen25_3b-near_boundary-s41/environment-4942791.json,,
run-7a32dc21d31ca35f,cfg-3bbff1090fab73f9,instrumentation,rev-instrumentation-qwen25_3b-gsm8k-c3-s113-full,113,5045363,qwen25_3b-gsm8k-c3-s113,2,within_margin,1,1,37140.0,37140.0,200.0,idle,,profiles/standard_grpo/revision-instrumentation-trials.csv,output/revision_instrumentation/rev-instrumentation-qwen25_3b-gsm8k-c3-s113-full/trial-5045363.json,output/revision_instrumentation/rev-instrumentation-qwen25_3b-gsm8k-c3-s113-full/attempt-5045363/training-5045363.log,output/revision_instrumentation/rev-instrumentation-qwen25_3b-gsm8k-c3-s113-full/attempt-5045363/phase-memory-5045363.csv,output/revision_instrumentation/rev-instrumentation-qwen25_3b-gsm8k-c3-s113-full/attempt-5045363/gpu-telemetry-5045363.csv,output/revision_instrumentation/rev-instrumentation-qwen25_3b-gsm8k-c3-s113-full/attempt-5045363/environment-5045363.json,output/revision_instrumentation/pairs/qwen25_3b-gsm8k-c3-s113/pair-5045363.json,92cd0c14334ab84d718fc3bdb03ae150f064654d
run-7a4262f985edfc62,cfg-7898c5f5e25f7757,temporal_100,strong-time-grpo-math-qwen25_1p5b-near_boundary-s93,93,5034441,,,within_margin,1,100,34584.0,34584.0,14317.0,validation,,profiles/standard_grpo/temporal-100-trials.csv,output/strengthening_temporal_phases/strong-time-grpo-math-qwen25_1p5b-near_boundary-s93/trial-5034441.json,output/strengthening_temporal_phases/strong-time-grpo-math-qwen25_1p5b-near_boundary-s93/training-5034441.log,output/strengthening_temporal_phases/strong-time-grpo-math-qwen25_1p5b-near_boundary-s93/phase-memory-5034441.csv,output/strengthening_temporal_phases/strong-time-grpo-math-qwen25_1p5b-near_boundary-s93/gpu-telemetry-5034441.csv,output/strengthening_temporal_phases/strong-time-grpo-math-qwen25_1p5b-near_boundary-s93/environment-5034441.json,,
run-7a5ec871ffe9c674,cfg-e80b4f00d0546932,instrumentation,rev-instrumentation-granite33_2b-math-c3-s111-full,111,5045390,granite33_2b-math-c3-s111,1,within_margin,1,1,36670.0,36670.0,192.0,idle,,profiles/standard_grpo/revision-instrumentation-trials.csv,output/revision_instrumentation/rev-instrumentation-granite33_2b-math-c3-s111-full/trial-5045390.json,output/revision_instrumentation/rev-instrumentation-granite33_2b-math-c3-s111-full/attempt-5045390/training-5045390.log,output/revision_instrumentation/rev-instrumentation-granite33_2b-math-c3-s111-full/attempt-5045390/phase-memory-5045390.csv,output/revision_instrumentation/rev-instrumentation-granite33_2b-math-c3-s111-full/attempt-5045390/gpu-telemetry-5045390.csv,output/revision_instrumentation/rev-instrumentation-granite33_2b-math-c3-s111-full/attempt-5045390/environment-5045390.json,output/revision_instrumentation/pairs/granite33_2b-math-c3-s111/pair-5045390.json,92cd0c14334ab84d718fc3bdb03ae150f064654d
run-7abc42e94e449b6d,cfg-b56fb353c2f2fa3e,boundary,strong-granite-confirmatory-grpo-math_short-c0-s91,91,5031329,,,within_margin,1,1,19418.0,19418.0,298.0,idle,,profiles/standard_grpo/boundary-trials.csv,output/strengthening_granite_confirmatory/strong-granite-confirmatory-grpo-math_short-c0-s91/trial-5031329.json,output/strengthening_granite_confirmatory/strong-granite-confirmatory-grpo-math_short-c0-s91/training-5031329.log,output/strengthening_granite_confirmatory/strong-granite-confirmatory-grpo-math_short-c0-s91/phase-memory-5031329.csv,output/strengthening_granite_confirmatory/strong-granite-confirmatory-grpo-math_short-c0-s91/gpu-telemetry-5031329.csv,output/strengthening_granite_confirmatory/strong-granite-confirmatory-grpo-math_short-c0-s91/environment-5031329.json,,
run-7ae68328f8ca120e,cfg-af3c23f421a50a52,batch_reservation,strong-factorial-phi4_mini-grpo-code_heavy_tail-base-s94,94,5031694,,,within_margin,1,1,36020.0,36020.0,248.0,idle,,profiles/standard_grpo/factorial-trials.csv,output/strengthening_factorial/strong-factorial-phi4_mini-grpo-code_heavy_tail-base-s94/trial-5031694.json,output/strengthening_factorial/strong-factorial-phi4_mini-grpo-code_heavy_tail-base-s94/training-5031694.log,output/strengthening_factorial/strong-factorial-phi4_mini-grpo-code_heavy_tail-base-s94/phase-memory-5031694.csv,output/strengthening_factorial/strong-factorial-phi4_mini-grpo-code_heavy_tail-base-s94/gpu-telemetry-5031694.csv,output/strengthening_factorial/strong-factorial-phi4_mini-grpo-code_heavy_tail-base-s94/environment-5031694.json,,
run-7b65b76b6814026d,cfg-b56fb353c2f2fa3e,boundary,strong-granite-confirmatory-grpo-math_short-c0-s93,93,5031331,,,within_margin,1,1,19418.0,19418.0,302.0,idle,,profiles/standard_grpo/boundary-trials.csv,output/strengthening_granite_confirmatory/strong-granite-confirmatory-grpo-math_short-c0-s93/trial-5031331.json,output/strengthening_granite_confirmatory/strong-granite-confirmatory-grpo-math_short-c0-s93/training-5031331.log,output/strengthening_granite_confirmatory/strong-granite-confirmatory-grpo-math_short-c0-s93/phase-memory-5031331.csv,output/strengthening_granite_confirmatory/strong-granite-confirmatory-grpo-math_short-c0-s93/gpu-telemetry-5031331.csv,output/strengthening_granite_confirmatory/strong-granite-confirmatory-grpo-math_short-c0-s93/environment-5031331.json,,
run-7b8aff4b8070dbc4,cfg-78c440d3891ddbc2,four_gpu,rev-topology-qwen25_3b-gsm8k-c4-s113-four_gpu,113,5045299,qwen25_3b-gsm8k-c4-s113,1,within_margin,1,1,37956.0,37956.0,214.0,idle,,profiles/standard_grpo/revision-topology-trials.csv,output/revision_topology/rev-topology-qwen25_3b-gsm8k-c4-s113-four_gpu/trial-5045299.json,output/revision_topology/rev-topology-qwen25_3b-gsm8k-c4-s113-four_gpu/attempt-5045299/training-5045299.log,output/revision_topology/rev-topology-qwen25_3b-gsm8k-c4-s113-four_gpu/attempt-5045299/phase-memory-5045299.csv,output/revision_topology/rev-topology-qwen25_3b-gsm8k-c4-s113-four_gpu/attempt-5045299/gpu-telemetry-5045299.csv,output/revision_topology/rev-topology-qwen25_3b-gsm8k-c4-s113-four_gpu/attempt-5045299/environment-5045299.json,output/revision_topology/pairs/qwen25_3b-gsm8k-c4-s113/pair-5045299.json,b602c1ca41c1ab6d45a5a50885af86cfed90d0d6
run-7bc72f0403b10388,cfg-4e0b53e75324e5f8,state_release,strong-node-qwen25_3b-grpo-gsm8k-near_boundary-s83-p1-release,83,5031094,strong-node-qwen25_3b-grpo-gsm8k-near_boundary-s83,1,within_margin,1,1,36544.0,36544.0,262.0,idle,,profiles/standard_grpo/same-node-trials.csv,output/strengthening_same_node_residency/strong-node-qwen25_3b-grpo-gsm8k-near_boundary-s83-p1-release/trial-5031094.json,output/strengthening_same_node_residency/strong-node-qwen25_3b-grpo-gsm8k-near_boundary-s83-p1-release/training-5031094.log,output/strengthening_same_node_residency/strong-node-qwen25_3b-grpo-gsm8k-near_boundary-s83-p1-release/phase-memory-5031094.csv,output/strengthening_same_node_residency/strong-node-qwen25_3b-grpo-gsm8k-near_boundary-s83-p1-release/gpu-telemetry-5031094.csv,output/strengthening_same_node_residency/strong-node-qwen25_3b-grpo-gsm8k-near_boundary-s83-p1-release/environment-5031094.json,,
run-7c41acf7ee0e7ab4,cfg-ca36112516a10a19,instrumentation,rev-instrumentation-phi4_mini-math-c3-s112-external,112,5045373,phi4_mini-math-c3-s112,1,above_margin,1,1,40218.0,40218.0,209.0,idle,,profiles/standard_grpo/revision-instrumentation-trials.csv,output/revision_instrumentation/rev-instrumentation-phi4_mini-math-c3-s112-external/trial-5045373.json,output/revision_instrumentation/rev-instrumentation-phi4_mini-math-c3-s112-external/attempt-5045373/training-5045373.log,output/revision_instrumentation/rev-instrumentation-phi4_mini-math-c3-s112-external/attempt-5045373/phase-memory-5045373.csv,output/revision_instrumentation/rev-instrumentation-phi4_mini-math-c3-s112-external/attempt-5045373/gpu-telemetry-5045373.csv,output/revision_instrumentation/rev-instrumentation-phi4_mini-math-c3-s112-external/attempt-5045373/environment-5045373.json,output/revision_instrumentation/pairs/phi4_mini-math-c3-s112/pair-5045373.json,92cd0c14334ab84d718fc3bdb03ae150f064654d
run-7cabee5ac4776452,cfg-e91942abb5b4f847,boundary,mr-xm-confirm-qwen25_3b-grpo-code_heavy_tail-c2-s52,52,4999686,,,within_margin,1,1,33322.0,33322.0,198.0,idle,,profiles/standard_grpo/boundary-trials.csv,output/major_revision_cross_model_confirmatory/mr-xm-confirm-qwen25_3b-grpo-code_heavy_tail-c2-s52/trial-4999686.json,output/major_revision_cross_model_confirmatory/mr-xm-confirm-qwen25_3b-grpo-code_heavy_tail-c2-s52/training-4999686.log,output/major_revision_cross_model_confirmatory/mr-xm-confirm-qwen25_3b-grpo-code_heavy_tail-c2-s52/phase-memory-4999686.csv,output/major_revision_cross_model_confirmatory/mr-xm-confirm-qwen25_3b-grpo-code_heavy_tail-c2-s52/gpu-telemetry-4999686.csv,output/major_revision_cross_model_confirmatory/mr-xm-confirm-qwen25_3b-grpo-code_heavy_tail-c2-s52/environment-4999686.json,,
run-7d362061e4a36da3,cfg-e2a205be8efba055,boundary,v2cf-confirm-phi4_mini-grpo-math_short-c0-s43,43,4936274,,,within_margin,1,1,26328.0,26328.0,275.0,idle,,profiles/standard_grpo/boundary-trials.csv,output/benchmark_v2_cross_family_confirmatory/v2cf-confirm-phi4_mini-grpo-math_short-c0-s43/trial-4936274.json,output/benchmark_v2_cross_family_confirmatory/v2cf-confirm-phi4_mini-grpo-math_short-c0-s43/training-4936274.log,output/benchmark_v2_cross_family_confirmatory/v2cf-confirm-phi4_mini-grpo-math_short-c0-s43/phase-memory-4936274.csv,output/benchmark_v2_cross_family_confirmatory/v2cf-confirm-phi4_mini-grpo-math_short-c0-s43/gpu-telemetry-4936274.csv,output/benchmark_v2_cross_family_confirmatory/v2cf-confirm-phi4_mini-grpo-math_short-c0-s43/environment-4936274.json,,
run-7eb0421eac7bc9e2,cfg-61c14de21a34d0e6,boundary,strong-granite-confirmatory-grpo-code_standard-c4-s91,91,5031385,,,above_margin,1,1,40590.0,40590.0,209.0,idle,,profiles/standard_grpo/boundary-trials.csv,output/strengthening_granite_confirmatory/strong-granite-confirmatory-grpo-code_standard-c4-s91/trial-5031385.json,output/strengthening_granite_confirmatory/strong-granite-confirmatory-grpo-code_standard-c4-s91/training-5031385.log,output/strengthening_granite_confirmatory/strong-granite-confirmatory-grpo-code_standard-c4-s91/phase-memory-5031385.csv,output/strengthening_granite_confirmatory/strong-granite-confirmatory-grpo-code_standard-c4-s91/gpu-telemetry-5031385.csv,output/strengthening_granite_confirmatory/strong-granite-confirmatory-grpo-code_standard-c4-s91/environment-5031385.json,,
run-7f21df2e58796435,cfg-831b7ab9490a8a5f,batch_logging_control,review-control-phi4_mini-gsm8k-s123-full_b16,123,5048576,phi4_mini-gsm8k-s123,4,within_margin,1,1,35518.0,35518.0,193.0,idle,,profiles/review_revision/control-trials.csv,output/review_instrumentation_batch/review-control-phi4_mini-gsm8k-s123-full_b16/trial-5048576.json,output/review_instrumentation_batch/review-control-phi4_mini-gsm8k-s123-full_b16/attempt-5048576/training-5048576.log,output/review_instrumentation_batch/review-control-phi4_mini-gsm8k-s123-full_b16/attempt-5048576/phase-memory-5048576.csv,output/review_instrumentation_batch/review-control-phi4_mini-gsm8k-s123-full_b16/attempt-5048576/gpu-telemetry-5048576.csv,output/review_instrumentation_batch/review-control-phi4_mini-gsm8k-s123-full_b16/attempt-5048576/environment-5048576.json,output/review_instrumentation_batch/pairs/phi4_mini-gsm8k-s123/pair-5048576.json,018992850a9514b6dfd0d81a8060d7f8a98a89fa
run-7f8ab597552d2646,cfg-75662a6552e74f29,batch_reservation,strong-factorial-granite33_2b-grpo-math_short-base-s96,96,5031428,,,within_margin,1,1,32690.0,32690.0,205.0,idle,,profiles/standard_grpo/factorial-trials.csv,output/strengthening_factorial/strong-factorial-granite33_2b-grpo-math_short-base-s96/trial-5031428.json,output/strengthening_factorial/strong-factorial-granite33_2b-grpo-math_short-base-s96/training-5031428.log,output/strengthening_factorial/strong-factorial-granite33_2b-grpo-math_short-base-s96/phase-memory-5031428.csv,output/strengthening_factorial/strong-factorial-granite33_2b-grpo-math_short-base-s96/gpu-telemetry-5031428.csv,output/strengthening_factorial/strong-factorial-granite33_2b-grpo-math_short-base-s96/environment-5031428.json,,
run-7fc11d81b24d0ca1,cfg-5047dff55c13e55f,batch_reservation,strong-factorial-qwen25_3b-grpo-gsm8k-base-s96,96,5032030,,,within_margin,1,1,33108.0,33108.0,201.0,idle,,profiles/standard_grpo/factorial-trials.csv,output/strengthening_factorial/strong-factorial-qwen25_3b-grpo-gsm8k-base-s96/trial-5032030.json,output/strengthening_factorial/strong-factorial-qwen25_3b-grpo-gsm8k-base-s96/training-5032030.log,output/strengthening_factorial/strong-factorial-qwen25_3b-grpo-gsm8k-base-s96/phase-memory-5032030.csv,output/strengthening_factorial/strong-factorial-qwen25_3b-grpo-gsm8k-base-s96/gpu-telemetry-5032030.csv,output/strengthening_factorial/strong-factorial-qwen25_3b-grpo-gsm8k-base-s96/environment-5032030.json,,
run-7fc8a46cddbc1ba2,cfg-4fc35dde1bc7253c,instrumentation,rev-instrumentation-granite33_2b-gsm8k-c4-s111-full,111,5045385,granite33_2b-gsm8k-c4-s111,1,above_margin,1,1,40382.0,40382.0,193.0,idle,,profiles/standard_grpo/revision-instrumentation-trials.csv,output/revision_instrumentation/rev-instrumentation-granite33_2b-gsm8k-c4-s111-full/trial-5045385.json,output/revision_instrumentation/rev-instrumentation-granite33_2b-gsm8k-c4-s111-full/attempt-5045385/training-5045385.log,output/revision_instrumentation/rev-instrumentation-granite33_2b-gsm8k-c4-s111-full/attempt-5045385/phase-memory-5045385.csv,output/revision_instrumentation/rev-instrumentation-granite33_2b-gsm8k-c4-s111-full/attempt-5045385/gpu-telemetry-5045385.csv,output/revision_instrumentation/rev-instrumentation-granite33_2b-gsm8k-c4-s111-full/attempt-5045385/environment-5045385.json,output/revision_instrumentation/pairs/granite33_2b-gsm8k-c4-s111/pair-5045385.json,92cd0c14334ab84d718fc3bdb03ae150f064654d
run-7ffb84d3d3617c96,cfg-896685010703c0fb,boundary,mr-xm-confirm-phi4_mini-grpo-code_standard-c5-s53,53,5003329,,,memory_failure,0,1,14790.0,,107.0,initializing,rollout_init_memory,profiles/standard_grpo/boundary-trials.csv,output/major_revision_cross_model_confirmatory/mr-xm-confirm-phi4_mini-grpo-code_standard-c5-s53/trial-5003329.json,output/major_revision_cross_model_confirmatory/mr-xm-confirm-phi4_mini-grpo-code_standard-c5-s53/training-5003329.log,output/major_revision_cross_model_confirmatory/mr-xm-confirm-phi4_mini-grpo-code_standard-c5-s53/phase-memory-5003329.csv,output/major_revision_cross_model_confirmatory/mr-xm-confirm-phi4_mini-grpo-code_standard-c5-s53/gpu-telemetry-5003329.csv,output/major_revision_cross_model_confirmatory/mr-xm-confirm-phi4_mini-grpo-code_standard-c5-s53/environment-5003329.json,,
run-80e1179a31f6f792,cfg-c31171354027b928,batch_reservation,strong-factorial-qwen25_3b-grpo-code_standard-actor_only-s95,95,5032015,,,within_margin,1,1,33386.0,33386.0,195.0,idle,,profiles/standard_grpo/factorial-trials.csv,output/strengthening_factorial/strong-factorial-qwen25_3b-grpo-code_standard-actor_only-s95/trial-5032015.json,output/strengthening_factorial/strong-factorial-qwen25_3b-grpo-code_standard-actor_only-s95/training-5032015.log,output/strengthening_factorial/strong-factorial-qwen25_3b-grpo-code_standard-actor_only-s95/phase-memory-5032015.csv,output/strengthening_factorial/strong-factorial-qwen25_3b-grpo-code_standard-actor_only-s95/gpu-telemetry-5032015.csv,output/strengthening_factorial/strong-factorial-qwen25_3b-grpo-code_standard-actor_only-s95/environment-5032015.json,,
run-80e4b976762ec823,cfg-5ff9621270e710ed,four_gpu,rev-topology-phi4_mini-gsm8k-c4-s113-four_gpu,113,5045366,phi4_mini-gsm8k-c4-s113,1,above_margin,1,1,39806.0,39806.0,215.0,idle,,profiles/standard_grpo/revision-topology-trials.csv,output/revision_topology/rev-topology-phi4_mini-gsm8k-c4-s113-four_gpu/trial-5045366.json,output/revision_topology/rev-topology-phi4_mini-gsm8k-c4-s113-four_gpu/attempt-5045366/training-5045366.log,output/revision_topology/rev-topology-phi4_mini-gsm8k-c4-s113-four_gpu/attempt-5045366/phase-memory-5045366.csv,output/revision_topology/rev-topology-phi4_mini-gsm8k-c4-s113-four_gpu/attempt-5045366/gpu-telemetry-5045366.csv,output/revision_topology/rev-topology-phi4_mini-gsm8k-c4-s113-four_gpu/attempt-5045366/environment-5045366.json,output/revision_topology/pairs/phi4_mini-gsm8k-c4-s113/pair-5045366.json,b602c1ca41c1ab6d45a5a50885af86cfed90d0d6
run-818aca3534156d17,cfg-a026693bae37d30b,boundary,mr-xm-confirm-phi4_mini-grpo-code_standard-c3-s53,53,5002797,,,above_margin,1,1,39990.0,39990.0,289.0,idle,,profiles/standard_grpo/boundary-trials.csv,output/major_revision_cross_model_confirmatory/mr-xm-confirm-phi4_mini-grpo-code_standard-c3-s53/trial-5002797.json,output/major_revision_cross_model_confirmatory/mr-xm-confirm-phi4_mini-grpo-code_standard-c3-s53/training-5002797.log,output/major_revision_cross_model_confirmatory/mr-xm-confirm-phi4_mini-grpo-code_standard-c3-s53/phase-memory-5002797.csv,output/major_revision_cross_model_confirmatory/mr-xm-confirm-phi4_mini-grpo-code_standard-c3-s53/gpu-telemetry-5002797.csv,output/major_revision_cross_model_confirmatory/mr-xm-confirm-phi4_mini-grpo-code_standard-c3-s53/environment-5002797.json,,
run-81dce81eb5fcbb03,cfg-a14ab647ea9728c0,instrumentation,rev-instrumentation-phi4_mini-gsm8k-c3-s113-external,113,5045358,phi4_mini-gsm8k-c3-s113,1,above_margin,1,1,39570.0,39570.0,202.0,idle,,profiles/standard_grpo/revision-instrumentation-trials.csv,output/revision_instrumentation/rev-instrumentation-phi4_mini-gsm8k-c3-s113-external/trial-5045358.json,output/revision_instrumentation/rev-instrumentation-phi4_mini-gsm8k-c3-s113-external/attempt-5045358/training-5045358.log,output/revision_instrumentation/rev-instrumentation-phi4_mini-gsm8k-c3-s113-external/attempt-5045358/phase-memory-5045358.csv,output/revision_instrumentation/rev-instrumentation-phi4_mini-gsm8k-c3-s113-external/attempt-5045358/gpu-telemetry-5045358.csv,output/revision_instrumentation/rev-instrumentation-phi4_mini-gsm8k-c3-s113-external/attempt-5045358/environment-5045358.json,output/revision_instrumentation/pairs/phi4_mini-gsm8k-c3-s113/pair-5045358.json,92cd0c14334ab84d718fc3bdb03ae150f064654d
run-81df18d992981685,cfg-371ae37408089efe,four_gpu,rev-topology-phi4_mini-math-c2-s112-four_gpu,112,5045368,phi4_mini-math-c2-s112,1,within_margin,1,1,32108.0,32108.0,222.0,idle,,profiles/standard_grpo/revision-topology-trials.csv,output/revision_topology/rev-topology-phi4_mini-math-c2-s112-four_gpu/trial-5045368.json,output/revision_topology/rev-topology-phi4_mini-math-c2-s112-four_gpu/attempt-5045368/training-5045368.log,output/revision_topology/rev-topology-phi4_mini-math-c2-s112-four_gpu/attempt-5045368/phase-memory-5045368.csv,output/revision_topology/rev-topology-phi4_mini-math-c2-s112-four_gpu/attempt-5045368/gpu-telemetry-5045368.csv,output/revision_topology/rev-topology-phi4_mini-math-c2-s112-four_gpu/attempt-5045368/environment-5045368.json,output/revision_topology/pairs/phi4_mini-math-c2-s112/pair-5045368.json,b602c1ca41c1ab6d45a5a50885af86cfed90d0d6
run-82110ac7a6737aa6,cfg-b5007322fb2e1772,boundary,mr-xm-confirm-qwen25_3b-grpo-code_heavy_tail-c0-s53,53,4999642,,,within_margin,1,1,21562.0,21562.0,254.0,idle,,profiles/standard_grpo/boundary-trials.csv,output/major_revision_cross_model_confirmatory/mr-xm-confirm-qwen25_3b-grpo-code_heavy_tail-c0-s53/trial-4999642.json,output/major_revision_cross_model_confirmatory/mr-xm-confirm-qwen25_3b-grpo-code_heavy_tail-c0-s53/training-4999642.log,output/major_revision_cross_model_confirmatory/mr-xm-confirm-qwen25_3b-grpo-code_heavy_tail-c0-s53/phase-memory-4999642.csv,output/major_revision_cross_model_confirmatory/mr-xm-confirm-qwen25_3b-grpo-code_heavy_tail-c0-s53/gpu-telemetry-4999642.csv,output/major_revision_cross_model_confirmatory/mr-xm-confirm-qwen25_3b-grpo-code_heavy_tail-c0-s53/environment-4999642.json,,
run-821affad4dfdb864,cfg-6d54ac65d934f404,boundary,mr-xm-confirm-qwen25_3b-grpo-code_standard-c2-s51,51,4999364,,,within_margin,1,1,33108.0,33108.0,196.0,idle,,profiles/standard_grpo/boundary-trials.csv,output/major_revision_cross_model_confirmatory/mr-xm-confirm-qwen25_3b-grpo-code_standard-c2-s51/trial-4999364.json,output/major_revision_cross_model_confirmatory/mr-xm-confirm-qwen25_3b-grpo-code_standard-c2-s51/training-4999364.log,output/major_revision_cross_model_confirmatory/mr-xm-confirm-qwen25_3b-grpo-code_standard-c2-s51/phase-memory-4999364.csv,output/major_revision_cross_model_confirmatory/mr-xm-confirm-qwen25_3b-grpo-code_standard-c2-s51/gpu-telemetry-4999364.csv,output/major_revision_cross_model_confirmatory/mr-xm-confirm-qwen25_3b-grpo-code_standard-c2-s51/environment-4999364.json,,
run-828c12aad08a328d,cfg-5f2f431355dfcb31,batch_reservation,strong-factorial-phi4_mini-grpo-code_standard-reservation_only-s94,94,5031756,,,above_margin,1,1,39876.0,39876.0,211.0,idle,,profiles/standard_grpo/factorial-trials.csv,output/strengthening_factorial/strong-factorial-phi4_mini-grpo-code_standard-reservation_only-s94/trial-5031756.json,output/strengthening_factorial/strong-factorial-phi4_mini-grpo-code_standard-reservation_only-s94/training-5031756.log,output/strengthening_factorial/strong-factorial-phi4_mini-grpo-code_standard-reservation_only-s94/phase-memory-5031756.csv,output/strengthening_factorial/strong-factorial-phi4_mini-grpo-code_standard-reservation_only-s94/gpu-telemetry-5031756.csv,output/strengthening_factorial/strong-factorial-phi4_mini-grpo-code_standard-reservation_only-s94/environment-5031756.json,,
run-82eb1a3e4b8041aa,cfg-97107ceba8bf0cbe,boundary,mr-xm-confirm-phi4_mini-grpo-code_standard-c2-s53,53,5002718,,,within_margin,1,1,35958.0,35958.0,204.0,idle,,profiles/standard_grpo/boundary-trials.csv,output/major_revision_cross_model_confirmatory/mr-xm-confirm-phi4_mini-grpo-code_standard-c2-s53/trial-5002718.json,output/major_revision_cross_model_confirmatory/mr-xm-confirm-phi4_mini-grpo-code_standard-c2-s53/training-5002718.log,output/major_revision_cross_model_confirmatory/mr-xm-confirm-phi4_mini-grpo-code_standard-c2-s53/phase-memory-5002718.csv,output/major_revision_cross_model_confirmatory/mr-xm-confirm-phi4_mini-grpo-code_standard-c2-s53/gpu-telemetry-5002718.csv,output/major_revision_cross_model_confirmatory/mr-xm-confirm-phi4_mini-grpo-code_standard-c2-s53/environment-5002718.json,,
run-82ef6da8a0f2851e,cfg-75662a6552e74f29,batch_reservation,strong-factorial-granite33_2b-grpo-math_short-base-s95,95,5031407,,,within_margin,1,1,32690.0,32690.0,214.0,idle,,profiles/standard_grpo/factorial-trials.csv,output/strengthening_factorial/strong-factorial-granite33_2b-grpo-math_short-base-s95/trial-5031407.json,output/strengthening_factorial/strong-factorial-granite33_2b-grpo-math_short-base-s95/training-5031407.log,output/strengthening_factorial/strong-factorial-granite33_2b-grpo-math_short-base-s95/phase-memory-5031407.csv,output/strengthening_factorial/strong-factorial-granite33_2b-grpo-math_short-base-s95/gpu-telemetry-5031407.csv,output/strengthening_factorial/strong-factorial-granite33_2b-grpo-math_short-base-s95/environment-5031407.json,,
run-8348bfb351c397b5,cfg-30f98456fdb322c1,boundary,v2cf-confirm-qwen25_3b-grpo-math_short-c2-s41,41,4935946,,,within_margin,1,1,33446.0,33446.0,206.0,idle,,profiles/standard_grpo/boundary-trials.csv,output/benchmark_v2_cross_family_confirmatory/v2cf-confirm-qwen25_3b-grpo-math_short-c2-s41/trial-4935946.json,output/benchmark_v2_cross_family_confirmatory/v2cf-confirm-qwen25_3b-grpo-math_short-c2-s41/training-4935946.log,output/benchmark_v2_cross_family_confirmatory/v2cf-confirm-qwen25_3b-grpo-math_short-c2-s41/phase-memory-4935946.csv,output/benchmark_v2_cross_family_confirmatory/v2cf-confirm-qwen25_3b-grpo-math_short-c2-s41/gpu-telemetry-4935946.csv,output/benchmark_v2_cross_family_confirmatory/v2cf-confirm-qwen25_3b-grpo-math_short-c2-s41/environment-4935946.json,,
run-843a91eab576011e,cfg-06e80279db3caed1,instrumentation,rev-instrumentation-phi4_mini-math-c2-s113-external,113,5045361,phi4_mini-math-c2-s113,1,within_margin,1,1,35920.0,35920.0,218.0,idle,,profiles/standard_grpo/revision-instrumentation-trials.csv,output/revision_instrumentation/rev-instrumentation-phi4_mini-math-c2-s113-external/trial-5045361.json,output/revision_instrumentation/rev-instrumentation-phi4_mini-math-c2-s113-external/attempt-5045361/training-5045361.log,output/revision_instrumentation/rev-instrumentation-phi4_mini-math-c2-s113-external/attempt-5045361/phase-memory-5045361.csv,output/revision_instrumentation/rev-instrumentation-phi4_mini-math-c2-s113-external/attempt-5045361/gpu-telemetry-5045361.csv,output/revision_instrumentation/rev-instrumentation-phi4_mini-math-c2-s113-external/attempt-5045361/environment-5045361.json,output/revision_instrumentation/pairs/phi4_mini-math-c2-s113/pair-5045361.json,92cd0c14334ab84d718fc3bdb03ae150f064654d
run-8455730073ff59ba,cfg-18edbed17d1a0c2e,state_release,strong-node-qwen25_3b-grpo-math-safe_margin-s81-p2-release,81,5031603,strong-node-qwen25_3b-grpo-math-safe_margin-s81,2,within_margin,1,1,22360.0,22360.0,478.0,idle,,profiles/standard_grpo/same-node-trials.csv,output/strengthening_same_node_residency/strong-node-qwen25_3b-grpo-math-safe_margin-s81-p2-release/trial-5031603.json,output/strengthening_same_node_residency/strong-node-qwen25_3b-grpo-math-safe_margin-s81-p2-release/training-5031603.log,output/strengthening_same_node_residency/strong-node-qwen25_3b-grpo-math-safe_margin-s81-p2-release/phase-memory-5031603.csv,output/strengthening_same_node_residency/strong-node-qwen25_3b-grpo-math-safe_margin-s81-p2-release/gpu-telemetry-5031603.csv,output/strengthening_same_node_residency/strong-node-qwen25_3b-grpo-math-safe_margin-s81-p2-release/environment-5031603.json,,
run-84a5378e0c47129c,cfg-cc900fb7731c3f49,boundary,v2cf-confirm-phi4_mini-grpo-math_short-c5-s41,41,4936388,,,memory_failure,0,1,14790.0,,114.0,initializing,rollout_init_memory,profiles/standard_grpo/boundary-trials.csv,output/benchmark_v2_cross_family_confirmatory/v2cf-confirm-phi4_mini-grpo-math_short-c5-s41/trial-4936388.json,output/benchmark_v2_cross_family_confirmatory/v2cf-confirm-phi4_mini-grpo-math_short-c5-s41/training-4936388.log,output/benchmark_v2_cross_family_confirmatory/v2cf-confirm-phi4_mini-grpo-math_short-c5-s41/phase-memory-4936388.csv,output/benchmark_v2_cross_family_confirmatory/v2cf-confirm-phi4_mini-grpo-math_short-c5-s41/gpu-telemetry-4936388.csv,output/benchmark_v2_cross_family_confirmatory/v2cf-confirm-phi4_mini-grpo-math_short-c5-s41/environment-4936388.json,,
run-84aede2901cbe08b,cfg-584e6c6664859977,batch_reservation,strong-factorial-granite33_2b-grpo-gsm8k_long-actor_only-s95,95,5031357,,,within_margin,1,1,32302.0,32302.0,206.0,idle,,profiles/standard_grpo/factorial-trials.csv,output/strengthening_factorial/strong-factorial-granite33_2b-grpo-gsm8k_long-actor_only-s95/trial-5031357.json,output/strengthening_factorial/strong-factorial-granite33_2b-grpo-gsm8k_long-actor_only-s95/training-5031357.log,output/strengthening_factorial/strong-factorial-granite33_2b-grpo-gsm8k_long-actor_only-s95/phase-memory-5031357.csv,output/strengthening_factorial/strong-factorial-granite33_2b-grpo-gsm8k_long-actor_only-s95/gpu-telemetry-5031357.csv,output/strengthening_factorial/strong-factorial-granite33_2b-grpo-gsm8k_long-actor_only-s95/environment-5031357.json,,
run-84e08f4cb721a538,cfg-ef2331208f38fbaf,batch_reservation,strong-factorial-qwen25_3b-grpo-math-joint-s94,94,5032058,,,within_margin,1,1,37478.0,37478.0,200.0,idle,,profiles/standard_grpo/factorial-trials.csv,output/strengthening_factorial/strong-factorial-qwen25_3b-grpo-math-joint-s94/trial-5032058.json,output/strengthening_factorial/strong-factorial-qwen25_3b-grpo-math-joint-s94/training-5032058.log,output/strengthening_factorial/strong-factorial-qwen25_3b-grpo-math-joint-s94/phase-memory-5032058.csv,output/strengthening_factorial/strong-factorial-qwen25_3b-grpo-math-joint-s94/gpu-telemetry-5032058.csv,output/strengthening_factorial/strong-factorial-qwen25_3b-grpo-math-joint-s94/environment-5032058.json,,
run-85f9458418b6c944,cfg-e117f15dd5ccfb30,boundary,mr-xm-confirm-phi4_mini-grpo-code_heavy_tail-c2-s51,51,5003837,,,within_margin,1,1,36032.0,36032.0,216.0,idle,,profiles/standard_grpo/boundary-trials.csv,output/major_revision_cross_model_confirmatory/mr-xm-confirm-phi4_mini-grpo-code_heavy_tail-c2-s51/trial-5003837.json,output/major_revision_cross_model_confirmatory/mr-xm-confirm-phi4_mini-grpo-code_heavy_tail-c2-s51/training-5003837.log,output/major_revision_cross_model_confirmatory/mr-xm-confirm-phi4_mini-grpo-code_heavy_tail-c2-s51/phase-memory-5003837.csv,output/major_revision_cross_model_confirmatory/mr-xm-confirm-phi4_mini-grpo-code_heavy_tail-c2-s51/gpu-telemetry-5003837.csv,output/major_revision_cross_model_confirmatory/mr-xm-confirm-phi4_mini-grpo-code_heavy_tail-c2-s51/environment-5003837.json,,
run-866c295f1fb7633b,cfg-c608f00aea4f9b32,batch_reservation,strong-factorial-granite33_2b-grpo-code_standard-actor_only-s96,96,5031319,,,within_margin,1,1,32554.0,32554.0,195.0,idle,,profiles/standard_grpo/factorial-trials.csv,output/strengthening_factorial/strong-factorial-granite33_2b-grpo-code_standard-actor_only-s96/trial-5031319.json,output/strengthening_factorial/strong-factorial-granite33_2b-grpo-code_standard-actor_only-s96/training-5031319.log,output/strengthening_factorial/strong-factorial-granite33_2b-grpo-code_standard-actor_only-s96/phase-memory-5031319.csv,output/strengthening_factorial/strong-factorial-granite33_2b-grpo-code_standard-actor_only-s96/gpu-telemetry-5031319.csv,output/strengthening_factorial/strong-factorial-granite33_2b-grpo-code_standard-actor_only-s96/environment-5031319.json,,
run-869cd13cc03dda3f,cfg-6d54ac65d934f404,boundary,mr-xm-confirm-qwen25_3b-grpo-code_standard-c2-s53,53,4999385,,,within_margin,1,1,33200.0,33200.0,209.0,idle,,profiles/standard_grpo/boundary-trials.csv,output/major_revision_cross_model_confirmatory/mr-xm-confirm-qwen25_3b-grpo-code_standard-c2-s53/trial-4999385.json,output/major_revision_cross_model_confirmatory/mr-xm-confirm-qwen25_3b-grpo-code_standard-c2-s53/training-4999385.log,output/major_revision_cross_model_confirmatory/mr-xm-confirm-qwen25_3b-grpo-code_standard-c2-s53/phase-memory-4999385.csv,output/major_revision_cross_model_confirmatory/mr-xm-confirm-qwen25_3b-grpo-code_standard-c2-s53/gpu-telemetry-4999385.csv,output/major_revision_cross_model_confirmatory/mr-xm-confirm-qwen25_3b-grpo-code_standard-c2-s53/environment-4999385.json,,
run-8772394ffaf42c91,cfg-96fe21ab209bd8ca,batch_reservation,strong-factorial-phi4_mini-grpo-code_standard-actor_only-s96,96,5031755,,,within_margin,1,1,35822.0,35822.0,213.0,idle,,profiles/standard_grpo/factorial-trials.csv,output/strengthening_factorial/strong-factorial-phi4_mini-grpo-code_standard-actor_only-s96/trial-5031755.json,output/strengthening_factorial/strong-factorial-phi4_mini-grpo-code_standard-actor_only-s96/training-5031755.log,output/strengthening_factorial/strong-factorial-phi4_mini-grpo-code_standard-actor_only-s96/phase-memory-5031755.csv,output/strengthening_factorial/strong-factorial-phi4_mini-grpo-code_standard-actor_only-s96/gpu-telemetry-5031755.csv,output/strengthening_factorial/strong-factorial-phi4_mini-grpo-code_standard-actor_only-s96/environment-5031755.json,,
run-87be614fb0b07946,cfg-a28f89c750c3d53b,instrumentation,rev-instrumentation-qwen25_3b-gsm8k-c3-s111-external,111,5045266,qwen25_3b-gsm8k-c3-s111,1,within_margin,1,1,37140.0,37140.0,251.0,idle,,profiles/standard_grpo/revision-instrumentation-trials.csv,output/revision_instrumentation/rev-instrumentation-qwen25_3b-gsm8k-c3-s111-external/trial-5045266.json,output/revision_instrumentation/rev-instrumentation-qwen25_3b-gsm8k-c3-s111-external/attempt-5045266/training-5045266.log,output/revision_instrumentation/rev-instrumentation-qwen25_3b-gsm8k-c3-s111-external/attempt-5045266/phase-memory-5045266.csv,output/revision_instrumentation/rev-instrumentation-qwen25_3b-gsm8k-c3-s111-external/attempt-5045266/gpu-telemetry-5045266.csv,output/revision_instrumentation/rev-instrumentation-qwen25_3b-gsm8k-c3-s111-external/attempt-5045266/environment-5045266.json,output/revision_instrumentation/pairs/qwen25_3b-gsm8k-c3-s111/pair-5045266.json,92cd0c14334ab84d718fc3bdb03ae150f064654d
run-8823b0eb4a5ad841,cfg-967e29810f12167f,temporal_40,v2time-grpo-gsm8k-qwen25_3b-one_step_unsafe-s42,42,4943153,,,memory_failure,0,40,40954.0,,141.0,initializing,rollout_init_memory,profiles/standard_grpo/temporal-40-trials.csv,output/benchmark_v2_temporal_confirmatory/v2time-grpo-gsm8k-qwen25_3b-one_step_unsafe-s42/trial-4943153.json,output/benchmark_v2_temporal_confirmatory/v2time-grpo-gsm8k-qwen25_3b-one_step_unsafe-s42/training-4943153.log,output/benchmark_v2_temporal_confirmatory/v2time-grpo-gsm8k-qwen25_3b-one_step_unsafe-s42/phase-memory-4943153.csv,output/benchmark_v2_temporal_confirmatory/v2time-grpo-gsm8k-qwen25_3b-one_step_unsafe-s42/gpu-telemetry-4943153.csv,output/benchmark_v2_temporal_confirmatory/v2time-grpo-gsm8k-qwen25_3b-one_step_unsafe-s42/environment-4943153.json,,
run-882d24a66b22c559,cfg-195974eaa7e946e0,horizon_followup,rev-temporal-granite33_2b-math-interpolated-s112-source,112,5045432,granite33_2b-math-interpolated-s112,1,within_margin,1,1,38848.0,38848.0,245.0,validation,,profiles/standard_grpo/revision-temporal-trials.csv,output/revision_temporal/rev-temporal-granite33_2b-math-interpolated-s112-source/trial-5045432.json,output/revision_temporal/rev-temporal-granite33_2b-math-interpolated-s112-source/attempt-5045432/training-5045432.log,output/revision_temporal/rev-temporal-granite33_2b-math-interpolated-s112-source/attempt-5045432/phase-memory-5045432.csv,output/revision_temporal/rev-temporal-granite33_2b-math-interpolated-s112-source/attempt-5045432/gpu-telemetry-5045432.csv,output/revision_temporal/rev-temporal-granite33_2b-math-interpolated-s112-source/attempt-5045432/environment-5045432.json,output/revision_temporal/pairs/granite33_2b-math-interpolated-s112/pair-5045432.json,92f97eb8c6f49cccbcaaa7f9c58d57eab8de8755
run-88530006acf8f52d,cfg-2ad5ea3587b997a9,batch_reservation,strong-factorial-qwen25_3b-grpo-code_standard-joint-s94,94,5032024,,,within_margin,1,1,37418.0,37418.0,203.0,idle,,profiles/standard_grpo/factorial-trials.csv,output/strengthening_factorial/strong-factorial-qwen25_3b-grpo-code_standard-joint-s94/trial-5032024.json,output/strengthening_factorial/strong-factorial-qwen25_3b-grpo-code_standard-joint-s94/training-5032024.log,output/strengthening_factorial/strong-factorial-qwen25_3b-grpo-code_standard-joint-s94/phase-memory-5032024.csv,output/strengthening_factorial/strong-factorial-qwen25_3b-grpo-code_standard-joint-s94/gpu-telemetry-5032024.csv,output/strengthening_factorial/strong-factorial-qwen25_3b-grpo-code_standard-joint-s94/environment-5032024.json,,
run-88634073202577d4,cfg-8bd7050cd7f49e78,boundary,v2cf-confirm-phi4_mini-grpo-gsm8k_long-c0-s41,41,4936165,,,within_margin,1,1,26034.0,26034.0,267.0,idle,,profiles/standard_grpo/boundary-trials.csv,output/benchmark_v2_cross_family_confirmatory/v2cf-confirm-phi4_mini-grpo-gsm8k_long-c0-s41/trial-4936165.json,output/benchmark_v2_cross_family_confirmatory/v2cf-confirm-phi4_mini-grpo-gsm8k_long-c0-s41/training-4936165.log,output/benchmark_v2_cross_family_confirmatory/v2cf-confirm-phi4_mini-grpo-gsm8k_long-c0-s41/phase-memory-4936165.csv,output/benchmark_v2_cross_family_confirmatory/v2cf-confirm-phi4_mini-grpo-gsm8k_long-c0-s41/gpu-telemetry-4936165.csv,output/benchmark_v2_cross_family_confirmatory/v2cf-confirm-phi4_mini-grpo-gsm8k_long-c0-s41/environment-4936165.json,,
run-88e12627ff076d21,cfg-a14ab647ea9728c0,instrumentation,rev-instrumentation-phi4_mini-gsm8k-c3-s111-external,111,5045351,phi4_mini-gsm8k-c3-s111,1,above_margin,1,1,39570.0,39570.0,201.0,idle,,profiles/standard_grpo/revision-instrumentation-trials.csv,output/revision_instrumentation/rev-instrumentation-phi4_mini-gsm8k-c3-s111-external/trial-5045351.json,output/revision_instrumentation/rev-instrumentation-phi4_mini-gsm8k-c3-s111-external/attempt-5045351/training-5045351.log,output/revision_instrumentation/rev-instrumentation-phi4_mini-gsm8k-c3-s111-external/attempt-5045351/phase-memory-5045351.csv,output/revision_instrumentation/rev-instrumentation-phi4_mini-gsm8k-c3-s111-external/attempt-5045351/gpu-telemetry-5045351.csv,output/revision_instrumentation/rev-instrumentation-phi4_mini-gsm8k-c3-s111-external/attempt-5045351/environment-5045351.json,output/revision_instrumentation/pairs/phi4_mini-gsm8k-c3-s111/pair-5045351.json,92cd0c14334ab84d718fc3bdb03ae150f064654d
run-895013c777ce5b0a,cfg-f03e4e98c682240e,four_gpu,rev-topology-qwen25_3b-math-c2-s113-four_gpu,113,5045320,qwen25_3b-math-c2-s113,1,within_margin,1,1,30180.0,30180.0,235.0,idle,,profiles/standard_grpo/revision-topology-trials.csv,output/revision_topology/rev-topology-qwen25_3b-math-c2-s113-four_gpu/trial-5045320.json,output/revision_topology/rev-topology-qwen25_3b-math-c2-s113-four_gpu/attempt-5045320/training-5045320.log,output/revision_topology/rev-topology-qwen25_3b-math-c2-s113-four_gpu/attempt-5045320/phase-memory-5045320.csv,output/revision_topology/rev-topology-qwen25_3b-math-c2-s113-four_gpu/attempt-5045320/gpu-telemetry-5045320.csv,output/revision_topology/rev-topology-qwen25_3b-math-c2-s113-four_gpu/attempt-5045320/environment-5045320.json,output/revision_topology/pairs/qwen25_3b-math-c2-s113/pair-5045320.json,b602c1ca41c1ab6d45a5a50885af86cfed90d0d6
run-895137c52b4e44c3,cfg-ef2331208f38fbaf,batch_reservation,strong-factorial-qwen25_3b-grpo-math-joint-s96,96,5032060,,,within_margin,1,1,37478.0,37478.0,211.0,idle,,profiles/standard_grpo/factorial-trials.csv,output/strengthening_factorial/strong-factorial-qwen25_3b-grpo-math-joint-s96/trial-5032060.json,output/strengthening_factorial/strong-factorial-qwen25_3b-grpo-math-joint-s96/training-5032060.log,output/strengthening_factorial/strong-factorial-qwen25_3b-grpo-math-joint-s96/phase-memory-5032060.csv,output/strengthening_factorial/strong-factorial-qwen25_3b-grpo-math-joint-s96/gpu-telemetry-5032060.csv,output/strengthening_factorial/strong-factorial-qwen25_3b-grpo-math-joint-s96/environment-5032060.json,,
run-8a76a65971de797d,cfg-2afbe250af9cd3e1,four_gpu,rev-topology-granite33_2b-math-c3-s112-four_gpu,112,5045425,granite33_2b-math-c3-s112,1,within_margin,1,1,34048.0,34048.0,203.0,idle,,profiles/standard_grpo/revision-topology-trials.csv,output/revision_topology/rev-topology-granite33_2b-math-c3-s112-four_gpu/trial-5045425.json,output/revision_topology/rev-topology-granite33_2b-math-c3-s112-four_gpu/attempt-5045425/training-5045425.log,output/revision_topology/rev-topology-granite33_2b-math-c3-s112-four_gpu/attempt-5045425/phase-memory-5045425.csv,output/revision_topology/rev-topology-granite33_2b-math-c3-s112-four_gpu/attempt-5045425/gpu-telemetry-5045425.csv,output/revision_topology/rev-topology-granite33_2b-math-c3-s112-four_gpu/attempt-5045425/environment-5045425.json,output/revision_topology/pairs/granite33_2b-math-c3-s112/pair-5045425.json,b602c1ca41c1ab6d45a5a50885af86cfed90d0d6
run-8a9a9ddd6644f08c,cfg-8b7eb5281a925727,batch_reservation,strong-factorial-granite33_2b-grpo-gsm8k_long-joint-s94,94,5031401,,,within_margin,1,1,36302.0,36302.0,208.0,idle,,profiles/standard_grpo/factorial-trials.csv,output/strengthening_factorial/strong-factorial-granite33_2b-grpo-gsm8k_long-joint-s94/trial-5031401.json,output/strengthening_factorial/strong-factorial-granite33_2b-grpo-gsm8k_long-joint-s94/training-5031401.log,output/strengthening_factorial/strong-factorial-granite33_2b-grpo-gsm8k_long-joint-s94/phase-memory-5031401.csv,output/strengthening_factorial/strong-factorial-granite33_2b-grpo-gsm8k_long-joint-s94/gpu-telemetry-5031401.csv,output/strengthening_factorial/strong-factorial-granite33_2b-grpo-gsm8k_long-joint-s94/environment-5031401.json,,
run-8aa80c3f5af9da9c,cfg-00e028aa49d34e64,batch_reservation,strong-factorial-phi4_mini-grpo-gsm8k-joint-s95,95,5031808,,,above_margin,1,1,39550.0,39550.0,200.0,idle,,profiles/standard_grpo/factorial-trials.csv,output/strengthening_factorial/strong-factorial-phi4_mini-grpo-gsm8k-joint-s95/trial-5031808.json,output/strengthening_factorial/strong-factorial-phi4_mini-grpo-gsm8k-joint-s95/training-5031808.log,output/strengthening_factorial/strong-factorial-phi4_mini-grpo-gsm8k-joint-s95/phase-memory-5031808.csv,output/strengthening_factorial/strong-factorial-phi4_mini-grpo-gsm8k-joint-s95/gpu-telemetry-5031808.csv,output/strengthening_factorial/strong-factorial-phi4_mini-grpo-gsm8k-joint-s95/environment-5031808.json,,
run-8b2b10d9ebb7aedc,cfg-9c461415e6bb9702,boundary,mr-xm-confirm-phi4_mini-grpo-code_standard-c0-s52,52,5002077,,,within_margin,1,1,26056.0,26056.0,255.0,idle,,profiles/standard_grpo/boundary-trials.csv,output/major_revision_cross_model_confirmatory/mr-xm-confirm-phi4_mini-grpo-code_standard-c0-s52/trial-5002077.json,output/major_revision_cross_model_confirmatory/mr-xm-confirm-phi4_mini-grpo-code_standard-c0-s52/training-5002077.log,output/major_revision_cross_model_confirmatory/mr-xm-confirm-phi4_mini-grpo-code_standard-c0-s52/phase-memory-5002077.csv,output/major_revision_cross_model_confirmatory/mr-xm-confirm-phi4_mini-grpo-code_standard-c0-s52/gpu-telemetry-5002077.csv,output/major_revision_cross_model_confirmatory/mr-xm-confirm-phi4_mini-grpo-code_standard-c0-s52/environment-5002077.json,,
run-8b4685e33800b1dc,cfg-09d34ea9e791de94,batch_reservation,strong-factorial-qwen25_3b-grpo-gsm8k-reservation_only-s94,94,5032037,,,within_margin,1,1,37140.0,37140.0,205.0,idle,,profiles/standard_grpo/factorial-trials.csv,output/strengthening_factorial/strong-factorial-qwen25_3b-grpo-gsm8k-reservation_only-s94/trial-5032037.json,output/strengthening_factorial/strong-factorial-qwen25_3b-grpo-gsm8k-reservation_only-s94/training-5032037.log,output/strengthening_factorial/strong-factorial-qwen25_3b-grpo-gsm8k-reservation_only-s94/phase-memory-5032037.csv,output/strengthening_factorial/strong-factorial-qwen25_3b-grpo-gsm8k-reservation_only-s94/gpu-telemetry-5032037.csv,output/strengthening_factorial/strong-factorial-qwen25_3b-grpo-gsm8k-reservation_only-s94/environment-5032037.json,,
run-8bb1cd6e458ef024,cfg-7f23cab692546e3f,boundary,strong-granite-confirmatory-grpo-code_standard-c5-s93,93,5031310,,,memory_failure,0,1,7780.0,,100.0,initializing,rollout_init_memory,profiles/standard_grpo/boundary-trials.csv,output/strengthening_granite_confirmatory/strong-granite-confirmatory-grpo-code_standard-c5-s93/trial-5031310.json,output/strengthening_granite_confirmatory/strong-granite-confirmatory-grpo-code_standard-c5-s93/training-5031310.log,output/strengthening_granite_confirmatory/strong-granite-confirmatory-grpo-code_standard-c5-s93/phase-memory-5031310.csv,output/strengthening_granite_confirmatory/strong-granite-confirmatory-grpo-code_standard-c5-s93/gpu-telemetry-5031310.csv,output/strengthening_granite_confirmatory/strong-granite-confirmatory-grpo-code_standard-c5-s93/environment-5031310.json,,
run-8bd9e5dee6e735a9,cfg-e80b4f00d0546932,instrumentation,rev-instrumentation-granite33_2b-math-c3-s113-full,113,5045393,granite33_2b-math-c3-s113,1,within_margin,1,1,36670.0,36670.0,202.0,idle,,profiles/standard_grpo/revision-instrumentation-trials.csv,output/revision_instrumentation/rev-instrumentation-granite33_2b-math-c3-s113-full/trial-5045393.json,output/revision_instrumentation/rev-instrumentation-granite33_2b-math-c3-s113-full/attempt-5045393/training-5045393.log,output/revision_instrumentation/rev-instrumentation-granite33_2b-math-c3-s113-full/attempt-5045393/phase-memory-5045393.csv,output/revision_instrumentation/rev-instrumentation-granite33_2b-math-c3-s113-full/attempt-5045393/gpu-telemetry-5045393.csv,output/revision_instrumentation/rev-instrumentation-granite33_2b-math-c3-s113-full/attempt-5045393/environment-5045393.json,output/revision_instrumentation/pairs/granite33_2b-math-c3-s113/pair-5045393.json,92cd0c14334ab84d718fc3bdb03ae150f064654d
run-8bfb6430b45a7e6e,cfg-3fb18b33cd9f8bcf,state_release,strong-node-qwen25_3b-grpo-math-near_boundary-s81-p1-release,81,5031124,strong-node-qwen25_3b-grpo-math-near_boundary-s81,1,within_margin,1,1,37302.0,37302.0,273.0,idle,,profiles/standard_grpo/same-node-trials.csv,output/strengthening_same_node_residency/strong-node-qwen25_3b-grpo-math-near_boundary-s81-p1-release/trial-5031124.json,output/strengthening_same_node_residency/strong-node-qwen25_3b-grpo-math-near_boundary-s81-p1-release/training-5031124.log,output/strengthening_same_node_residency/strong-node-qwen25_3b-grpo-math-near_boundary-s81-p1-release/phase-memory-5031124.csv,output/strengthening_same_node_residency/strong-node-qwen25_3b-grpo-math-near_boundary-s81-p1-release/gpu-telemetry-5031124.csv,output/strengthening_same_node_residency/strong-node-qwen25_3b-grpo-math-near_boundary-s81-p1-release/environment-5031124.json,,
run-8c47ac8d04f9890f,cfg-5ff9621270e710ed,four_gpu,rev-topology-phi4_mini-gsm8k-c4-s112-four_gpu,112,5045365,phi4_mini-gsm8k-c4-s112,1,above_margin,1,1,39786.0,39786.0,221.0,idle,,profiles/standard_grpo/revision-topology-trials.csv,output/revision_topology/rev-topology-phi4_mini-gsm8k-c4-s112-four_gpu/trial-5045365.json,output/revision_topology/rev-topology-phi4_mini-gsm8k-c4-s112-four_gpu/attempt-5045365/training-5045365.log,output/revision_topology/rev-topology-phi4_mini-gsm8k-c4-s112-four_gpu/attempt-5045365/phase-memory-5045365.csv,output/revision_topology/rev-topology-phi4_mini-gsm8k-c4-s112-four_gpu/attempt-5045365/gpu-telemetry-5045365.csv,output/revision_topology/rev-topology-phi4_mini-gsm8k-c4-s112-four_gpu/attempt-5045365/environment-5045365.json,output/revision_topology/pairs/phi4_mini-gsm8k-c4-s112/pair-5045365.json,b602c1ca41c1ab6d45a5a50885af86cfed90d0d6
run-8c946830977ec19d,cfg-b5352215babfeba6,boundary,strong-granite-confirmatory-grpo-math_short-c2-s91,91,5031335,,,within_margin,1,1,32710.0,32710.0,214.0,idle,,profiles/standard_grpo/boundary-trials.csv,output/strengthening_granite_confirmatory/strong-granite-confirmatory-grpo-math_short-c2-s91/trial-5031335.json,output/strengthening_granite_confirmatory/strong-granite-confirmatory-grpo-math_short-c2-s91/training-5031335.log,output/strengthening_granite_confirmatory/strong-granite-confirmatory-grpo-math_short-c2-s91/phase-memory-5031335.csv,output/strengthening_granite_confirmatory/strong-granite-confirmatory-grpo-math_short-c2-s91/gpu-telemetry-5031335.csv,output/strengthening_granite_confirmatory/strong-granite-confirmatory-grpo-math_short-c2-s91/environment-5031335.json,,
run-8c98b17fe9de9a21,cfg-997a5dca920f4fb3,state_release,strong-node-qwen25_1p5b-grpo-gsm8k-near_boundary-s83-p2-resident,83,5031043,strong-node-qwen25_1p5b-grpo-gsm8k-near_boundary-s83,2,above_margin,1,1,40224.0,40224.0,172.0,idle,,profiles/standard_grpo/same-node-trials.csv,output/strengthening_same_node_residency/strong-node-qwen25_1p5b-grpo-gsm8k-near_boundary-s83-p2-resident/trial-5031043.json,output/strengthening_same_node_residency/strong-node-qwen25_1p5b-grpo-gsm8k-near_boundary-s83-p2-resident/training-5031043.log,output/strengthening_same_node_residency/strong-node-qwen25_1p5b-grpo-gsm8k-near_boundary-s83-p2-resident/phase-memory-5031043.csv,output/strengthening_same_node_residency/strong-node-qwen25_1p5b-grpo-gsm8k-near_boundary-s83-p2-resident/gpu-telemetry-5031043.csv,output/strengthening_same_node_residency/strong-node-qwen25_1p5b-grpo-gsm8k-near_boundary-s83-p2-resident/environment-5031043.json,,
run-8e4b4c22bcd53f57,cfg-aca3236b5ba27772,batch_logging_control,review-control-phi4_mini-gsm8k-s123-external_b8,123,5048576,phi4_mini-gsm8k-s123,3,within_margin,1,1,35518.0,35518.0,196.0,idle,,profiles/review_revision/control-trials.csv,output/review_instrumentation_batch/review-control-phi4_mini-gsm8k-s123-external_b8/trial-5048576.json,output/review_instrumentation_batch/review-control-phi4_mini-gsm8k-s123-external_b8/attempt-5048576/training-5048576.log,output/review_instrumentation_batch/review-control-phi4_mini-gsm8k-s123-external_b8/attempt-5048576/phase-memory-5048576.csv,output/review_instrumentation_batch/review-control-phi4_mini-gsm8k-s123-external_b8/attempt-5048576/gpu-telemetry-5048576.csv,output/review_instrumentation_batch/review-control-phi4_mini-gsm8k-s123-external_b8/attempt-5048576/environment-5048576.json,output/review_instrumentation_batch/pairs/phi4_mini-gsm8k-s123/pair-5048576.json,018992850a9514b6dfd0d81a8060d7f8a98a89fa
run-8ea43778bf9b5067,cfg-1658eb2e3197050f,sampling_calibration,v2tel-05-qwen25_3b-grpo-gsm8k-safe_margin-100ms,53,4935217,v2tel-05-qwen25_3b-grpo-gsm8k-safe_margin,,within_margin,1,1,21560.0,21560.0,252.0,idle,,profiles/standard_grpo/telemetry-trials.csv,output/benchmark_v2_telemetry_calibration/v2tel-05-qwen25_3b-grpo-gsm8k-safe_margin-100ms/trial-4935217.json,output/benchmark_v2_telemetry_calibration/v2tel-05-qwen25_3b-grpo-gsm8k-safe_margin-100ms/training-4935217.log,output/benchmark_v2_telemetry_calibration/v2tel-05-qwen25_3b-grpo-gsm8k-safe_margin-100ms/phase-memory-4935217.csv,output/benchmark_v2_telemetry_calibration/v2tel-05-qwen25_3b-grpo-gsm8k-safe_margin-100ms/gpu-telemetry-4935217.csv,output/benchmark_v2_telemetry_calibration/v2tel-05-qwen25_3b-grpo-gsm8k-safe_margin-100ms/environment-4935217.json,,
run-8ec9bcbd30830d8f,cfg-db87c67536995ab0,boundary,mr-xm-confirm-qwen25_3b-grpo-code_standard-c1-s52,52,4999346,,,within_margin,1,1,21540.0,21540.0,207.0,idle,,profiles/standard_grpo/boundary-trials.csv,output/major_revision_cross_model_confirmatory/mr-xm-confirm-qwen25_3b-grpo-code_standard-c1-s52/trial-4999346.json,output/major_revision_cross_model_confirmatory/mr-xm-confirm-qwen25_3b-grpo-code_standard-c1-s52/training-4999346.log,output/major_revision_cross_model_confirmatory/mr-xm-confirm-qwen25_3b-grpo-code_standard-c1-s52/phase-memory-4999346.csv,output/major_revision_cross_model_confirmatory/mr-xm-confirm-qwen25_3b-grpo-code_standard-c1-s52/gpu-telemetry-4999346.csv,output/major_revision_cross_model_confirmatory/mr-xm-confirm-qwen25_3b-grpo-code_standard-c1-s52/environment-4999346.json,,
run-8eebab4c9ffc1cf6,cfg-a23a9ffc1f670139,four_gpu,rev-topology-qwen25_3b-math-c4-s112-four_gpu,112,5045332,qwen25_3b-math-c4-s112,1,within_margin,1,1,38314.0,38314.0,216.0,idle,,profiles/standard_grpo/revision-topology-trials.csv,output/revision_topology/rev-topology-qwen25_3b-math-c4-s112-four_gpu/trial-5045332.json,output/revision_topology/rev-topology-qwen25_3b-math-c4-s112-four_gpu/attempt-5045332/training-5045332.log,output/revision_topology/rev-topology-qwen25_3b-math-c4-s112-four_gpu/attempt-5045332/phase-memory-5045332.csv,output/revision_topology/rev-topology-qwen25_3b-math-c4-s112-four_gpu/attempt-5045332/gpu-telemetry-5045332.csv,output/revision_topology/rev-topology-qwen25_3b-math-c4-s112-four_gpu/attempt-5045332/environment-5045332.json,output/revision_topology/pairs/qwen25_3b-math-c4-s112/pair-5045332.json,b602c1ca41c1ab6d45a5a50885af86cfed90d0d6
run-8f73a1365b03aa7a,cfg-b062fc673112f583,batch_reservation,strong-factorial-phi4_mini-grpo-code_heavy_tail-joint-s94,94,5031729,,,above_margin,1,1,40052.0,40052.0,217.0,idle,,profiles/standard_grpo/factorial-trials.csv,output/strengthening_factorial/strong-factorial-phi4_mini-grpo-code_heavy_tail-joint-s94/trial-5031729.json,output/strengthening_factorial/strong-factorial-phi4_mini-grpo-code_heavy_tail-joint-s94/training-5031729.log,output/strengthening_factorial/strong-factorial-phi4_mini-grpo-code_heavy_tail-joint-s94/phase-memory-5031729.csv,output/strengthening_factorial/strong-factorial-phi4_mini-grpo-code_heavy_tail-joint-s94/gpu-telemetry-5031729.csv,output/strengthening_factorial/strong-factorial-phi4_mini-grpo-code_heavy_tail-joint-s94/environment-5031729.json,,
run-8f78ba2d1096067a,cfg-a28f89c750c3d53b,instrumentation,rev-instrumentation-qwen25_3b-gsm8k-c3-s112-external,112,5045284,qwen25_3b-gsm8k-c3-s112,2,within_margin,1,1,37140.0,37140.0,187.0,idle,,profiles/standard_grpo/revision-instrumentation-trials.csv,output/revision_instrumentation/rev-instrumentation-qwen25_3b-gsm8k-c3-s112-external/trial-5045284.json,output/revision_instrumentation/rev-instrumentation-qwen25_3b-gsm8k-c3-s112-external/attempt-5045284/training-5045284.log,output/revision_instrumentation/rev-instrumentation-qwen25_3b-gsm8k-c3-s112-external/attempt-5045284/phase-memory-5045284.csv,output/revision_instrumentation/rev-instrumentation-qwen25_3b-gsm8k-c3-s112-external/attempt-5045284/gpu-telemetry-5045284.csv,output/revision_instrumentation/rev-instrumentation-qwen25_3b-gsm8k-c3-s112-external/attempt-5045284/environment-5045284.json,output/revision_instrumentation/pairs/qwen25_3b-gsm8k-c3-s112/pair-5045284.json,92cd0c14334ab84d718fc3bdb03ae150f064654d
run-8fabf295ec0ee16c,cfg-b828e98cedba337e,instrumentation,rev-instrumentation-qwen25_3b-math-c3-s113-full,113,5045315,qwen25_3b-math-c3-s113,1,within_margin,1,1,37478.0,37478.0,194.0,idle,,profiles/standard_grpo/revision-instrumentation-trials.csv,output/revision_instrumentation/rev-instrumentation-qwen25_3b-math-c3-s113-full/trial-5045315.json,output/revision_instrumentation/rev-instrumentation-qwen25_3b-math-c3-s113-full/attempt-5045315/training-5045315.log,output/revision_instrumentation/rev-instrumentation-qwen25_3b-math-c3-s113-full/attempt-5045315/phase-memory-5045315.csv,output/revision_instrumentation/rev-instrumentation-qwen25_3b-math-c3-s113-full/attempt-5045315/gpu-telemetry-5045315.csv,output/revision_instrumentation/rev-instrumentation-qwen25_3b-math-c3-s113-full/attempt-5045315/environment-5045315.json,output/revision_instrumentation/pairs/qwen25_3b-math-c3-s113/pair-5045315.json,92cd0c14334ab84d718fc3bdb03ae150f064654d
run-8fb7bae066fd9295,cfg-352f4dbc55fbcd3c,boundary,v2cf-confirm-qwen25_3b-grpo-gsm8k_long-c5-s42,42,4935851,,,memory_failure,0,1,10742.0,,121.0,initializing,rollout_init_memory,profiles/standard_grpo/boundary-trials.csv,output/benchmark_v2_cross_family_confirmatory/v2cf-confirm-qwen25_3b-grpo-gsm8k_long-c5-s42/trial-4935851.json,output/benchmark_v2_cross_family_confirmatory/v2cf-confirm-qwen25_3b-grpo-gsm8k_long-c5-s42/training-4935851.log,output/benchmark_v2_cross_family_confirmatory/v2cf-confirm-qwen25_3b-grpo-gsm8k_long-c5-s42/phase-memory-4935851.csv,output/benchmark_v2_cross_family_confirmatory/v2cf-confirm-qwen25_3b-grpo-gsm8k_long-c5-s42/gpu-telemetry-4935851.csv,output/benchmark_v2_cross_family_confirmatory/v2cf-confirm-qwen25_3b-grpo-gsm8k_long-c5-s42/environment-4935851.json,,
run-9018468e78b8f2db,cfg-714c540f76d9525d,four_gpu,rev-topology-qwen25_3b-math-c3-s112-four_gpu,112,5045328,qwen25_3b-math-c3-s112,1,within_margin,1,1,34212.0,34212.0,214.0,idle,,profiles/standard_grpo/revision-topology-trials.csv,output/revision_topology/rev-topology-qwen25_3b-math-c3-s112-four_gpu/trial-5045328.json,output/revision_topology/rev-topology-qwen25_3b-math-c3-s112-four_gpu/attempt-5045328/training-5045328.log,output/revision_topology/rev-topology-qwen25_3b-math-c3-s112-four_gpu/attempt-5045328/phase-memory-5045328.csv,output/revision_topology/rev-topology-qwen25_3b-math-c3-s112-four_gpu/attempt-5045328/gpu-telemetry-5045328.csv,output/revision_topology/rev-topology-qwen25_3b-math-c3-s112-four_gpu/attempt-5045328/environment-5045328.json,output/revision_topology/pairs/qwen25_3b-math-c3-s112/pair-5045328.json,b602c1ca41c1ab6d45a5a50885af86cfed90d0d6
run-907936a56bd1976f,cfg-c31171354027b928,batch_reservation,strong-factorial-qwen25_3b-grpo-code_standard-actor_only-s96,96,5032016,,,within_margin,1,1,33108.0,33108.0,201.0,idle,,profiles/standard_grpo/factorial-trials.csv,output/strengthening_factorial/strong-factorial-qwen25_3b-grpo-code_standard-actor_only-s96/trial-5032016.json,output/strengthening_factorial/strong-factorial-qwen25_3b-grpo-code_standard-actor_only-s96/training-5032016.log,output/strengthening_factorial/strong-factorial-qwen25_3b-grpo-code_standard-actor_only-s96/phase-memory-5032016.csv,output/strengthening_factorial/strong-factorial-qwen25_3b-grpo-code_standard-actor_only-s96/gpu-telemetry-5032016.csv,output/strengthening_factorial/strong-factorial-qwen25_3b-grpo-code_standard-actor_only-s96/environment-5032016.json,,
run-9084e20c27f93319,cfg-0f540d3f6fe4661b,boundary,v2cf-confirm-phi4_mini-grpo-math_short-c2-s43,43,4936290,,,within_margin,1,1,35920.0,35920.0,232.0,idle,,profiles/standard_grpo/boundary-trials.csv,output/benchmark_v2_cross_family_confirmatory/v2cf-confirm-phi4_mini-grpo-math_short-c2-s43/trial-4936290.json,output/benchmark_v2_cross_family_confirmatory/v2cf-confirm-phi4_mini-grpo-math_short-c2-s43/training-4936290.log,output/benchmark_v2_cross_family_confirmatory/v2cf-confirm-phi4_mini-grpo-math_short-c2-s43/phase-memory-4936290.csv,output/benchmark_v2_cross_family_confirmatory/v2cf-confirm-phi4_mini-grpo-math_short-c2-s43/gpu-telemetry-4936290.csv,output/benchmark_v2_cross_family_confirmatory/v2cf-confirm-phi4_mini-grpo-math_short-c2-s43/environment-4936290.json,,
run-909c138182059f4c,cfg-b8e90bd69c9744ea,four_gpu,rev-topology-granite33_2b-gsm8k-c2-s113-four_gpu,113,5045389,granite33_2b-gsm8k-c2-s113,1,within_margin,1,1,29660.0,29660.0,213.0,idle,,profiles/standard_grpo/revision-topology-trials.csv,output/revision_topology/rev-topology-granite33_2b-gsm8k-c2-s113-four_gpu/trial-5045389.json,output/revision_topology/rev-topology-granite33_2b-gsm8k-c2-s113-four_gpu/attempt-5045389/training-5045389.log,output/revision_topology/rev-topology-granite33_2b-gsm8k-c2-s113-four_gpu/attempt-5045389/phase-memory-5045389.csv,output/revision_topology/rev-topology-granite33_2b-gsm8k-c2-s113-four_gpu/attempt-5045389/gpu-telemetry-5045389.csv,output/revision_topology/rev-topology-granite33_2b-gsm8k-c2-s113-four_gpu/attempt-5045389/environment-5045389.json,output/revision_topology/pairs/granite33_2b-gsm8k-c2-s113/pair-5045389.json,b602c1ca41c1ab6d45a5a50885af86cfed90d0d6
run-921b4dffbc988a80,cfg-7a0e81934d3398ee,boundary,strong-granite-confirmatory-grpo-code_heavy_tail-c0-s92,92,5031312,,,within_margin,1,1,19070.0,19070.0,263.0,idle,,profiles/standard_grpo/boundary-trials.csv,output/strengthening_granite_confirmatory/strong-granite-confirmatory-grpo-code_heavy_tail-c0-s92/trial-5031312.json,output/strengthening_granite_confirmatory/strong-granite-confirmatory-grpo-code_heavy_tail-c0-s92/training-5031312.log,output/strengthening_granite_confirmatory/strong-granite-confirmatory-grpo-code_heavy_tail-c0-s92/phase-memory-5031312.csv,output/strengthening_granite_confirmatory/strong-granite-confirmatory-grpo-code_heavy_tail-c0-s92/gpu-telemetry-5031312.csv,output/strengthening_granite_confirmatory/strong-granite-confirmatory-grpo-code_heavy_tail-c0-s92/environment-5031312.json,,
run-93715cb918add48f,cfg-6a4562db98b38d6f,boundary,strong-granite-confirmatory-grpo-gsm8k_long-c4-s91,91,5031241,,,above_margin,1,1,40382.0,40382.0,201.0,idle,,profiles/standard_grpo/boundary-trials.csv,output/strengthening_granite_confirmatory/strong-granite-confirmatory-grpo-gsm8k_long-c4-s91/trial-5031241.json,output/strengthening_granite_confirmatory/strong-granite-confirmatory-grpo-gsm8k_long-c4-s91/training-5031241.log,output/strengthening_granite_confirmatory/strong-granite-confirmatory-grpo-gsm8k_long-c4-s91/phase-memory-5031241.csv,output/strengthening_granite_confirmatory/strong-granite-confirmatory-grpo-gsm8k_long-c4-s91/gpu-telemetry-5031241.csv,output/strengthening_granite_confirmatory/strong-granite-confirmatory-grpo-gsm8k_long-c4-s91/environment-5031241.json,,
run-9443717b55610ca0,cfg-06e80279db3caed1,instrumentation,rev-instrumentation-phi4_mini-math-c2-s111-external,111,5045359,phi4_mini-math-c2-s111,1,within_margin,1,1,36102.0,36102.0,207.0,idle,,profiles/standard_grpo/revision-instrumentation-trials.csv,output/revision_instrumentation/rev-instrumentation-phi4_mini-math-c2-s111-external/trial-5045359.json,output/revision_instrumentation/rev-instrumentation-phi4_mini-math-c2-s111-external/attempt-5045359/training-5045359.log,output/revision_instrumentation/rev-instrumentation-phi4_mini-math-c2-s111-external/attempt-5045359/phase-memory-5045359.csv,output/revision_instrumentation/rev-instrumentation-phi4_mini-math-c2-s111-external/attempt-5045359/gpu-telemetry-5045359.csv,output/revision_instrumentation/rev-instrumentation-phi4_mini-math-c2-s111-external/attempt-5045359/environment-5045359.json,output/revision_instrumentation/pairs/phi4_mini-math-c2-s111/pair-5045359.json,92cd0c14334ab84d718fc3bdb03ae150f064654d
run-9499d09795d2def2,cfg-191bdf2aa4d09de2,batch_reservation,strong-factorial-phi4_mini-grpo-math-base-s94,94,5031823,,,within_margin,1,1,36158.0,36158.0,215.0,idle,,profiles/standard_grpo/factorial-trials.csv,output/strengthening_factorial/strong-factorial-phi4_mini-grpo-math-base-s94/trial-5031823.json,output/strengthening_factorial/strong-factorial-phi4_mini-grpo-math-base-s94/training-5031823.log,output/strengthening_factorial/strong-factorial-phi4_mini-grpo-math-base-s94/phase-memory-5031823.csv,output/strengthening_factorial/strong-factorial-phi4_mini-grpo-math-base-s94/gpu-telemetry-5031823.csv,output/strengthening_factorial/strong-factorial-phi4_mini-grpo-math-base-s94/environment-5031823.json,,
run-95040ac597b1ac4f,cfg-3f0f48a3c570a0c8,boundary,v2cf-confirm-qwen25_3b-grpo-math_short-c0-s43,43,4935928,,,within_margin,1,1,21860.0,21860.0,318.0,idle,,profiles/standard_grpo/boundary-trials.csv,output/benchmark_v2_cross_family_confirmatory/v2cf-confirm-qwen25_3b-grpo-math_short-c0-s43/trial-4935928.json,output/benchmark_v2_cross_family_confirmatory/v2cf-confirm-qwen25_3b-grpo-math_short-c0-s43/training-4935928.log,output/benchmark_v2_cross_family_confirmatory/v2cf-confirm-qwen25_3b-grpo-math_short-c0-s43/phase-memory-4935928.csv,output/benchmark_v2_cross_family_confirmatory/v2cf-confirm-qwen25_3b-grpo-math_short-c0-s43/gpu-telemetry-4935928.csv,output/benchmark_v2_cross_family_confirmatory/v2cf-confirm-qwen25_3b-grpo-math_short-c0-s43/environment-4935928.json,,
run-95d454a0de784954,cfg-b68e9036992511d4,state_release,strong-node-qwen25_3b-grpo-math-safe_margin-s82-p2-resident,82,5031148,strong-node-qwen25_3b-grpo-math-safe_margin-s82,2,within_margin,1,1,30944.0,30944.0,478.0,idle,,profiles/standard_grpo/same-node-trials.csv,output/strengthening_same_node_residency/strong-node-qwen25_3b-grpo-math-safe_margin-s82-p2-resident/trial-5031148.json,output/strengthening_same_node_residency/strong-node-qwen25_3b-grpo-math-safe_margin-s82-p2-resident/training-5031148.log,output/strengthening_same_node_residency/strong-node-qwen25_3b-grpo-math-safe_margin-s82-p2-resident/phase-memory-5031148.csv,output/strengthening_same_node_residency/strong-node-qwen25_3b-grpo-math-safe_margin-s82-p2-resident/gpu-telemetry-5031148.csv,output/strengthening_same_node_residency/strong-node-qwen25_3b-grpo-math-safe_margin-s82-p2-resident/environment-5031148.json,,
run-96b1e14cfb255ab4,cfg-f009e9e3891c06f4,boundary,v2cf-confirm-qwen25_3b-grpo-math_short-c3-s43,43,4935962,,,within_margin,1,1,37478.0,37478.0,192.0,idle,,profiles/standard_grpo/boundary-trials.csv,output/benchmark_v2_cross_family_confirmatory/v2cf-confirm-qwen25_3b-grpo-math_short-c3-s43/trial-4935962.json,output/benchmark_v2_cross_family_confirmatory/v2cf-confirm-qwen25_3b-grpo-math_short-c3-s43/training-4935962.log,output/benchmark_v2_cross_family_confirmatory/v2cf-confirm-qwen25_3b-grpo-math_short-c3-s43/phase-memory-4935962.csv,output/benchmark_v2_cross_family_confirmatory/v2cf-confirm-qwen25_3b-grpo-math_short-c3-s43/gpu-telemetry-4935962.csv,output/benchmark_v2_cross_family_confirmatory/v2cf-confirm-qwen25_3b-grpo-math_short-c3-s43/environment-4935962.json,,
run-96cf5db0354c34ec,cfg-a28f89c750c3d53b,instrumentation,rev-instrumentation-qwen25_3b-gsm8k-c3-s113-external,113,5045363,qwen25_3b-gsm8k-c3-s113,1,within_margin,1,1,37140.0,37140.0,201.0,idle,,profiles/standard_grpo/revision-instrumentation-trials.csv,output/revision_instrumentation/rev-instrumentation-qwen25_3b-gsm8k-c3-s113-external/trial-5045363.json,output/revision_instrumentation/rev-instrumentation-qwen25_3b-gsm8k-c3-s113-external/attempt-5045363/training-5045363.log,output/revision_instrumentation/rev-instrumentation-qwen25_3b-gsm8k-c3-s113-external/attempt-5045363/phase-memory-5045363.csv,output/revision_instrumentation/rev-instrumentation-qwen25_3b-gsm8k-c3-s113-external/attempt-5045363/gpu-telemetry-5045363.csv,output/revision_instrumentation/rev-instrumentation-qwen25_3b-gsm8k-c3-s113-external/attempt-5045363/environment-5045363.json,output/revision_instrumentation/pairs/qwen25_3b-gsm8k-c3-s113/pair-5045363.json,92cd0c14334ab84d718fc3bdb03ae150f064654d
run-96d1ec522c318d86,cfg-5629d7e19157784a,batch_reservation,strong-factorial-granite33_2b-grpo-code_heavy_tail-base-s94,94,5031336,,,within_margin,1,1,32544.0,32544.0,193.0,idle,,profiles/standard_grpo/factorial-trials.csv,output/strengthening_factorial/strong-factorial-granite33_2b-grpo-code_heavy_tail-base-s94/trial-5031336.json,output/strengthening_factorial/strong-factorial-granite33_2b-grpo-code_heavy_tail-base-s94/training-5031336.log,output/strengthening_factorial/strong-factorial-granite33_2b-grpo-code_heavy_tail-base-s94/phase-memory-5031336.csv,output/strengthening_factorial/strong-factorial-granite33_2b-grpo-code_heavy_tail-base-s94/gpu-telemetry-5031336.csv,output/strengthening_factorial/strong-factorial-granite33_2b-grpo-code_heavy_tail-base-s94/environment-5031336.json,,
run-96e54f650d95efd9,cfg-73c06764ba28a56b,boundary,strong-granite-confirmatory-grpo-gsm8k_long-c3-s91,91,5031238,,,within_margin,1,1,36302.0,36302.0,206.0,idle,,profiles/standard_grpo/boundary-trials.csv,output/strengthening_granite_confirmatory/strong-granite-confirmatory-grpo-gsm8k_long-c3-s91/trial-5031238.json,output/strengthening_granite_confirmatory/strong-granite-confirmatory-grpo-gsm8k_long-c3-s91/training-5031238.log,output/strengthening_granite_confirmatory/strong-granite-confirmatory-grpo-gsm8k_long-c3-s91/phase-memory-5031238.csv,output/strengthening_granite_confirmatory/strong-granite-confirmatory-grpo-gsm8k_long-c3-s91/gpu-telemetry-5031238.csv,output/strengthening_granite_confirmatory/strong-granite-confirmatory-grpo-gsm8k_long-c3-s91/environment-5031238.json,,
run-97620ec9c9c3dc7e,cfg-835067f7405e89a2,boundary,strong-granite-confirmatory-grpo-math_short-c3-s93,93,5031370,,,within_margin,1,1,36670.0,36670.0,216.0,idle,,profiles/standard_grpo/boundary-trials.csv,output/strengthening_granite_confirmatory/strong-granite-confirmatory-grpo-math_short-c3-s93/trial-5031370.json,output/strengthening_granite_confirmatory/strong-granite-confirmatory-grpo-math_short-c3-s93/training-5031370.log,output/strengthening_granite_confirmatory/strong-granite-confirmatory-grpo-math_short-c3-s93/phase-memory-5031370.csv,output/strengthening_granite_confirmatory/strong-granite-confirmatory-grpo-math_short-c3-s93/gpu-telemetry-5031370.csv,output/strengthening_granite_confirmatory/strong-granite-confirmatory-grpo-math_short-c3-s93/environment-5031370.json,,
run-979f5f7ff36d264a,cfg-e953a598a19bb98a,sampling_calibration,v2tel-00-qwen25_1p5b-grpo-gsm8k-near_boundary-10ms,53,4935013,v2tel-00-qwen25_1p5b-grpo-gsm8k-near_boundary,,within_margin,1,1,33936.0,33936.0,173.0,idle,,profiles/standard_grpo/telemetry-trials.csv,output/benchmark_v2_telemetry_calibration/v2tel-00-qwen25_1p5b-grpo-gsm8k-near_boundary-10ms/trial-4935013.json,output/benchmark_v2_telemetry_calibration/v2tel-00-qwen25_1p5b-grpo-gsm8k-near_boundary-10ms/training-4935013.log,output/benchmark_v2_telemetry_calibration/v2tel-00-qwen25_1p5b-grpo-gsm8k-near_boundary-10ms/phase-memory-4935013.csv,output/benchmark_v2_telemetry_calibration/v2tel-00-qwen25_1p5b-grpo-gsm8k-near_boundary-10ms/gpu-telemetry-4935013.csv,output/benchmark_v2_telemetry_calibration/v2tel-00-qwen25_1p5b-grpo-gsm8k-near_boundary-10ms/environment-4935013.json,,
run-97ade81417a8f4f0,cfg-fb0b705fb78cbfa7,batch_reservation,strong-factorial-granite33_2b-grpo-code_standard-reservation_only-s96,96,5031322,,,within_margin,1,1,36548.0,36548.0,195.0,idle,,profiles/standard_grpo/factorial-trials.csv,output/strengthening_factorial/strong-factorial-granite33_2b-grpo-code_standard-reservation_only-s96/trial-5031322.json,output/strengthening_factorial/strong-factorial-granite33_2b-grpo-code_standard-reservation_only-s96/training-5031322.log,output/strengthening_factorial/strong-factorial-granite33_2b-grpo-code_standard-reservation_only-s96/phase-memory-5031322.csv,output/strengthening_factorial/strong-factorial-granite33_2b-grpo-code_standard-reservation_only-s96/gpu-telemetry-5031322.csv,output/strengthening_factorial/strong-factorial-granite33_2b-grpo-code_standard-reservation_only-s96/environment-5031322.json,,
run-97eacb8bb7f1eed2,cfg-f21b459aeb04a6a7,instrumentation,rev-instrumentation-qwen25_3b-math-c4-s111-external,111,5045317,qwen25_3b-math-c4-s111,1,memory_failure,0,1,40954.0,,134.0,initializing,rollout_init_memory,profiles/standard_grpo/revision-instrumentation-trials.csv,output/revision_instrumentation/rev-instrumentation-qwen25_3b-math-c4-s111-external/trial-5045317.json,output/revision_instrumentation/rev-instrumentation-qwen25_3b-math-c4-s111-external/attempt-5045317/training-5045317.log,output/revision_instrumentation/rev-instrumentation-qwen25_3b-math-c4-s111-external/attempt-5045317/phase-memory-5045317.csv,output/revision_instrumentation/rev-instrumentation-qwen25_3b-math-c4-s111-external/attempt-5045317/gpu-telemetry-5045317.csv,output/revision_instrumentation/rev-instrumentation-qwen25_3b-math-c4-s111-external/attempt-5045317/environment-5045317.json,output/revision_instrumentation/pairs/qwen25_3b-math-c4-s111/pair-5045317.json,92cd0c14334ab84d718fc3bdb03ae150f064654d
run-9817a4e8563df9d7,cfg-2b2cf1d2c3374464,instrumentation,rev-instrumentation-granite33_2b-math-c4-s112-full,112,5045400,granite33_2b-math-c4-s112,1,above_margin,1,1,40750.0,40750.0,195.0,idle,,profiles/standard_grpo/revision-instrumentation-trials.csv,output/revision_instrumentation/rev-instrumentation-granite33_2b-math-c4-s112-full/trial-5045400.json,output/revision_instrumentation/rev-instrumentation-granite33_2b-math-c4-s112-full/attempt-5045400/training-5045400.log,output/revision_instrumentation/rev-instrumentation-granite33_2b-math-c4-s112-full/attempt-5045400/phase-memory-5045400.csv,output/revision_instrumentation/rev-instrumentation-granite33_2b-math-c4-s112-full/attempt-5045400/gpu-telemetry-5045400.csv,output/revision_instrumentation/rev-instrumentation-granite33_2b-math-c4-s112-full/attempt-5045400/environment-5045400.json,output/revision_instrumentation/pairs/granite33_2b-math-c4-s112/pair-5045400.json,92cd0c14334ab84d718fc3bdb03ae150f064654d
run-98ad4dd59aec2477,cfg-5839ccf95c2c1722,boundary,v2cf-confirm-qwen25_3b-grpo-gsm8k_long-c4-s42,42,4935829,,,memory_failure,0,1,40810.0,,212.0,weight_sync,weight_sync_oom,profiles/standard_grpo/boundary-trials.csv,output/benchmark_v2_cross_family_confirmatory/v2cf-confirm-qwen25_3b-grpo-gsm8k_long-c4-s42/trial-4935829.json,output/benchmark_v2_cross_family_confirmatory/v2cf-confirm-qwen25_3b-grpo-gsm8k_long-c4-s42/training-4935829.log,output/benchmark_v2_cross_family_confirmatory/v2cf-confirm-qwen25_3b-grpo-gsm8k_long-c4-s42/phase-memory-4935829.csv,output/benchmark_v2_cross_family_confirmatory/v2cf-confirm-qwen25_3b-grpo-gsm8k_long-c4-s42/gpu-telemetry-4935829.csv,output/benchmark_v2_cross_family_confirmatory/v2cf-confirm-qwen25_3b-grpo-gsm8k_long-c4-s42/environment-4935829.json,,
run-98b490c4a61cb3c9,cfg-ca36112516a10a19,instrumentation,rev-instrumentation-phi4_mini-math-c3-s113-external,113,5045375,phi4_mini-math-c3-s113,2,above_margin,1,1,40318.0,40318.0,192.0,idle,,profiles/standard_grpo/revision-instrumentation-trials.csv,output/revision_instrumentation/rev-instrumentation-phi4_mini-math-c3-s113-external/trial-5045375.json,output/revision_instrumentation/rev-instrumentation-phi4_mini-math-c3-s113-external/attempt-5045375/training-5045375.log,output/revision_instrumentation/rev-instrumentation-phi4_mini-math-c3-s113-external/attempt-5045375/phase-memory-5045375.csv,output/revision_instrumentation/rev-instrumentation-phi4_mini-math-c3-s113-external/attempt-5045375/gpu-telemetry-5045375.csv,output/revision_instrumentation/rev-instrumentation-phi4_mini-math-c3-s113-external/attempt-5045375/environment-5045375.json,output/revision_instrumentation/pairs/phi4_mini-math-c3-s113/pair-5045375.json,92cd0c14334ab84d718fc3bdb03ae150f064654d
run-98f95b46d6eea118,cfg-d138048feeb8fe5d,boundary,v2cf-confirm-phi4_mini-grpo-math_short-c4-s42,42,4936378,,,memory_failure,0,1,14790.0,,110.0,initializing,rollout_init_memory,profiles/standard_grpo/boundary-trials.csv,output/benchmark_v2_cross_family_confirmatory/v2cf-confirm-phi4_mini-grpo-math_short-c4-s42/trial-4936378.json,output/benchmark_v2_cross_family_confirmatory/v2cf-confirm-phi4_mini-grpo-math_short-c4-s42/training-4936378.log,output/benchmark_v2_cross_family_confirmatory/v2cf-confirm-phi4_mini-grpo-math_short-c4-s42/phase-memory-4936378.csv,output/benchmark_v2_cross_family_confirmatory/v2cf-confirm-phi4_mini-grpo-math_short-c4-s42/gpu-telemetry-4936378.csv,output/benchmark_v2_cross_family_confirmatory/v2cf-confirm-phi4_mini-grpo-math_short-c4-s42/environment-4936378.json,,
run-99f2f96c6a0c8ad3,cfg-792be3e27c84b0cb,temporal_40,v2time-grpo-math-qwen25_1p5b-one_step_unsafe-s41,41,4946927,,,above_margin,1,40,40954.0,40954.0,3296.0,idle,,profiles/standard_grpo/temporal-40-trials.csv,output/benchmark_v2_temporal_confirmatory/v2time-grpo-math-qwen25_1p5b-one_step_unsafe-s41/trial-4946927.json,output/benchmark_v2_temporal_confirmatory/v2time-grpo-math-qwen25_1p5b-one_step_unsafe-s41/training-4946927.log,output/benchmark_v2_temporal_confirmatory/v2time-grpo-math-qwen25_1p5b-one_step_unsafe-s41/phase-memory-4946927.csv,output/benchmark_v2_temporal_confirmatory/v2time-grpo-math-qwen25_1p5b-one_step_unsafe-s41/gpu-telemetry-4946927.csv,output/benchmark_v2_temporal_confirmatory/v2time-grpo-math-qwen25_1p5b-one_step_unsafe-s41/environment-4946927.json,,
run-9a76afca3a7dc937,cfg-c2d27e8a89945048,batch_reservation,strong-factorial-qwen25_3b-grpo-gsm8k-joint-s94,94,5032040,,,within_margin,1,1,37140.0,37140.0,200.0,idle,,profiles/standard_grpo/factorial-trials.csv,output/strengthening_factorial/strong-factorial-qwen25_3b-grpo-gsm8k-joint-s94/trial-5032040.json,output/strengthening_factorial/strong-factorial-qwen25_3b-grpo-gsm8k-joint-s94/training-5032040.log,output/strengthening_factorial/strong-factorial-qwen25_3b-grpo-gsm8k-joint-s94/phase-memory-5032040.csv,output/strengthening_factorial/strong-factorial-qwen25_3b-grpo-gsm8k-joint-s94/gpu-telemetry-5032040.csv,output/strengthening_factorial/strong-factorial-qwen25_3b-grpo-gsm8k-joint-s94/environment-5032040.json,,
run-9b08db4701eecb01,cfg-1c5278f8be90a50a,boundary,mr-xm-confirm-qwen25_3b-grpo-code_heavy_tail-c3-s51,51,5017491,,,within_margin,1,1,37294.0,37294.0,240.0,idle,,profiles/standard_grpo/boundary-trials.csv,output/major_revision_cross_model_confirmatory/mr-xm-confirm-qwen25_3b-grpo-code_heavy_tail-c3-s51/trial-5017491.json,output/major_revision_cross_model_confirmatory/mr-xm-confirm-qwen25_3b-grpo-code_heavy_tail-c3-s51/training-5017491.log,output/major_revision_cross_model_confirmatory/mr-xm-confirm-qwen25_3b-grpo-code_heavy_tail-c3-s51/phase-memory-5017491.csv,output/major_revision_cross_model_confirmatory/mr-xm-confirm-qwen25_3b-grpo-code_heavy_tail-c3-s51/gpu-telemetry-5017491.csv,output/major_revision_cross_model_confirmatory/mr-xm-confirm-qwen25_3b-grpo-code_heavy_tail-c3-s51/environment-5017491.json,,
run-9b6329f27acce5ef,cfg-3221cb24296b28df,instrumentation,rev-instrumentation-granite33_2b-math-c3-s112-external,112,5045391,granite33_2b-math-c3-s112,1,within_margin,1,1,36670.0,36670.0,200.0,idle,,profiles/standard_grpo/revision-instrumentation-trials.csv,output/revision_instrumentation/rev-instrumentation-granite33_2b-math-c3-s112-external/trial-5045391.json,output/revision_instrumentation/rev-instrumentation-granite33_2b-math-c3-s112-external/attempt-5045391/training-5045391.log,output/revision_instrumentation/rev-instrumentation-granite33_2b-math-c3-s112-external/attempt-5045391/phase-memory-5045391.csv,output/revision_instrumentation/rev-instrumentation-granite33_2b-math-c3-s112-external/attempt-5045391/gpu-telemetry-5045391.csv,output/revision_instrumentation/rev-instrumentation-granite33_2b-math-c3-s112-external/attempt-5045391/environment-5045391.json,output/revision_instrumentation/pairs/granite33_2b-math-c3-s112/pair-5045391.json,92cd0c14334ab84d718fc3bdb03ae150f064654d
run-9d6215588060920d,cfg-3f0f48a3c570a0c8,boundary,v2cf-confirm-qwen25_3b-grpo-math_short-c0-s41,41,4935860,,,within_margin,1,1,21860.0,21860.0,315.0,idle,,profiles/standard_grpo/boundary-trials.csv,output/benchmark_v2_cross_family_confirmatory/v2cf-confirm-qwen25_3b-grpo-math_short-c0-s41/trial-4935860.json,output/benchmark_v2_cross_family_confirmatory/v2cf-confirm-qwen25_3b-grpo-math_short-c0-s41/training-4935860.log,output/benchmark_v2_cross_family_confirmatory/v2cf-confirm-qwen25_3b-grpo-math_short-c0-s41/phase-memory-4935860.csv,output/benchmark_v2_cross_family_confirmatory/v2cf-confirm-qwen25_3b-grpo-math_short-c0-s41/gpu-telemetry-4935860.csv,output/benchmark_v2_cross_family_confirmatory/v2cf-confirm-qwen25_3b-grpo-math_short-c0-s41/environment-4935860.json,,
run-9df072fe46fb2357,cfg-f989b39cd682f07b,batch_reservation,strong-factorial-granite33_2b-grpo-math_short-reservation_only-s94,94,5031432,,,within_margin,1,1,36710.0,36710.0,210.0,idle,,profiles/standard_grpo/factorial-trials.csv,output/strengthening_factorial/strong-factorial-granite33_2b-grpo-math_short-reservation_only-s94/trial-5031432.json,output/strengthening_factorial/strong-factorial-granite33_2b-grpo-math_short-reservation_only-s94/training-5031432.log,output/strengthening_factorial/strong-factorial-granite33_2b-grpo-math_short-reservation_only-s94/phase-memory-5031432.csv,output/strengthening_factorial/strong-factorial-granite33_2b-grpo-math_short-reservation_only-s94/gpu-telemetry-5031432.csv,output/strengthening_factorial/strong-factorial-granite33_2b-grpo-math_short-reservation_only-s94/environment-5031432.json,,
run-9e3b1cee96b68011,cfg-2178e5e1edeaba78,batch_logging_control,review-control-qwen25_3b-code_heavy_tail-s122-full_b16,122,5048560,qwen25_3b-code_heavy_tail-s122,3,within_margin,1,1,33542.0,33542.0,202.0,idle,,profiles/review_revision/control-trials.csv,output/review_instrumentation_batch/review-control-qwen25_3b-code_heavy_tail-s122-full_b16/trial-5048560.json,output/review_instrumentation_batch/review-control-qwen25_3b-code_heavy_tail-s122-full_b16/attempt-5048560/training-5048560.log,output/review_instrumentation_batch/review-control-qwen25_3b-code_heavy_tail-s122-full_b16/attempt-5048560/phase-memory-5048560.csv,output/review_instrumentation_batch/review-control-qwen25_3b-code_heavy_tail-s122-full_b16/attempt-5048560/gpu-telemetry-5048560.csv,output/review_instrumentation_batch/review-control-qwen25_3b-code_heavy_tail-s122-full_b16/attempt-5048560/environment-5048560.json,output/review_instrumentation_batch/pairs/qwen25_3b-code_heavy_tail-s122/pair-5048560.json,018992850a9514b6dfd0d81a8060d7f8a98a89fa
run-9e646c10cfc27008,cfg-7214bb5da77f58a0,sampling_calibration,v2tel-06-qwen25_3b-grpo-math-near_boundary-100ms,53,4935255,v2tel-06-qwen25_3b-grpo-math-near_boundary,,within_margin,1,1,36152.0,36152.0,283.0,idle,,profiles/standard_grpo/telemetry-trials.csv,output/benchmark_v2_telemetry_calibration/v2tel-06-qwen25_3b-grpo-math-near_boundary-100ms/trial-4935255.json,output/benchmark_v2_telemetry_calibration/v2tel-06-qwen25_3b-grpo-math-near_boundary-100ms/training-4935255.log,output/benchmark_v2_telemetry_calibration/v2tel-06-qwen25_3b-grpo-math-near_boundary-100ms/phase-memory-4935255.csv,output/benchmark_v2_telemetry_calibration/v2tel-06-qwen25_3b-grpo-math-near_boundary-100ms/gpu-telemetry-4935255.csv,output/benchmark_v2_telemetry_calibration/v2tel-06-qwen25_3b-grpo-math-near_boundary-100ms/environment-4935255.json,,
run-9e91112a253c18f8,cfg-71a1a1a191bc4135,instrumentation,rev-instrumentation-granite33_2b-gsm8k-c4-s113-external,113,5045387,granite33_2b-gsm8k-c4-s113,2,above_margin,1,1,40382.0,40382.0,193.0,idle,,profiles/standard_grpo/revision-instrumentation-trials.csv,output/revision_instrumentation/rev-instrumentation-granite33_2b-gsm8k-c4-s113-external/trial-5045387.json,output/revision_instrumentation/rev-instrumentation-granite33_2b-gsm8k-c4-s113-external/attempt-5045387/training-5045387.log,output/revision_instrumentation/rev-instrumentation-granite33_2b-gsm8k-c4-s113-external/attempt-5045387/phase-memory-5045387.csv,output/revision_instrumentation/rev-instrumentation-granite33_2b-gsm8k-c4-s113-external/attempt-5045387/gpu-telemetry-5045387.csv,output/revision_instrumentation/rev-instrumentation-granite33_2b-gsm8k-c4-s113-external/attempt-5045387/environment-5045387.json,output/revision_instrumentation/pairs/granite33_2b-gsm8k-c4-s113/pair-5045387.json,92cd0c14334ab84d718fc3bdb03ae150f064654d
run-9e9f49abfea3794e,cfg-f75b68f479767290,boundary,mr-xm-confirm-phi4_mini-grpo-code_standard-c1-s52,52,5002570,,,within_margin,1,1,26036.0,26036.0,200.0,idle,,profiles/standard_grpo/boundary-trials.csv,output/major_revision_cross_model_confirmatory/mr-xm-confirm-phi4_mini-grpo-code_standard-c1-s52/trial-5002570.json,output/major_revision_cross_model_confirmatory/mr-xm-confirm-phi4_mini-grpo-code_standard-c1-s52/training-5002570.log,output/major_revision_cross_model_confirmatory/mr-xm-confirm-phi4_mini-grpo-code_standard-c1-s52/phase-memory-5002570.csv,output/major_revision_cross_model_confirmatory/mr-xm-confirm-phi4_mini-grpo-code_standard-c1-s52/gpu-telemetry-5002570.csv,output/major_revision_cross_model_confirmatory/mr-xm-confirm-phi4_mini-grpo-code_standard-c1-s52/environment-5002570.json,,
run-9ec2c6ffc99d1593,cfg-a46e1a352338ca99,instrumentation,rev-instrumentation-qwen25_3b-math-c3-s112-external,112,5045311,qwen25_3b-math-c3-s112,1,within_margin,1,1,37478.0,37478.0,198.0,idle,,profiles/standard_grpo/revision-instrumentation-trials.csv,output/revision_instrumentation/rev-instrumentation-qwen25_3b-math-c3-s112-external/trial-5045311.json,output/revision_instrumentation/rev-instrumentation-qwen25_3b-math-c3-s112-external/attempt-5045311/training-5045311.log,output/revision_instrumentation/rev-instrumentation-qwen25_3b-math-c3-s112-external/attempt-5045311/phase-memory-5045311.csv,output/revision_instrumentation/rev-instrumentation-qwen25_3b-math-c3-s112-external/attempt-5045311/gpu-telemetry-5045311.csv,output/revision_instrumentation/rev-instrumentation-qwen25_3b-math-c3-s112-external/attempt-5045311/environment-5045311.json,output/revision_instrumentation/pairs/qwen25_3b-math-c3-s112/pair-5045311.json,92cd0c14334ab84d718fc3bdb03ae150f064654d
run-9f0eeddbd9d966e8,cfg-352f4dbc55fbcd3c,boundary,v2cf-confirm-qwen25_3b-grpo-gsm8k_long-c5-s43,43,4935857,,,memory_failure,0,1,10742.0,,110.0,initializing,rollout_init_memory,profiles/standard_grpo/boundary-trials.csv,output/benchmark_v2_cross_family_confirmatory/v2cf-confirm-qwen25_3b-grpo-gsm8k_long-c5-s43/trial-4935857.json,output/benchmark_v2_cross_family_confirmatory/v2cf-confirm-qwen25_3b-grpo-gsm8k_long-c5-s43/training-4935857.log,output/benchmark_v2_cross_family_confirmatory/v2cf-confirm-qwen25_3b-grpo-gsm8k_long-c5-s43/phase-memory-4935857.csv,output/benchmark_v2_cross_family_confirmatory/v2cf-confirm-qwen25_3b-grpo-gsm8k_long-c5-s43/gpu-telemetry-4935857.csv,output/benchmark_v2_cross_family_confirmatory/v2cf-confirm-qwen25_3b-grpo-gsm8k_long-c5-s43/environment-4935857.json,,
run-9f15bffe19c1c78c,cfg-fad1b555f8b37235,boundary,mr-xm-confirm-qwen25_3b-grpo-code_heavy_tail-c5-s51,51,4999841,,,memory_failure,0,1,10742.0,,132.0,initializing,rollout_init_memory,profiles/standard_grpo/boundary-trials.csv,output/major_revision_cross_model_confirmatory/mr-xm-confirm-qwen25_3b-grpo-code_heavy_tail-c5-s51/trial-4999841.json,output/major_revision_cross_model_confirmatory/mr-xm-confirm-qwen25_3b-grpo-code_heavy_tail-c5-s51/training-4999841.log,output/major_revision_cross_model_confirmatory/mr-xm-confirm-qwen25_3b-grpo-code_heavy_tail-c5-s51/phase-memory-4999841.csv,output/major_revision_cross_model_confirmatory/mr-xm-confirm-qwen25_3b-grpo-code_heavy_tail-c5-s51/gpu-telemetry-4999841.csv,output/major_revision_cross_model_confirmatory/mr-xm-confirm-qwen25_3b-grpo-code_heavy_tail-c5-s51/environment-4999841.json,,
run-9f283ec721e67451,cfg-211b6fafd167a310,batch_reservation,strong-factorial-phi4_mini-grpo-math-actor_only-s95,95,5031836,,,within_margin,1,1,36602.0,36602.0,213.0,idle,,profiles/standard_grpo/factorial-trials.csv,output/strengthening_factorial/strong-factorial-phi4_mini-grpo-math-actor_only-s95/trial-5031836.json,output/strengthening_factorial/strong-factorial-phi4_mini-grpo-math-actor_only-s95/training-5031836.log,output/strengthening_factorial/strong-factorial-phi4_mini-grpo-math-actor_only-s95/phase-memory-5031836.csv,output/strengthening_factorial/strong-factorial-phi4_mini-grpo-math-actor_only-s95/gpu-telemetry-5031836.csv,output/strengthening_factorial/strong-factorial-phi4_mini-grpo-math-actor_only-s95/environment-5031836.json,,
run-9fb8dbd609751dcc,cfg-8a39420e5b484230,batch_reservation,strong-factorial-phi4_mini-grpo-math-reservation_only-s96,96,5031856,,,above_margin,1,1,40594.0,40594.0,209.0,idle,,profiles/standard_grpo/factorial-trials.csv,output/strengthening_factorial/strong-factorial-phi4_mini-grpo-math-reservation_only-s96/trial-5031856.json,output/strengthening_factorial/strong-factorial-phi4_mini-grpo-math-reservation_only-s96/training-5031856.log,output/strengthening_factorial/strong-factorial-phi4_mini-grpo-math-reservation_only-s96/phase-memory-5031856.csv,output/strengthening_factorial/strong-factorial-phi4_mini-grpo-math-reservation_only-s96/gpu-telemetry-5031856.csv,output/strengthening_factorial/strong-factorial-phi4_mini-grpo-math-reservation_only-s96/environment-5031856.json,,
run-a0a5ea3f945fb444,cfg-831b7ab9490a8a5f,batch_logging_control,review-control-phi4_mini-gsm8k-s122-full_b16,122,5048577,phi4_mini-gsm8k-s122,1,within_margin,1,1,35518.0,35518.0,255.0,idle,,profiles/review_revision/control-trials.csv,output/review_instrumentation_batch/review-control-phi4_mini-gsm8k-s122-full_b16/trial-5048577.json,output/review_instrumentation_batch/review-control-phi4_mini-gsm8k-s122-full_b16/attempt-5048577/training-5048577.log,output/review_instrumentation_batch/review-control-phi4_mini-gsm8k-s122-full_b16/attempt-5048577/phase-memory-5048577.csv,output/review_instrumentation_batch/review-control-phi4_mini-gsm8k-s122-full_b16/attempt-5048577/gpu-telemetry-5048577.csv,output/review_instrumentation_batch/review-control-phi4_mini-gsm8k-s122-full_b16/attempt-5048577/environment-5048577.json,output/review_instrumentation_batch/pairs/phi4_mini-gsm8k-s122/pair-5048577.json,018992850a9514b6dfd0d81a8060d7f8a98a89fa
run-a1aa42155011745d,cfg-338d9224eb9d2f3a,boundary,v2cf-confirm-qwen25_3b-grpo-gsm8k_long-c2-s43,43,4935813,,,within_margin,1,1,33108.0,33108.0,201.0,idle,,profiles/standard_grpo/boundary-trials.csv,output/benchmark_v2_cross_family_confirmatory/v2cf-confirm-qwen25_3b-grpo-gsm8k_long-c2-s43/trial-4935813.json,output/benchmark_v2_cross_family_confirmatory/v2cf-confirm-qwen25_3b-grpo-gsm8k_long-c2-s43/training-4935813.log,output/benchmark_v2_cross_family_confirmatory/v2cf-confirm-qwen25_3b-grpo-gsm8k_long-c2-s43/phase-memory-4935813.csv,output/benchmark_v2_cross_family_confirmatory/v2cf-confirm-qwen25_3b-grpo-gsm8k_long-c2-s43/gpu-telemetry-4935813.csv,output/benchmark_v2_cross_family_confirmatory/v2cf-confirm-qwen25_3b-grpo-gsm8k_long-c2-s43/environment-4935813.json,,
run-a1be9d3b05995de6,cfg-44b1b60788cfb061,state_release,strong-node-qwen25_3b-grpo-gsm8k-safe_margin-s82-p1-release,82,5031103,strong-node-qwen25_3b-grpo-gsm8k-safe_margin-s82,1,within_margin,1,1,21540.0,21540.0,255.0,idle,,profiles/standard_grpo/same-node-trials.csv,output/strengthening_same_node_residency/strong-node-qwen25_3b-grpo-gsm8k-safe_margin-s82-p1-release/trial-5031103.json,output/strengthening_same_node_residency/strong-node-qwen25_3b-grpo-gsm8k-safe_margin-s82-p1-release/training-5031103.log,output/strengthening_same_node_residency/strong-node-qwen25_3b-grpo-gsm8k-safe_margin-s82-p1-release/phase-memory-5031103.csv,output/strengthening_same_node_residency/strong-node-qwen25_3b-grpo-gsm8k-safe_margin-s82-p1-release/gpu-telemetry-5031103.csv,output/strengthening_same_node_residency/strong-node-qwen25_3b-grpo-gsm8k-safe_margin-s82-p1-release/environment-5031103.json,,
run-a1d85b307c34f9e8,cfg-00e028aa49d34e64,batch_reservation,strong-factorial-phi4_mini-grpo-gsm8k-joint-s96,96,5031812,,,above_margin,1,1,39570.0,39570.0,200.0,idle,,profiles/standard_grpo/factorial-trials.csv,output/strengthening_factorial/strong-factorial-phi4_mini-grpo-gsm8k-joint-s96/trial-5031812.json,output/strengthening_factorial/strong-factorial-phi4_mini-grpo-gsm8k-joint-s96/training-5031812.log,output/strengthening_factorial/strong-factorial-phi4_mini-grpo-gsm8k-joint-s96/phase-memory-5031812.csv,output/strengthening_factorial/strong-factorial-phi4_mini-grpo-gsm8k-joint-s96/gpu-telemetry-5031812.csv,output/strengthening_factorial/strong-factorial-phi4_mini-grpo-gsm8k-joint-s96/environment-5031812.json,,
run-a21349864d25ee2e,cfg-a330fc0dc0b46c34,horizon_followup,rev-temporal-granite33_2b-gsm8k-interpolated-s111-long,111,5045341,granite33_2b-gsm8k-interpolated-s111,2,within_margin,1,100,38562.0,38562.0,3932.0,validation,,profiles/standard_grpo/revision-temporal-trials.csv,output/revision_temporal/rev-temporal-granite33_2b-gsm8k-interpolated-s111-long/trial-5045341.json,output/revision_temporal/rev-temporal-granite33_2b-gsm8k-interpolated-s111-long/attempt-5045341/training-5045341.log,output/revision_temporal/rev-temporal-granite33_2b-gsm8k-interpolated-s111-long/attempt-5045341/phase-memory-5045341.csv,output/revision_temporal/rev-temporal-granite33_2b-gsm8k-interpolated-s111-long/attempt-5045341/gpu-telemetry-5045341.csv,output/revision_temporal/rev-temporal-granite33_2b-gsm8k-interpolated-s111-long/attempt-5045341/environment-5045341.json,output/revision_temporal/pairs/granite33_2b-gsm8k-interpolated-s111/pair-5045341.json,92f97eb8c6f49cccbcaaa7f9c58d57eab8de8755
run-a30685eae2a6b832,cfg-3221cb24296b28df,instrumentation,rev-instrumentation-granite33_2b-math-c3-s111-external,111,5045390,granite33_2b-math-c3-s111,2,within_margin,1,1,36670.0,36670.0,193.0,idle,,profiles/standard_grpo/revision-instrumentation-trials.csv,output/revision_instrumentation/rev-instrumentation-granite33_2b-math-c3-s111-external/trial-5045390.json,output/revision_instrumentation/rev-instrumentation-granite33_2b-math-c3-s111-external/attempt-5045390/training-5045390.log,output/revision_instrumentation/rev-instrumentation-granite33_2b-math-c3-s111-external/attempt-5045390/phase-memory-5045390.csv,output/revision_instrumentation/rev-instrumentation-granite33_2b-math-c3-s111-external/attempt-5045390/gpu-telemetry-5045390.csv,output/revision_instrumentation/rev-instrumentation-granite33_2b-math-c3-s111-external/attempt-5045390/environment-5045390.json,output/revision_instrumentation/pairs/granite33_2b-math-c3-s111/pair-5045390.json,92cd0c14334ab84d718fc3bdb03ae150f064654d
run-a309b76c39fb1502,cfg-fbe1c0422f98cb38,boundary,strong-granite-confirmatory-grpo-gsm8k_long-c2-s93,93,5031237,,,within_margin,1,1,32302.0,32302.0,203.0,idle,,profiles/standard_grpo/boundary-trials.csv,output/strengthening_granite_confirmatory/strong-granite-confirmatory-grpo-gsm8k_long-c2-s93/trial-5031237.json,output/strengthening_granite_confirmatory/strong-granite-confirmatory-grpo-gsm8k_long-c2-s93/training-5031237.log,output/strengthening_granite_confirmatory/strong-granite-confirmatory-grpo-gsm8k_long-c2-s93/phase-memory-5031237.csv,output/strengthening_granite_confirmatory/strong-granite-confirmatory-grpo-gsm8k_long-c2-s93/gpu-telemetry-5031237.csv,output/strengthening_granite_confirmatory/strong-granite-confirmatory-grpo-gsm8k_long-c2-s93/environment-5031237.json,,
run-a3da3a6fee026dae,cfg-9f624ec22aa3dde0,four_gpu,rev-topology-granite33_2b-math-c4-s113-four_gpu,113,5045283,granite33_2b-math-c4-s113,1,within_margin,1,1,38108.0,38108.0,205.0,idle,,profiles/standard_grpo/revision-topology-trials.csv,output/revision_topology/rev-topology-granite33_2b-math-c4-s113-four_gpu/trial-5045283.json,output/revision_topology/rev-topology-granite33_2b-math-c4-s113-four_gpu/attempt-5045283/training-5045283.log,output/revision_topology/rev-topology-granite33_2b-math-c4-s113-four_gpu/attempt-5045283/phase-memory-5045283.csv,output/revision_topology/rev-topology-granite33_2b-math-c4-s113-four_gpu/attempt-5045283/gpu-telemetry-5045283.csv,output/revision_topology/rev-topology-granite33_2b-math-c4-s113-four_gpu/attempt-5045283/environment-5045283.json,output/revision_topology/pairs/granite33_2b-math-c4-s113/pair-5045283.json,b602c1ca41c1ab6d45a5a50885af86cfed90d0d6
run-a46b9fea0e1480b8,cfg-e91942abb5b4f847,boundary,mr-xm-confirm-qwen25_3b-grpo-code_heavy_tail-c2-s53,53,4999701,,,within_margin,1,1,33386.0,33386.0,199.0,idle,,profiles/standard_grpo/boundary-trials.csv,output/major_revision_cross_model_confirmatory/mr-xm-confirm-qwen25_3b-grpo-code_heavy_tail-c2-s53/trial-4999701.json,output/major_revision_cross_model_confirmatory/mr-xm-confirm-qwen25_3b-grpo-code_heavy_tail-c2-s53/training-4999701.log,output/major_revision_cross_model_confirmatory/mr-xm-confirm-qwen25_3b-grpo-code_heavy_tail-c2-s53/phase-memory-4999701.csv,output/major_revision_cross_model_confirmatory/mr-xm-confirm-qwen25_3b-grpo-code_heavy_tail-c2-s53/gpu-telemetry-4999701.csv,output/major_revision_cross_model_confirmatory/mr-xm-confirm-qwen25_3b-grpo-code_heavy_tail-c2-s53/environment-4999701.json,,
run-a478e7e097189176,cfg-0f8a31ef7ac4c551,boundary,v2cf-confirm-phi4_mini-grpo-math_short-c1-s41,41,4935669,,,within_margin,1,1,26348.0,26348.0,236.0,idle,,profiles/standard_grpo/boundary-trials.csv,output/benchmark_v2_cross_family_confirmatory/v2cf-confirm-phi4_mini-grpo-math_short-c1-s41/trial-4935669.json,output/benchmark_v2_cross_family_confirmatory/v2cf-confirm-phi4_mini-grpo-math_short-c1-s41/training-4935669.log,output/benchmark_v2_cross_family_confirmatory/v2cf-confirm-phi4_mini-grpo-math_short-c1-s41/phase-memory-4935669.csv,output/benchmark_v2_cross_family_confirmatory/v2cf-confirm-phi4_mini-grpo-math_short-c1-s41/gpu-telemetry-4935669.csv,output/benchmark_v2_cross_family_confirmatory/v2cf-confirm-phi4_mini-grpo-math_short-c1-s41/environment-4935669.json,,
run-a536ad7df271fed1,cfg-73498805917fd151,instrumentation,rev-instrumentation-granite33_2b-gsm8k-c3-s112-external,112,5045378,granite33_2b-gsm8k-c3-s112,2,within_margin,1,1,36302.0,36302.0,194.0,idle,,profiles/standard_grpo/revision-instrumentation-trials.csv,output/revision_instrumentation/rev-instrumentation-granite33_2b-gsm8k-c3-s112-external/trial-5045378.json,output/revision_instrumentation/rev-instrumentation-granite33_2b-gsm8k-c3-s112-external/attempt-5045378/training-5045378.log,output/revision_instrumentation/rev-instrumentation-granite33_2b-gsm8k-c3-s112-external/attempt-5045378/phase-memory-5045378.csv,output/revision_instrumentation/rev-instrumentation-granite33_2b-gsm8k-c3-s112-external/attempt-5045378/gpu-telemetry-5045378.csv,output/revision_instrumentation/rev-instrumentation-granite33_2b-gsm8k-c3-s112-external/attempt-5045378/environment-5045378.json,output/revision_instrumentation/pairs/granite33_2b-gsm8k-c3-s112/pair-5045378.json,92cd0c14334ab84d718fc3bdb03ae150f064654d
run-a55d1210847f469f,cfg-a5e8503dbdd188ac,batch_reservation,strong-factorial-phi4_mini-grpo-code_standard-joint-s96,96,5031772,,,above_margin,1,1,39892.0,39892.0,202.0,idle,,profiles/standard_grpo/factorial-trials.csv,output/strengthening_factorial/strong-factorial-phi4_mini-grpo-code_standard-joint-s96/trial-5031772.json,output/strengthening_factorial/strong-factorial-phi4_mini-grpo-code_standard-joint-s96/training-5031772.log,output/strengthening_factorial/strong-factorial-phi4_mini-grpo-code_standard-joint-s96/phase-memory-5031772.csv,output/strengthening_factorial/strong-factorial-phi4_mini-grpo-code_standard-joint-s96/gpu-telemetry-5031772.csv,output/strengthening_factorial/strong-factorial-phi4_mini-grpo-code_standard-joint-s96/environment-5031772.json,,
run-a5b8f82a3d5ca2f1,cfg-bae2977da7957f72,boundary,strong-granite-confirmatory-grpo-code_standard-c0-s93,93,5031411,,,within_margin,1,1,19070.0,19070.0,253.0,idle,,profiles/standard_grpo/boundary-trials.csv,output/strengthening_granite_confirmatory/strong-granite-confirmatory-grpo-code_standard-c0-s93/trial-5031411.json,output/strengthening_granite_confirmatory/strong-granite-confirmatory-grpo-code_standard-c0-s93/training-5031411.log,output/strengthening_granite_confirmatory/strong-granite-confirmatory-grpo-code_standard-c0-s93/phase-memory-5031411.csv,output/strengthening_granite_confirmatory/strong-granite-confirmatory-grpo-code_standard-c0-s93/gpu-telemetry-5031411.csv,output/strengthening_granite_confirmatory/strong-granite-confirmatory-grpo-code_standard-c0-s93/environment-5031411.json,,
run-a5f3a4a96ab6aa68,cfg-0f8a31ef7ac4c551,boundary,v2cf-confirm-phi4_mini-grpo-math_short-c1-s42,42,4935675,,,within_margin,1,1,26348.0,26348.0,220.0,idle,,profiles/standard_grpo/boundary-trials.csv,output/benchmark_v2_cross_family_confirmatory/v2cf-confirm-phi4_mini-grpo-math_short-c1-s42/trial-4935675.json,output/benchmark_v2_cross_family_confirmatory/v2cf-confirm-phi4_mini-grpo-math_short-c1-s42/training-4935675.log,output/benchmark_v2_cross_family_confirmatory/v2cf-confirm-phi4_mini-grpo-math_short-c1-s42/phase-memory-4935675.csv,output/benchmark_v2_cross_family_confirmatory/v2cf-confirm-phi4_mini-grpo-math_short-c1-s42/gpu-telemetry-4935675.csv,output/benchmark_v2_cross_family_confirmatory/v2cf-confirm-phi4_mini-grpo-math_short-c1-s42/environment-4935675.json,,
run-a5fbb437c8d98b3c,cfg-cadb236b55d403e1,horizon_followup,rev-temporal-phi4_mini-gsm8k-interpolated-s111-long,111,5045281,phi4_mini-gsm8k-interpolated-s111,2,within_margin,1,100,37684.0,37684.0,3155.0,validation,,profiles/standard_grpo/revision-temporal-trials.csv,output/revision_temporal/rev-temporal-phi4_mini-gsm8k-interpolated-s111-long/trial-5045281.json,output/revision_temporal/rev-temporal-phi4_mini-gsm8k-interpolated-s111-long/attempt-5045281/training-5045281.log,output/revision_temporal/rev-temporal-phi4_mini-gsm8k-interpolated-s111-long/attempt-5045281/phase-memory-5045281.csv,output/revision_temporal/rev-temporal-phi4_mini-gsm8k-interpolated-s111-long/attempt-5045281/gpu-telemetry-5045281.csv,output/revision_temporal/rev-temporal-phi4_mini-gsm8k-interpolated-s111-long/attempt-5045281/environment-5045281.json,output/revision_temporal/pairs/phi4_mini-gsm8k-interpolated-s111/pair-5045281.json,92f97eb8c6f49cccbcaaa7f9c58d57eab8de8755
run-a6af463eed976a43,cfg-c3f0ad157d299d39,boundary,strong-granite-confirmatory-grpo-code_standard-c3-s92,92,5031383,,,within_margin,1,1,36302.0,36302.0,210.0,idle,,profiles/standard_grpo/boundary-trials.csv,output/strengthening_granite_confirmatory/strong-granite-confirmatory-grpo-code_standard-c3-s92/trial-5031383.json,output/strengthening_granite_confirmatory/strong-granite-confirmatory-grpo-code_standard-c3-s92/training-5031383.log,output/strengthening_granite_confirmatory/strong-granite-confirmatory-grpo-code_standard-c3-s92/phase-memory-5031383.csv,output/strengthening_granite_confirmatory/strong-granite-confirmatory-grpo-code_standard-c3-s92/gpu-telemetry-5031383.csv,output/strengthening_granite_confirmatory/strong-granite-confirmatory-grpo-code_standard-c3-s92/environment-5031383.json,,
run-a6bb8cab6766f288,cfg-f80fe9802e1c3860,sampling_calibration,v2tel-04-qwen25_3b-grpo-gsm8k-near_boundary-100ms,53,4935193,v2tel-04-qwen25_3b-grpo-gsm8k-near_boundary,,within_margin,1,1,36824.0,36824.0,271.0,idle,,profiles/standard_grpo/telemetry-trials.csv,output/benchmark_v2_telemetry_calibration/v2tel-04-qwen25_3b-grpo-gsm8k-near_boundary-100ms/trial-4935193.json,output/benchmark_v2_telemetry_calibration/v2tel-04-qwen25_3b-grpo-gsm8k-near_boundary-100ms/training-4935193.log,output/benchmark_v2_telemetry_calibration/v2tel-04-qwen25_3b-grpo-gsm8k-near_boundary-100ms/phase-memory-4935193.csv,output/benchmark_v2_telemetry_calibration/v2tel-04-qwen25_3b-grpo-gsm8k-near_boundary-100ms/gpu-telemetry-4935193.csv,output/benchmark_v2_telemetry_calibration/v2tel-04-qwen25_3b-grpo-gsm8k-near_boundary-100ms/environment-4935193.json,,
run-a76ba0fa046c7cf4,cfg-08730ad4a3df95fa,batch_reservation,strong-factorial-granite33_2b-grpo-code_heavy_tail-reservation_only-s94,94,5031342,,,within_margin,1,1,36572.0,36572.0,195.0,idle,,profiles/standard_grpo/factorial-trials.csv,output/strengthening_factorial/strong-factorial-granite33_2b-grpo-code_heavy_tail-reservation_only-s94/trial-5031342.json,output/strengthening_factorial/strong-factorial-granite33_2b-grpo-code_heavy_tail-reservation_only-s94/training-5031342.log,output/strengthening_factorial/strong-factorial-granite33_2b-grpo-code_heavy_tail-reservation_only-s94/phase-memory-5031342.csv,output/strengthening_factorial/strong-factorial-granite33_2b-grpo-code_heavy_tail-reservation_only-s94/gpu-telemetry-5031342.csv,output/strengthening_factorial/strong-factorial-granite33_2b-grpo-code_heavy_tail-reservation_only-s94/environment-5031342.json,,
run-a91e7c23ce54e99d,cfg-c52a49b3491283c7,temporal_100,strong-time-grpo-gsm8k-qwen25_3b-near_boundary-s91,91,5032511,,,within_margin,1,100,38080.0,38080.0,8964.0,validation,,profiles/standard_grpo/temporal-100-trials.csv,output/strengthening_temporal_phases/strong-time-grpo-gsm8k-qwen25_3b-near_boundary-s91/trial-5032511.json,output/strengthening_temporal_phases/strong-time-grpo-gsm8k-qwen25_3b-near_boundary-s91/training-5032511.log,output/strengthening_temporal_phases/strong-time-grpo-gsm8k-qwen25_3b-near_boundary-s91/phase-memory-5032511.csv,output/strengthening_temporal_phases/strong-time-grpo-gsm8k-qwen25_3b-near_boundary-s91/gpu-telemetry-5032511.csv,output/strengthening_temporal_phases/strong-time-grpo-gsm8k-qwen25_3b-near_boundary-s91/environment-5032511.json,,
run-a92bee1382de2623,cfg-2d4026e56a7ee4fe,instrumentation,rev-instrumentation-granite33_2b-math-c4-s111-external,111,5045397,granite33_2b-math-c4-s111,1,above_margin,1,1,40750.0,40750.0,203.0,idle,,profiles/standard_grpo/revision-instrumentation-trials.csv,output/revision_instrumentation/rev-instrumentation-granite33_2b-math-c4-s111-external/trial-5045397.json,output/revision_instrumentation/rev-instrumentation-granite33_2b-math-c4-s111-external/attempt-5045397/training-5045397.log,output/revision_instrumentation/rev-instrumentation-granite33_2b-math-c4-s111-external/attempt-5045397/phase-memory-5045397.csv,output/revision_instrumentation/rev-instrumentation-granite33_2b-math-c4-s111-external/attempt-5045397/gpu-telemetry-5045397.csv,output/revision_instrumentation/rev-instrumentation-granite33_2b-math-c4-s111-external/attempt-5045397/environment-5045397.json,output/revision_instrumentation/pairs/granite33_2b-math-c4-s111/pair-5045397.json,92cd0c14334ab84d718fc3bdb03ae150f064654d
run-a964bbb227c521cb,cfg-584e6c6664859977,batch_reservation,strong-factorial-granite33_2b-grpo-gsm8k_long-actor_only-s96,96,5031366,,,within_margin,1,1,32302.0,32302.0,200.0,idle,,profiles/standard_grpo/factorial-trials.csv,output/strengthening_factorial/strong-factorial-granite33_2b-grpo-gsm8k_long-actor_only-s96/trial-5031366.json,output/strengthening_factorial/strong-factorial-granite33_2b-grpo-gsm8k_long-actor_only-s96/training-5031366.log,output/strengthening_factorial/strong-factorial-granite33_2b-grpo-gsm8k_long-actor_only-s96/phase-memory-5031366.csv,output/strengthening_factorial/strong-factorial-granite33_2b-grpo-gsm8k_long-actor_only-s96/gpu-telemetry-5031366.csv,output/strengthening_factorial/strong-factorial-granite33_2b-grpo-gsm8k_long-actor_only-s96/environment-5031366.json,,
run-a97b718ba5b245d4,cfg-3ffb5c1bf8440754,batch_reservation,strong-factorial-phi4_mini-grpo-code_heavy_tail-reservation_only-s94,94,5031720,,,above_margin,1,1,40074.0,40074.0,221.0,idle,,profiles/standard_grpo/factorial-trials.csv,output/strengthening_factorial/strong-factorial-phi4_mini-grpo-code_heavy_tail-reservation_only-s94/trial-5031720.json,output/strengthening_factorial/strong-factorial-phi4_mini-grpo-code_heavy_tail-reservation_only-s94/training-5031720.log,output/strengthening_factorial/strong-factorial-phi4_mini-grpo-code_heavy_tail-reservation_only-s94/phase-memory-5031720.csv,output/strengthening_factorial/strong-factorial-phi4_mini-grpo-code_heavy_tail-reservation_only-s94/gpu-telemetry-5031720.csv,output/strengthening_factorial/strong-factorial-phi4_mini-grpo-code_heavy_tail-reservation_only-s94/environment-5031720.json,,
run-a989b69685f76038,cfg-62f371a80968a0ba,boundary,v2cf-confirm-qwen25_3b-grpo-math_short-c1-s41,41,4935539,,,within_margin,1,1,21900.0,21900.0,245.0,idle,,profiles/standard_grpo/boundary-trials.csv,output/benchmark_v2_cross_family_confirmatory/v2cf-confirm-qwen25_3b-grpo-math_short-c1-s41/trial-4935539.json,output/benchmark_v2_cross_family_confirmatory/v2cf-confirm-qwen25_3b-grpo-math_short-c1-s41/training-4935539.log,output/benchmark_v2_cross_family_confirmatory/v2cf-confirm-qwen25_3b-grpo-math_short-c1-s41/phase-memory-4935539.csv,output/benchmark_v2_cross_family_confirmatory/v2cf-confirm-qwen25_3b-grpo-math_short-c1-s41/gpu-telemetry-4935539.csv,output/benchmark_v2_cross_family_confirmatory/v2cf-confirm-qwen25_3b-grpo-math_short-c1-s41/environment-4935539.json,,
run-a9c7ac13cacee2ec,cfg-e8893b12558f51dd,boundary,strong-granite-confirmatory-grpo-gsm8k_long-c5-s91,91,5031246,,,memory_failure,0,1,7780.0,,104.0,initializing,rollout_init_memory,profiles/standard_grpo/boundary-trials.csv,output/strengthening_granite_confirmatory/strong-granite-confirmatory-grpo-gsm8k_long-c5-s91/trial-5031246.json,output/strengthening_granite_confirmatory/strong-granite-confirmatory-grpo-gsm8k_long-c5-s91/training-5031246.log,output/strengthening_granite_confirmatory/strong-granite-confirmatory-grpo-gsm8k_long-c5-s91/phase-memory-5031246.csv,output/strengthening_granite_confirmatory/strong-granite-confirmatory-grpo-gsm8k_long-c5-s91/gpu-telemetry-5031246.csv,output/strengthening_granite_confirmatory/strong-granite-confirmatory-grpo-gsm8k_long-c5-s91/environment-5031246.json,,
run-aa001f1dc0d4cd0c,cfg-2ad5ea3587b997a9,batch_reservation,strong-factorial-qwen25_3b-grpo-code_standard-joint-s95,95,5032025,,,within_margin,1,1,37418.0,37418.0,215.0,idle,,profiles/standard_grpo/factorial-trials.csv,output/strengthening_factorial/strong-factorial-qwen25_3b-grpo-code_standard-joint-s95/trial-5032025.json,output/strengthening_factorial/strong-factorial-qwen25_3b-grpo-code_standard-joint-s95/training-5032025.log,output/strengthening_factorial/strong-factorial-qwen25_3b-grpo-code_standard-joint-s95/phase-memory-5032025.csv,output/strengthening_factorial/strong-factorial-qwen25_3b-grpo-code_standard-joint-s95/gpu-telemetry-5032025.csv,output/strengthening_factorial/strong-factorial-qwen25_3b-grpo-code_standard-joint-s95/environment-5032025.json,,
run-aa79c7ea58f83360,cfg-072bd7669d20f8fa,four_gpu,rev-topology-phi4_mini-math-c3-s113-four_gpu,113,5045377,phi4_mini-math-c3-s113,1,within_margin,1,1,36204.0,36204.0,221.0,idle,,profiles/standard_grpo/revision-topology-trials.csv,output/revision_topology/rev-topology-phi4_mini-math-c3-s113-four_gpu/trial-5045377.json,output/revision_topology/rev-topology-phi4_mini-math-c3-s113-four_gpu/attempt-5045377/training-5045377.log,output/revision_topology/rev-topology-phi4_mini-math-c3-s113-four_gpu/attempt-5045377/phase-memory-5045377.csv,output/revision_topology/rev-topology-phi4_mini-math-c3-s113-four_gpu/attempt-5045377/gpu-telemetry-5045377.csv,output/revision_topology/rev-topology-phi4_mini-math-c3-s113-four_gpu/attempt-5045377/environment-5045377.json,output/revision_topology/pairs/phi4_mini-math-c3-s113/pair-5045377.json,b602c1ca41c1ab6d45a5a50885af86cfed90d0d6
run-aaf49d0ad8e79b98,cfg-2d4026e56a7ee4fe,instrumentation,rev-instrumentation-granite33_2b-math-c4-s112-external,112,5045400,granite33_2b-math-c4-s112,2,above_margin,1,1,40750.0,40750.0,208.0,idle,,profiles/standard_grpo/revision-instrumentation-trials.csv,output/revision_instrumentation/rev-instrumentation-granite33_2b-math-c4-s112-external/trial-5045400.json,output/revision_instrumentation/rev-instrumentation-granite33_2b-math-c4-s112-external/attempt-5045400/training-5045400.log,output/revision_instrumentation/rev-instrumentation-granite33_2b-math-c4-s112-external/attempt-5045400/phase-memory-5045400.csv,output/revision_instrumentation/rev-instrumentation-granite33_2b-math-c4-s112-external/attempt-5045400/gpu-telemetry-5045400.csv,output/revision_instrumentation/rev-instrumentation-granite33_2b-math-c4-s112-external/attempt-5045400/environment-5045400.json,output/revision_instrumentation/pairs/granite33_2b-math-c4-s112/pair-5045400.json,92cd0c14334ab84d718fc3bdb03ae150f064654d
run-ab2ea83d230fc434,cfg-445e1547e9317cd0,batch_reservation,strong-factorial-granite33_2b-grpo-gsm8k_long-base-s96,96,5031355,,,within_margin,1,1,32322.0,32322.0,238.0,idle,,profiles/standard_grpo/factorial-trials.csv,output/strengthening_factorial/strong-factorial-granite33_2b-grpo-gsm8k_long-base-s96/trial-5031355.json,output/strengthening_factorial/strong-factorial-granite33_2b-grpo-gsm8k_long-base-s96/training-5031355.log,output/strengthening_factorial/strong-factorial-granite33_2b-grpo-gsm8k_long-base-s96/phase-memory-5031355.csv,output/strengthening_factorial/strong-factorial-granite33_2b-grpo-gsm8k_long-base-s96/gpu-telemetry-5031355.csv,output/strengthening_factorial/strong-factorial-granite33_2b-grpo-gsm8k_long-base-s96/environment-5031355.json,,
run-ab5093889c981345,cfg-0d9ba9215ab5683e,boundary,mr-xm-confirm-qwen25_3b-grpo-code_standard-c3-s52,52,4999406,,,within_margin,1,1,37412.0,37412.0,201.0,idle,,profiles/standard_grpo/boundary-trials.csv,output/major_revision_cross_model_confirmatory/mr-xm-confirm-qwen25_3b-grpo-code_standard-c3-s52/trial-4999406.json,output/major_revision_cross_model_confirmatory/mr-xm-confirm-qwen25_3b-grpo-code_standard-c3-s52/training-4999406.log,output/major_revision_cross_model_confirmatory/mr-xm-confirm-qwen25_3b-grpo-code_standard-c3-s52/phase-memory-4999406.csv,output/major_revision_cross_model_confirmatory/mr-xm-confirm-qwen25_3b-grpo-code_standard-c3-s52/gpu-telemetry-4999406.csv,output/major_revision_cross_model_confirmatory/mr-xm-confirm-qwen25_3b-grpo-code_standard-c3-s52/environment-4999406.json,,
run-ab9e543cf08ac1f2,cfg-b1aeb72d4434b30d,batch_reservation,strong-factorial-phi4_mini-grpo-gsm8k-reservation_only-s96,96,5031806,,,above_margin,1,1,39550.0,39550.0,202.0,idle,,profiles/standard_grpo/factorial-trials.csv,output/strengthening_factorial/strong-factorial-phi4_mini-grpo-gsm8k-reservation_only-s96/trial-5031806.json,output/strengthening_factorial/strong-factorial-phi4_mini-grpo-gsm8k-reservation_only-s96/training-5031806.log,output/strengthening_factorial/strong-factorial-phi4_mini-grpo-gsm8k-reservation_only-s96/phase-memory-5031806.csv,output/strengthening_factorial/strong-factorial-phi4_mini-grpo-gsm8k-reservation_only-s96/gpu-telemetry-5031806.csv,output/strengthening_factorial/strong-factorial-phi4_mini-grpo-gsm8k-reservation_only-s96/environment-5031806.json,,
run-abb0d7d91a7ed528,cfg-7a0e81934d3398ee,boundary,strong-granite-confirmatory-grpo-code_heavy_tail-c0-s91,91,5031311,,,within_margin,1,1,19070.0,19070.0,257.0,idle,,profiles/standard_grpo/boundary-trials.csv,output/strengthening_granite_confirmatory/strong-granite-confirmatory-grpo-code_heavy_tail-c0-s91/trial-5031311.json,output/strengthening_granite_confirmatory/strong-granite-confirmatory-grpo-code_heavy_tail-c0-s91/training-5031311.log,output/strengthening_granite_confirmatory/strong-granite-confirmatory-grpo-code_heavy_tail-c0-s91/phase-memory-5031311.csv,output/strengthening_granite_confirmatory/strong-granite-confirmatory-grpo-code_heavy_tail-c0-s91/gpu-telemetry-5031311.csv,output/strengthening_granite_confirmatory/strong-granite-confirmatory-grpo-code_heavy_tail-c0-s91/environment-5031311.json,,
run-ac2eee8d1d747498,cfg-df5e492a5bd02117,instrumentation,rev-instrumentation-qwen25_3b-gsm8k-c4-s111-external,111,5045286,qwen25_3b-gsm8k-c4-s111,2,memory_failure,0,1,40812.0,,201.0,weight_sync,weight_sync_oom,profiles/standard_grpo/revision-instrumentation-trials.csv,output/revision_instrumentation/rev-instrumentation-qwen25_3b-gsm8k-c4-s111-external/trial-5045286.json,output/revision_instrumentation/rev-instrumentation-qwen25_3b-gsm8k-c4-s111-external/attempt-5045286/training-5045286.log,output/revision_instrumentation/rev-instrumentation-qwen25_3b-gsm8k-c4-s111-external/attempt-5045286/phase-memory-5045286.csv,output/revision_instrumentation/rev-instrumentation-qwen25_3b-gsm8k-c4-s111-external/attempt-5045286/gpu-telemetry-5045286.csv,output/revision_instrumentation/rev-instrumentation-qwen25_3b-gsm8k-c4-s111-external/attempt-5045286/environment-5045286.json,output/revision_instrumentation/pairs/qwen25_3b-gsm8k-c4-s111/pair-5045286.json,92cd0c14334ab84d718fc3bdb03ae150f064654d
run-ac3c7c536c12c910,cfg-7f23cab692546e3f,boundary,strong-granite-confirmatory-grpo-code_standard-c5-s92,92,5031309,,,memory_failure,0,1,7780.0,,101.0,initializing,rollout_init_memory,profiles/standard_grpo/boundary-trials.csv,output/strengthening_granite_confirmatory/strong-granite-confirmatory-grpo-code_standard-c5-s92/trial-5031309.json,output/strengthening_granite_confirmatory/strong-granite-confirmatory-grpo-code_standard-c5-s92/training-5031309.log,output/strengthening_granite_confirmatory/strong-granite-confirmatory-grpo-code_standard-c5-s92/phase-memory-5031309.csv,output/strengthening_granite_confirmatory/strong-granite-confirmatory-grpo-code_standard-c5-s92/gpu-telemetry-5031309.csv,output/strengthening_granite_confirmatory/strong-granite-confirmatory-grpo-code_standard-c5-s92/environment-5031309.json,,
run-ad4ed013f9d0fc28,cfg-fd5bb0db68b0dae3,boundary,strong-granite-confirmatory-grpo-gsm8k_long-c0-s92,92,5031219,,,within_margin,1,1,19030.0,19030.0,269.0,idle,,profiles/standard_grpo/boundary-trials.csv,output/strengthening_granite_confirmatory/strong-granite-confirmatory-grpo-gsm8k_long-c0-s92/trial-5031219.json,output/strengthening_granite_confirmatory/strong-granite-confirmatory-grpo-gsm8k_long-c0-s92/training-5031219.log,output/strengthening_granite_confirmatory/strong-granite-confirmatory-grpo-gsm8k_long-c0-s92/phase-memory-5031219.csv,output/strengthening_granite_confirmatory/strong-granite-confirmatory-grpo-gsm8k_long-c0-s92/gpu-telemetry-5031219.csv,output/strengthening_granite_confirmatory/strong-granite-confirmatory-grpo-gsm8k_long-c0-s92/environment-5031219.json,,
run-ad6ab182d6d9ed41,cfg-4e0b53e75324e5f8,state_release,strong-node-qwen25_3b-grpo-gsm8k-near_boundary-s81-p1-release,81,5031091,strong-node-qwen25_3b-grpo-gsm8k-near_boundary-s81,1,within_margin,1,1,36706.0,36706.0,272.0,idle,,profiles/standard_grpo/same-node-trials.csv,output/strengthening_same_node_residency/strong-node-qwen25_3b-grpo-gsm8k-near_boundary-s81-p1-release/trial-5031091.json,output/strengthening_same_node_residency/strong-node-qwen25_3b-grpo-gsm8k-near_boundary-s81-p1-release/training-5031091.log,output/strengthening_same_node_residency/strong-node-qwen25_3b-grpo-gsm8k-near_boundary-s81-p1-release/phase-memory-5031091.csv,output/strengthening_same_node_residency/strong-node-qwen25_3b-grpo-gsm8k-near_boundary-s81-p1-release/gpu-telemetry-5031091.csv,output/strengthening_same_node_residency/strong-node-qwen25_3b-grpo-gsm8k-near_boundary-s81-p1-release/environment-5031091.json,,
run-ad9ab9698d2c072b,cfg-17e69bcf1b041bd9,four_gpu,rev-topology-phi4_mini-gsm8k-c3-s112-four_gpu,112,5045353,phi4_mini-gsm8k-c3-s112,1,within_margin,1,1,35710.0,35710.0,226.0,idle,,profiles/standard_grpo/revision-topology-trials.csv,output/revision_topology/rev-topology-phi4_mini-gsm8k-c3-s112-four_gpu/trial-5045353.json,output/revision_topology/rev-topology-phi4_mini-gsm8k-c3-s112-four_gpu/attempt-5045353/training-5045353.log,output/revision_topology/rev-topology-phi4_mini-gsm8k-c3-s112-four_gpu/attempt-5045353/phase-memory-5045353.csv,output/revision_topology/rev-topology-phi4_mini-gsm8k-c3-s112-four_gpu/attempt-5045353/gpu-telemetry-5045353.csv,output/revision_topology/rev-topology-phi4_mini-gsm8k-c3-s112-four_gpu/attempt-5045353/environment-5045353.json,output/revision_topology/pairs/phi4_mini-gsm8k-c3-s112/pair-5045353.json,b602c1ca41c1ab6d45a5a50885af86cfed90d0d6
run-ae2baefbf5ad9baa,cfg-966f5804dc918967,boundary,v2cf-confirm-phi4_mini-grpo-gsm8k_long-c4-s43,43,4936240,,,memory_failure,0,1,14790.0,,109.0,initializing,rollout_init_memory,profiles/standard_grpo/boundary-trials.csv,output/benchmark_v2_cross_family_confirmatory/v2cf-confirm-phi4_mini-grpo-gsm8k_long-c4-s43/trial-4936240.json,output/benchmark_v2_cross_family_confirmatory/v2cf-confirm-phi4_mini-grpo-gsm8k_long-c4-s43/training-4936240.log,output/benchmark_v2_cross_family_confirmatory/v2cf-confirm-phi4_mini-grpo-gsm8k_long-c4-s43/phase-memory-4936240.csv,output/benchmark_v2_cross_family_confirmatory/v2cf-confirm-phi4_mini-grpo-gsm8k_long-c4-s43/gpu-telemetry-4936240.csv,output/benchmark_v2_cross_family_confirmatory/v2cf-confirm-phi4_mini-grpo-gsm8k_long-c4-s43/environment-4936240.json,,
run-ae2edb43bc10b0f1,cfg-cadb236b55d403e1,horizon_followup,rev-temporal-phi4_mini-gsm8k-interpolated-s112-long,112,5045336,phi4_mini-gsm8k-interpolated-s112,2,within_margin,1,100,37716.0,37716.0,3795.0,validation,,profiles/standard_grpo/revision-temporal-trials.csv,output/revision_temporal/rev-temporal-phi4_mini-gsm8k-interpolated-s112-long/trial-5045336.json,output/revision_temporal/rev-temporal-phi4_mini-gsm8k-interpolated-s112-long/attempt-5045336/training-5045336.log,output/revision_temporal/rev-temporal-phi4_mini-gsm8k-interpolated-s112-long/attempt-5045336/phase-memory-5045336.csv,output/revision_temporal/rev-temporal-phi4_mini-gsm8k-interpolated-s112-long/attempt-5045336/gpu-telemetry-5045336.csv,output/revision_temporal/rev-temporal-phi4_mini-gsm8k-interpolated-s112-long/attempt-5045336/environment-5045336.json,output/revision_temporal/pairs/phi4_mini-gsm8k-interpolated-s112/pair-5045336.json,92f97eb8c6f49cccbcaaa7f9c58d57eab8de8755
run-ae5b43caaaa5a172,cfg-c31171354027b928,batch_reservation,strong-factorial-qwen25_3b-grpo-code_standard-actor_only-s94,94,5032012,,,within_margin,1,1,33108.0,33108.0,205.0,idle,,profiles/standard_grpo/factorial-trials.csv,output/strengthening_factorial/strong-factorial-qwen25_3b-grpo-code_standard-actor_only-s94/trial-5032012.json,output/strengthening_factorial/strong-factorial-qwen25_3b-grpo-code_standard-actor_only-s94/training-5032012.log,output/strengthening_factorial/strong-factorial-qwen25_3b-grpo-code_standard-actor_only-s94/phase-memory-5032012.csv,output/strengthening_factorial/strong-factorial-qwen25_3b-grpo-code_standard-actor_only-s94/gpu-telemetry-5032012.csv,output/strengthening_factorial/strong-factorial-qwen25_3b-grpo-code_standard-actor_only-s94/environment-5032012.json,,
run-ae67407be9d63630,cfg-cd3974595f9db882,boundary,v2cf-confirm-qwen25_3b-grpo-gsm8k_long-c1-s43,43,4935537,,,within_margin,1,1,21580.0,21580.0,220.0,idle,,profiles/standard_grpo/boundary-trials.csv,output/benchmark_v2_cross_family_confirmatory/v2cf-confirm-qwen25_3b-grpo-gsm8k_long-c1-s43/trial-4935537.json,output/benchmark_v2_cross_family_confirmatory/v2cf-confirm-qwen25_3b-grpo-gsm8k_long-c1-s43/training-4935537.log,output/benchmark_v2_cross_family_confirmatory/v2cf-confirm-qwen25_3b-grpo-gsm8k_long-c1-s43/phase-memory-4935537.csv,output/benchmark_v2_cross_family_confirmatory/v2cf-confirm-qwen25_3b-grpo-gsm8k_long-c1-s43/gpu-telemetry-4935537.csv,output/benchmark_v2_cross_family_confirmatory/v2cf-confirm-qwen25_3b-grpo-gsm8k_long-c1-s43/environment-4935537.json,,
run-ae84672f90b58eb9,cfg-3c3a7527d888e069,instrumentation,rev-instrumentation-phi4_mini-gsm8k-c3-s111-full,111,5045351,phi4_mini-gsm8k-c3-s111,2,above_margin,1,1,39550.0,39550.0,196.0,idle,,profiles/standard_grpo/revision-instrumentation-trials.csv,output/revision_instrumentation/rev-instrumentation-phi4_mini-gsm8k-c3-s111-full/trial-5045351.json,output/revision_instrumentation/rev-instrumentation-phi4_mini-gsm8k-c3-s111-full/attempt-5045351/training-5045351.log,output/revision_instrumentation/rev-instrumentation-phi4_mini-gsm8k-c3-s111-full/attempt-5045351/phase-memory-5045351.csv,output/revision_instrumentation/rev-instrumentation-phi4_mini-gsm8k-c3-s111-full/attempt-5045351/gpu-telemetry-5045351.csv,output/revision_instrumentation/rev-instrumentation-phi4_mini-gsm8k-c3-s111-full/attempt-5045351/environment-5045351.json,output/revision_instrumentation/pairs/phi4_mini-gsm8k-c3-s111/pair-5045351.json,92cd0c14334ab84d718fc3bdb03ae150f064654d
run-af96943b23b14615,cfg-3b9787f775169f3d,batch_reservation,strong-factorial-granite33_2b-grpo-math_short-actor_only-s95,95,5031430,,,within_margin,1,1,32670.0,32670.0,199.0,idle,,profiles/standard_grpo/factorial-trials.csv,output/strengthening_factorial/strong-factorial-granite33_2b-grpo-math_short-actor_only-s95/trial-5031430.json,output/strengthening_factorial/strong-factorial-granite33_2b-grpo-math_short-actor_only-s95/training-5031430.log,output/strengthening_factorial/strong-factorial-granite33_2b-grpo-math_short-actor_only-s95/phase-memory-5031430.csv,output/strengthening_factorial/strong-factorial-granite33_2b-grpo-math_short-actor_only-s95/gpu-telemetry-5031430.csv,output/strengthening_factorial/strong-factorial-granite33_2b-grpo-math_short-actor_only-s95/environment-5031430.json,,
run-b02eda6d44f5ae8c,cfg-a24e9cdd2f6143f2,boundary,mr-xm-confirm-phi4_mini-grpo-code_heavy_tail-c0-s52,52,5003506,,,within_margin,1,1,26076.0,26076.0,251.0,idle,,profiles/standard_grpo/boundary-trials.csv,output/major_revision_cross_model_confirmatory/mr-xm-confirm-phi4_mini-grpo-code_heavy_tail-c0-s52/trial-5003506.json,output/major_revision_cross_model_confirmatory/mr-xm-confirm-phi4_mini-grpo-code_heavy_tail-c0-s52/training-5003506.log,output/major_revision_cross_model_confirmatory/mr-xm-confirm-phi4_mini-grpo-code_heavy_tail-c0-s52/phase-memory-5003506.csv,output/major_revision_cross_model_confirmatory/mr-xm-confirm-phi4_mini-grpo-code_heavy_tail-c0-s52/gpu-telemetry-5003506.csv,output/major_revision_cross_model_confirmatory/mr-xm-confirm-phi4_mini-grpo-code_heavy_tail-c0-s52/environment-5003506.json,,
run-b2130fe29210fc8a,cfg-73498805917fd151,instrumentation,rev-instrumentation-granite33_2b-gsm8k-c3-s113-external,113,5045379,granite33_2b-gsm8k-c3-s113,1,within_margin,1,1,36302.0,36302.0,211.0,idle,,profiles/standard_grpo/revision-instrumentation-trials.csv,output/revision_instrumentation/rev-instrumentation-granite33_2b-gsm8k-c3-s113-external/trial-5045379.json,output/revision_instrumentation/rev-instrumentation-granite33_2b-gsm8k-c3-s113-external/attempt-5045379/training-5045379.log,output/revision_instrumentation/rev-instrumentation-granite33_2b-gsm8k-c3-s113-external/attempt-5045379/phase-memory-5045379.csv,output/revision_instrumentation/rev-instrumentation-granite33_2b-gsm8k-c3-s113-external/attempt-5045379/gpu-telemetry-5045379.csv,output/revision_instrumentation/rev-instrumentation-granite33_2b-gsm8k-c3-s113-external/attempt-5045379/environment-5045379.json,output/revision_instrumentation/pairs/granite33_2b-gsm8k-c3-s113/pair-5045379.json,92cd0c14334ab84d718fc3bdb03ae150f064654d
run-b29283ef057ce00e,cfg-cd3974595f9db882,boundary,v2cf-confirm-qwen25_3b-grpo-gsm8k_long-c1-s41,41,4935516,,,within_margin,1,1,21560.0,21560.0,228.0,idle,,profiles/standard_grpo/boundary-trials.csv,output/benchmark_v2_cross_family_confirmatory/v2cf-confirm-qwen25_3b-grpo-gsm8k_long-c1-s41/trial-4935516.json,output/benchmark_v2_cross_family_confirmatory/v2cf-confirm-qwen25_3b-grpo-gsm8k_long-c1-s41/training-4935516.log,output/benchmark_v2_cross_family_confirmatory/v2cf-confirm-qwen25_3b-grpo-gsm8k_long-c1-s41/phase-memory-4935516.csv,output/benchmark_v2_cross_family_confirmatory/v2cf-confirm-qwen25_3b-grpo-gsm8k_long-c1-s41/gpu-telemetry-4935516.csv,output/benchmark_v2_cross_family_confirmatory/v2cf-confirm-qwen25_3b-grpo-gsm8k_long-c1-s41/environment-4935516.json,,
run-b2b23d0550d2032f,cfg-5c14e44760909675,state_release,strong-node-qwen25_1p5b-grpo-math-near_boundary-s83-p2-release,83,5031046,strong-node-qwen25_1p5b-grpo-math-near_boundary-s83,2,within_margin,1,1,34208.0,34208.0,205.0,idle,,profiles/standard_grpo/same-node-trials.csv,output/strengthening_same_node_residency/strong-node-qwen25_1p5b-grpo-math-near_boundary-s83-p2-release/trial-5031046.json,output/strengthening_same_node_residency/strong-node-qwen25_1p5b-grpo-math-near_boundary-s83-p2-release/training-5031046.log,output/strengthening_same_node_residency/strong-node-qwen25_1p5b-grpo-math-near_boundary-s83-p2-release/phase-memory-5031046.csv,output/strengthening_same_node_residency/strong-node-qwen25_1p5b-grpo-math-near_boundary-s83-p2-release/gpu-telemetry-5031046.csv,output/strengthening_same_node_residency/strong-node-qwen25_1p5b-grpo-math-near_boundary-s83-p2-release/environment-5031046.json,,
run-b2b5911434321804,cfg-7f23cab692546e3f,boundary,strong-granite-confirmatory-grpo-code_standard-c5-s91,91,5031308,,,memory_failure,0,1,7780.0,,97.0,initializing,rollout_init_memory,profiles/standard_grpo/boundary-trials.csv,output/strengthening_granite_confirmatory/strong-granite-confirmatory-grpo-code_standard-c5-s91/trial-5031308.json,output/strengthening_granite_confirmatory/strong-granite-confirmatory-grpo-code_standard-c5-s91/training-5031308.log,output/strengthening_granite_confirmatory/strong-granite-confirmatory-grpo-code_standard-c5-s91/phase-memory-5031308.csv,output/strengthening_granite_confirmatory/strong-granite-confirmatory-grpo-code_standard-c5-s91/gpu-telemetry-5031308.csv,output/strengthening_granite_confirmatory/strong-granite-confirmatory-grpo-code_standard-c5-s91/environment-5031308.json,,
run-b2d0b2735023ffe5,cfg-872fe55d8f69b30c,temporal_40,v2time-grpo-math-qwen25_1p5b-near_boundary-s42,42,4946292,,,within_margin,1,40,34582.0,34582.0,5805.0,idle,,profiles/standard_grpo/temporal-40-trials.csv,output/benchmark_v2_temporal_confirmatory/v2time-grpo-math-qwen25_1p5b-near_boundary-s42/trial-4946292.json,output/benchmark_v2_temporal_confirmatory/v2time-grpo-math-qwen25_1p5b-near_boundary-s42/training-4946292.log,output/benchmark_v2_temporal_confirmatory/v2time-grpo-math-qwen25_1p5b-near_boundary-s42/phase-memory-4946292.csv,output/benchmark_v2_temporal_confirmatory/v2time-grpo-math-qwen25_1p5b-near_boundary-s42/gpu-telemetry-4946292.csv,output/benchmark_v2_temporal_confirmatory/v2time-grpo-math-qwen25_1p5b-near_boundary-s42/environment-4946292.json,,
run-b331a17a3965b10a,cfg-7a9a974958c57abc,boundary,v2cf-confirm-qwen25_3b-grpo-gsm8k_long-c3-s41,41,4935815,,,within_margin,1,1,37140.0,37140.0,184.0,idle,,profiles/standard_grpo/boundary-trials.csv,output/benchmark_v2_cross_family_confirmatory/v2cf-confirm-qwen25_3b-grpo-gsm8k_long-c3-s41/trial-4935815.json,output/benchmark_v2_cross_family_confirmatory/v2cf-confirm-qwen25_3b-grpo-gsm8k_long-c3-s41/training-4935815.log,output/benchmark_v2_cross_family_confirmatory/v2cf-confirm-qwen25_3b-grpo-gsm8k_long-c3-s41/phase-memory-4935815.csv,output/benchmark_v2_cross_family_confirmatory/v2cf-confirm-qwen25_3b-grpo-gsm8k_long-c3-s41/gpu-telemetry-4935815.csv,output/benchmark_v2_cross_family_confirmatory/v2cf-confirm-qwen25_3b-grpo-gsm8k_long-c3-s41/environment-4935815.json,,
run-b383b6edd3ea3b0b,cfg-b56fb353c2f2fa3e,boundary,strong-granite-confirmatory-grpo-math_short-c0-s92,92,5031330,,,within_margin,1,1,19418.0,19418.0,305.0,idle,,profiles/standard_grpo/boundary-trials.csv,output/strengthening_granite_confirmatory/strong-granite-confirmatory-grpo-math_short-c0-s92/trial-5031330.json,output/strengthening_granite_confirmatory/strong-granite-confirmatory-grpo-math_short-c0-s92/training-5031330.log,output/strengthening_granite_confirmatory/strong-granite-confirmatory-grpo-math_short-c0-s92/phase-memory-5031330.csv,output/strengthening_granite_confirmatory/strong-granite-confirmatory-grpo-math_short-c0-s92/gpu-telemetry-5031330.csv,output/strengthening_granite_confirmatory/strong-granite-confirmatory-grpo-math_short-c0-s92/environment-5031330.json,,
run-b38b9aed5e1ded54,cfg-7df2428553b76877,boundary,mr-xm-confirm-phi4_mini-grpo-code_heavy_tail-c4-s51,51,5003967,,,memory_failure,0,1,14790.0,,103.0,initializing,rollout_init_memory,profiles/standard_grpo/boundary-trials.csv,output/major_revision_cross_model_confirmatory/mr-xm-confirm-phi4_mini-grpo-code_heavy_tail-c4-s51/trial-5003967.json,output/major_revision_cross_model_confirmatory/mr-xm-confirm-phi4_mini-grpo-code_heavy_tail-c4-s51/training-5003967.log,output/major_revision_cross_model_confirmatory/mr-xm-confirm-phi4_mini-grpo-code_heavy_tail-c4-s51/phase-memory-5003967.csv,output/major_revision_cross_model_confirmatory/mr-xm-confirm-phi4_mini-grpo-code_heavy_tail-c4-s51/gpu-telemetry-5003967.csv,output/major_revision_cross_model_confirmatory/mr-xm-confirm-phi4_mini-grpo-code_heavy_tail-c4-s51/environment-5003967.json,,
run-b38c52a9b53beb98,cfg-a14ab647ea9728c0,instrumentation,rev-instrumentation-phi4_mini-gsm8k-c3-s112-external,112,5045357,phi4_mini-gsm8k-c3-s112,2,above_margin,1,1,39550.0,39550.0,207.0,idle,,profiles/standard_grpo/revision-instrumentation-trials.csv,output/revision_instrumentation/rev-instrumentation-phi4_mini-gsm8k-c3-s112-external/trial-5045357.json,output/revision_instrumentation/rev-instrumentation-phi4_mini-gsm8k-c3-s112-external/attempt-5045357/training-5045357.log,output/revision_instrumentation/rev-instrumentation-phi4_mini-gsm8k-c3-s112-external/attempt-5045357/phase-memory-5045357.csv,output/revision_instrumentation/rev-instrumentation-phi4_mini-gsm8k-c3-s112-external/attempt-5045357/gpu-telemetry-5045357.csv,output/revision_instrumentation/rev-instrumentation-phi4_mini-gsm8k-c3-s112-external/attempt-5045357/environment-5045357.json,output/revision_instrumentation/pairs/phi4_mini-gsm8k-c3-s112/pair-5045357.json,92cd0c14334ab84d718fc3bdb03ae150f064654d
run-b3bebcf0b0ad32e5,cfg-93d4f41e600c9079,boundary,strong-granite-confirmatory-grpo-code_heavy_tail-c4-s93,93,5031375,,,above_margin,1,1,40650.0,40650.0,203.0,idle,,profiles/standard_grpo/boundary-trials.csv,output/strengthening_granite_confirmatory/strong-granite-confirmatory-grpo-code_heavy_tail-c4-s93/trial-5031375.json,output/strengthening_granite_confirmatory/strong-granite-confirmatory-grpo-code_heavy_tail-c4-s93/training-5031375.log,output/strengthening_granite_confirmatory/strong-granite-confirmatory-grpo-code_heavy_tail-c4-s93/phase-memory-5031375.csv,output/strengthening_granite_confirmatory/strong-granite-confirmatory-grpo-code_heavy_tail-c4-s93/gpu-telemetry-5031375.csv,output/strengthening_granite_confirmatory/strong-granite-confirmatory-grpo-code_heavy_tail-c4-s93/environment-5031375.json,,
run-b43111e44ab90c3b,cfg-fd41285187ce3c5b,batch_reservation,strong-factorial-qwen25_3b-grpo-code_heavy_tail-actor_only-s96,96,5031988,,,within_margin,1,1,33386.0,33386.0,206.0,idle,,profiles/standard_grpo/factorial-trials.csv,output/strengthening_factorial/strong-factorial-qwen25_3b-grpo-code_heavy_tail-actor_only-s96/trial-5031988.json,output/strengthening_factorial/strong-factorial-qwen25_3b-grpo-code_heavy_tail-actor_only-s96/training-5031988.log,output/strengthening_factorial/strong-factorial-qwen25_3b-grpo-code_heavy_tail-actor_only-s96/phase-memory-5031988.csv,output/strengthening_factorial/strong-factorial-qwen25_3b-grpo-code_heavy_tail-actor_only-s96/gpu-telemetry-5031988.csv,output/strengthening_factorial/strong-factorial-qwen25_3b-grpo-code_heavy_tail-actor_only-s96/environment-5031988.json,,
run-b4916f4377022693,cfg-a8e7e878a371de68,batch_reservation,strong-factorial-phi4_mini-grpo-code_standard-base-s95,95,5031746,,,within_margin,1,1,35958.0,35958.0,217.0,idle,,profiles/standard_grpo/factorial-trials.csv,output/strengthening_factorial/strong-factorial-phi4_mini-grpo-code_standard-base-s95/trial-5031746.json,output/strengthening_factorial/strong-factorial-phi4_mini-grpo-code_standard-base-s95/training-5031746.log,output/strengthening_factorial/strong-factorial-phi4_mini-grpo-code_standard-base-s95/phase-memory-5031746.csv,output/strengthening_factorial/strong-factorial-phi4_mini-grpo-code_standard-base-s95/gpu-telemetry-5031746.csv,output/strengthening_factorial/strong-factorial-phi4_mini-grpo-code_standard-base-s95/environment-5031746.json,,
run-b4a7ae8f4cebf772,cfg-a9973fa41ccc608d,batch_logging_control,review-control-phi4_mini-gsm8k-s122-full_b8,122,5048577,phi4_mini-gsm8k-s122,4,within_margin,1,1,35518.0,35518.0,220.0,idle,,profiles/review_revision/control-trials.csv,output/review_instrumentation_batch/review-control-phi4_mini-gsm8k-s122-full_b8/trial-5048577.json,output/review_instrumentation_batch/review-control-phi4_mini-gsm8k-s122-full_b8/attempt-5048577/training-5048577.log,output/review_instrumentation_batch/review-control-phi4_mini-gsm8k-s122-full_b8/attempt-5048577/phase-memory-5048577.csv,output/review_instrumentation_batch/review-control-phi4_mini-gsm8k-s122-full_b8/attempt-5048577/gpu-telemetry-5048577.csv,output/review_instrumentation_batch/review-control-phi4_mini-gsm8k-s122-full_b8/attempt-5048577/environment-5048577.json,output/review_instrumentation_batch/pairs/phi4_mini-gsm8k-s122/pair-5048577.json,018992850a9514b6dfd0d81a8060d7f8a98a89fa
run-b4bdae244de61402,cfg-a988dbb2ba8e6b83,temporal_100,strong-time-grpo-math-qwen25_1p5b-safe_margin-s93,93,5033779,,,within_margin,1,100,29140.0,29140.0,14583.0,validation,,profiles/standard_grpo/temporal-100-trials.csv,output/strengthening_temporal_phases/strong-time-grpo-math-qwen25_1p5b-safe_margin-s93/trial-5033779.json,output/strengthening_temporal_phases/strong-time-grpo-math-qwen25_1p5b-safe_margin-s93/training-5033779.log,output/strengthening_temporal_phases/strong-time-grpo-math-qwen25_1p5b-safe_margin-s93/phase-memory-5033779.csv,output/strengthening_temporal_phases/strong-time-grpo-math-qwen25_1p5b-safe_margin-s93/gpu-telemetry-5033779.csv,output/strengthening_temporal_phases/strong-time-grpo-math-qwen25_1p5b-safe_margin-s93/environment-5033779.json,,
run-b604667ef9f31a2c,cfg-95d55e94877f1b88,sampling_calibration,v2tel-07-qwen25_3b-grpo-math-safe_margin-100ms,53,4935311,v2tel-07-qwen25_3b-grpo-math-safe_margin,,within_margin,1,1,22340.0,22340.0,487.0,idle,,profiles/standard_grpo/telemetry-trials.csv,output/benchmark_v2_telemetry_calibration/v2tel-07-qwen25_3b-grpo-math-safe_margin-100ms/trial-4935311.json,output/benchmark_v2_telemetry_calibration/v2tel-07-qwen25_3b-grpo-math-safe_margin-100ms/training-4935311.log,output/benchmark_v2_telemetry_calibration/v2tel-07-qwen25_3b-grpo-math-safe_margin-100ms/phase-memory-4935311.csv,output/benchmark_v2_telemetry_calibration/v2tel-07-qwen25_3b-grpo-math-safe_margin-100ms/gpu-telemetry-4935311.csv,output/benchmark_v2_telemetry_calibration/v2tel-07-qwen25_3b-grpo-math-safe_margin-100ms/environment-4935311.json,,
run-b6051c1696c16d90,cfg-bae2977da7957f72,boundary,strong-granite-confirmatory-grpo-code_standard-c0-s91,91,5031410,,,within_margin,1,1,19070.0,19070.0,247.0,idle,,profiles/standard_grpo/boundary-trials.csv,output/strengthening_granite_confirmatory/strong-granite-confirmatory-grpo-code_standard-c0-s91/trial-5031410.json,output/strengthening_granite_confirmatory/strong-granite-confirmatory-grpo-code_standard-c0-s91/training-5031410.log,output/strengthening_granite_confirmatory/strong-granite-confirmatory-grpo-code_standard-c0-s91/phase-memory-5031410.csv,output/strengthening_granite_confirmatory/strong-granite-confirmatory-grpo-code_standard-c0-s91/gpu-telemetry-5031410.csv,output/strengthening_granite_confirmatory/strong-granite-confirmatory-grpo-code_standard-c0-s91/environment-5031410.json,,
run-b6231a02cf307732,cfg-bf9ce8082ed7a2d9,batch_reservation,strong-factorial-qwen25_3b-grpo-code_heavy_tail-base-s94,94,5031981,,,within_margin,1,1,33430.0,33430.0,204.0,idle,,profiles/standard_grpo/factorial-trials.csv,output/strengthening_factorial/strong-factorial-qwen25_3b-grpo-code_heavy_tail-base-s94/trial-5031981.json,output/strengthening_factorial/strong-factorial-qwen25_3b-grpo-code_heavy_tail-base-s94/training-5031981.log,output/strengthening_factorial/strong-factorial-qwen25_3b-grpo-code_heavy_tail-base-s94/phase-memory-5031981.csv,output/strengthening_factorial/strong-factorial-qwen25_3b-grpo-code_heavy_tail-base-s94/gpu-telemetry-5031981.csv,output/strengthening_factorial/strong-factorial-qwen25_3b-grpo-code_heavy_tail-base-s94/environment-5031981.json,,
run-b75c7a58aecd0ad3,cfg-3dc042a103546eac,boundary,strong-granite-confirmatory-grpo-code_heavy_tail-c5-s93,93,5031397,,,memory_failure,0,1,7780.0,,99.0,initializing,rollout_init_memory,profiles/standard_grpo/boundary-trials.csv,output/strengthening_granite_confirmatory/strong-granite-confirmatory-grpo-code_heavy_tail-c5-s93/trial-5031397.json,output/strengthening_granite_confirmatory/strong-granite-confirmatory-grpo-code_heavy_tail-c5-s93/training-5031397.log,output/strengthening_granite_confirmatory/strong-granite-confirmatory-grpo-code_heavy_tail-c5-s93/phase-memory-5031397.csv,output/strengthening_granite_confirmatory/strong-granite-confirmatory-grpo-code_heavy_tail-c5-s93/gpu-telemetry-5031397.csv,output/strengthening_granite_confirmatory/strong-granite-confirmatory-grpo-code_heavy_tail-c5-s93/environment-5031397.json,,
run-b7dfe88f55fd6aef,cfg-c5eec07ea9371c25,batch_reservation,strong-factorial-phi4_mini-grpo-code_heavy_tail-actor_only-s94,94,5031706,,,within_margin,1,1,35958.0,35958.0,216.0,idle,,profiles/standard_grpo/factorial-trials.csv,output/strengthening_factorial/strong-factorial-phi4_mini-grpo-code_heavy_tail-actor_only-s94/trial-5031706.json,output/strengthening_factorial/strong-factorial-phi4_mini-grpo-code_heavy_tail-actor_only-s94/training-5031706.log,output/strengthening_factorial/strong-factorial-phi4_mini-grpo-code_heavy_tail-actor_only-s94/phase-memory-5031706.csv,output/strengthening_factorial/strong-factorial-phi4_mini-grpo-code_heavy_tail-actor_only-s94/gpu-telemetry-5031706.csv,output/strengthening_factorial/strong-factorial-phi4_mini-grpo-code_heavy_tail-actor_only-s94/environment-5031706.json,,
run-b81c24dd1ee30d1b,cfg-d138048feeb8fe5d,boundary,v2cf-confirm-phi4_mini-grpo-math_short-c4-s41,41,4936326,,,memory_failure,0,1,14790.0,,121.0,initializing,rollout_init_memory,profiles/standard_grpo/boundary-trials.csv,output/benchmark_v2_cross_family_confirmatory/v2cf-confirm-phi4_mini-grpo-math_short-c4-s41/trial-4936326.json,output/benchmark_v2_cross_family_confirmatory/v2cf-confirm-phi4_mini-grpo-math_short-c4-s41/training-4936326.log,output/benchmark_v2_cross_family_confirmatory/v2cf-confirm-phi4_mini-grpo-math_short-c4-s41/phase-memory-4936326.csv,output/benchmark_v2_cross_family_confirmatory/v2cf-confirm-phi4_mini-grpo-math_short-c4-s41/gpu-telemetry-4936326.csv,output/benchmark_v2_cross_family_confirmatory/v2cf-confirm-phi4_mini-grpo-math_short-c4-s41/environment-4936326.json,,
run-b82e73d0d30a3d04,cfg-e2763ffc8afa3602,batch_reservation,strong-factorial-granite33_2b-grpo-gsm8k_long-reservation_only-s96,96,5031400,,,within_margin,1,1,36302.0,36302.0,197.0,idle,,profiles/standard_grpo/factorial-trials.csv,output/strengthening_factorial/strong-factorial-granite33_2b-grpo-gsm8k_long-reservation_only-s96/trial-5031400.json,output/strengthening_factorial/strong-factorial-granite33_2b-grpo-gsm8k_long-reservation_only-s96/training-5031400.log,output/strengthening_factorial/strong-factorial-granite33_2b-grpo-gsm8k_long-reservation_only-s96/phase-memory-5031400.csv,output/strengthening_factorial/strong-factorial-granite33_2b-grpo-gsm8k_long-reservation_only-s96/gpu-telemetry-5031400.csv,output/strengthening_factorial/strong-factorial-granite33_2b-grpo-gsm8k_long-reservation_only-s96/environment-5031400.json,,
run-b88da0fed340722e,cfg-9c461415e6bb9702,boundary,mr-xm-confirm-phi4_mini-grpo-code_standard-c0-s51,51,5001892,,,within_margin,1,1,26036.0,26036.0,277.0,idle,,profiles/standard_grpo/boundary-trials.csv,output/major_revision_cross_model_confirmatory/mr-xm-confirm-phi4_mini-grpo-code_standard-c0-s51/trial-5001892.json,output/major_revision_cross_model_confirmatory/mr-xm-confirm-phi4_mini-grpo-code_standard-c0-s51/training-5001892.log,output/major_revision_cross_model_confirmatory/mr-xm-confirm-phi4_mini-grpo-code_standard-c0-s51/phase-memory-5001892.csv,output/major_revision_cross_model_confirmatory/mr-xm-confirm-phi4_mini-grpo-code_standard-c0-s51/gpu-telemetry-5001892.csv,output/major_revision_cross_model_confirmatory/mr-xm-confirm-phi4_mini-grpo-code_standard-c0-s51/environment-5001892.json,,
run-bbbacde9e32fa97e,cfg-cc2c35944156e5d4,four_gpu,rev-topology-qwen25_3b-gsm8k-c3-s113-four_gpu,113,5045296,qwen25_3b-gsm8k-c3-s113,1,within_margin,1,1,33872.0,33872.0,211.0,idle,,profiles/standard_grpo/revision-topology-trials.csv,output/revision_topology/rev-topology-qwen25_3b-gsm8k-c3-s113-four_gpu/trial-5045296.json,output/revision_topology/rev-topology-qwen25_3b-gsm8k-c3-s113-four_gpu/attempt-5045296/training-5045296.log,output/revision_topology/rev-topology-qwen25_3b-gsm8k-c3-s113-four_gpu/attempt-5045296/phase-memory-5045296.csv,output/revision_topology/rev-topology-qwen25_3b-gsm8k-c3-s113-four_gpu/attempt-5045296/gpu-telemetry-5045296.csv,output/revision_topology/rev-topology-qwen25_3b-gsm8k-c3-s113-four_gpu/attempt-5045296/environment-5045296.json,output/revision_topology/pairs/qwen25_3b-gsm8k-c3-s113/pair-5045296.json,b602c1ca41c1ab6d45a5a50885af86cfed90d0d6
run-be71851f7d9212c5,cfg-5047dff55c13e55f,batch_reservation,strong-factorial-qwen25_3b-grpo-gsm8k-base-s94,94,5032028,,,within_margin,1,1,33108.0,33108.0,212.0,idle,,profiles/standard_grpo/factorial-trials.csv,output/strengthening_factorial/strong-factorial-qwen25_3b-grpo-gsm8k-base-s94/trial-5032028.json,output/strengthening_factorial/strong-factorial-qwen25_3b-grpo-gsm8k-base-s94/training-5032028.log,output/strengthening_factorial/strong-factorial-qwen25_3b-grpo-gsm8k-base-s94/phase-memory-5032028.csv,output/strengthening_factorial/strong-factorial-qwen25_3b-grpo-gsm8k-base-s94/gpu-telemetry-5032028.csv,output/strengthening_factorial/strong-factorial-qwen25_3b-grpo-gsm8k-base-s94/environment-5032028.json,,
run-be8120c20d0b390e,cfg-89ca48ce88ea694e,boundary,mr-xm-confirm-phi4_mini-grpo-code_heavy_tail-c3-s52,52,5003957,,,above_margin,1,1,40010.0,40010.0,210.0,idle,,profiles/standard_grpo/boundary-trials.csv,output/major_revision_cross_model_confirmatory/mr-xm-confirm-phi4_mini-grpo-code_heavy_tail-c3-s52/trial-5003957.json,output/major_revision_cross_model_confirmatory/mr-xm-confirm-phi4_mini-grpo-code_heavy_tail-c3-s52/training-5003957.log,output/major_revision_cross_model_confirmatory/mr-xm-confirm-phi4_mini-grpo-code_heavy_tail-c3-s52/phase-memory-5003957.csv,output/major_revision_cross_model_confirmatory/mr-xm-confirm-phi4_mini-grpo-code_heavy_tail-c3-s52/gpu-telemetry-5003957.csv,output/major_revision_cross_model_confirmatory/mr-xm-confirm-phi4_mini-grpo-code_heavy_tail-c3-s52/environment-5003957.json,,
run-c05f93a718bc11c4,cfg-96ccf395b84393f7,boundary,v2cf-confirm-phi4_mini-grpo-gsm8k_long-c2-s41,41,4936179,,,within_margin,1,1,35538.0,35538.0,195.0,idle,,profiles/standard_grpo/boundary-trials.csv,output/benchmark_v2_cross_family_confirmatory/v2cf-confirm-phi4_mini-grpo-gsm8k_long-c2-s41/trial-4936179.json,output/benchmark_v2_cross_family_confirmatory/v2cf-confirm-phi4_mini-grpo-gsm8k_long-c2-s41/training-4936179.log,output/benchmark_v2_cross_family_confirmatory/v2cf-confirm-phi4_mini-grpo-gsm8k_long-c2-s41/phase-memory-4936179.csv,output/benchmark_v2_cross_family_confirmatory/v2cf-confirm-phi4_mini-grpo-gsm8k_long-c2-s41/gpu-telemetry-4936179.csv,output/benchmark_v2_cross_family_confirmatory/v2cf-confirm-phi4_mini-grpo-gsm8k_long-c2-s41/environment-4936179.json,,
run-c06f5724c4fb11d3,cfg-cd3974595f9db882,boundary,v2cf-confirm-qwen25_3b-grpo-gsm8k_long-c1-s42,42,4935523,,,within_margin,1,1,21560.0,21560.0,224.0,idle,,profiles/standard_grpo/boundary-trials.csv,output/benchmark_v2_cross_family_confirmatory/v2cf-confirm-qwen25_3b-grpo-gsm8k_long-c1-s42/trial-4935523.json,output/benchmark_v2_cross_family_confirmatory/v2cf-confirm-qwen25_3b-grpo-gsm8k_long-c1-s42/training-4935523.log,output/benchmark_v2_cross_family_confirmatory/v2cf-confirm-qwen25_3b-grpo-gsm8k_long-c1-s42/phase-memory-4935523.csv,output/benchmark_v2_cross_family_confirmatory/v2cf-confirm-qwen25_3b-grpo-gsm8k_long-c1-s42/gpu-telemetry-4935523.csv,output/benchmark_v2_cross_family_confirmatory/v2cf-confirm-qwen25_3b-grpo-gsm8k_long-c1-s42/environment-4935523.json,,
run-c0f90c2b436767fa,cfg-f439d2dd90137a80,four_gpu,rev-topology-granite33_2b-gsm8k-c4-s112-four_gpu,112,5045398,granite33_2b-gsm8k-c4-s112,1,within_margin,1,1,37740.0,37740.0,207.0,idle,,profiles/standard_grpo/revision-topology-trials.csv,output/revision_topology/rev-topology-granite33_2b-gsm8k-c4-s112-four_gpu/trial-5045398.json,output/revision_topology/rev-topology-granite33_2b-gsm8k-c4-s112-four_gpu/attempt-5045398/training-5045398.log,output/revision_topology/rev-topology-granite33_2b-gsm8k-c4-s112-four_gpu/attempt-5045398/phase-memory-5045398.csv,output/revision_topology/rev-topology-granite33_2b-gsm8k-c4-s112-four_gpu/attempt-5045398/gpu-telemetry-5045398.csv,output/revision_topology/rev-topology-granite33_2b-gsm8k-c4-s112-four_gpu/attempt-5045398/environment-5045398.json,output/revision_topology/pairs/granite33_2b-gsm8k-c4-s112/pair-5045398.json,b602c1ca41c1ab6d45a5a50885af86cfed90d0d6
run-c17a3de1776db1a4,cfg-fd5bb0db68b0dae3,boundary,strong-granite-confirmatory-grpo-gsm8k_long-c0-s93,93,5031220,,,within_margin,1,1,19050.0,19050.0,256.0,idle,,profiles/standard_grpo/boundary-trials.csv,output/strengthening_granite_confirmatory/strong-granite-confirmatory-grpo-gsm8k_long-c0-s93/trial-5031220.json,output/strengthening_granite_confirmatory/strong-granite-confirmatory-grpo-gsm8k_long-c0-s93/training-5031220.log,output/strengthening_granite_confirmatory/strong-granite-confirmatory-grpo-gsm8k_long-c0-s93/phase-memory-5031220.csv,output/strengthening_granite_confirmatory/strong-granite-confirmatory-grpo-gsm8k_long-c0-s93/gpu-telemetry-5031220.csv,output/strengthening_granite_confirmatory/strong-granite-confirmatory-grpo-gsm8k_long-c0-s93/environment-5031220.json,,
run-c1aa231a59c5ad45,cfg-1432bb8a4d9c3b8c,four_gpu,rev-topology-phi4_mini-math-c4-s112-four_gpu,112,5045382,phi4_mini-math-c4-s112,1,above_margin,1,1,40236.0,40236.0,219.0,idle,,profiles/standard_grpo/revision-topology-trials.csv,output/revision_topology/rev-topology-phi4_mini-math-c4-s112-four_gpu/trial-5045382.json,output/revision_topology/rev-topology-phi4_mini-math-c4-s112-four_gpu/attempt-5045382/training-5045382.log,output/revision_topology/rev-topology-phi4_mini-math-c4-s112-four_gpu/attempt-5045382/phase-memory-5045382.csv,output/revision_topology/rev-topology-phi4_mini-math-c4-s112-four_gpu/attempt-5045382/gpu-telemetry-5045382.csv,output/revision_topology/rev-topology-phi4_mini-math-c4-s112-four_gpu/attempt-5045382/environment-5045382.json,output/revision_topology/pairs/phi4_mini-math-c4-s112/pair-5045382.json,b602c1ca41c1ab6d45a5a50885af86cfed90d0d6
run-c1b20077e7ccc9a1,cfg-b5007322fb2e1772,boundary,mr-xm-confirm-qwen25_3b-grpo-code_heavy_tail-c0-s52,52,4999504,,,within_margin,1,1,21542.0,21542.0,257.0,idle,,profiles/standard_grpo/boundary-trials.csv,output/major_revision_cross_model_confirmatory/mr-xm-confirm-qwen25_3b-grpo-code_heavy_tail-c0-s52/trial-4999504.json,output/major_revision_cross_model_confirmatory/mr-xm-confirm-qwen25_3b-grpo-code_heavy_tail-c0-s52/training-4999504.log,output/major_revision_cross_model_confirmatory/mr-xm-confirm-qwen25_3b-grpo-code_heavy_tail-c0-s52/phase-memory-4999504.csv,output/major_revision_cross_model_confirmatory/mr-xm-confirm-qwen25_3b-grpo-code_heavy_tail-c0-s52/gpu-telemetry-4999504.csv,output/major_revision_cross_model_confirmatory/mr-xm-confirm-qwen25_3b-grpo-code_heavy_tail-c0-s52/environment-4999504.json,,
run-c1fcc3ba9b50d596,cfg-5244d13eac3116ad,boundary,v2cf-confirm-qwen25_3b-grpo-gsm8k_long-c0-s42,42,4935735,,,within_margin,1,1,21560.0,21560.0,247.0,idle,,profiles/standard_grpo/boundary-trials.csv,output/benchmark_v2_cross_family_confirmatory/v2cf-confirm-qwen25_3b-grpo-gsm8k_long-c0-s42/trial-4935735.json,output/benchmark_v2_cross_family_confirmatory/v2cf-confirm-qwen25_3b-grpo-gsm8k_long-c0-s42/training-4935735.log,output/benchmark_v2_cross_family_confirmatory/v2cf-confirm-qwen25_3b-grpo-gsm8k_long-c0-s42/phase-memory-4935735.csv,output/benchmark_v2_cross_family_confirmatory/v2cf-confirm-qwen25_3b-grpo-gsm8k_long-c0-s42/gpu-telemetry-4935735.csv,output/benchmark_v2_cross_family_confirmatory/v2cf-confirm-qwen25_3b-grpo-gsm8k_long-c0-s42/environment-4935735.json,,
run-c1fed50785307d75,cfg-55811d23c5144bb7,boundary,v2cf-confirm-qwen25_3b-grpo-math_short-c4-s41,41,4935966,,,memory_failure,0,1,40956.0,,131.0,initializing,rollout_init_memory,profiles/standard_grpo/boundary-trials.csv,output/benchmark_v2_cross_family_confirmatory/v2cf-confirm-qwen25_3b-grpo-math_short-c4-s41/trial-4935966.json,output/benchmark_v2_cross_family_confirmatory/v2cf-confirm-qwen25_3b-grpo-math_short-c4-s41/training-4935966.log,output/benchmark_v2_cross_family_confirmatory/v2cf-confirm-qwen25_3b-grpo-math_short-c4-s41/phase-memory-4935966.csv,output/benchmark_v2_cross_family_confirmatory/v2cf-confirm-qwen25_3b-grpo-math_short-c4-s41/gpu-telemetry-4935966.csv,output/benchmark_v2_cross_family_confirmatory/v2cf-confirm-qwen25_3b-grpo-math_short-c4-s41/environment-4935966.json,,
run-c2858d4c72a27981,cfg-ea5a23a40ad5ca50,boundary,mr-xm-confirm-qwen25_3b-grpo-code_standard-c4-s51,51,4999419,,,memory_failure,0,1,40812.0,,174.0,rollout,rollout_oom,profiles/standard_grpo/boundary-trials.csv,output/major_revision_cross_model_confirmatory/mr-xm-confirm-qwen25_3b-grpo-code_standard-c4-s51/trial-4999419.json,output/major_revision_cross_model_confirmatory/mr-xm-confirm-qwen25_3b-grpo-code_standard-c4-s51/training-4999419.log,output/major_revision_cross_model_confirmatory/mr-xm-confirm-qwen25_3b-grpo-code_standard-c4-s51/phase-memory-4999419.csv,output/major_revision_cross_model_confirmatory/mr-xm-confirm-qwen25_3b-grpo-code_standard-c4-s51/gpu-telemetry-4999419.csv,output/major_revision_cross_model_confirmatory/mr-xm-confirm-qwen25_3b-grpo-code_standard-c4-s51/environment-4999419.json,,
run-c33938745c45d43a,cfg-57f3e6381e2a814a,batch_reservation,strong-factorial-phi4_mini-grpo-gsm8k-actor_only-s96,96,5031796,,,within_margin,1,1,35538.0,35538.0,200.0,idle,,profiles/standard_grpo/factorial-trials.csv,output/strengthening_factorial/strong-factorial-phi4_mini-grpo-gsm8k-actor_only-s96/trial-5031796.json,output/strengthening_factorial/strong-factorial-phi4_mini-grpo-gsm8k-actor_only-s96/training-5031796.log,output/strengthening_factorial/strong-factorial-phi4_mini-grpo-gsm8k-actor_only-s96/phase-memory-5031796.csv,output/strengthening_factorial/strong-factorial-phi4_mini-grpo-gsm8k-actor_only-s96/gpu-telemetry-5031796.csv,output/strengthening_factorial/strong-factorial-phi4_mini-grpo-gsm8k-actor_only-s96/environment-5031796.json,,
run-c3446afcc2d72038,cfg-3fb18b33cd9f8bcf,state_release,strong-node-qwen25_3b-grpo-math-near_boundary-s82-p2-release,82,5031126,strong-node-qwen25_3b-grpo-math-near_boundary-s82,2,within_margin,1,1,36056.0,36056.0,292.0,idle,,profiles/standard_grpo/same-node-trials.csv,output/strengthening_same_node_residency/strong-node-qwen25_3b-grpo-math-near_boundary-s82-p2-release/trial-5031126.json,output/strengthening_same_node_residency/strong-node-qwen25_3b-grpo-math-near_boundary-s82-p2-release/training-5031126.log,output/strengthening_same_node_residency/strong-node-qwen25_3b-grpo-math-near_boundary-s82-p2-release/phase-memory-5031126.csv,output/strengthening_same_node_residency/strong-node-qwen25_3b-grpo-math-near_boundary-s82-p2-release/gpu-telemetry-5031126.csv,output/strengthening_same_node_residency/strong-node-qwen25_3b-grpo-math-near_boundary-s82-p2-release/environment-5031126.json,,
run-c3990bbf58cf59ac,cfg-b68e9036992511d4,state_release,strong-node-qwen25_3b-grpo-math-safe_margin-s81-p1-resident,81,5031603,strong-node-qwen25_3b-grpo-math-safe_margin-s81,1,within_margin,1,1,31696.0,31696.0,484.0,idle,,profiles/standard_grpo/same-node-trials.csv,output/strengthening_same_node_residency/strong-node-qwen25_3b-grpo-math-safe_margin-s81-p1-resident/trial-5031603.json,output/strengthening_same_node_residency/strong-node-qwen25_3b-grpo-math-safe_margin-s81-p1-resident/training-5031603.log,output/strengthening_same_node_residency/strong-node-qwen25_3b-grpo-math-safe_margin-s81-p1-resident/phase-memory-5031603.csv,output/strengthening_same_node_residency/strong-node-qwen25_3b-grpo-math-safe_margin-s81-p1-resident/gpu-telemetry-5031603.csv,output/strengthening_same_node_residency/strong-node-qwen25_3b-grpo-math-safe_margin-s81-p1-resident/environment-5031603.json,,
run-c41a226bcf33a96f,cfg-338d9224eb9d2f3a,boundary,v2cf-confirm-qwen25_3b-grpo-gsm8k_long-c2-s41,41,4935808,,,within_margin,1,1,33108.0,33108.0,201.0,idle,,profiles/standard_grpo/boundary-trials.csv,output/benchmark_v2_cross_family_confirmatory/v2cf-confirm-qwen25_3b-grpo-gsm8k_long-c2-s41/trial-4935808.json,output/benchmark_v2_cross_family_confirmatory/v2cf-confirm-qwen25_3b-grpo-gsm8k_long-c2-s41/training-4935808.log,output/benchmark_v2_cross_family_confirmatory/v2cf-confirm-qwen25_3b-grpo-gsm8k_long-c2-s41/phase-memory-4935808.csv,output/benchmark_v2_cross_family_confirmatory/v2cf-confirm-qwen25_3b-grpo-gsm8k_long-c2-s41/gpu-telemetry-4935808.csv,output/benchmark_v2_cross_family_confirmatory/v2cf-confirm-qwen25_3b-grpo-gsm8k_long-c2-s41/environment-4935808.json,,
run-c4211690a14a8072,cfg-db87c67536995ab0,boundary,mr-xm-confirm-qwen25_3b-grpo-code_standard-c1-s51,51,4999240,,,within_margin,1,1,21540.0,21540.0,215.0,idle,,profiles/standard_grpo/boundary-trials.csv,output/major_revision_cross_model_confirmatory/mr-xm-confirm-qwen25_3b-grpo-code_standard-c1-s51/trial-4999240.json,output/major_revision_cross_model_confirmatory/mr-xm-confirm-qwen25_3b-grpo-code_standard-c1-s51/training-4999240.log,output/major_revision_cross_model_confirmatory/mr-xm-confirm-qwen25_3b-grpo-code_standard-c1-s51/phase-memory-4999240.csv,output/major_revision_cross_model_confirmatory/mr-xm-confirm-qwen25_3b-grpo-code_standard-c1-s51/gpu-telemetry-4999240.csv,output/major_revision_cross_model_confirmatory/mr-xm-confirm-qwen25_3b-grpo-code_standard-c1-s51/environment-4999240.json,,
run-c48030a2af4a0e7c,cfg-3171760c4182a3cf,horizon_followup,rev-temporal-phi4_mini-math-interpolated-s111-source,111,5045338,phi4_mini-math-interpolated-s111,1,within_margin,1,1,37968.0,37968.0,278.0,validation,,profiles/standard_grpo/revision-temporal-trials.csv,output/revision_temporal/rev-temporal-phi4_mini-math-interpolated-s111-source/trial-5045338.json,output/revision_temporal/rev-temporal-phi4_mini-math-interpolated-s111-source/attempt-5045338/training-5045338.log,output/revision_temporal/rev-temporal-phi4_mini-math-interpolated-s111-source/attempt-5045338/phase-memory-5045338.csv,output/revision_temporal/rev-temporal-phi4_mini-math-interpolated-s111-source/attempt-5045338/gpu-telemetry-5045338.csv,output/revision_temporal/rev-temporal-phi4_mini-math-interpolated-s111-source/attempt-5045338/environment-5045338.json,output/revision_temporal/pairs/phi4_mini-math-interpolated-s111/pair-5045338.json,92f97eb8c6f49cccbcaaa7f9c58d57eab8de8755
run-c49a84e89922d298,cfg-d4a213515805a9a7,boundary,strong-granite-confirmatory-grpo-gsm8k_long-c1-s91,91,5031221,,,within_margin,1,1,21108.0,21108.0,209.0,idle,,profiles/standard_grpo/boundary-trials.csv,output/strengthening_granite_confirmatory/strong-granite-confirmatory-grpo-gsm8k_long-c1-s91/trial-5031221.json,output/strengthening_granite_confirmatory/strong-granite-confirmatory-grpo-gsm8k_long-c1-s91/training-5031221.log,output/strengthening_granite_confirmatory/strong-granite-confirmatory-grpo-gsm8k_long-c1-s91/phase-memory-5031221.csv,output/strengthening_granite_confirmatory/strong-granite-confirmatory-grpo-gsm8k_long-c1-s91/gpu-telemetry-5031221.csv,output/strengthening_granite_confirmatory/strong-granite-confirmatory-grpo-gsm8k_long-c1-s91/environment-5031221.json,,
run-c53b3eb973ecad5a,cfg-b3fe40f61c5686ea,state_release,strong-node-qwen25_1p5b-grpo-math-near_boundary-s83-p1-resident,83,5031046,strong-node-qwen25_1p5b-grpo-math-near_boundary-s83,1,memory_failure,0,1,40888.0,,187.0,actor_update,actor_update_oom,profiles/standard_grpo/same-node-trials.csv,output/strengthening_same_node_residency/strong-node-qwen25_1p5b-grpo-math-near_boundary-s83-p1-resident/trial-5031046.json,output/strengthening_same_node_residency/strong-node-qwen25_1p5b-grpo-math-near_boundary-s83-p1-resident/training-5031046.log,output/strengthening_same_node_residency/strong-node-qwen25_1p5b-grpo-math-near_boundary-s83-p1-resident/phase-memory-5031046.csv,output/strengthening_same_node_residency/strong-node-qwen25_1p5b-grpo-math-near_boundary-s83-p1-resident/gpu-telemetry-5031046.csv,output/strengthening_same_node_residency/strong-node-qwen25_1p5b-grpo-math-near_boundary-s83-p1-resident/environment-5031046.json,,
run-c55b0ccc21f5fe5d,cfg-ca5490162c750c31,state_release,strong-node-qwen25_1p5b-grpo-gsm8k-near_boundary-s81-p1-release,81,5031041,strong-node-qwen25_1p5b-grpo-gsm8k-near_boundary-s81,1,within_margin,1,1,33956.0,33956.0,189.0,idle,,profiles/standard_grpo/same-node-trials.csv,output/strengthening_same_node_residency/strong-node-qwen25_1p5b-grpo-gsm8k-near_boundary-s81-p1-release/trial-5031041.json,output/strengthening_same_node_residency/strong-node-qwen25_1p5b-grpo-gsm8k-near_boundary-s81-p1-release/training-5031041.log,output/strengthening_same_node_residency/strong-node-qwen25_1p5b-grpo-gsm8k-near_boundary-s81-p1-release/phase-memory-5031041.csv,output/strengthening_same_node_residency/strong-node-qwen25_1p5b-grpo-gsm8k-near_boundary-s81-p1-release/gpu-telemetry-5031041.csv,output/strengthening_same_node_residency/strong-node-qwen25_1p5b-grpo-gsm8k-near_boundary-s81-p1-release/environment-5031041.json,,
run-c601b173501df212,cfg-96ccf395b84393f7,boundary,v2cf-confirm-phi4_mini-grpo-gsm8k_long-c2-s42,42,4936181,,,within_margin,1,1,35518.0,35518.0,199.0,idle,,profiles/standard_grpo/boundary-trials.csv,output/benchmark_v2_cross_family_confirmatory/v2cf-confirm-phi4_mini-grpo-gsm8k_long-c2-s42/trial-4936181.json,output/benchmark_v2_cross_family_confirmatory/v2cf-confirm-phi4_mini-grpo-gsm8k_long-c2-s42/training-4936181.log,output/benchmark_v2_cross_family_confirmatory/v2cf-confirm-phi4_mini-grpo-gsm8k_long-c2-s42/phase-memory-4936181.csv,output/benchmark_v2_cross_family_confirmatory/v2cf-confirm-phi4_mini-grpo-gsm8k_long-c2-s42/gpu-telemetry-4936181.csv,output/benchmark_v2_cross_family_confirmatory/v2cf-confirm-phi4_mini-grpo-gsm8k_long-c2-s42/environment-4936181.json,,
run-c7ba2c863fb5bd4d,cfg-3197439008c27071,horizon_followup,rev-temporal-granite33_2b-math-interpolated-s111-long,111,5045431,granite33_2b-math-interpolated-s111,2,above_margin,1,100,39410.0,39410.0,3705.0,validation,,profiles/standard_grpo/revision-temporal-trials.csv,output/revision_temporal/rev-temporal-granite33_2b-math-interpolated-s111-long/trial-5045431.json,output/revision_temporal/rev-temporal-granite33_2b-math-interpolated-s111-long/attempt-5045431/training-5045431.log,output/revision_temporal/rev-temporal-granite33_2b-math-interpolated-s111-long/attempt-5045431/phase-memory-5045431.csv,output/revision_temporal/rev-temporal-granite33_2b-math-interpolated-s111-long/attempt-5045431/gpu-telemetry-5045431.csv,output/revision_temporal/rev-temporal-granite33_2b-math-interpolated-s111-long/attempt-5045431/environment-5045431.json,output/revision_temporal/pairs/granite33_2b-math-interpolated-s111/pair-5045431.json,92f97eb8c6f49cccbcaaa7f9c58d57eab8de8755
run-c828499eee4a8498,cfg-445e1547e9317cd0,batch_reservation,strong-factorial-granite33_2b-grpo-gsm8k_long-base-s94,94,5031353,,,within_margin,1,1,32322.0,32322.0,225.0,idle,,profiles/standard_grpo/factorial-trials.csv,output/strengthening_factorial/strong-factorial-granite33_2b-grpo-gsm8k_long-base-s94/trial-5031353.json,output/strengthening_factorial/strong-factorial-granite33_2b-grpo-gsm8k_long-base-s94/training-5031353.log,output/strengthening_factorial/strong-factorial-granite33_2b-grpo-gsm8k_long-base-s94/phase-memory-5031353.csv,output/strengthening_factorial/strong-factorial-granite33_2b-grpo-gsm8k_long-base-s94/gpu-telemetry-5031353.csv,output/strengthening_factorial/strong-factorial-granite33_2b-grpo-gsm8k_long-base-s94/environment-5031353.json,,
run-c84ffdee1a2d99cb,cfg-71a1a1a191bc4135,instrumentation,rev-instrumentation-granite33_2b-gsm8k-c4-s112-external,112,5045386,granite33_2b-gsm8k-c4-s112,1,above_margin,1,1,40382.0,40382.0,203.0,idle,,profiles/standard_grpo/revision-instrumentation-trials.csv,output/revision_instrumentation/rev-instrumentation-granite33_2b-gsm8k-c4-s112-external/trial-5045386.json,output/revision_instrumentation/rev-instrumentation-granite33_2b-gsm8k-c4-s112-external/attempt-5045386/training-5045386.log,output/revision_instrumentation/rev-instrumentation-granite33_2b-gsm8k-c4-s112-external/attempt-5045386/phase-memory-5045386.csv,output/revision_instrumentation/rev-instrumentation-granite33_2b-gsm8k-c4-s112-external/attempt-5045386/gpu-telemetry-5045386.csv,output/revision_instrumentation/rev-instrumentation-granite33_2b-gsm8k-c4-s112-external/attempt-5045386/environment-5045386.json,output/revision_instrumentation/pairs/granite33_2b-gsm8k-c4-s112/pair-5045386.json,92cd0c14334ab84d718fc3bdb03ae150f064654d
run-c85130f3388b6df1,cfg-40dbe09dcfdb5368,batch_reservation,strong-factorial-granite33_2b-grpo-code_heavy_tail-actor_only-s96,96,5031341,,,within_margin,1,1,32536.0,32536.0,225.0,idle,,profiles/standard_grpo/factorial-trials.csv,output/strengthening_factorial/strong-factorial-granite33_2b-grpo-code_heavy_tail-actor_only-s96/trial-5031341.json,output/strengthening_factorial/strong-factorial-granite33_2b-grpo-code_heavy_tail-actor_only-s96/training-5031341.log,output/strengthening_factorial/strong-factorial-granite33_2b-grpo-code_heavy_tail-actor_only-s96/phase-memory-5031341.csv,output/strengthening_factorial/strong-factorial-granite33_2b-grpo-code_heavy_tail-actor_only-s96/gpu-telemetry-5031341.csv,output/strengthening_factorial/strong-factorial-granite33_2b-grpo-code_heavy_tail-actor_only-s96/environment-5031341.json,,
run-c8e9eb1e53bd83a4,cfg-af3c23f421a50a52,batch_reservation,strong-factorial-phi4_mini-grpo-code_heavy_tail-base-s95,95,5031695,,,within_margin,1,1,35958.0,35958.0,247.0,idle,,profiles/standard_grpo/factorial-trials.csv,output/strengthening_factorial/strong-factorial-phi4_mini-grpo-code_heavy_tail-base-s95/trial-5031695.json,output/strengthening_factorial/strong-factorial-phi4_mini-grpo-code_heavy_tail-base-s95/training-5031695.log,output/strengthening_factorial/strong-factorial-phi4_mini-grpo-code_heavy_tail-base-s95/phase-memory-5031695.csv,output/strengthening_factorial/strong-factorial-phi4_mini-grpo-code_heavy_tail-base-s95/gpu-telemetry-5031695.csv,output/strengthening_factorial/strong-factorial-phi4_mini-grpo-code_heavy_tail-base-s95/environment-5031695.json,,
run-ca6cba61abc4d184,cfg-61c14de21a34d0e6,boundary,strong-granite-confirmatory-grpo-code_standard-c4-s93,93,5031373,,,above_margin,1,1,40614.0,40614.0,198.0,idle,,profiles/standard_grpo/boundary-trials.csv,output/strengthening_granite_confirmatory/strong-granite-confirmatory-grpo-code_standard-c4-s93/trial-5031373.json,output/strengthening_granite_confirmatory/strong-granite-confirmatory-grpo-code_standard-c4-s93/training-5031373.log,output/strengthening_granite_confirmatory/strong-granite-confirmatory-grpo-code_standard-c4-s93/phase-memory-5031373.csv,output/strengthening_granite_confirmatory/strong-granite-confirmatory-grpo-code_standard-c4-s93/gpu-telemetry-5031373.csv,output/strengthening_granite_confirmatory/strong-granite-confirmatory-grpo-code_standard-c4-s93/environment-5031373.json,,
run-ca8868353ceb4e9e,cfg-161de6cc5f566679,batch_reservation,strong-factorial-qwen25_3b-grpo-code_heavy_tail-joint-s94,94,5031992,,,within_margin,1,1,37418.0,37418.0,214.0,idle,,profiles/standard_grpo/factorial-trials.csv,output/strengthening_factorial/strong-factorial-qwen25_3b-grpo-code_heavy_tail-joint-s94/trial-5031992.json,output/strengthening_factorial/strong-factorial-qwen25_3b-grpo-code_heavy_tail-joint-s94/training-5031992.log,output/strengthening_factorial/strong-factorial-qwen25_3b-grpo-code_heavy_tail-joint-s94/phase-memory-5031992.csv,output/strengthening_factorial/strong-factorial-qwen25_3b-grpo-code_heavy_tail-joint-s94/gpu-telemetry-5031992.csv,output/strengthening_factorial/strong-factorial-qwen25_3b-grpo-code_heavy_tail-joint-s94/environment-5031992.json,,
run-cad7ab87f2343281,cfg-371ae37408089efe,four_gpu,rev-topology-phi4_mini-math-c2-s113-four_gpu,113,5045370,phi4_mini-math-c2-s113,1,within_margin,1,1,32108.0,32108.0,216.0,idle,,profiles/standard_grpo/revision-topology-trials.csv,output/revision_topology/rev-topology-phi4_mini-math-c2-s113-four_gpu/trial-5045370.json,output/revision_topology/rev-topology-phi4_mini-math-c2-s113-four_gpu/attempt-5045370/training-5045370.log,output/revision_topology/rev-topology-phi4_mini-math-c2-s113-four_gpu/attempt-5045370/phase-memory-5045370.csv,output/revision_topology/rev-topology-phi4_mini-math-c2-s113-four_gpu/attempt-5045370/gpu-telemetry-5045370.csv,output/revision_topology/rev-topology-phi4_mini-math-c2-s113-four_gpu/attempt-5045370/environment-5045370.json,output/revision_topology/pairs/phi4_mini-math-c2-s113/pair-5045370.json,b602c1ca41c1ab6d45a5a50885af86cfed90d0d6
run-cc9aa403bccbf9fd,cfg-331bb196cd92fe75,temporal_100,strong-time-grpo-gsm8k-qwen25_3b-safe_margin-s92,92,5032501,,,within_margin,1,100,31698.0,31698.0,8804.0,validation,,profiles/standard_grpo/temporal-100-trials.csv,output/strengthening_temporal_phases/strong-time-grpo-gsm8k-qwen25_3b-safe_margin-s92/trial-5032501.json,output/strengthening_temporal_phases/strong-time-grpo-gsm8k-qwen25_3b-safe_margin-s92/training-5032501.log,output/strengthening_temporal_phases/strong-time-grpo-gsm8k-qwen25_3b-safe_margin-s92/phase-memory-5032501.csv,output/strengthening_temporal_phases/strong-time-grpo-gsm8k-qwen25_3b-safe_margin-s92/gpu-telemetry-5032501.csv,output/strengthening_temporal_phases/strong-time-grpo-gsm8k-qwen25_3b-safe_margin-s92/environment-5032501.json,,
run-cca5576255a63eeb,cfg-b3fe40f61c5686ea,state_release,strong-node-qwen25_1p5b-grpo-math-near_boundary-s81-p1-resident,81,5031044,strong-node-qwen25_1p5b-grpo-math-near_boundary-s81,1,memory_failure,0,1,40054.0,,187.0,actor_update,actor_update_oom,profiles/standard_grpo/same-node-trials.csv,output/strengthening_same_node_residency/strong-node-qwen25_1p5b-grpo-math-near_boundary-s81-p1-resident/trial-5031044.json,output/strengthening_same_node_residency/strong-node-qwen25_1p5b-grpo-math-near_boundary-s81-p1-resident/training-5031044.log,output/strengthening_same_node_residency/strong-node-qwen25_1p5b-grpo-math-near_boundary-s81-p1-resident/phase-memory-5031044.csv,output/strengthening_same_node_residency/strong-node-qwen25_1p5b-grpo-math-near_boundary-s81-p1-resident/gpu-telemetry-5031044.csv,output/strengthening_same_node_residency/strong-node-qwen25_1p5b-grpo-math-near_boundary-s81-p1-resident/environment-5031044.json,,
run-cd116b743ea3a0ee,cfg-d02503f8c9804a2d,boundary,strong-granite-confirmatory-grpo-math_short-c4-s92,92,5031601,,,above_margin,1,1,40750.0,40750.0,198.0,idle,,profiles/standard_grpo/boundary-trials.csv,output/strengthening_granite_confirmatory/strong-granite-confirmatory-grpo-math_short-c4-s92/trial-5031601.json,output/strengthening_granite_confirmatory/strong-granite-confirmatory-grpo-math_short-c4-s92/training-5031601.log,output/strengthening_granite_confirmatory/strong-granite-confirmatory-grpo-math_short-c4-s92/phase-memory-5031601.csv,output/strengthening_granite_confirmatory/strong-granite-confirmatory-grpo-math_short-c4-s92/gpu-telemetry-5031601.csv,output/strengthening_granite_confirmatory/strong-granite-confirmatory-grpo-math_short-c4-s92/environment-5031601.json,,
run-cd8706bf20c76ecc,cfg-584e6c6664859977,batch_reservation,strong-factorial-granite33_2b-grpo-gsm8k_long-actor_only-s94,94,5031356,,,within_margin,1,1,32302.0,32302.0,221.0,idle,,profiles/standard_grpo/factorial-trials.csv,output/strengthening_factorial/strong-factorial-granite33_2b-grpo-gsm8k_long-actor_only-s94/trial-5031356.json,output/strengthening_factorial/strong-factorial-granite33_2b-grpo-gsm8k_long-actor_only-s94/training-5031356.log,output/strengthening_factorial/strong-factorial-granite33_2b-grpo-gsm8k_long-actor_only-s94/phase-memory-5031356.csv,output/strengthening_factorial/strong-factorial-granite33_2b-grpo-gsm8k_long-actor_only-s94/gpu-telemetry-5031356.csv,output/strengthening_factorial/strong-factorial-granite33_2b-grpo-gsm8k_long-actor_only-s94/environment-5031356.json,,
run-cdb185f1541bbf3d,cfg-a3987314cb2f9f12,boundary,v2cf-confirm-phi4_mini-grpo-math_short-c3-s41,41,4936293,,,above_margin,1,1,40016.0,40016.0,230.0,idle,,profiles/standard_grpo/boundary-trials.csv,output/benchmark_v2_cross_family_confirmatory/v2cf-confirm-phi4_mini-grpo-math_short-c3-s41/trial-4936293.json,output/benchmark_v2_cross_family_confirmatory/v2cf-confirm-phi4_mini-grpo-math_short-c3-s41/training-4936293.log,output/benchmark_v2_cross_family_confirmatory/v2cf-confirm-phi4_mini-grpo-math_short-c3-s41/phase-memory-4936293.csv,output/benchmark_v2_cross_family_confirmatory/v2cf-confirm-phi4_mini-grpo-math_short-c3-s41/gpu-telemetry-4936293.csv,output/benchmark_v2_cross_family_confirmatory/v2cf-confirm-phi4_mini-grpo-math_short-c3-s41/environment-4936293.json,,
run-cdcada2885d77ab6,cfg-90f4a9f55e2f827d,batch_logging_control,review-control-qwen25_3b-code_heavy_tail-s123-full_b8,123,5048501,qwen25_3b-code_heavy_tail-s123,2,within_margin,1,1,33386.0,33386.0,209.0,idle,,profiles/review_revision/control-trials.csv,output/review_instrumentation_batch/review-control-qwen25_3b-code_heavy_tail-s123-full_b8/trial-5048501.json,output/review_instrumentation_batch/review-control-qwen25_3b-code_heavy_tail-s123-full_b8/attempt-5048501/training-5048501.log,output/review_instrumentation_batch/review-control-qwen25_3b-code_heavy_tail-s123-full_b8/attempt-5048501/phase-memory-5048501.csv,output/review_instrumentation_batch/review-control-qwen25_3b-code_heavy_tail-s123-full_b8/attempt-5048501/gpu-telemetry-5048501.csv,output/review_instrumentation_batch/review-control-qwen25_3b-code_heavy_tail-s123-full_b8/attempt-5048501/environment-5048501.json,output/review_instrumentation_batch/pairs/qwen25_3b-code_heavy_tail-s123/pair-5048501.json,018992850a9514b6dfd0d81a8060d7f8a98a89fa
run-cdee123860eee2ab,cfg-3ffb5c1bf8440754,batch_reservation,strong-factorial-phi4_mini-grpo-code_heavy_tail-reservation_only-s96,96,5031728,,,above_margin,1,1,40062.0,40062.0,207.0,idle,,profiles/standard_grpo/factorial-trials.csv,output/strengthening_factorial/strong-factorial-phi4_mini-grpo-code_heavy_tail-reservation_only-s96/trial-5031728.json,output/strengthening_factorial/strong-factorial-phi4_mini-grpo-code_heavy_tail-reservation_only-s96/training-5031728.log,output/strengthening_factorial/strong-factorial-phi4_mini-grpo-code_heavy_tail-reservation_only-s96/phase-memory-5031728.csv,output/strengthening_factorial/strong-factorial-phi4_mini-grpo-code_heavy_tail-reservation_only-s96/gpu-telemetry-5031728.csv,output/strengthening_factorial/strong-factorial-phi4_mini-grpo-code_heavy_tail-reservation_only-s96/environment-5031728.json,,
run-cdfddce708a6b2c5,cfg-41e61e03ad83499f,sampling_calibration,v2tel-01-qwen25_1p5b-grpo-math-near_boundary-100ms,53,4935081,v2tel-01-qwen25_1p5b-grpo-math-near_boundary,,within_margin,1,1,34230.0,34230.0,181.0,idle,,profiles/standard_grpo/telemetry-trials.csv,output/benchmark_v2_telemetry_calibration/v2tel-01-qwen25_1p5b-grpo-math-near_boundary-100ms/trial-4935081.json,output/benchmark_v2_telemetry_calibration/v2tel-01-qwen25_1p5b-grpo-math-near_boundary-100ms/training-4935081.log,output/benchmark_v2_telemetry_calibration/v2tel-01-qwen25_1p5b-grpo-math-near_boundary-100ms/phase-memory-4935081.csv,output/benchmark_v2_telemetry_calibration/v2tel-01-qwen25_1p5b-grpo-math-near_boundary-100ms/gpu-telemetry-4935081.csv,output/benchmark_v2_telemetry_calibration/v2tel-01-qwen25_1p5b-grpo-math-near_boundary-100ms/environment-4935081.json,,
run-ce00853c23a2ed32,cfg-195974eaa7e946e0,horizon_followup,rev-temporal-granite33_2b-math-interpolated-s111-source,111,5045431,granite33_2b-math-interpolated-s111,1,above_margin,1,1,40898.0,40898.0,241.0,validation,,profiles/standard_grpo/revision-temporal-trials.csv,output/revision_temporal/rev-temporal-granite33_2b-math-interpolated-s111-source/trial-5045431.json,output/revision_temporal/rev-temporal-granite33_2b-math-interpolated-s111-source/attempt-5045431/training-5045431.log,output/revision_temporal/rev-temporal-granite33_2b-math-interpolated-s111-source/attempt-5045431/phase-memory-5045431.csv,output/revision_temporal/rev-temporal-granite33_2b-math-interpolated-s111-source/attempt-5045431/gpu-telemetry-5045431.csv,output/revision_temporal/rev-temporal-granite33_2b-math-interpolated-s111-source/attempt-5045431/environment-5045431.json,output/revision_temporal/pairs/granite33_2b-math-interpolated-s111/pair-5045431.json,92f97eb8c6f49cccbcaaa7f9c58d57eab8de8755
run-cecb9ef9d4768a37,cfg-32977d5aa42a41cb,boundary,strong-granite-confirmatory-grpo-math_short-c5-s91,91,5031269,,,memory_failure,0,1,7780.0,,104.0,initializing,rollout_init_memory,profiles/standard_grpo/boundary-trials.csv,output/strengthening_granite_confirmatory/strong-granite-confirmatory-grpo-math_short-c5-s91/trial-5031269.json,output/strengthening_granite_confirmatory/strong-granite-confirmatory-grpo-math_short-c5-s91/training-5031269.log,output/strengthening_granite_confirmatory/strong-granite-confirmatory-grpo-math_short-c5-s91/phase-memory-5031269.csv,output/strengthening_granite_confirmatory/strong-granite-confirmatory-grpo-math_short-c5-s91/gpu-telemetry-5031269.csv,output/strengthening_granite_confirmatory/strong-granite-confirmatory-grpo-math_short-c5-s91/environment-5031269.json,,
run-cef469d9b68c446d,cfg-40dbe09dcfdb5368,batch_reservation,strong-factorial-granite33_2b-grpo-code_heavy_tail-actor_only-s94,94,5031339,,,within_margin,1,1,32534.0,32534.0,203.0,idle,,profiles/standard_grpo/factorial-trials.csv,output/strengthening_factorial/strong-factorial-granite33_2b-grpo-code_heavy_tail-actor_only-s94/trial-5031339.json,output/strengthening_factorial/strong-factorial-granite33_2b-grpo-code_heavy_tail-actor_only-s94/training-5031339.log,output/strengthening_factorial/strong-factorial-granite33_2b-grpo-code_heavy_tail-actor_only-s94/phase-memory-5031339.csv,output/strengthening_factorial/strong-factorial-granite33_2b-grpo-code_heavy_tail-actor_only-s94/gpu-telemetry-5031339.csv,output/strengthening_factorial/strong-factorial-granite33_2b-grpo-code_heavy_tail-actor_only-s94/environment-5031339.json,,
run-d0e5e0fc7f89d0e8,cfg-a24e9cdd2f6143f2,boundary,mr-xm-confirm-phi4_mini-grpo-code_heavy_tail-c0-s53,53,5003608,,,within_margin,1,1,26056.0,26056.0,245.0,idle,,profiles/standard_grpo/boundary-trials.csv,output/major_revision_cross_model_confirmatory/mr-xm-confirm-phi4_mini-grpo-code_heavy_tail-c0-s53/trial-5003608.json,output/major_revision_cross_model_confirmatory/mr-xm-confirm-phi4_mini-grpo-code_heavy_tail-c0-s53/training-5003608.log,output/major_revision_cross_model_confirmatory/mr-xm-confirm-phi4_mini-grpo-code_heavy_tail-c0-s53/phase-memory-5003608.csv,output/major_revision_cross_model_confirmatory/mr-xm-confirm-phi4_mini-grpo-code_heavy_tail-c0-s53/gpu-telemetry-5003608.csv,output/major_revision_cross_model_confirmatory/mr-xm-confirm-phi4_mini-grpo-code_heavy_tail-c0-s53/environment-5003608.json,,
run-d1a2dd19ba5375d7,cfg-cc900fb7731c3f49,boundary,v2cf-confirm-phi4_mini-grpo-math_short-c5-s43,43,4936400,,,memory_failure,0,1,14790.0,,195.0,initializing,rollout_init_memory,profiles/standard_grpo/boundary-trials.csv,output/benchmark_v2_cross_family_confirmatory/v2cf-confirm-phi4_mini-grpo-math_short-c5-s43/trial-4936400.json,output/benchmark_v2_cross_family_confirmatory/v2cf-confirm-phi4_mini-grpo-math_short-c5-s43/training-4936400.log,output/benchmark_v2_cross_family_confirmatory/v2cf-confirm-phi4_mini-grpo-math_short-c5-s43/phase-memory-4936400.csv,output/benchmark_v2_cross_family_confirmatory/v2cf-confirm-phi4_mini-grpo-math_short-c5-s43/gpu-telemetry-4936400.csv,output/benchmark_v2_cross_family_confirmatory/v2cf-confirm-phi4_mini-grpo-math_short-c5-s43/environment-4936400.json,,
run-d1bf6711fc6651dd,cfg-83aadaf7687932d9,instrumentation,rev-instrumentation-qwen25_3b-gsm8k-c4-s111-full,111,5045286,qwen25_3b-gsm8k-c4-s111,1,memory_failure,0,1,40812.0,,210.0,weight_sync,weight_sync_oom,profiles/standard_grpo/revision-instrumentation-trials.csv,output/revision_instrumentation/rev-instrumentation-qwen25_3b-gsm8k-c4-s111-full/trial-5045286.json,output/revision_instrumentation/rev-instrumentation-qwen25_3b-gsm8k-c4-s111-full/attempt-5045286/training-5045286.log,output/revision_instrumentation/rev-instrumentation-qwen25_3b-gsm8k-c4-s111-full/attempt-5045286/phase-memory-5045286.csv,output/revision_instrumentation/rev-instrumentation-qwen25_3b-gsm8k-c4-s111-full/attempt-5045286/gpu-telemetry-5045286.csv,output/revision_instrumentation/rev-instrumentation-qwen25_3b-gsm8k-c4-s111-full/attempt-5045286/environment-5045286.json,output/revision_instrumentation/pairs/qwen25_3b-gsm8k-c4-s111/pair-5045286.json,92cd0c14334ab84d718fc3bdb03ae150f064654d
run-d1f250f534fb8678,cfg-73c06764ba28a56b,boundary,strong-granite-confirmatory-grpo-gsm8k_long-c3-s92,92,5031239,,,within_margin,1,1,36302.0,36302.0,190.0,idle,,profiles/standard_grpo/boundary-trials.csv,output/strengthening_granite_confirmatory/strong-granite-confirmatory-grpo-gsm8k_long-c3-s92/trial-5031239.json,output/strengthening_granite_confirmatory/strong-granite-confirmatory-grpo-gsm8k_long-c3-s92/training-5031239.log,output/strengthening_granite_confirmatory/strong-granite-confirmatory-grpo-gsm8k_long-c3-s92/phase-memory-5031239.csv,output/strengthening_granite_confirmatory/strong-granite-confirmatory-grpo-gsm8k_long-c3-s92/gpu-telemetry-5031239.csv,output/strengthening_granite_confirmatory/strong-granite-confirmatory-grpo-gsm8k_long-c3-s92/environment-5031239.json,,
run-d29e87d17c317703,cfg-3bbff1090fab73f9,instrumentation,rev-instrumentation-qwen25_3b-gsm8k-c3-s112-full,112,5045284,qwen25_3b-gsm8k-c3-s112,1,within_margin,1,1,37140.0,37140.0,192.0,idle,,profiles/standard_grpo/revision-instrumentation-trials.csv,output/revision_instrumentation/rev-instrumentation-qwen25_3b-gsm8k-c3-s112-full/trial-5045284.json,output/revision_instrumentation/rev-instrumentation-qwen25_3b-gsm8k-c3-s112-full/attempt-5045284/training-5045284.log,output/revision_instrumentation/rev-instrumentation-qwen25_3b-gsm8k-c3-s112-full/attempt-5045284/phase-memory-5045284.csv,output/revision_instrumentation/rev-instrumentation-qwen25_3b-gsm8k-c3-s112-full/attempt-5045284/gpu-telemetry-5045284.csv,output/revision_instrumentation/rev-instrumentation-qwen25_3b-gsm8k-c3-s112-full/attempt-5045284/environment-5045284.json,output/revision_instrumentation/pairs/qwen25_3b-gsm8k-c3-s112/pair-5045284.json,92cd0c14334ab84d718fc3bdb03ae150f064654d
run-d2bcadcdc478f9ba,cfg-9139b72537023523,batch_reservation,strong-factorial-granite33_2b-grpo-code_standard-joint-s94,94,5031323,,,within_margin,1,1,36322.0,36322.0,193.0,idle,,profiles/standard_grpo/factorial-trials.csv,output/strengthening_factorial/strong-factorial-granite33_2b-grpo-code_standard-joint-s94/trial-5031323.json,output/strengthening_factorial/strong-factorial-granite33_2b-grpo-code_standard-joint-s94/training-5031323.log,output/strengthening_factorial/strong-factorial-granite33_2b-grpo-code_standard-joint-s94/phase-memory-5031323.csv,output/strengthening_factorial/strong-factorial-granite33_2b-grpo-code_standard-joint-s94/gpu-telemetry-5031323.csv,output/strengthening_factorial/strong-factorial-granite33_2b-grpo-code_standard-joint-s94/environment-5031323.json,,
run-d366b0949a17a42e,cfg-f03e4e98c682240e,four_gpu,rev-topology-qwen25_3b-math-c2-s111-four_gpu,111,5045316,qwen25_3b-math-c2-s111,1,within_margin,1,1,30178.0,30178.0,223.0,idle,,profiles/standard_grpo/revision-topology-trials.csv,output/revision_topology/rev-topology-qwen25_3b-math-c2-s111-four_gpu/trial-5045316.json,output/revision_topology/rev-topology-qwen25_3b-math-c2-s111-four_gpu/attempt-5045316/training-5045316.log,output/revision_topology/rev-topology-qwen25_3b-math-c2-s111-four_gpu/attempt-5045316/phase-memory-5045316.csv,output/revision_topology/rev-topology-qwen25_3b-math-c2-s111-four_gpu/attempt-5045316/gpu-telemetry-5045316.csv,output/revision_topology/rev-topology-qwen25_3b-math-c2-s111-four_gpu/attempt-5045316/environment-5045316.json,output/revision_topology/pairs/qwen25_3b-math-c2-s111/pair-5045316.json,b602c1ca41c1ab6d45a5a50885af86cfed90d0d6
run-d37473a655b0ca1b,cfg-89ca48ce88ea694e,boundary,mr-xm-confirm-phi4_mini-grpo-code_heavy_tail-c3-s53,53,5003964,,,above_margin,1,1,40048.0,40048.0,232.0,idle,,profiles/standard_grpo/boundary-trials.csv,output/major_revision_cross_model_confirmatory/mr-xm-confirm-phi4_mini-grpo-code_heavy_tail-c3-s53/trial-5003964.json,output/major_revision_cross_model_confirmatory/mr-xm-confirm-phi4_mini-grpo-code_heavy_tail-c3-s53/training-5003964.log,output/major_revision_cross_model_confirmatory/mr-xm-confirm-phi4_mini-grpo-code_heavy_tail-c3-s53/phase-memory-5003964.csv,output/major_revision_cross_model_confirmatory/mr-xm-confirm-phi4_mini-grpo-code_heavy_tail-c3-s53/gpu-telemetry-5003964.csv,output/major_revision_cross_model_confirmatory/mr-xm-confirm-phi4_mini-grpo-code_heavy_tail-c3-s53/environment-5003964.json,,
run-d37e2798582e8124,cfg-792be3e27c84b0cb,temporal_40,v2time-grpo-math-qwen25_1p5b-one_step_unsafe-s42,42,4946975,,,above_margin,1,40,40902.0,40902.0,3210.0,idle,,profiles/standard_grpo/temporal-40-trials.csv,output/benchmark_v2_temporal_confirmatory/v2time-grpo-math-qwen25_1p5b-one_step_unsafe-s42/trial-4946975.json,output/benchmark_v2_temporal_confirmatory/v2time-grpo-math-qwen25_1p5b-one_step_unsafe-s42/training-4946975.log,output/benchmark_v2_temporal_confirmatory/v2time-grpo-math-qwen25_1p5b-one_step_unsafe-s42/phase-memory-4946975.csv,output/benchmark_v2_temporal_confirmatory/v2time-grpo-math-qwen25_1p5b-one_step_unsafe-s42/gpu-telemetry-4946975.csv,output/benchmark_v2_temporal_confirmatory/v2time-grpo-math-qwen25_1p5b-one_step_unsafe-s42/environment-4946975.json,,
run-d39a60e3e6cadc51,cfg-714c540f76d9525d,four_gpu,rev-topology-qwen25_3b-math-c3-s113-four_gpu,113,5045329,qwen25_3b-math-c3-s113,1,within_margin,1,1,34210.0,34210.0,214.0,idle,,profiles/standard_grpo/revision-topology-trials.csv,output/revision_topology/rev-topology-qwen25_3b-math-c3-s113-four_gpu/trial-5045329.json,output/revision_topology/rev-topology-qwen25_3b-math-c3-s113-four_gpu/attempt-5045329/training-5045329.log,output/revision_topology/rev-topology-qwen25_3b-math-c3-s113-four_gpu/attempt-5045329/phase-memory-5045329.csv,output/revision_topology/rev-topology-qwen25_3b-math-c3-s113-four_gpu/attempt-5045329/gpu-telemetry-5045329.csv,output/revision_topology/rev-topology-qwen25_3b-math-c3-s113-four_gpu/attempt-5045329/environment-5045329.json,output/revision_topology/pairs/qwen25_3b-math-c3-s113/pair-5045329.json,b602c1ca41c1ab6d45a5a50885af86cfed90d0d6
run-d3d97288abc9c706,cfg-bf9ce8082ed7a2d9,batch_reservation,strong-factorial-qwen25_3b-grpo-code_heavy_tail-base-s95,95,5031982,,,within_margin,1,1,33546.0,33546.0,212.0,idle,,profiles/standard_grpo/factorial-trials.csv,output/strengthening_factorial/strong-factorial-qwen25_3b-grpo-code_heavy_tail-base-s95/trial-5031982.json,output/strengthening_factorial/strong-factorial-qwen25_3b-grpo-code_heavy_tail-base-s95/training-5031982.log,output/strengthening_factorial/strong-factorial-qwen25_3b-grpo-code_heavy_tail-base-s95/phase-memory-5031982.csv,output/strengthening_factorial/strong-factorial-qwen25_3b-grpo-code_heavy_tail-base-s95/gpu-telemetry-5031982.csv,output/strengthening_factorial/strong-factorial-qwen25_3b-grpo-code_heavy_tail-base-s95/environment-5031982.json,,
run-d404d335716bdc89,cfg-831b7ab9490a8a5f,batch_logging_control,review-control-phi4_mini-gsm8k-s121-full_b16,121,5048502,phi4_mini-gsm8k-s121,2,within_margin,1,1,35518.0,35518.0,200.0,idle,,profiles/review_revision/control-trials.csv,output/review_instrumentation_batch/review-control-phi4_mini-gsm8k-s121-full_b16/trial-5048502.json,output/review_instrumentation_batch/review-control-phi4_mini-gsm8k-s121-full_b16/attempt-5048502/training-5048502.log,output/review_instrumentation_batch/review-control-phi4_mini-gsm8k-s121-full_b16/attempt-5048502/phase-memory-5048502.csv,output/review_instrumentation_batch/review-control-phi4_mini-gsm8k-s121-full_b16/attempt-5048502/gpu-telemetry-5048502.csv,output/review_instrumentation_batch/review-control-phi4_mini-gsm8k-s121-full_b16/attempt-5048502/environment-5048502.json,output/review_instrumentation_batch/pairs/phi4_mini-gsm8k-s121/pair-5048502.json,018992850a9514b6dfd0d81a8060d7f8a98a89fa
run-d4bd02f259ea7182,cfg-cc030db9324662ea,horizon_followup,rev-temporal-granite33_2b-gsm8k-interpolated-s112-source,112,5045429,granite33_2b-gsm8k-interpolated-s112,1,within_margin,1,1,38416.0,38416.0,226.0,validation,,profiles/standard_grpo/revision-temporal-trials.csv,output/revision_temporal/rev-temporal-granite33_2b-gsm8k-interpolated-s112-source/trial-5045429.json,output/revision_temporal/rev-temporal-granite33_2b-gsm8k-interpolated-s112-source/attempt-5045429/training-5045429.log,output/revision_temporal/rev-temporal-granite33_2b-gsm8k-interpolated-s112-source/attempt-5045429/phase-memory-5045429.csv,output/revision_temporal/rev-temporal-granite33_2b-gsm8k-interpolated-s112-source/attempt-5045429/gpu-telemetry-5045429.csv,output/revision_temporal/rev-temporal-granite33_2b-gsm8k-interpolated-s112-source/attempt-5045429/environment-5045429.json,output/revision_temporal/pairs/granite33_2b-gsm8k-interpolated-s112/pair-5045429.json,92f97eb8c6f49cccbcaaa7f9c58d57eab8de8755
run-d4cad7d32873b7a5,cfg-a46e1a352338ca99,instrumentation,rev-instrumentation-qwen25_3b-math-c3-s111-external,111,5045289,qwen25_3b-math-c3-s111,2,within_margin,1,1,37478.0,37478.0,205.0,idle,,profiles/standard_grpo/revision-instrumentation-trials.csv,output/revision_instrumentation/rev-instrumentation-qwen25_3b-math-c3-s111-external/trial-5045289.json,output/revision_instrumentation/rev-instrumentation-qwen25_3b-math-c3-s111-external/attempt-5045289/training-5045289.log,output/revision_instrumentation/rev-instrumentation-qwen25_3b-math-c3-s111-external/attempt-5045289/phase-memory-5045289.csv,output/revision_instrumentation/rev-instrumentation-qwen25_3b-math-c3-s111-external/attempt-5045289/gpu-telemetry-5045289.csv,output/revision_instrumentation/rev-instrumentation-qwen25_3b-math-c3-s111-external/attempt-5045289/environment-5045289.json,output/revision_instrumentation/pairs/qwen25_3b-math-c3-s111/pair-5045289.json,92cd0c14334ab84d718fc3bdb03ae150f064654d
run-d4e55ad8d89e06ce,cfg-c3f0ad157d299d39,boundary,strong-granite-confirmatory-grpo-code_standard-c3-s93,93,5031384,,,within_margin,1,1,36506.0,36506.0,211.0,idle,,profiles/standard_grpo/boundary-trials.csv,output/strengthening_granite_confirmatory/strong-granite-confirmatory-grpo-code_standard-c3-s93/trial-5031384.json,output/strengthening_granite_confirmatory/strong-granite-confirmatory-grpo-code_standard-c3-s93/training-5031384.log,output/strengthening_granite_confirmatory/strong-granite-confirmatory-grpo-code_standard-c3-s93/phase-memory-5031384.csv,output/strengthening_granite_confirmatory/strong-granite-confirmatory-grpo-code_standard-c3-s93/gpu-telemetry-5031384.csv,output/strengthening_granite_confirmatory/strong-granite-confirmatory-grpo-code_standard-c3-s93/environment-5031384.json,,
run-d5ac3858ed309427,cfg-18edbed17d1a0c2e,state_release,strong-node-qwen25_3b-grpo-math-safe_margin-s83-p2-release,83,5031149,strong-node-qwen25_3b-grpo-math-safe_margin-s83,2,within_margin,1,1,22356.0,22356.0,478.0,idle,,profiles/standard_grpo/same-node-trials.csv,output/strengthening_same_node_residency/strong-node-qwen25_3b-grpo-math-safe_margin-s83-p2-release/trial-5031149.json,output/strengthening_same_node_residency/strong-node-qwen25_3b-grpo-math-safe_margin-s83-p2-release/training-5031149.log,output/strengthening_same_node_residency/strong-node-qwen25_3b-grpo-math-safe_margin-s83-p2-release/phase-memory-5031149.csv,output/strengthening_same_node_residency/strong-node-qwen25_3b-grpo-math-safe_margin-s83-p2-release/gpu-telemetry-5031149.csv,output/strengthening_same_node_residency/strong-node-qwen25_3b-grpo-math-safe_margin-s83-p2-release/environment-5031149.json,,
run-d5efcd676f94dc1c,cfg-d50136695367867d,instrumentation,rev-instrumentation-phi4_mini-gsm8k-c2-s111-external,111,5045334,phi4_mini-gsm8k-c2-s111,2,within_margin,1,1,35518.0,35518.0,212.0,idle,,profiles/standard_grpo/revision-instrumentation-trials.csv,output/revision_instrumentation/rev-instrumentation-phi4_mini-gsm8k-c2-s111-external/trial-5045334.json,output/revision_instrumentation/rev-instrumentation-phi4_mini-gsm8k-c2-s111-external/attempt-5045334/training-5045334.log,output/revision_instrumentation/rev-instrumentation-phi4_mini-gsm8k-c2-s111-external/attempt-5045334/phase-memory-5045334.csv,output/revision_instrumentation/rev-instrumentation-phi4_mini-gsm8k-c2-s111-external/attempt-5045334/gpu-telemetry-5045334.csv,output/revision_instrumentation/rev-instrumentation-phi4_mini-gsm8k-c2-s111-external/attempt-5045334/environment-5045334.json,output/revision_instrumentation/pairs/phi4_mini-gsm8k-c2-s111/pair-5045334.json,92cd0c14334ab84d718fc3bdb03ae150f064654d
run-d5f6634208d6b70f,cfg-211b6fafd167a310,batch_reservation,strong-factorial-phi4_mini-grpo-math-actor_only-s96,96,5031837,,,within_margin,1,1,35920.0,35920.0,211.0,idle,,profiles/standard_grpo/factorial-trials.csv,output/strengthening_factorial/strong-factorial-phi4_mini-grpo-math-actor_only-s96/trial-5031837.json,output/strengthening_factorial/strong-factorial-phi4_mini-grpo-math-actor_only-s96/training-5031837.log,output/strengthening_factorial/strong-factorial-phi4_mini-grpo-math-actor_only-s96/phase-memory-5031837.csv,output/strengthening_factorial/strong-factorial-phi4_mini-grpo-math-actor_only-s96/gpu-telemetry-5031837.csv,output/strengthening_factorial/strong-factorial-phi4_mini-grpo-math-actor_only-s96/environment-5031837.json,,
run-d6465565f199d6c7,cfg-96fe21ab209bd8ca,batch_reservation,strong-factorial-phi4_mini-grpo-code_standard-actor_only-s94,94,5031749,,,within_margin,1,1,35720.0,35720.0,215.0,idle,,profiles/standard_grpo/factorial-trials.csv,output/strengthening_factorial/strong-factorial-phi4_mini-grpo-code_standard-actor_only-s94/trial-5031749.json,output/strengthening_factorial/strong-factorial-phi4_mini-grpo-code_standard-actor_only-s94/training-5031749.log,output/strengthening_factorial/strong-factorial-phi4_mini-grpo-code_standard-actor_only-s94/phase-memory-5031749.csv,output/strengthening_factorial/strong-factorial-phi4_mini-grpo-code_standard-actor_only-s94/gpu-telemetry-5031749.csv,output/strengthening_factorial/strong-factorial-phi4_mini-grpo-code_standard-actor_only-s94/environment-5031749.json,,
run-d646fd6f6a621fc3,cfg-371ae37408089efe,four_gpu,rev-topology-phi4_mini-math-c2-s111-four_gpu,111,5045367,phi4_mini-math-c2-s111,1,within_margin,1,1,32108.0,32108.0,223.0,idle,,profiles/standard_grpo/revision-topology-trials.csv,output/revision_topology/rev-topology-phi4_mini-math-c2-s111-four_gpu/trial-5045367.json,output/revision_topology/rev-topology-phi4_mini-math-c2-s111-four_gpu/attempt-5045367/training-5045367.log,output/revision_topology/rev-topology-phi4_mini-math-c2-s111-four_gpu/attempt-5045367/phase-memory-5045367.csv,output/revision_topology/rev-topology-phi4_mini-math-c2-s111-four_gpu/attempt-5045367/gpu-telemetry-5045367.csv,output/revision_topology/rev-topology-phi4_mini-math-c2-s111-four_gpu/attempt-5045367/environment-5045367.json,output/revision_topology/pairs/phi4_mini-math-c2-s111/pair-5045367.json,b602c1ca41c1ab6d45a5a50885af86cfed90d0d6
run-d657f591d51aee84,cfg-1c5278f8be90a50a,boundary,mr-xm-confirm-qwen25_3b-grpo-code_heavy_tail-c3-s53,53,4999813,,,within_margin,1,1,37418.0,37418.0,199.0,idle,,profiles/standard_grpo/boundary-trials.csv,output/major_revision_cross_model_confirmatory/mr-xm-confirm-qwen25_3b-grpo-code_heavy_tail-c3-s53/trial-4999813.json,output/major_revision_cross_model_confirmatory/mr-xm-confirm-qwen25_3b-grpo-code_heavy_tail-c3-s53/training-4999813.log,output/major_revision_cross_model_confirmatory/mr-xm-confirm-qwen25_3b-grpo-code_heavy_tail-c3-s53/phase-memory-4999813.csv,output/major_revision_cross_model_confirmatory/mr-xm-confirm-qwen25_3b-grpo-code_heavy_tail-c3-s53/gpu-telemetry-4999813.csv,output/major_revision_cross_model_confirmatory/mr-xm-confirm-qwen25_3b-grpo-code_heavy_tail-c3-s53/environment-4999813.json,,
run-d65f0e29c8d45395,cfg-fb0b705fb78cbfa7,batch_reservation,strong-factorial-granite33_2b-grpo-code_standard-reservation_only-s95,95,5031321,,,within_margin,1,1,36506.0,36506.0,197.0,idle,,profiles/standard_grpo/factorial-trials.csv,output/strengthening_factorial/strong-factorial-granite33_2b-grpo-code_standard-reservation_only-s95/trial-5031321.json,output/strengthening_factorial/strong-factorial-granite33_2b-grpo-code_standard-reservation_only-s95/training-5031321.log,output/strengthening_factorial/strong-factorial-granite33_2b-grpo-code_standard-reservation_only-s95/phase-memory-5031321.csv,output/strengthening_factorial/strong-factorial-granite33_2b-grpo-code_standard-reservation_only-s95/gpu-telemetry-5031321.csv,output/strengthening_factorial/strong-factorial-granite33_2b-grpo-code_standard-reservation_only-s95/environment-5031321.json,,
run-d6884e184ae73656,cfg-06e80279db3caed1,instrumentation,rev-instrumentation-phi4_mini-math-c2-s112-external,112,5045360,phi4_mini-math-c2-s112,2,within_margin,1,1,36498.0,36498.0,193.0,idle,,profiles/standard_grpo/revision-instrumentation-trials.csv,output/revision_instrumentation/rev-instrumentation-phi4_mini-math-c2-s112-external/trial-5045360.json,output/revision_instrumentation/rev-instrumentation-phi4_mini-math-c2-s112-external/attempt-5045360/training-5045360.log,output/revision_instrumentation/rev-instrumentation-phi4_mini-math-c2-s112-external/attempt-5045360/phase-memory-5045360.csv,output/revision_instrumentation/rev-instrumentation-phi4_mini-math-c2-s112-external/attempt-5045360/gpu-telemetry-5045360.csv,output/revision_instrumentation/rev-instrumentation-phi4_mini-math-c2-s112-external/attempt-5045360/environment-5045360.json,output/revision_instrumentation/pairs/phi4_mini-math-c2-s112/pair-5045360.json,92cd0c14334ab84d718fc3bdb03ae150f064654d
run-d81986810c3eed57,cfg-3dc042a103546eac,boundary,strong-granite-confirmatory-grpo-code_heavy_tail-c5-s92,92,5031392,,,memory_failure,0,1,7780.0,,94.0,initializing,rollout_init_memory,profiles/standard_grpo/boundary-trials.csv,output/strengthening_granite_confirmatory/strong-granite-confirmatory-grpo-code_heavy_tail-c5-s92/trial-5031392.json,output/strengthening_granite_confirmatory/strong-granite-confirmatory-grpo-code_heavy_tail-c5-s92/training-5031392.log,output/strengthening_granite_confirmatory/strong-granite-confirmatory-grpo-code_heavy_tail-c5-s92/phase-memory-5031392.csv,output/strengthening_granite_confirmatory/strong-granite-confirmatory-grpo-code_heavy_tail-c5-s92/gpu-telemetry-5031392.csv,output/strengthening_granite_confirmatory/strong-granite-confirmatory-grpo-code_heavy_tail-c5-s92/environment-5031392.json,,
run-d8264ad3472e3d2f,cfg-49d9bccfe873f5c6,boundary,mr-xm-confirm-qwen25_3b-grpo-code_heavy_tail-c4-s51,51,4999823,,,memory_failure,0,1,40930.0,,163.0,rollout,rollout_oom,profiles/standard_grpo/boundary-trials.csv,output/major_revision_cross_model_confirmatory/mr-xm-confirm-qwen25_3b-grpo-code_heavy_tail-c4-s51/trial-4999823.json,output/major_revision_cross_model_confirmatory/mr-xm-confirm-qwen25_3b-grpo-code_heavy_tail-c4-s51/training-4999823.log,output/major_revision_cross_model_confirmatory/mr-xm-confirm-qwen25_3b-grpo-code_heavy_tail-c4-s51/phase-memory-4999823.csv,output/major_revision_cross_model_confirmatory/mr-xm-confirm-qwen25_3b-grpo-code_heavy_tail-c4-s51/gpu-telemetry-4999823.csv,output/major_revision_cross_model_confirmatory/mr-xm-confirm-qwen25_3b-grpo-code_heavy_tail-c4-s51/environment-4999823.json,,
run-d83bd9cb435b7a6c,cfg-9139b72537023523,batch_reservation,strong-factorial-granite33_2b-grpo-code_standard-joint-s96,96,5031352,,,within_margin,1,1,36392.0,36392.0,198.0,idle,,profiles/standard_grpo/factorial-trials.csv,output/strengthening_factorial/strong-factorial-granite33_2b-grpo-code_standard-joint-s96/trial-5031352.json,output/strengthening_factorial/strong-factorial-granite33_2b-grpo-code_standard-joint-s96/training-5031352.log,output/strengthening_factorial/strong-factorial-granite33_2b-grpo-code_standard-joint-s96/phase-memory-5031352.csv,output/strengthening_factorial/strong-factorial-granite33_2b-grpo-code_standard-joint-s96/gpu-telemetry-5031352.csv,output/strengthening_factorial/strong-factorial-granite33_2b-grpo-code_standard-joint-s96/environment-5031352.json,,
run-d8591fa7f0920d96,cfg-14d47144a7cbb833,batch_reservation,strong-factorial-phi4_mini-grpo-gsm8k-base-s94,94,5031778,,,within_margin,1,1,35518.0,35518.0,210.0,idle,,profiles/standard_grpo/factorial-trials.csv,output/strengthening_factorial/strong-factorial-phi4_mini-grpo-gsm8k-base-s94/trial-5031778.json,output/strengthening_factorial/strong-factorial-phi4_mini-grpo-gsm8k-base-s94/training-5031778.log,output/strengthening_factorial/strong-factorial-phi4_mini-grpo-gsm8k-base-s94/phase-memory-5031778.csv,output/strengthening_factorial/strong-factorial-phi4_mini-grpo-gsm8k-base-s94/gpu-telemetry-5031778.csv,output/strengthening_factorial/strong-factorial-phi4_mini-grpo-gsm8k-base-s94/environment-5031778.json,,
run-d8c3d935676cadd8,cfg-409a2028c2748c88,batch_logging_control,review-control-phi4_mini-gsm8k-s121-external_b16,121,5048502,phi4_mini-gsm8k-s121,4,within_margin,1,1,35518.0,35518.0,189.0,idle,,profiles/review_revision/control-trials.csv,output/review_instrumentation_batch/review-control-phi4_mini-gsm8k-s121-external_b16/trial-5048502.json,output/review_instrumentation_batch/review-control-phi4_mini-gsm8k-s121-external_b16/attempt-5048502/training-5048502.log,output/review_instrumentation_batch/review-control-phi4_mini-gsm8k-s121-external_b16/attempt-5048502/phase-memory-5048502.csv,output/review_instrumentation_batch/review-control-phi4_mini-gsm8k-s121-external_b16/attempt-5048502/gpu-telemetry-5048502.csv,output/review_instrumentation_batch/review-control-phi4_mini-gsm8k-s121-external_b16/attempt-5048502/environment-5048502.json,output/review_instrumentation_batch/pairs/phi4_mini-gsm8k-s121/pair-5048502.json,018992850a9514b6dfd0d81a8060d7f8a98a89fa
run-d8d74f67e2fd5933,cfg-301e4dae7048c6ec,four_gpu,rev-topology-phi4_mini-gsm8k-c2-s111-four_gpu,111,5045345,phi4_mini-gsm8k-c2-s111,1,within_margin,1,1,31658.0,31658.0,221.0,idle,,profiles/standard_grpo/revision-topology-trials.csv,output/revision_topology/rev-topology-phi4_mini-gsm8k-c2-s111-four_gpu/trial-5045345.json,output/revision_topology/rev-topology-phi4_mini-gsm8k-c2-s111-four_gpu/attempt-5045345/training-5045345.log,output/revision_topology/rev-topology-phi4_mini-gsm8k-c2-s111-four_gpu/attempt-5045345/phase-memory-5045345.csv,output/revision_topology/rev-topology-phi4_mini-gsm8k-c2-s111-four_gpu/attempt-5045345/gpu-telemetry-5045345.csv,output/revision_topology/rev-topology-phi4_mini-gsm8k-c2-s111-four_gpu/attempt-5045345/environment-5045345.json,output/revision_topology/pairs/phi4_mini-gsm8k-c2-s111/pair-5045345.json,b602c1ca41c1ab6d45a5a50885af86cfed90d0d6
run-d902cc2fc5f6b65f,cfg-872fe55d8f69b30c,temporal_40,v2time-grpo-math-qwen25_1p5b-near_boundary-s41,41,4946123,,,within_margin,1,40,35304.0,35304.0,5769.0,idle,,profiles/standard_grpo/temporal-40-trials.csv,output/benchmark_v2_temporal_confirmatory/v2time-grpo-math-qwen25_1p5b-near_boundary-s41/trial-4946123.json,output/benchmark_v2_temporal_confirmatory/v2time-grpo-math-qwen25_1p5b-near_boundary-s41/training-4946123.log,output/benchmark_v2_temporal_confirmatory/v2time-grpo-math-qwen25_1p5b-near_boundary-s41/phase-memory-4946123.csv,output/benchmark_v2_temporal_confirmatory/v2time-grpo-math-qwen25_1p5b-near_boundary-s41/gpu-telemetry-4946123.csv,output/benchmark_v2_temporal_confirmatory/v2time-grpo-math-qwen25_1p5b-near_boundary-s41/environment-4946123.json,,
run-d93be60895b5579e,cfg-d138048feeb8fe5d,boundary,v2cf-confirm-phi4_mini-grpo-math_short-c4-s43,43,4936381,,,memory_failure,0,1,14790.0,,145.0,initializing,rollout_init_memory,profiles/standard_grpo/boundary-trials.csv,output/benchmark_v2_cross_family_confirmatory/v2cf-confirm-phi4_mini-grpo-math_short-c4-s43/trial-4936381.json,output/benchmark_v2_cross_family_confirmatory/v2cf-confirm-phi4_mini-grpo-math_short-c4-s43/training-4936381.log,output/benchmark_v2_cross_family_confirmatory/v2cf-confirm-phi4_mini-grpo-math_short-c4-s43/phase-memory-4936381.csv,output/benchmark_v2_cross_family_confirmatory/v2cf-confirm-phi4_mini-grpo-math_short-c4-s43/gpu-telemetry-4936381.csv,output/benchmark_v2_cross_family_confirmatory/v2cf-confirm-phi4_mini-grpo-math_short-c4-s43/environment-4936381.json,,
run-d94adccd6e5a8a40,cfg-f009e9e3891c06f4,boundary,v2cf-confirm-qwen25_3b-grpo-math_short-c3-s42,42,4935955,,,within_margin,1,1,37478.0,37478.0,201.0,idle,,profiles/standard_grpo/boundary-trials.csv,output/benchmark_v2_cross_family_confirmatory/v2cf-confirm-qwen25_3b-grpo-math_short-c3-s42/trial-4935955.json,output/benchmark_v2_cross_family_confirmatory/v2cf-confirm-qwen25_3b-grpo-math_short-c3-s42/training-4935955.log,output/benchmark_v2_cross_family_confirmatory/v2cf-confirm-qwen25_3b-grpo-math_short-c3-s42/phase-memory-4935955.csv,output/benchmark_v2_cross_family_confirmatory/v2cf-confirm-qwen25_3b-grpo-math_short-c3-s42/gpu-telemetry-4935955.csv,output/benchmark_v2_cross_family_confirmatory/v2cf-confirm-qwen25_3b-grpo-math_short-c3-s42/environment-4935955.json,,
run-d9798309559a273a,cfg-d50136695367867d,instrumentation,rev-instrumentation-phi4_mini-gsm8k-c2-s113-external,113,5045343,phi4_mini-gsm8k-c2-s113,2,within_margin,1,1,35538.0,35538.0,186.0,idle,,profiles/standard_grpo/revision-instrumentation-trials.csv,output/revision_instrumentation/rev-instrumentation-phi4_mini-gsm8k-c2-s113-external/trial-5045343.json,output/revision_instrumentation/rev-instrumentation-phi4_mini-gsm8k-c2-s113-external/attempt-5045343/training-5045343.log,output/revision_instrumentation/rev-instrumentation-phi4_mini-gsm8k-c2-s113-external/attempt-5045343/phase-memory-5045343.csv,output/revision_instrumentation/rev-instrumentation-phi4_mini-gsm8k-c2-s113-external/attempt-5045343/gpu-telemetry-5045343.csv,output/revision_instrumentation/rev-instrumentation-phi4_mini-gsm8k-c2-s113-external/attempt-5045343/environment-5045343.json,output/revision_instrumentation/pairs/phi4_mini-gsm8k-c2-s113/pair-5045343.json,92cd0c14334ab84d718fc3bdb03ae150f064654d
run-d9acb29a5079bf10,cfg-f21b459aeb04a6a7,instrumentation,rev-instrumentation-qwen25_3b-math-c4-s112-external,112,5045319,qwen25_3b-math-c4-s112,2,memory_failure,0,1,40954.0,,131.0,initializing,rollout_init_memory,profiles/standard_grpo/revision-instrumentation-trials.csv,output/revision_instrumentation/rev-instrumentation-qwen25_3b-math-c4-s112-external/trial-5045319.json,output/revision_instrumentation/rev-instrumentation-qwen25_3b-math-c4-s112-external/attempt-5045319/training-5045319.log,output/revision_instrumentation/rev-instrumentation-qwen25_3b-math-c4-s112-external/attempt-5045319/phase-memory-5045319.csv,output/revision_instrumentation/rev-instrumentation-qwen25_3b-math-c4-s112-external/attempt-5045319/gpu-telemetry-5045319.csv,output/revision_instrumentation/rev-instrumentation-qwen25_3b-math-c4-s112-external/attempt-5045319/environment-5045319.json,output/revision_instrumentation/pairs/qwen25_3b-math-c4-s112/pair-5045319.json,92cd0c14334ab84d718fc3bdb03ae150f064654d
run-d9fa54ef81313893,cfg-30e348e68aa5fb5c,state_release,strong-node-qwen25_3b-grpo-math-near_boundary-s82-p1-resident,82,5031126,strong-node-qwen25_3b-grpo-math-near_boundary-s82,1,memory_failure,0,1,40926.0,,161.0,initializing,weight_sync_oom,profiles/standard_grpo/same-node-trials.csv,output/strengthening_same_node_residency/strong-node-qwen25_3b-grpo-math-near_boundary-s82-p1-resident/trial-5031126.json,output/strengthening_same_node_residency/strong-node-qwen25_3b-grpo-math-near_boundary-s82-p1-resident/training-5031126.log,output/strengthening_same_node_residency/strong-node-qwen25_3b-grpo-math-near_boundary-s82-p1-resident/phase-memory-5031126.csv,output/strengthening_same_node_residency/strong-node-qwen25_3b-grpo-math-near_boundary-s82-p1-resident/gpu-telemetry-5031126.csv,output/strengthening_same_node_residency/strong-node-qwen25_3b-grpo-math-near_boundary-s82-p1-resident/environment-5031126.json,,
run-da2744a2f7834766,cfg-aa33c72e0a449b9c,boundary,strong-granite-confirmatory-grpo-code_heavy_tail-c3-s91,91,5031350,,,within_margin,1,1,36562.0,36562.0,211.0,idle,,profiles/standard_grpo/boundary-trials.csv,output/strengthening_granite_confirmatory/strong-granite-confirmatory-grpo-code_heavy_tail-c3-s91/trial-5031350.json,output/strengthening_granite_confirmatory/strong-granite-confirmatory-grpo-code_heavy_tail-c3-s91/training-5031350.log,output/strengthening_granite_confirmatory/strong-granite-confirmatory-grpo-code_heavy_tail-c3-s91/phase-memory-5031350.csv,output/strengthening_granite_confirmatory/strong-granite-confirmatory-grpo-code_heavy_tail-c3-s91/gpu-telemetry-5031350.csv,output/strengthening_granite_confirmatory/strong-granite-confirmatory-grpo-code_heavy_tail-c3-s91/environment-5031350.json,,
run-db83349aad195c4a,cfg-8b7eb5281a925727,batch_reservation,strong-factorial-granite33_2b-grpo-gsm8k_long-joint-s96,96,5031403,,,within_margin,1,1,36302.0,36302.0,202.0,idle,,profiles/standard_grpo/factorial-trials.csv,output/strengthening_factorial/strong-factorial-granite33_2b-grpo-gsm8k_long-joint-s96/trial-5031403.json,output/strengthening_factorial/strong-factorial-granite33_2b-grpo-gsm8k_long-joint-s96/training-5031403.log,output/strengthening_factorial/strong-factorial-granite33_2b-grpo-gsm8k_long-joint-s96/phase-memory-5031403.csv,output/strengthening_factorial/strong-factorial-granite33_2b-grpo-gsm8k_long-joint-s96/gpu-telemetry-5031403.csv,output/strengthening_factorial/strong-factorial-granite33_2b-grpo-gsm8k_long-joint-s96/environment-5031403.json,,
run-dc6b102502cb6436,cfg-b8dd70ab682c13b2,boundary,v2cf-confirm-phi4_mini-grpo-gsm8k_long-c1-s42,42,4935662,,,within_margin,1,1,26054.0,26054.0,219.0,idle,,profiles/standard_grpo/boundary-trials.csv,output/benchmark_v2_cross_family_confirmatory/v2cf-confirm-phi4_mini-grpo-gsm8k_long-c1-s42/trial-4935662.json,output/benchmark_v2_cross_family_confirmatory/v2cf-confirm-phi4_mini-grpo-gsm8k_long-c1-s42/training-4935662.log,output/benchmark_v2_cross_family_confirmatory/v2cf-confirm-phi4_mini-grpo-gsm8k_long-c1-s42/phase-memory-4935662.csv,output/benchmark_v2_cross_family_confirmatory/v2cf-confirm-phi4_mini-grpo-gsm8k_long-c1-s42/gpu-telemetry-4935662.csv,output/benchmark_v2_cross_family_confirmatory/v2cf-confirm-phi4_mini-grpo-gsm8k_long-c1-s42/environment-4935662.json,,
run-de7b33427d3245b8,cfg-4fc35dde1bc7253c,instrumentation,rev-instrumentation-granite33_2b-gsm8k-c4-s113-full,113,5045387,granite33_2b-gsm8k-c4-s113,1,above_margin,1,1,40382.0,40382.0,193.0,idle,,profiles/standard_grpo/revision-instrumentation-trials.csv,output/revision_instrumentation/rev-instrumentation-granite33_2b-gsm8k-c4-s113-full/trial-5045387.json,output/revision_instrumentation/rev-instrumentation-granite33_2b-gsm8k-c4-s113-full/attempt-5045387/training-5045387.log,output/revision_instrumentation/rev-instrumentation-granite33_2b-gsm8k-c4-s113-full/attempt-5045387/phase-memory-5045387.csv,output/revision_instrumentation/rev-instrumentation-granite33_2b-gsm8k-c4-s113-full/attempt-5045387/gpu-telemetry-5045387.csv,output/revision_instrumentation/rev-instrumentation-granite33_2b-gsm8k-c4-s113-full/attempt-5045387/environment-5045387.json,output/revision_instrumentation/pairs/granite33_2b-gsm8k-c4-s113/pair-5045387.json,92cd0c14334ab84d718fc3bdb03ae150f064654d
run-de7e40ee93e9d49a,cfg-96fe21ab209bd8ca,batch_reservation,strong-factorial-phi4_mini-grpo-code_standard-actor_only-s95,95,5031754,,,within_margin,1,1,35588.0,35588.0,217.0,idle,,profiles/standard_grpo/factorial-trials.csv,output/strengthening_factorial/strong-factorial-phi4_mini-grpo-code_standard-actor_only-s95/trial-5031754.json,output/strengthening_factorial/strong-factorial-phi4_mini-grpo-code_standard-actor_only-s95/training-5031754.log,output/strengthening_factorial/strong-factorial-phi4_mini-grpo-code_standard-actor_only-s95/phase-memory-5031754.csv,output/strengthening_factorial/strong-factorial-phi4_mini-grpo-code_standard-actor_only-s95/gpu-telemetry-5031754.csv,output/strengthening_factorial/strong-factorial-phi4_mini-grpo-code_standard-actor_only-s95/environment-5031754.json,,
run-df59f08bfb96d055,cfg-967e29810f12167f,temporal_40,v2time-grpo-gsm8k-qwen25_3b-one_step_unsafe-s43,43,4943155,,,memory_failure,0,40,40954.0,,144.0,initializing,rollout_init_memory,profiles/standard_grpo/temporal-40-trials.csv,output/benchmark_v2_temporal_confirmatory/v2time-grpo-gsm8k-qwen25_3b-one_step_unsafe-s43/trial-4943155.json,output/benchmark_v2_temporal_confirmatory/v2time-grpo-gsm8k-qwen25_3b-one_step_unsafe-s43/training-4943155.log,output/benchmark_v2_temporal_confirmatory/v2time-grpo-gsm8k-qwen25_3b-one_step_unsafe-s43/phase-memory-4943155.csv,output/benchmark_v2_temporal_confirmatory/v2time-grpo-gsm8k-qwen25_3b-one_step_unsafe-s43/gpu-telemetry-4943155.csv,output/benchmark_v2_temporal_confirmatory/v2time-grpo-gsm8k-qwen25_3b-one_step_unsafe-s43/environment-4943155.json,,
run-df76f86b863b9c95,cfg-8b7eb5281a925727,batch_reservation,strong-factorial-granite33_2b-grpo-gsm8k_long-joint-s95,95,5031402,,,within_margin,1,1,36302.0,36302.0,180.0,idle,,profiles/standard_grpo/factorial-trials.csv,output/strengthening_factorial/strong-factorial-granite33_2b-grpo-gsm8k_long-joint-s95/trial-5031402.json,output/strengthening_factorial/strong-factorial-granite33_2b-grpo-gsm8k_long-joint-s95/training-5031402.log,output/strengthening_factorial/strong-factorial-granite33_2b-grpo-gsm8k_long-joint-s95/phase-memory-5031402.csv,output/strengthening_factorial/strong-factorial-granite33_2b-grpo-gsm8k_long-joint-s95/gpu-telemetry-5031402.csv,output/strengthening_factorial/strong-factorial-granite33_2b-grpo-gsm8k_long-joint-s95/environment-5031402.json,,
run-dfa366c7fd5f63e3,cfg-c8c150029ddeb5ed,instrumentation,rev-instrumentation-qwen25_3b-math-c4-s113-full,113,5045333,qwen25_3b-math-c4-s113,2,memory_failure,0,1,40956.0,,141.0,initializing,rollout_init_memory,profiles/standard_grpo/revision-instrumentation-trials.csv,output/revision_instrumentation/rev-instrumentation-qwen25_3b-math-c4-s113-full/trial-5045333.json,output/revision_instrumentation/rev-instrumentation-qwen25_3b-math-c4-s113-full/attempt-5045333/training-5045333.log,output/revision_instrumentation/rev-instrumentation-qwen25_3b-math-c4-s113-full/attempt-5045333/phase-memory-5045333.csv,output/revision_instrumentation/rev-instrumentation-qwen25_3b-math-c4-s113-full/attempt-5045333/gpu-telemetry-5045333.csv,output/revision_instrumentation/rev-instrumentation-qwen25_3b-math-c4-s113-full/attempt-5045333/environment-5045333.json,output/revision_instrumentation/pairs/qwen25_3b-math-c4-s113/pair-5045333.json,92cd0c14334ab84d718fc3bdb03ae150f064654d
run-dfea065c6b10771e,cfg-3221cb24296b28df,instrumentation,rev-instrumentation-granite33_2b-math-c3-s113-external,113,5045393,granite33_2b-math-c3-s113,2,within_margin,1,1,36670.0,36670.0,194.0,idle,,profiles/standard_grpo/revision-instrumentation-trials.csv,output/revision_instrumentation/rev-instrumentation-granite33_2b-math-c3-s113-external/trial-5045393.json,output/revision_instrumentation/rev-instrumentation-granite33_2b-math-c3-s113-external/attempt-5045393/training-5045393.log,output/revision_instrumentation/rev-instrumentation-granite33_2b-math-c3-s113-external/attempt-5045393/phase-memory-5045393.csv,output/revision_instrumentation/rev-instrumentation-granite33_2b-math-c3-s113-external/attempt-5045393/gpu-telemetry-5045393.csv,output/revision_instrumentation/rev-instrumentation-granite33_2b-math-c3-s113-external/attempt-5045393/environment-5045393.json,output/revision_instrumentation/pairs/granite33_2b-math-c3-s113/pair-5045393.json,92cd0c14334ab84d718fc3bdb03ae150f064654d
run-dffe79c047eecc01,cfg-bae2977da7957f72,boundary,strong-granite-confirmatory-grpo-code_standard-c0-s92,92,5031274,,,within_margin,1,1,19050.0,19050.0,259.0,idle,,profiles/standard_grpo/boundary-trials.csv,output/strengthening_granite_confirmatory/strong-granite-confirmatory-grpo-code_standard-c0-s92/trial-5031274.json,output/strengthening_granite_confirmatory/strong-granite-confirmatory-grpo-code_standard-c0-s92/training-5031274.log,output/strengthening_granite_confirmatory/strong-granite-confirmatory-grpo-code_standard-c0-s92/phase-memory-5031274.csv,output/strengthening_granite_confirmatory/strong-granite-confirmatory-grpo-code_standard-c0-s92/gpu-telemetry-5031274.csv,output/strengthening_granite_confirmatory/strong-granite-confirmatory-grpo-code_standard-c0-s92/environment-5031274.json,,
run-e00099747ec97bc6,cfg-57f3e6381e2a814a,batch_reservation,strong-factorial-phi4_mini-grpo-gsm8k-actor_only-s94,94,5031783,,,within_margin,1,1,35538.0,35538.0,213.0,idle,,profiles/standard_grpo/factorial-trials.csv,output/strengthening_factorial/strong-factorial-phi4_mini-grpo-gsm8k-actor_only-s94/trial-5031783.json,output/strengthening_factorial/strong-factorial-phi4_mini-grpo-gsm8k-actor_only-s94/training-5031783.log,output/strengthening_factorial/strong-factorial-phi4_mini-grpo-gsm8k-actor_only-s94/phase-memory-5031783.csv,output/strengthening_factorial/strong-factorial-phi4_mini-grpo-gsm8k-actor_only-s94/gpu-telemetry-5031783.csv,output/strengthening_factorial/strong-factorial-phi4_mini-grpo-gsm8k-actor_only-s94/environment-5031783.json,,
run-e010360db953ecea,cfg-9f624ec22aa3dde0,four_gpu,rev-topology-granite33_2b-math-c4-s112-four_gpu,112,5045433,granite33_2b-math-c4-s112,1,within_margin,1,1,38148.0,38148.0,205.0,idle,,profiles/standard_grpo/revision-topology-trials.csv,output/revision_topology/rev-topology-granite33_2b-math-c4-s112-four_gpu/trial-5045433.json,output/revision_topology/rev-topology-granite33_2b-math-c4-s112-four_gpu/attempt-5045433/training-5045433.log,output/revision_topology/rev-topology-granite33_2b-math-c4-s112-four_gpu/attempt-5045433/phase-memory-5045433.csv,output/revision_topology/rev-topology-granite33_2b-math-c4-s112-four_gpu/attempt-5045433/gpu-telemetry-5045433.csv,output/revision_topology/rev-topology-granite33_2b-math-c4-s112-four_gpu/attempt-5045433/environment-5045433.json,output/revision_topology/pairs/granite33_2b-math-c4-s112/pair-5045433.json,b602c1ca41c1ab6d45a5a50885af86cfed90d0d6
run-e0163b299f44b734,cfg-17e69bcf1b041bd9,four_gpu,rev-topology-phi4_mini-gsm8k-c3-s111-four_gpu,111,5045352,phi4_mini-gsm8k-c3-s111,1,within_margin,1,1,35690.0,35690.0,221.0,idle,,profiles/standard_grpo/revision-topology-trials.csv,output/revision_topology/rev-topology-phi4_mini-gsm8k-c3-s111-four_gpu/trial-5045352.json,output/revision_topology/rev-topology-phi4_mini-gsm8k-c3-s111-four_gpu/attempt-5045352/training-5045352.log,output/revision_topology/rev-topology-phi4_mini-gsm8k-c3-s111-four_gpu/attempt-5045352/phase-memory-5045352.csv,output/revision_topology/rev-topology-phi4_mini-gsm8k-c3-s111-four_gpu/attempt-5045352/gpu-telemetry-5045352.csv,output/revision_topology/rev-topology-phi4_mini-gsm8k-c3-s111-four_gpu/attempt-5045352/environment-5045352.json,output/revision_topology/pairs/phi4_mini-gsm8k-c3-s111/pair-5045352.json,b602c1ca41c1ab6d45a5a50885af86cfed90d0d6
run-e01fd14d06cfc60d,cfg-10644b5d0a82d5c3,boundary,mr-xm-confirm-phi4_mini-grpo-code_heavy_tail-c5-s51,51,5003970,,,memory_failure,0,1,14790.0,,146.0,initializing,rollout_init_memory,profiles/standard_grpo/boundary-trials.csv,output/major_revision_cross_model_confirmatory/mr-xm-confirm-phi4_mini-grpo-code_heavy_tail-c5-s51/trial-5003970.json,output/major_revision_cross_model_confirmatory/mr-xm-confirm-phi4_mini-grpo-code_heavy_tail-c5-s51/training-5003970.log,output/major_revision_cross_model_confirmatory/mr-xm-confirm-phi4_mini-grpo-code_heavy_tail-c5-s51/phase-memory-5003970.csv,output/major_revision_cross_model_confirmatory/mr-xm-confirm-phi4_mini-grpo-code_heavy_tail-c5-s51/gpu-telemetry-5003970.csv,output/major_revision_cross_model_confirmatory/mr-xm-confirm-phi4_mini-grpo-code_heavy_tail-c5-s51/environment-5003970.json,,
run-e044bac34208b194,cfg-fad1b555f8b37235,boundary,mr-xm-confirm-qwen25_3b-grpo-code_heavy_tail-c5-s52,52,4999865,,,memory_failure,0,1,10742.0,,107.0,initializing,rollout_init_memory,profiles/standard_grpo/boundary-trials.csv,output/major_revision_cross_model_confirmatory/mr-xm-confirm-qwen25_3b-grpo-code_heavy_tail-c5-s52/trial-4999865.json,output/major_revision_cross_model_confirmatory/mr-xm-confirm-qwen25_3b-grpo-code_heavy_tail-c5-s52/training-4999865.log,output/major_revision_cross_model_confirmatory/mr-xm-confirm-qwen25_3b-grpo-code_heavy_tail-c5-s52/phase-memory-4999865.csv,output/major_revision_cross_model_confirmatory/mr-xm-confirm-qwen25_3b-grpo-code_heavy_tail-c5-s52/gpu-telemetry-4999865.csv,output/major_revision_cross_model_confirmatory/mr-xm-confirm-qwen25_3b-grpo-code_heavy_tail-c5-s52/environment-4999865.json,,
run-e08b06da8fc5c5ae,cfg-818aa43be2ebba5e,horizon_followup,rev-temporal-phi4_mini-math-interpolated-s112-long,112,5045339,phi4_mini-math-interpolated-s112,2,within_margin,1,100,38492.0,38492.0,4273.0,validation,,profiles/standard_grpo/revision-temporal-trials.csv,output/revision_temporal/rev-temporal-phi4_mini-math-interpolated-s112-long/trial-5045339.json,output/revision_temporal/rev-temporal-phi4_mini-math-interpolated-s112-long/attempt-5045339/training-5045339.log,output/revision_temporal/rev-temporal-phi4_mini-math-interpolated-s112-long/attempt-5045339/phase-memory-5045339.csv,output/revision_temporal/rev-temporal-phi4_mini-math-interpolated-s112-long/attempt-5045339/gpu-telemetry-5045339.csv,output/revision_temporal/rev-temporal-phi4_mini-math-interpolated-s112-long/attempt-5045339/environment-5045339.json,output/revision_temporal/pairs/phi4_mini-math-interpolated-s112/pair-5045339.json,92f97eb8c6f49cccbcaaa7f9c58d57eab8de8755
run-e0a0fa7d046edb49,cfg-c0605c1607caa079,boundary,v2cf-confirm-phi4_mini-grpo-gsm8k_long-c3-s42,42,4936207,,,above_margin,1,1,39570.0,39570.0,187.0,idle,,profiles/standard_grpo/boundary-trials.csv,output/benchmark_v2_cross_family_confirmatory/v2cf-confirm-phi4_mini-grpo-gsm8k_long-c3-s42/trial-4936207.json,output/benchmark_v2_cross_family_confirmatory/v2cf-confirm-phi4_mini-grpo-gsm8k_long-c3-s42/training-4936207.log,output/benchmark_v2_cross_family_confirmatory/v2cf-confirm-phi4_mini-grpo-gsm8k_long-c3-s42/phase-memory-4936207.csv,output/benchmark_v2_cross_family_confirmatory/v2cf-confirm-phi4_mini-grpo-gsm8k_long-c3-s42/gpu-telemetry-4936207.csv,output/benchmark_v2_cross_family_confirmatory/v2cf-confirm-phi4_mini-grpo-gsm8k_long-c3-s42/environment-4936207.json,,
run-e0da6f76046de898,cfg-7d5384d3ac8311c8,horizon_followup,rev-temporal-phi4_mini-gsm8k-interpolated-s112-source,112,5045336,phi4_mini-gsm8k-interpolated-s112,1,within_margin,1,1,37568.0,37568.0,273.0,validation,,profiles/standard_grpo/revision-temporal-trials.csv,output/revision_temporal/rev-temporal-phi4_mini-gsm8k-interpolated-s112-source/trial-5045336.json,output/revision_temporal/rev-temporal-phi4_mini-gsm8k-interpolated-s112-source/attempt-5045336/training-5045336.log,output/revision_temporal/rev-temporal-phi4_mini-gsm8k-interpolated-s112-source/attempt-5045336/phase-memory-5045336.csv,output/revision_temporal/rev-temporal-phi4_mini-gsm8k-interpolated-s112-source/attempt-5045336/gpu-telemetry-5045336.csv,output/revision_temporal/rev-temporal-phi4_mini-gsm8k-interpolated-s112-source/attempt-5045336/environment-5045336.json,output/revision_temporal/pairs/phi4_mini-gsm8k-interpolated-s112/pair-5045336.json,92f97eb8c6f49cccbcaaa7f9c58d57eab8de8755
run-e165c7c8a265cc06,cfg-ca5490162c750c31,state_release,strong-node-qwen25_1p5b-grpo-gsm8k-near_boundary-s83-p1-release,83,5031043,strong-node-qwen25_1p5b-grpo-gsm8k-near_boundary-s83,1,within_margin,1,1,33936.0,33936.0,183.0,idle,,profiles/standard_grpo/same-node-trials.csv,output/strengthening_same_node_residency/strong-node-qwen25_1p5b-grpo-gsm8k-near_boundary-s83-p1-release/trial-5031043.json,output/strengthening_same_node_residency/strong-node-qwen25_1p5b-grpo-gsm8k-near_boundary-s83-p1-release/training-5031043.log,output/strengthening_same_node_residency/strong-node-qwen25_1p5b-grpo-gsm8k-near_boundary-s83-p1-release/phase-memory-5031043.csv,output/strengthening_same_node_residency/strong-node-qwen25_1p5b-grpo-gsm8k-near_boundary-s83-p1-release/gpu-telemetry-5031043.csv,output/strengthening_same_node_residency/strong-node-qwen25_1p5b-grpo-gsm8k-near_boundary-s83-p1-release/environment-5031043.json,,
run-e1f4cf5c4be99c07,cfg-32977d5aa42a41cb,boundary,strong-granite-confirmatory-grpo-math_short-c5-s93,93,5031408,,,memory_failure,0,1,7780.0,,98.0,initializing,rollout_init_memory,profiles/standard_grpo/boundary-trials.csv,output/strengthening_granite_confirmatory/strong-granite-confirmatory-grpo-math_short-c5-s93/trial-5031408.json,output/strengthening_granite_confirmatory/strong-granite-confirmatory-grpo-math_short-c5-s93/training-5031408.log,output/strengthening_granite_confirmatory/strong-granite-confirmatory-grpo-math_short-c5-s93/phase-memory-5031408.csv,output/strengthening_granite_confirmatory/strong-granite-confirmatory-grpo-math_short-c5-s93/gpu-telemetry-5031408.csv,output/strengthening_granite_confirmatory/strong-granite-confirmatory-grpo-math_short-c5-s93/environment-5031408.json,,
run-e29d0dd4f2b96c10,cfg-6467c4b5acff38f3,instrumentation,rev-instrumentation-phi4_mini-math-c3-s112-full,112,5045373,phi4_mini-math-c3-s112,2,above_margin,1,1,40016.0,40016.0,208.0,idle,,profiles/standard_grpo/revision-instrumentation-trials.csv,output/revision_instrumentation/rev-instrumentation-phi4_mini-math-c3-s112-full/trial-5045373.json,output/revision_instrumentation/rev-instrumentation-phi4_mini-math-c3-s112-full/attempt-5045373/training-5045373.log,output/revision_instrumentation/rev-instrumentation-phi4_mini-math-c3-s112-full/attempt-5045373/phase-memory-5045373.csv,output/revision_instrumentation/rev-instrumentation-phi4_mini-math-c3-s112-full/attempt-5045373/gpu-telemetry-5045373.csv,output/revision_instrumentation/rev-instrumentation-phi4_mini-math-c3-s112-full/attempt-5045373/environment-5045373.json,output/revision_instrumentation/pairs/phi4_mini-math-c3-s112/pair-5045373.json,92cd0c14334ab84d718fc3bdb03ae150f064654d
run-e2a6c31b90b46bb1,cfg-c8c150029ddeb5ed,instrumentation,rev-instrumentation-qwen25_3b-math-c4-s112-full,112,5045319,qwen25_3b-math-c4-s112,1,memory_failure,0,1,40956.0,,134.0,initializing,rollout_init_memory,profiles/standard_grpo/revision-instrumentation-trials.csv,output/revision_instrumentation/rev-instrumentation-qwen25_3b-math-c4-s112-full/trial-5045319.json,output/revision_instrumentation/rev-instrumentation-qwen25_3b-math-c4-s112-full/attempt-5045319/training-5045319.log,output/revision_instrumentation/rev-instrumentation-qwen25_3b-math-c4-s112-full/attempt-5045319/phase-memory-5045319.csv,output/revision_instrumentation/rev-instrumentation-qwen25_3b-math-c4-s112-full/attempt-5045319/gpu-telemetry-5045319.csv,output/revision_instrumentation/rev-instrumentation-qwen25_3b-math-c4-s112-full/attempt-5045319/environment-5045319.json,output/revision_instrumentation/pairs/qwen25_3b-math-c4-s112/pair-5045319.json,92cd0c14334ab84d718fc3bdb03ae150f064654d
run-e3117ee4920184d8,cfg-3ca7715d60421fe4,batch_reservation,strong-factorial-phi4_mini-grpo-math-joint-s96,96,5031862,,,above_margin,1,1,40016.0,40016.0,202.0,idle,,profiles/standard_grpo/factorial-trials.csv,output/strengthening_factorial/strong-factorial-phi4_mini-grpo-math-joint-s96/trial-5031862.json,output/strengthening_factorial/strong-factorial-phi4_mini-grpo-math-joint-s96/training-5031862.log,output/strengthening_factorial/strong-factorial-phi4_mini-grpo-math-joint-s96/phase-memory-5031862.csv,output/strengthening_factorial/strong-factorial-phi4_mini-grpo-math-joint-s96/gpu-telemetry-5031862.csv,output/strengthening_factorial/strong-factorial-phi4_mini-grpo-math-joint-s96/environment-5031862.json,,
run-e3729383a988d1a4,cfg-42a07dcd991102a7,batch_reservation,strong-factorial-granite33_2b-grpo-code_standard-base-s94,94,5031380,,,within_margin,1,1,32506.0,32506.0,203.0,idle,,profiles/standard_grpo/factorial-trials.csv,output/strengthening_factorial/strong-factorial-granite33_2b-grpo-code_standard-base-s94/trial-5031380.json,output/strengthening_factorial/strong-factorial-granite33_2b-grpo-code_standard-base-s94/training-5031380.log,output/strengthening_factorial/strong-factorial-granite33_2b-grpo-code_standard-base-s94/phase-memory-5031380.csv,output/strengthening_factorial/strong-factorial-granite33_2b-grpo-code_standard-base-s94/gpu-telemetry-5031380.csv,output/strengthening_factorial/strong-factorial-granite33_2b-grpo-code_standard-base-s94/environment-5031380.json,,
run-e3ae6689588a56eb,cfg-3f0f48a3c570a0c8,boundary,v2cf-confirm-qwen25_3b-grpo-math_short-c0-s42,42,4935924,,,within_margin,1,1,21860.0,21860.0,312.0,idle,,profiles/standard_grpo/boundary-trials.csv,output/benchmark_v2_cross_family_confirmatory/v2cf-confirm-qwen25_3b-grpo-math_short-c0-s42/trial-4935924.json,output/benchmark_v2_cross_family_confirmatory/v2cf-confirm-qwen25_3b-grpo-math_short-c0-s42/training-4935924.log,output/benchmark_v2_cross_family_confirmatory/v2cf-confirm-qwen25_3b-grpo-math_short-c0-s42/phase-memory-4935924.csv,output/benchmark_v2_cross_family_confirmatory/v2cf-confirm-qwen25_3b-grpo-math_short-c0-s42/gpu-telemetry-4935924.csv,output/benchmark_v2_cross_family_confirmatory/v2cf-confirm-qwen25_3b-grpo-math_short-c0-s42/environment-4935924.json,,
run-e50aad49ebdcc0b3,cfg-7df2428553b76877,boundary,mr-xm-confirm-phi4_mini-grpo-code_heavy_tail-c4-s53,53,5003969,,,memory_failure,0,1,14790.0,,102.0,initializing,rollout_init_memory,profiles/standard_grpo/boundary-trials.csv,output/major_revision_cross_model_confirmatory/mr-xm-confirm-phi4_mini-grpo-code_heavy_tail-c4-s53/trial-5003969.json,output/major_revision_cross_model_confirmatory/mr-xm-confirm-phi4_mini-grpo-code_heavy_tail-c4-s53/training-5003969.log,output/major_revision_cross_model_confirmatory/mr-xm-confirm-phi4_mini-grpo-code_heavy_tail-c4-s53/phase-memory-5003969.csv,output/major_revision_cross_model_confirmatory/mr-xm-confirm-phi4_mini-grpo-code_heavy_tail-c4-s53/gpu-telemetry-5003969.csv,output/major_revision_cross_model_confirmatory/mr-xm-confirm-phi4_mini-grpo-code_heavy_tail-c4-s53/environment-5003969.json,,
run-e57665a8a80a80da,cfg-f009e9e3891c06f4,boundary,v2cf-confirm-qwen25_3b-grpo-math_short-c3-s41,41,4935953,,,within_margin,1,1,37478.0,37478.0,203.0,idle,,profiles/standard_grpo/boundary-trials.csv,output/benchmark_v2_cross_family_confirmatory/v2cf-confirm-qwen25_3b-grpo-math_short-c3-s41/trial-4935953.json,output/benchmark_v2_cross_family_confirmatory/v2cf-confirm-qwen25_3b-grpo-math_short-c3-s41/training-4935953.log,output/benchmark_v2_cross_family_confirmatory/v2cf-confirm-qwen25_3b-grpo-math_short-c3-s41/phase-memory-4935953.csv,output/benchmark_v2_cross_family_confirmatory/v2cf-confirm-qwen25_3b-grpo-math_short-c3-s41/gpu-telemetry-4935953.csv,output/benchmark_v2_cross_family_confirmatory/v2cf-confirm-qwen25_3b-grpo-math_short-c3-s41/environment-4935953.json,,
run-e595efa2ebb4ad0a,cfg-b5912aa6ea40b7fd,batch_reservation,strong-factorial-qwen25_3b-grpo-math-base-s94,94,5032043,,,within_margin,1,1,33446.0,33446.0,204.0,idle,,profiles/standard_grpo/factorial-trials.csv,output/strengthening_factorial/strong-factorial-qwen25_3b-grpo-math-base-s94/trial-5032043.json,output/strengthening_factorial/strong-factorial-qwen25_3b-grpo-math-base-s94/training-5032043.log,output/strengthening_factorial/strong-factorial-qwen25_3b-grpo-math-base-s94/phase-memory-5032043.csv,output/strengthening_factorial/strong-factorial-qwen25_3b-grpo-math-base-s94/gpu-telemetry-5032043.csv,output/strengthening_factorial/strong-factorial-qwen25_3b-grpo-math-base-s94/environment-5032043.json,,
run-e5db79e55e615703,cfg-3fb18b33cd9f8bcf,state_release,strong-node-qwen25_3b-grpo-math-near_boundary-s83-p1-release,83,5031131,strong-node-qwen25_3b-grpo-math-near_boundary-s83,1,within_margin,1,1,36422.0,36422.0,283.0,idle,,profiles/standard_grpo/same-node-trials.csv,output/strengthening_same_node_residency/strong-node-qwen25_3b-grpo-math-near_boundary-s83-p1-release/trial-5031131.json,output/strengthening_same_node_residency/strong-node-qwen25_3b-grpo-math-near_boundary-s83-p1-release/training-5031131.log,output/strengthening_same_node_residency/strong-node-qwen25_3b-grpo-math-near_boundary-s83-p1-release/phase-memory-5031131.csv,output/strengthening_same_node_residency/strong-node-qwen25_3b-grpo-math-near_boundary-s83-p1-release/gpu-telemetry-5031131.csv,output/strengthening_same_node_residency/strong-node-qwen25_3b-grpo-math-near_boundary-s83-p1-release/environment-5031131.json,,
run-e6591b25fb8637d8,cfg-c38f036ca97204f7,temporal_40,v2time-grpo-gsm8k-qwen25_3b-safe_margin-s42,42,4940917,,,within_margin,1,40,31670.0,31670.0,3651.0,idle,,profiles/standard_grpo/temporal-40-trials.csv,output/benchmark_v2_temporal_confirmatory/v2time-grpo-gsm8k-qwen25_3b-safe_margin-s42/trial-4940917.json,output/benchmark_v2_temporal_confirmatory/v2time-grpo-gsm8k-qwen25_3b-safe_margin-s42/training-4940917.log,output/benchmark_v2_temporal_confirmatory/v2time-grpo-gsm8k-qwen25_3b-safe_margin-s42/phase-memory-4940917.csv,output/benchmark_v2_temporal_confirmatory/v2time-grpo-gsm8k-qwen25_3b-safe_margin-s42/gpu-telemetry-4940917.csv,output/benchmark_v2_temporal_confirmatory/v2time-grpo-gsm8k-qwen25_3b-safe_margin-s42/environment-4940917.json,,
run-e6773e5a92df64b2,cfg-4feb2171d2cb6476,batch_logging_control,review-control-qwen25_3b-code_heavy_tail-s122-external_b16,122,5048560,qwen25_3b-code_heavy_tail-s122,2,within_margin,1,1,33386.0,33386.0,201.0,idle,,profiles/review_revision/control-trials.csv,output/review_instrumentation_batch/review-control-qwen25_3b-code_heavy_tail-s122-external_b16/trial-5048560.json,output/review_instrumentation_batch/review-control-qwen25_3b-code_heavy_tail-s122-external_b16/attempt-5048560/training-5048560.log,output/review_instrumentation_batch/review-control-qwen25_3b-code_heavy_tail-s122-external_b16/attempt-5048560/phase-memory-5048560.csv,output/review_instrumentation_batch/review-control-qwen25_3b-code_heavy_tail-s122-external_b16/attempt-5048560/gpu-telemetry-5048560.csv,output/review_instrumentation_batch/review-control-qwen25_3b-code_heavy_tail-s122-external_b16/attempt-5048560/environment-5048560.json,output/review_instrumentation_batch/pairs/qwen25_3b-code_heavy_tail-s122/pair-5048560.json,018992850a9514b6dfd0d81a8060d7f8a98a89fa
run-e67e44ab2e0555d6,cfg-b8dd70ab682c13b2,boundary,v2cf-confirm-phi4_mini-grpo-gsm8k_long-c1-s41,41,4935658,,,within_margin,1,1,26054.0,26054.0,215.0,idle,,profiles/standard_grpo/boundary-trials.csv,output/benchmark_v2_cross_family_confirmatory/v2cf-confirm-phi4_mini-grpo-gsm8k_long-c1-s41/trial-4935658.json,output/benchmark_v2_cross_family_confirmatory/v2cf-confirm-phi4_mini-grpo-gsm8k_long-c1-s41/training-4935658.log,output/benchmark_v2_cross_family_confirmatory/v2cf-confirm-phi4_mini-grpo-gsm8k_long-c1-s41/phase-memory-4935658.csv,output/benchmark_v2_cross_family_confirmatory/v2cf-confirm-phi4_mini-grpo-gsm8k_long-c1-s41/gpu-telemetry-4935658.csv,output/benchmark_v2_cross_family_confirmatory/v2cf-confirm-phi4_mini-grpo-gsm8k_long-c1-s41/environment-4935658.json,,
run-e6e0fb6b8c6ded64,cfg-9758870c0a0b4d69,four_gpu,rev-topology-granite33_2b-math-c2-s112-four_gpu,112,5045402,granite33_2b-math-c2-s112,1,within_margin,1,1,30068.0,30068.0,218.0,idle,,profiles/standard_grpo/revision-topology-trials.csv,output/revision_topology/rev-topology-granite33_2b-math-c2-s112-four_gpu/trial-5045402.json,output/revision_topology/rev-topology-granite33_2b-math-c2-s112-four_gpu/attempt-5045402/training-5045402.log,output/revision_topology/rev-topology-granite33_2b-math-c2-s112-four_gpu/attempt-5045402/phase-memory-5045402.csv,output/revision_topology/rev-topology-granite33_2b-math-c2-s112-four_gpu/attempt-5045402/gpu-telemetry-5045402.csv,output/revision_topology/rev-topology-granite33_2b-math-c2-s112-four_gpu/attempt-5045402/environment-5045402.json,output/revision_topology/pairs/granite33_2b-math-c2-s112/pair-5045402.json,b602c1ca41c1ab6d45a5a50885af86cfed90d0d6
run-e79b0e7ad4674811,cfg-9758870c0a0b4d69,four_gpu,rev-topology-granite33_2b-math-c2-s113-four_gpu,113,5045403,granite33_2b-math-c2-s113,1,within_margin,1,1,30068.0,30068.0,205.0,idle,,profiles/standard_grpo/revision-topology-trials.csv,output/revision_topology/rev-topology-granite33_2b-math-c2-s113-four_gpu/trial-5045403.json,output/revision_topology/rev-topology-granite33_2b-math-c2-s113-four_gpu/attempt-5045403/training-5045403.log,output/revision_topology/rev-topology-granite33_2b-math-c2-s113-four_gpu/attempt-5045403/phase-memory-5045403.csv,output/revision_topology/rev-topology-granite33_2b-math-c2-s113-four_gpu/attempt-5045403/gpu-telemetry-5045403.csv,output/revision_topology/rev-topology-granite33_2b-math-c2-s113-four_gpu/attempt-5045403/environment-5045403.json,output/revision_topology/pairs/granite33_2b-math-c2-s113/pair-5045403.json,b602c1ca41c1ab6d45a5a50885af86cfed90d0d6
run-e7f931541613c5fa,cfg-a9973fa41ccc608d,batch_logging_control,review-control-phi4_mini-gsm8k-s121-full_b8,121,5048502,phi4_mini-gsm8k-s121,3,within_margin,1,1,35518.0,35518.0,192.0,idle,,profiles/review_revision/control-trials.csv,output/review_instrumentation_batch/review-control-phi4_mini-gsm8k-s121-full_b8/trial-5048502.json,output/review_instrumentation_batch/review-control-phi4_mini-gsm8k-s121-full_b8/attempt-5048502/training-5048502.log,output/review_instrumentation_batch/review-control-phi4_mini-gsm8k-s121-full_b8/attempt-5048502/phase-memory-5048502.csv,output/review_instrumentation_batch/review-control-phi4_mini-gsm8k-s121-full_b8/attempt-5048502/gpu-telemetry-5048502.csv,output/review_instrumentation_batch/review-control-phi4_mini-gsm8k-s121-full_b8/attempt-5048502/environment-5048502.json,output/review_instrumentation_batch/pairs/phi4_mini-gsm8k-s121/pair-5048502.json,018992850a9514b6dfd0d81a8060d7f8a98a89fa
run-e94a9b80aec54873,cfg-c0605c1607caa079,boundary,v2cf-confirm-phi4_mini-grpo-gsm8k_long-c3-s43,43,4936213,,,above_margin,1,1,39550.0,39550.0,185.0,idle,,profiles/standard_grpo/boundary-trials.csv,output/benchmark_v2_cross_family_confirmatory/v2cf-confirm-phi4_mini-grpo-gsm8k_long-c3-s43/trial-4936213.json,output/benchmark_v2_cross_family_confirmatory/v2cf-confirm-phi4_mini-grpo-gsm8k_long-c3-s43/training-4936213.log,output/benchmark_v2_cross_family_confirmatory/v2cf-confirm-phi4_mini-grpo-gsm8k_long-c3-s43/phase-memory-4936213.csv,output/benchmark_v2_cross_family_confirmatory/v2cf-confirm-phi4_mini-grpo-gsm8k_long-c3-s43/gpu-telemetry-4936213.csv,output/benchmark_v2_cross_family_confirmatory/v2cf-confirm-phi4_mini-grpo-gsm8k_long-c3-s43/environment-4936213.json,,
run-e9e0028e80632136,cfg-c8c150029ddeb5ed,instrumentation,rev-instrumentation-qwen25_3b-math-c4-s111-full,111,5045317,qwen25_3b-math-c4-s111,2,memory_failure,0,1,40956.0,,135.0,initializing,rollout_init_memory,profiles/standard_grpo/revision-instrumentation-trials.csv,output/revision_instrumentation/rev-instrumentation-qwen25_3b-math-c4-s111-full/trial-5045317.json,output/revision_instrumentation/rev-instrumentation-qwen25_3b-math-c4-s111-full/attempt-5045317/training-5045317.log,output/revision_instrumentation/rev-instrumentation-qwen25_3b-math-c4-s111-full/attempt-5045317/phase-memory-5045317.csv,output/revision_instrumentation/rev-instrumentation-qwen25_3b-math-c4-s111-full/attempt-5045317/gpu-telemetry-5045317.csv,output/revision_instrumentation/rev-instrumentation-qwen25_3b-math-c4-s111-full/attempt-5045317/environment-5045317.json,output/revision_instrumentation/pairs/qwen25_3b-math-c4-s111/pair-5045317.json,92cd0c14334ab84d718fc3bdb03ae150f064654d
run-ea41328221a33187,cfg-301e4dae7048c6ec,four_gpu,rev-topology-phi4_mini-gsm8k-c2-s112-four_gpu,112,5045346,phi4_mini-gsm8k-c2-s112,1,within_margin,1,1,31658.0,31658.0,212.0,idle,,profiles/standard_grpo/revision-topology-trials.csv,output/revision_topology/rev-topology-phi4_mini-gsm8k-c2-s112-four_gpu/trial-5045346.json,output/revision_topology/rev-topology-phi4_mini-gsm8k-c2-s112-four_gpu/attempt-5045346/training-5045346.log,output/revision_topology/rev-topology-phi4_mini-gsm8k-c2-s112-four_gpu/attempt-5045346/phase-memory-5045346.csv,output/revision_topology/rev-topology-phi4_mini-gsm8k-c2-s112-four_gpu/attempt-5045346/gpu-telemetry-5045346.csv,output/revision_topology/rev-topology-phi4_mini-gsm8k-c2-s112-four_gpu/attempt-5045346/environment-5045346.json,output/revision_topology/pairs/phi4_mini-gsm8k-c2-s112/pair-5045346.json,b602c1ca41c1ab6d45a5a50885af86cfed90d0d6
run-ea417d5206d8c55c,cfg-18edbed17d1a0c2e,state_release,strong-node-qwen25_3b-grpo-math-safe_margin-s82-p1-release,82,5031148,strong-node-qwen25_3b-grpo-math-safe_margin-s82,1,within_margin,1,1,22360.0,22360.0,489.0,idle,,profiles/standard_grpo/same-node-trials.csv,output/strengthening_same_node_residency/strong-node-qwen25_3b-grpo-math-safe_margin-s82-p1-release/trial-5031148.json,output/strengthening_same_node_residency/strong-node-qwen25_3b-grpo-math-safe_margin-s82-p1-release/training-5031148.log,output/strengthening_same_node_residency/strong-node-qwen25_3b-grpo-math-safe_margin-s82-p1-release/phase-memory-5031148.csv,output/strengthening_same_node_residency/strong-node-qwen25_3b-grpo-math-safe_margin-s82-p1-release/gpu-telemetry-5031148.csv,output/strengthening_same_node_residency/strong-node-qwen25_3b-grpo-math-safe_margin-s82-p1-release/environment-5031148.json,,
run-ea61e52982eecfed,cfg-7ee75feb0b09675f,batch_reservation,strong-factorial-qwen25_3b-grpo-math-actor_only-s94,94,5032047,,,within_margin,1,1,33446.0,33446.0,209.0,idle,,profiles/standard_grpo/factorial-trials.csv,output/strengthening_factorial/strong-factorial-qwen25_3b-grpo-math-actor_only-s94/trial-5032047.json,output/strengthening_factorial/strong-factorial-qwen25_3b-grpo-math-actor_only-s94/training-5032047.log,output/strengthening_factorial/strong-factorial-qwen25_3b-grpo-math-actor_only-s94/phase-memory-5032047.csv,output/strengthening_factorial/strong-factorial-qwen25_3b-grpo-math-actor_only-s94/gpu-telemetry-5032047.csv,output/strengthening_factorial/strong-factorial-qwen25_3b-grpo-math-actor_only-s94/environment-5032047.json,,
run-eb39c1889d967ed8,cfg-d9397d15f234d541,boundary,strong-granite-confirmatory-grpo-code_heavy_tail-c1-s93,93,5031344,,,within_margin,1,1,21220.0,21220.0,245.0,idle,,profiles/standard_grpo/boundary-trials.csv,output/strengthening_granite_confirmatory/strong-granite-confirmatory-grpo-code_heavy_tail-c1-s93/trial-5031344.json,output/strengthening_granite_confirmatory/strong-granite-confirmatory-grpo-code_heavy_tail-c1-s93/training-5031344.log,output/strengthening_granite_confirmatory/strong-granite-confirmatory-grpo-code_heavy_tail-c1-s93/phase-memory-5031344.csv,output/strengthening_granite_confirmatory/strong-granite-confirmatory-grpo-code_heavy_tail-c1-s93/gpu-telemetry-5031344.csv,output/strengthening_granite_confirmatory/strong-granite-confirmatory-grpo-code_heavy_tail-c1-s93/environment-5031344.json,,
run-eb4771b31d7c9c6d,cfg-e8893b12558f51dd,boundary,strong-granite-confirmatory-grpo-gsm8k_long-c5-s93,93,5031249,,,memory_failure,0,1,7780.0,,96.0,initializing,rollout_init_memory,profiles/standard_grpo/boundary-trials.csv,output/strengthening_granite_confirmatory/strong-granite-confirmatory-grpo-gsm8k_long-c5-s93/trial-5031249.json,output/strengthening_granite_confirmatory/strong-granite-confirmatory-grpo-gsm8k_long-c5-s93/training-5031249.log,output/strengthening_granite_confirmatory/strong-granite-confirmatory-grpo-gsm8k_long-c5-s93/phase-memory-5031249.csv,output/strengthening_granite_confirmatory/strong-granite-confirmatory-grpo-gsm8k_long-c5-s93/gpu-telemetry-5031249.csv,output/strengthening_granite_confirmatory/strong-granite-confirmatory-grpo-gsm8k_long-c5-s93/environment-5031249.json,,
run-eb4b8af04b8d5a83,cfg-fd41285187ce3c5b,batch_reservation,strong-factorial-qwen25_3b-grpo-code_heavy_tail-actor_only-s94,94,5031985,,,within_margin,1,1,33498.0,33498.0,214.0,idle,,profiles/standard_grpo/factorial-trials.csv,output/strengthening_factorial/strong-factorial-qwen25_3b-grpo-code_heavy_tail-actor_only-s94/trial-5031985.json,output/strengthening_factorial/strong-factorial-qwen25_3b-grpo-code_heavy_tail-actor_only-s94/training-5031985.log,output/strengthening_factorial/strong-factorial-qwen25_3b-grpo-code_heavy_tail-actor_only-s94/phase-memory-5031985.csv,output/strengthening_factorial/strong-factorial-qwen25_3b-grpo-code_heavy_tail-actor_only-s94/gpu-telemetry-5031985.csv,output/strengthening_factorial/strong-factorial-qwen25_3b-grpo-code_heavy_tail-actor_only-s94/environment-5031985.json,,
run-ebb9b667353371b0,cfg-e5f3439a7c655274,temporal_40,v2time-grpo-gsm8k-qwen25_3b-near_boundary-s42,42,4942924,,,within_margin,1,40,37990.0,37990.0,3739.0,idle,,profiles/standard_grpo/temporal-40-trials.csv,output/benchmark_v2_temporal_confirmatory/v2time-grpo-gsm8k-qwen25_3b-near_boundary-s42/trial-4942924.json,output/benchmark_v2_temporal_confirmatory/v2time-grpo-gsm8k-qwen25_3b-near_boundary-s42/training-4942924.log,output/benchmark_v2_temporal_confirmatory/v2time-grpo-gsm8k-qwen25_3b-near_boundary-s42/phase-memory-4942924.csv,output/benchmark_v2_temporal_confirmatory/v2time-grpo-gsm8k-qwen25_3b-near_boundary-s42/gpu-telemetry-4942924.csv,output/benchmark_v2_temporal_confirmatory/v2time-grpo-gsm8k-qwen25_3b-near_boundary-s42/environment-4942924.json,,
run-ebf3aa7a5144268b,cfg-5244d13eac3116ad,boundary,v2cf-confirm-qwen25_3b-grpo-gsm8k_long-c0-s41,41,4935724,,,within_margin,1,1,21540.0,21540.0,248.0,idle,,profiles/standard_grpo/boundary-trials.csv,output/benchmark_v2_cross_family_confirmatory/v2cf-confirm-qwen25_3b-grpo-gsm8k_long-c0-s41/trial-4935724.json,output/benchmark_v2_cross_family_confirmatory/v2cf-confirm-qwen25_3b-grpo-gsm8k_long-c0-s41/training-4935724.log,output/benchmark_v2_cross_family_confirmatory/v2cf-confirm-qwen25_3b-grpo-gsm8k_long-c0-s41/phase-memory-4935724.csv,output/benchmark_v2_cross_family_confirmatory/v2cf-confirm-qwen25_3b-grpo-gsm8k_long-c0-s41/gpu-telemetry-4935724.csv,output/benchmark_v2_cross_family_confirmatory/v2cf-confirm-qwen25_3b-grpo-gsm8k_long-c0-s41/environment-4935724.json,,
run-ebf6cc3e367056a2,cfg-7898c5f5e25f7757,temporal_100,strong-time-grpo-math-qwen25_1p5b-near_boundary-s91,91,5034325,,,within_margin,1,100,35590.0,35590.0,14662.0,validation,,profiles/standard_grpo/temporal-100-trials.csv,output/strengthening_temporal_phases/strong-time-grpo-math-qwen25_1p5b-near_boundary-s91/trial-5034325.json,output/strengthening_temporal_phases/strong-time-grpo-math-qwen25_1p5b-near_boundary-s91/training-5034325.log,output/strengthening_temporal_phases/strong-time-grpo-math-qwen25_1p5b-near_boundary-s91/phase-memory-5034325.csv,output/strengthening_temporal_phases/strong-time-grpo-math-qwen25_1p5b-near_boundary-s91/gpu-telemetry-5034325.csv,output/strengthening_temporal_phases/strong-time-grpo-math-qwen25_1p5b-near_boundary-s91/environment-5034325.json,,
run-ed204f30ccc94238,cfg-191bdf2aa4d09de2,batch_reservation,strong-factorial-phi4_mini-grpo-math-base-s96,96,5031826,,,within_margin,1,1,35920.0,35920.0,210.0,idle,,profiles/standard_grpo/factorial-trials.csv,output/strengthening_factorial/strong-factorial-phi4_mini-grpo-math-base-s96/trial-5031826.json,output/strengthening_factorial/strong-factorial-phi4_mini-grpo-math-base-s96/training-5031826.log,output/strengthening_factorial/strong-factorial-phi4_mini-grpo-math-base-s96/phase-memory-5031826.csv,output/strengthening_factorial/strong-factorial-phi4_mini-grpo-math-base-s96/gpu-telemetry-5031826.csv,output/strengthening_factorial/strong-factorial-phi4_mini-grpo-math-base-s96/environment-5031826.json,,
run-ed61ae004b9b3e3b,cfg-3c86a11fdb8455cb,boundary,v2cf-confirm-phi4_mini-grpo-gsm8k_long-c5-s42,42,4936248,,,memory_failure,0,1,14790.0,,102.0,initializing,rollout_init_memory,profiles/standard_grpo/boundary-trials.csv,output/benchmark_v2_cross_family_confirmatory/v2cf-confirm-phi4_mini-grpo-gsm8k_long-c5-s42/trial-4936248.json,output/benchmark_v2_cross_family_confirmatory/v2cf-confirm-phi4_mini-grpo-gsm8k_long-c5-s42/training-4936248.log,output/benchmark_v2_cross_family_confirmatory/v2cf-confirm-phi4_mini-grpo-gsm8k_long-c5-s42/phase-memory-4936248.csv,output/benchmark_v2_cross_family_confirmatory/v2cf-confirm-phi4_mini-grpo-gsm8k_long-c5-s42/gpu-telemetry-4936248.csv,output/benchmark_v2_cross_family_confirmatory/v2cf-confirm-phi4_mini-grpo-gsm8k_long-c5-s42/environment-4936248.json,,
run-ed826144e11ec0fe,cfg-bfb83ff32b7fd921,boundary,mr-xm-confirm-qwen25_3b-grpo-code_heavy_tail-c1-s53,53,4999664,,,within_margin,1,1,21542.0,21542.0,222.0,idle,,profiles/standard_grpo/boundary-trials.csv,output/major_revision_cross_model_confirmatory/mr-xm-confirm-qwen25_3b-grpo-code_heavy_tail-c1-s53/trial-4999664.json,output/major_revision_cross_model_confirmatory/mr-xm-confirm-qwen25_3b-grpo-code_heavy_tail-c1-s53/training-4999664.log,output/major_revision_cross_model_confirmatory/mr-xm-confirm-qwen25_3b-grpo-code_heavy_tail-c1-s53/phase-memory-4999664.csv,output/major_revision_cross_model_confirmatory/mr-xm-confirm-qwen25_3b-grpo-code_heavy_tail-c1-s53/gpu-telemetry-4999664.csv,output/major_revision_cross_model_confirmatory/mr-xm-confirm-qwen25_3b-grpo-code_heavy_tail-c1-s53/environment-4999664.json,,
run-ed849bbca851e576,cfg-3171760c4182a3cf,horizon_followup,rev-temporal-phi4_mini-math-interpolated-s112-source,112,5045339,phi4_mini-math-interpolated-s112,1,within_margin,1,1,37968.0,37968.0,279.0,validation,,profiles/standard_grpo/revision-temporal-trials.csv,output/revision_temporal/rev-temporal-phi4_mini-math-interpolated-s112-source/trial-5045339.json,output/revision_temporal/rev-temporal-phi4_mini-math-interpolated-s112-source/attempt-5045339/training-5045339.log,output/revision_temporal/rev-temporal-phi4_mini-math-interpolated-s112-source/attempt-5045339/phase-memory-5045339.csv,output/revision_temporal/rev-temporal-phi4_mini-math-interpolated-s112-source/attempt-5045339/gpu-telemetry-5045339.csv,output/revision_temporal/rev-temporal-phi4_mini-math-interpolated-s112-source/attempt-5045339/environment-5045339.json,output/revision_temporal/pairs/phi4_mini-math-interpolated-s112/pair-5045339.json,92f97eb8c6f49cccbcaaa7f9c58d57eab8de8755
run-ed9c9c0c64c7434e,cfg-896685010703c0fb,boundary,mr-xm-confirm-phi4_mini-grpo-code_standard-c5-s51,51,5003153,,,memory_failure,0,1,14790.0,,103.0,initializing,rollout_init_memory,profiles/standard_grpo/boundary-trials.csv,output/major_revision_cross_model_confirmatory/mr-xm-confirm-phi4_mini-grpo-code_standard-c5-s51/trial-5003153.json,output/major_revision_cross_model_confirmatory/mr-xm-confirm-phi4_mini-grpo-code_standard-c5-s51/training-5003153.log,output/major_revision_cross_model_confirmatory/mr-xm-confirm-phi4_mini-grpo-code_standard-c5-s51/phase-memory-5003153.csv,output/major_revision_cross_model_confirmatory/mr-xm-confirm-phi4_mini-grpo-code_standard-c5-s51/gpu-telemetry-5003153.csv,output/major_revision_cross_model_confirmatory/mr-xm-confirm-phi4_mini-grpo-code_standard-c5-s51/environment-5003153.json,,
run-ed9dc39bc0529cc9,cfg-a94bf7877633dfda,boundary,strong-granite-confirmatory-grpo-code_standard-c2-s92,92,5031326,,,within_margin,1,1,32384.0,32384.0,205.0,idle,,profiles/standard_grpo/boundary-trials.csv,output/strengthening_granite_confirmatory/strong-granite-confirmatory-grpo-code_standard-c2-s92/trial-5031326.json,output/strengthening_granite_confirmatory/strong-granite-confirmatory-grpo-code_standard-c2-s92/training-5031326.log,output/strengthening_granite_confirmatory/strong-granite-confirmatory-grpo-code_standard-c2-s92/phase-memory-5031326.csv,output/strengthening_granite_confirmatory/strong-granite-confirmatory-grpo-code_standard-c2-s92/gpu-telemetry-5031326.csv,output/strengthening_granite_confirmatory/strong-granite-confirmatory-grpo-code_standard-c2-s92/environment-5031326.json,,
run-eda49e73113c511f,cfg-a8e7e878a371de68,batch_reservation,strong-factorial-phi4_mini-grpo-code_standard-base-s94,94,5031745,,,within_margin,1,1,35694.0,35694.0,215.0,idle,,profiles/standard_grpo/factorial-trials.csv,output/strengthening_factorial/strong-factorial-phi4_mini-grpo-code_standard-base-s94/trial-5031745.json,output/strengthening_factorial/strong-factorial-phi4_mini-grpo-code_standard-base-s94/training-5031745.log,output/strengthening_factorial/strong-factorial-phi4_mini-grpo-code_standard-base-s94/phase-memory-5031745.csv,output/strengthening_factorial/strong-factorial-phi4_mini-grpo-code_standard-base-s94/gpu-telemetry-5031745.csv,output/strengthening_factorial/strong-factorial-phi4_mini-grpo-code_standard-base-s94/environment-5031745.json,,
run-edb765b6c0e1171f,cfg-71b33248b3cb3190,batch_reservation,strong-factorial-granite33_2b-grpo-math_short-joint-s95,95,5031497,,,within_margin,1,1,36670.0,36670.0,195.0,idle,,profiles/standard_grpo/factorial-trials.csv,output/strengthening_factorial/strong-factorial-granite33_2b-grpo-math_short-joint-s95/trial-5031497.json,output/strengthening_factorial/strong-factorial-granite33_2b-grpo-math_short-joint-s95/training-5031497.log,output/strengthening_factorial/strong-factorial-granite33_2b-grpo-math_short-joint-s95/phase-memory-5031497.csv,output/strengthening_factorial/strong-factorial-granite33_2b-grpo-math_short-joint-s95/gpu-telemetry-5031497.csv,output/strengthening_factorial/strong-factorial-granite33_2b-grpo-math_short-joint-s95/environment-5031497.json,,
run-edebf862fda8253c,cfg-e82e70f37087dd01,batch_reservation,strong-factorial-qwen25_3b-grpo-code_standard-reservation_only-s96,96,5032020,,,within_margin,1,1,37418.0,37418.0,206.0,idle,,profiles/standard_grpo/factorial-trials.csv,output/strengthening_factorial/strong-factorial-qwen25_3b-grpo-code_standard-reservation_only-s96/trial-5032020.json,output/strengthening_factorial/strong-factorial-qwen25_3b-grpo-code_standard-reservation_only-s96/training-5032020.log,output/strengthening_factorial/strong-factorial-qwen25_3b-grpo-code_standard-reservation_only-s96/phase-memory-5032020.csv,output/strengthening_factorial/strong-factorial-qwen25_3b-grpo-code_standard-reservation_only-s96/gpu-telemetry-5032020.csv,output/strengthening_factorial/strong-factorial-qwen25_3b-grpo-code_standard-reservation_only-s96/environment-5032020.json,,
run-ee034e3f7145d551,cfg-fd41285187ce3c5b,batch_reservation,strong-factorial-qwen25_3b-grpo-code_heavy_tail-actor_only-s95,95,5031987,,,within_margin,1,1,33524.0,33524.0,210.0,idle,,profiles/standard_grpo/factorial-trials.csv,output/strengthening_factorial/strong-factorial-qwen25_3b-grpo-code_heavy_tail-actor_only-s95/trial-5031987.json,output/strengthening_factorial/strong-factorial-qwen25_3b-grpo-code_heavy_tail-actor_only-s95/training-5031987.log,output/strengthening_factorial/strong-factorial-qwen25_3b-grpo-code_heavy_tail-actor_only-s95/phase-memory-5031987.csv,output/strengthening_factorial/strong-factorial-qwen25_3b-grpo-code_heavy_tail-actor_only-s95/gpu-telemetry-5031987.csv,output/strengthening_factorial/strong-factorial-qwen25_3b-grpo-code_heavy_tail-actor_only-s95/environment-5031987.json,,
run-ee3dfb789877d8fe,cfg-a0eeadfadfa890b0,batch_logging_control,review-control-qwen25_3b-code_heavy_tail-s122-external_b8,122,5048560,qwen25_3b-code_heavy_tail-s122,1,within_margin,1,1,33546.0,33546.0,201.0,idle,,profiles/review_revision/control-trials.csv,output/review_instrumentation_batch/review-control-qwen25_3b-code_heavy_tail-s122-external_b8/trial-5048560.json,output/review_instrumentation_batch/review-control-qwen25_3b-code_heavy_tail-s122-external_b8/attempt-5048560/training-5048560.log,output/review_instrumentation_batch/review-control-qwen25_3b-code_heavy_tail-s122-external_b8/attempt-5048560/phase-memory-5048560.csv,output/review_instrumentation_batch/review-control-qwen25_3b-code_heavy_tail-s122-external_b8/attempt-5048560/gpu-telemetry-5048560.csv,output/review_instrumentation_batch/review-control-qwen25_3b-code_heavy_tail-s122-external_b8/attempt-5048560/environment-5048560.json,output/review_instrumentation_batch/pairs/qwen25_3b-code_heavy_tail-s122/pair-5048560.json,018992850a9514b6dfd0d81a8060d7f8a98a89fa
run-ee4d12759665a841,cfg-d50136695367867d,instrumentation,rev-instrumentation-phi4_mini-gsm8k-c2-s112-external,112,5045342,phi4_mini-gsm8k-c2-s112,1,within_margin,1,1,35518.0,35518.0,195.0,idle,,profiles/standard_grpo/revision-instrumentation-trials.csv,output/revision_instrumentation/rev-instrumentation-phi4_mini-gsm8k-c2-s112-external/trial-5045342.json,output/revision_instrumentation/rev-instrumentation-phi4_mini-gsm8k-c2-s112-external/attempt-5045342/training-5045342.log,output/revision_instrumentation/rev-instrumentation-phi4_mini-gsm8k-c2-s112-external/attempt-5045342/phase-memory-5045342.csv,output/revision_instrumentation/rev-instrumentation-phi4_mini-gsm8k-c2-s112-external/attempt-5045342/gpu-telemetry-5045342.csv,output/revision_instrumentation/rev-instrumentation-phi4_mini-gsm8k-c2-s112-external/attempt-5045342/environment-5045342.json,output/revision_instrumentation/pairs/phi4_mini-gsm8k-c2-s112/pair-5045342.json,92cd0c14334ab84d718fc3bdb03ae150f064654d
run-ee4d14c91da3596d,cfg-f989b39cd682f07b,batch_reservation,strong-factorial-granite33_2b-grpo-math_short-reservation_only-s96,96,5031438,,,within_margin,1,1,36690.0,36690.0,215.0,idle,,profiles/standard_grpo/factorial-trials.csv,output/strengthening_factorial/strong-factorial-granite33_2b-grpo-math_short-reservation_only-s96/trial-5031438.json,output/strengthening_factorial/strong-factorial-granite33_2b-grpo-math_short-reservation_only-s96/training-5031438.log,output/strengthening_factorial/strong-factorial-granite33_2b-grpo-math_short-reservation_only-s96/phase-memory-5031438.csv,output/strengthening_factorial/strong-factorial-granite33_2b-grpo-math_short-reservation_only-s96/gpu-telemetry-5031438.csv,output/strengthening_factorial/strong-factorial-granite33_2b-grpo-math_short-reservation_only-s96/environment-5031438.json,,
run-eece780f74517192,cfg-a23a9ffc1f670139,four_gpu,rev-topology-qwen25_3b-math-c4-s113-four_gpu,113,5045344,qwen25_3b-math-c4-s113,1,within_margin,1,1,38314.0,38314.0,216.0,idle,,profiles/standard_grpo/revision-topology-trials.csv,output/revision_topology/rev-topology-qwen25_3b-math-c4-s113-four_gpu/trial-5045344.json,output/revision_topology/rev-topology-qwen25_3b-math-c4-s113-four_gpu/attempt-5045344/training-5045344.log,output/revision_topology/rev-topology-qwen25_3b-math-c4-s113-four_gpu/attempt-5045344/phase-memory-5045344.csv,output/revision_topology/rev-topology-qwen25_3b-math-c4-s113-four_gpu/attempt-5045344/gpu-telemetry-5045344.csv,output/revision_topology/rev-topology-qwen25_3b-math-c4-s113-four_gpu/attempt-5045344/environment-5045344.json,output/revision_topology/pairs/qwen25_3b-math-c4-s113/pair-5045344.json,b602c1ca41c1ab6d45a5a50885af86cfed90d0d6
run-ef93d18945132e53,cfg-28f3c14e91d01934,batch_reservation,strong-factorial-granite33_2b-grpo-code_heavy_tail-joint-s94,94,5031377,,,within_margin,1,1,36532.0,36532.0,205.0,idle,,profiles/standard_grpo/factorial-trials.csv,output/strengthening_factorial/strong-factorial-granite33_2b-grpo-code_heavy_tail-joint-s94/trial-5031377.json,output/strengthening_factorial/strong-factorial-granite33_2b-grpo-code_heavy_tail-joint-s94/training-5031377.log,output/strengthening_factorial/strong-factorial-granite33_2b-grpo-code_heavy_tail-joint-s94/phase-memory-5031377.csv,output/strengthening_factorial/strong-factorial-granite33_2b-grpo-code_heavy_tail-joint-s94/gpu-telemetry-5031377.csv,output/strengthening_factorial/strong-factorial-granite33_2b-grpo-code_heavy_tail-joint-s94/environment-5031377.json,,
run-f035efd246f89db8,cfg-a5e8503dbdd188ac,batch_reservation,strong-factorial-phi4_mini-grpo-code_standard-joint-s94,94,5031768,,,above_margin,1,1,39668.0,39668.0,222.0,idle,,profiles/standard_grpo/factorial-trials.csv,output/strengthening_factorial/strong-factorial-phi4_mini-grpo-code_standard-joint-s94/trial-5031768.json,output/strengthening_factorial/strong-factorial-phi4_mini-grpo-code_standard-joint-s94/training-5031768.log,output/strengthening_factorial/strong-factorial-phi4_mini-grpo-code_standard-joint-s94/phase-memory-5031768.csv,output/strengthening_factorial/strong-factorial-phi4_mini-grpo-code_standard-joint-s94/gpu-telemetry-5031768.csv,output/strengthening_factorial/strong-factorial-phi4_mini-grpo-code_standard-joint-s94/environment-5031768.json,,
run-f06af21ca6640b55,cfg-9758870c0a0b4d69,four_gpu,rev-topology-granite33_2b-math-c2-s111-four_gpu,111,5045401,granite33_2b-math-c2-s111,1,within_margin,1,1,30068.0,30068.0,200.0,idle,,profiles/standard_grpo/revision-topology-trials.csv,output/revision_topology/rev-topology-granite33_2b-math-c2-s111-four_gpu/trial-5045401.json,output/revision_topology/rev-topology-granite33_2b-math-c2-s111-four_gpu/attempt-5045401/training-5045401.log,output/revision_topology/rev-topology-granite33_2b-math-c2-s111-four_gpu/attempt-5045401/phase-memory-5045401.csv,output/revision_topology/rev-topology-granite33_2b-math-c2-s111-four_gpu/attempt-5045401/gpu-telemetry-5045401.csv,output/revision_topology/rev-topology-granite33_2b-math-c2-s111-four_gpu/attempt-5045401/environment-5045401.json,output/revision_topology/pairs/granite33_2b-math-c2-s111/pair-5045401.json,b602c1ca41c1ab6d45a5a50885af86cfed90d0d6
run-f0b87a0c1acf70f4,cfg-5ff9621270e710ed,four_gpu,rev-topology-phi4_mini-gsm8k-c4-s111-four_gpu,111,5045355,phi4_mini-gsm8k-c4-s111,1,above_margin,1,1,39786.0,39786.0,236.0,idle,,profiles/standard_grpo/revision-topology-trials.csv,output/revision_topology/rev-topology-phi4_mini-gsm8k-c4-s111-four_gpu/trial-5045355.json,output/revision_topology/rev-topology-phi4_mini-gsm8k-c4-s111-four_gpu/attempt-5045355/training-5045355.log,output/revision_topology/rev-topology-phi4_mini-gsm8k-c4-s111-four_gpu/attempt-5045355/phase-memory-5045355.csv,output/revision_topology/rev-topology-phi4_mini-gsm8k-c4-s111-four_gpu/attempt-5045355/gpu-telemetry-5045355.csv,output/revision_topology/rev-topology-phi4_mini-gsm8k-c4-s111-four_gpu/attempt-5045355/environment-5045355.json,output/revision_topology/pairs/phi4_mini-gsm8k-c4-s111/pair-5045355.json,b602c1ca41c1ab6d45a5a50885af86cfed90d0d6
run-f106e84ecf5dacbe,cfg-18285c3cb50308d4,boundary,mr-xm-confirm-phi4_mini-grpo-code_heavy_tail-c1-s51,51,5003709,,,within_margin,1,1,26056.0,26056.0,221.0,idle,,profiles/standard_grpo/boundary-trials.csv,output/major_revision_cross_model_confirmatory/mr-xm-confirm-phi4_mini-grpo-code_heavy_tail-c1-s51/trial-5003709.json,output/major_revision_cross_model_confirmatory/mr-xm-confirm-phi4_mini-grpo-code_heavy_tail-c1-s51/training-5003709.log,output/major_revision_cross_model_confirmatory/mr-xm-confirm-phi4_mini-grpo-code_heavy_tail-c1-s51/phase-memory-5003709.csv,output/major_revision_cross_model_confirmatory/mr-xm-confirm-phi4_mini-grpo-code_heavy_tail-c1-s51/gpu-telemetry-5003709.csv,output/major_revision_cross_model_confirmatory/mr-xm-confirm-phi4_mini-grpo-code_heavy_tail-c1-s51/environment-5003709.json,,
run-f1193abc3c10cefb,cfg-aa33c72e0a449b9c,boundary,strong-granite-confirmatory-grpo-code_heavy_tail-c3-s92,92,5031363,,,within_margin,1,1,36758.0,36758.0,187.0,idle,,profiles/standard_grpo/boundary-trials.csv,output/strengthening_granite_confirmatory/strong-granite-confirmatory-grpo-code_heavy_tail-c3-s92/trial-5031363.json,output/strengthening_granite_confirmatory/strong-granite-confirmatory-grpo-code_heavy_tail-c3-s92/training-5031363.log,output/strengthening_granite_confirmatory/strong-granite-confirmatory-grpo-code_heavy_tail-c3-s92/phase-memory-5031363.csv,output/strengthening_granite_confirmatory/strong-granite-confirmatory-grpo-code_heavy_tail-c3-s92/gpu-telemetry-5031363.csv,output/strengthening_granite_confirmatory/strong-granite-confirmatory-grpo-code_heavy_tail-c3-s92/environment-5031363.json,,
run-f1957d9f65e4126b,cfg-6d54ac65d934f404,boundary,mr-xm-confirm-qwen25_3b-grpo-code_standard-c2-s52,52,4999376,,,within_margin,1,1,33388.0,33388.0,201.0,idle,,profiles/standard_grpo/boundary-trials.csv,output/major_revision_cross_model_confirmatory/mr-xm-confirm-qwen25_3b-grpo-code_standard-c2-s52/trial-4999376.json,output/major_revision_cross_model_confirmatory/mr-xm-confirm-qwen25_3b-grpo-code_standard-c2-s52/training-4999376.log,output/major_revision_cross_model_confirmatory/mr-xm-confirm-qwen25_3b-grpo-code_standard-c2-s52/phase-memory-4999376.csv,output/major_revision_cross_model_confirmatory/mr-xm-confirm-qwen25_3b-grpo-code_standard-c2-s52/gpu-telemetry-4999376.csv,output/major_revision_cross_model_confirmatory/mr-xm-confirm-qwen25_3b-grpo-code_standard-c2-s52/environment-4999376.json,,
run-f1f9fe4af42f16c8,cfg-c2a8e6e8e140e109,four_gpu,rev-topology-granite33_2b-gsm8k-c3-s113-four_gpu,113,5045395,granite33_2b-gsm8k-c3-s113,1,within_margin,1,1,33660.0,33660.0,209.0,idle,,profiles/standard_grpo/revision-topology-trials.csv,output/revision_topology/rev-topology-granite33_2b-gsm8k-c3-s113-four_gpu/trial-5045395.json,output/revision_topology/rev-topology-granite33_2b-gsm8k-c3-s113-four_gpu/attempt-5045395/training-5045395.log,output/revision_topology/rev-topology-granite33_2b-gsm8k-c3-s113-four_gpu/attempt-5045395/phase-memory-5045395.csv,output/revision_topology/rev-topology-granite33_2b-gsm8k-c3-s113-four_gpu/attempt-5045395/gpu-telemetry-5045395.csv,output/revision_topology/rev-topology-granite33_2b-gsm8k-c3-s113-four_gpu/attempt-5045395/environment-5045395.json,output/revision_topology/pairs/granite33_2b-gsm8k-c3-s113/pair-5045395.json,b602c1ca41c1ab6d45a5a50885af86cfed90d0d6
run-f1fe650adee2d921,cfg-8bd7050cd7f49e78,boundary,v2cf-confirm-phi4_mini-grpo-gsm8k_long-c0-s42,42,4936174,,,within_margin,1,1,26034.0,26034.0,247.0,idle,,profiles/standard_grpo/boundary-trials.csv,output/benchmark_v2_cross_family_confirmatory/v2cf-confirm-phi4_mini-grpo-gsm8k_long-c0-s42/trial-4936174.json,output/benchmark_v2_cross_family_confirmatory/v2cf-confirm-phi4_mini-grpo-gsm8k_long-c0-s42/training-4936174.log,output/benchmark_v2_cross_family_confirmatory/v2cf-confirm-phi4_mini-grpo-gsm8k_long-c0-s42/phase-memory-4936174.csv,output/benchmark_v2_cross_family_confirmatory/v2cf-confirm-phi4_mini-grpo-gsm8k_long-c0-s42/gpu-telemetry-4936174.csv,output/benchmark_v2_cross_family_confirmatory/v2cf-confirm-phi4_mini-grpo-gsm8k_long-c0-s42/environment-4936174.json,,
run-f2729e96e20cf2b2,cfg-c52a49b3491283c7,temporal_100,strong-time-grpo-gsm8k-qwen25_3b-near_boundary-s93,93,5032507,,,within_margin,1,100,37768.0,37768.0,8627.0,validation,,profiles/standard_grpo/temporal-100-trials.csv,output/strengthening_temporal_phases/strong-time-grpo-gsm8k-qwen25_3b-near_boundary-s93/trial-5032507.json,output/strengthening_temporal_phases/strong-time-grpo-gsm8k-qwen25_3b-near_boundary-s93/training-5032507.log,output/strengthening_temporal_phases/strong-time-grpo-gsm8k-qwen25_3b-near_boundary-s93/phase-memory-5032507.csv,output/strengthening_temporal_phases/strong-time-grpo-gsm8k-qwen25_3b-near_boundary-s93/gpu-telemetry-5032507.csv,output/strengthening_temporal_phases/strong-time-grpo-gsm8k-qwen25_3b-near_boundary-s93/environment-5032507.json,,
run-f323ddf716602d2e,cfg-55811d23c5144bb7,boundary,v2cf-confirm-qwen25_3b-grpo-math_short-c4-s43,43,4935968,,,memory_failure,0,1,40956.0,,132.0,initializing,rollout_init_memory,profiles/standard_grpo/boundary-trials.csv,output/benchmark_v2_cross_family_confirmatory/v2cf-confirm-qwen25_3b-grpo-math_short-c4-s43/trial-4935968.json,output/benchmark_v2_cross_family_confirmatory/v2cf-confirm-qwen25_3b-grpo-math_short-c4-s43/training-4935968.log,output/benchmark_v2_cross_family_confirmatory/v2cf-confirm-qwen25_3b-grpo-math_short-c4-s43/phase-memory-4935968.csv,output/benchmark_v2_cross_family_confirmatory/v2cf-confirm-qwen25_3b-grpo-math_short-c4-s43/gpu-telemetry-4935968.csv,output/benchmark_v2_cross_family_confirmatory/v2cf-confirm-qwen25_3b-grpo-math_short-c4-s43/environment-4935968.json,,
run-f37c2b4e90ae31ef,cfg-d4a213515805a9a7,boundary,strong-granite-confirmatory-grpo-gsm8k_long-c1-s92,92,5031222,,,within_margin,1,1,21128.0,21128.0,222.0,idle,,profiles/standard_grpo/boundary-trials.csv,output/strengthening_granite_confirmatory/strong-granite-confirmatory-grpo-gsm8k_long-c1-s92/trial-5031222.json,output/strengthening_granite_confirmatory/strong-granite-confirmatory-grpo-gsm8k_long-c1-s92/training-5031222.log,output/strengthening_granite_confirmatory/strong-granite-confirmatory-grpo-gsm8k_long-c1-s92/phase-memory-5031222.csv,output/strengthening_granite_confirmatory/strong-granite-confirmatory-grpo-gsm8k_long-c1-s92/gpu-telemetry-5031222.csv,output/strengthening_granite_confirmatory/strong-granite-confirmatory-grpo-gsm8k_long-c1-s92/environment-5031222.json,,
run-f3aff601db08f5c2,cfg-8bd7050cd7f49e78,boundary,v2cf-confirm-phi4_mini-grpo-gsm8k_long-c0-s43,43,4936175,,,within_margin,1,1,26036.0,26036.0,269.0,idle,,profiles/standard_grpo/boundary-trials.csv,output/benchmark_v2_cross_family_confirmatory/v2cf-confirm-phi4_mini-grpo-gsm8k_long-c0-s43/trial-4936175.json,output/benchmark_v2_cross_family_confirmatory/v2cf-confirm-phi4_mini-grpo-gsm8k_long-c0-s43/training-4936175.log,output/benchmark_v2_cross_family_confirmatory/v2cf-confirm-phi4_mini-grpo-gsm8k_long-c0-s43/phase-memory-4936175.csv,output/benchmark_v2_cross_family_confirmatory/v2cf-confirm-phi4_mini-grpo-gsm8k_long-c0-s43/gpu-telemetry-4936175.csv,output/benchmark_v2_cross_family_confirmatory/v2cf-confirm-phi4_mini-grpo-gsm8k_long-c0-s43/environment-4936175.json,,
run-f537031bdae01833,cfg-08730ad4a3df95fa,batch_reservation,strong-factorial-granite33_2b-grpo-code_heavy_tail-reservation_only-s95,95,5031327,,,within_margin,1,1,36534.0,36534.0,217.0,idle,,profiles/standard_grpo/factorial-trials.csv,output/strengthening_factorial/strong-factorial-granite33_2b-grpo-code_heavy_tail-reservation_only-s95/trial-5031327.json,output/strengthening_factorial/strong-factorial-granite33_2b-grpo-code_heavy_tail-reservation_only-s95/training-5031327.log,output/strengthening_factorial/strong-factorial-granite33_2b-grpo-code_heavy_tail-reservation_only-s95/phase-memory-5031327.csv,output/strengthening_factorial/strong-factorial-granite33_2b-grpo-code_heavy_tail-reservation_only-s95/gpu-telemetry-5031327.csv,output/strengthening_factorial/strong-factorial-granite33_2b-grpo-code_heavy_tail-reservation_only-s95/environment-5031327.json,,
run-f5e7e1435963c664,cfg-d559324a0b1e4ecd,instrumentation,rev-instrumentation-granite33_2b-gsm8k-c3-s113-full,113,5045379,granite33_2b-gsm8k-c3-s113,2,within_margin,1,1,36302.0,36302.0,188.0,idle,,profiles/standard_grpo/revision-instrumentation-trials.csv,output/revision_instrumentation/rev-instrumentation-granite33_2b-gsm8k-c3-s113-full/trial-5045379.json,output/revision_instrumentation/rev-instrumentation-granite33_2b-gsm8k-c3-s113-full/attempt-5045379/training-5045379.log,output/revision_instrumentation/rev-instrumentation-granite33_2b-gsm8k-c3-s113-full/attempt-5045379/phase-memory-5045379.csv,output/revision_instrumentation/rev-instrumentation-granite33_2b-gsm8k-c3-s113-full/attempt-5045379/gpu-telemetry-5045379.csv,output/revision_instrumentation/rev-instrumentation-granite33_2b-gsm8k-c3-s113-full/attempt-5045379/environment-5045379.json,output/revision_instrumentation/pairs/granite33_2b-gsm8k-c3-s113/pair-5045379.json,92cd0c14334ab84d718fc3bdb03ae150f064654d
run-f66bcb2e3044e8be,cfg-9160dc45a0171a10,boundary,mr-xm-confirm-qwen25_3b-grpo-code_standard-c0-s53,53,4999002,,,within_margin,1,1,21560.0,21560.0,247.0,idle,,profiles/standard_grpo/boundary-trials.csv,output/major_revision_cross_model_confirmatory/mr-xm-confirm-qwen25_3b-grpo-code_standard-c0-s53/trial-4999002.json,output/major_revision_cross_model_confirmatory/mr-xm-confirm-qwen25_3b-grpo-code_standard-c0-s53/training-4999002.log,output/major_revision_cross_model_confirmatory/mr-xm-confirm-qwen25_3b-grpo-code_standard-c0-s53/phase-memory-4999002.csv,output/major_revision_cross_model_confirmatory/mr-xm-confirm-qwen25_3b-grpo-code_standard-c0-s53/gpu-telemetry-4999002.csv,output/major_revision_cross_model_confirmatory/mr-xm-confirm-qwen25_3b-grpo-code_standard-c0-s53/environment-4999002.json,,
run-f6cbb7c1efef2be9,cfg-4feb2171d2cb6476,batch_logging_control,review-control-qwen25_3b-code_heavy_tail-s123-external_b16,123,5048501,qwen25_3b-code_heavy_tail-s123,4,within_margin,1,1,33288.0,33288.0,193.0,idle,,profiles/review_revision/control-trials.csv,output/review_instrumentation_batch/review-control-qwen25_3b-code_heavy_tail-s123-external_b16/trial-5048501.json,output/review_instrumentation_batch/review-control-qwen25_3b-code_heavy_tail-s123-external_b16/attempt-5048501/training-5048501.log,output/review_instrumentation_batch/review-control-qwen25_3b-code_heavy_tail-s123-external_b16/attempt-5048501/phase-memory-5048501.csv,output/review_instrumentation_batch/review-control-qwen25_3b-code_heavy_tail-s123-external_b16/attempt-5048501/gpu-telemetry-5048501.csv,output/review_instrumentation_batch/review-control-qwen25_3b-code_heavy_tail-s123-external_b16/attempt-5048501/environment-5048501.json,output/review_instrumentation_batch/pairs/qwen25_3b-code_heavy_tail-s123/pair-5048501.json,018992850a9514b6dfd0d81a8060d7f8a98a89fa
run-f70a60a14b0a97e8,cfg-b3fe40f61c5686ea,state_release,strong-node-qwen25_1p5b-grpo-math-near_boundary-s82-p2-resident,82,5031045,strong-node-qwen25_1p5b-grpo-math-near_boundary-s82,2,memory_failure,0,1,40380.0,,175.0,actor_update,actor_update_oom,profiles/standard_grpo/same-node-trials.csv,output/strengthening_same_node_residency/strong-node-qwen25_1p5b-grpo-math-near_boundary-s82-p2-resident/trial-5031045.json,output/strengthening_same_node_residency/strong-node-qwen25_1p5b-grpo-math-near_boundary-s82-p2-resident/training-5031045.log,output/strengthening_same_node_residency/strong-node-qwen25_1p5b-grpo-math-near_boundary-s82-p2-resident/phase-memory-5031045.csv,output/strengthening_same_node_residency/strong-node-qwen25_1p5b-grpo-math-near_boundary-s82-p2-resident/gpu-telemetry-5031045.csv,output/strengthening_same_node_residency/strong-node-qwen25_1p5b-grpo-math-near_boundary-s82-p2-resident/environment-5031045.json,,
run-f7700409b956d387,cfg-e2a205be8efba055,boundary,v2cf-confirm-phi4_mini-grpo-math_short-c0-s42,42,4936271,,,within_margin,1,1,26348.0,26348.0,260.0,idle,,profiles/standard_grpo/boundary-trials.csv,output/benchmark_v2_cross_family_confirmatory/v2cf-confirm-phi4_mini-grpo-math_short-c0-s42/trial-4936271.json,output/benchmark_v2_cross_family_confirmatory/v2cf-confirm-phi4_mini-grpo-math_short-c0-s42/training-4936271.log,output/benchmark_v2_cross_family_confirmatory/v2cf-confirm-phi4_mini-grpo-math_short-c0-s42/phase-memory-4936271.csv,output/benchmark_v2_cross_family_confirmatory/v2cf-confirm-phi4_mini-grpo-math_short-c0-s42/gpu-telemetry-4936271.csv,output/benchmark_v2_cross_family_confirmatory/v2cf-confirm-phi4_mini-grpo-math_short-c0-s42/environment-4936271.json,,
run-f7c11cc96b9c35f9,cfg-997a5dca920f4fb3,state_release,strong-node-qwen25_1p5b-grpo-gsm8k-near_boundary-s81-p2-resident,81,5031041,strong-node-qwen25_1p5b-grpo-gsm8k-near_boundary-s81,2,above_margin,1,1,40706.0,40706.0,186.0,idle,,profiles/standard_grpo/same-node-trials.csv,output/strengthening_same_node_residency/strong-node-qwen25_1p5b-grpo-gsm8k-near_boundary-s81-p2-resident/trial-5031041.json,output/strengthening_same_node_residency/strong-node-qwen25_1p5b-grpo-gsm8k-near_boundary-s81-p2-resident/training-5031041.log,output/strengthening_same_node_residency/strong-node-qwen25_1p5b-grpo-gsm8k-near_boundary-s81-p2-resident/phase-memory-5031041.csv,output/strengthening_same_node_residency/strong-node-qwen25_1p5b-grpo-gsm8k-near_boundary-s81-p2-resident/gpu-telemetry-5031041.csv,output/strengthening_same_node_residency/strong-node-qwen25_1p5b-grpo-gsm8k-near_boundary-s81-p2-resident/environment-5031041.json,,
run-f8624c48095b7ced,cfg-df5e492a5bd02117,instrumentation,rev-instrumentation-qwen25_3b-gsm8k-c4-s112-external,112,5045362,qwen25_3b-gsm8k-c4-s112,1,memory_failure,0,1,40932.0,,193.0,weight_sync,weight_sync_oom,profiles/standard_grpo/revision-instrumentation-trials.csv,output/revision_instrumentation/rev-instrumentation-qwen25_3b-gsm8k-c4-s112-external/trial-5045362.json,output/revision_instrumentation/rev-instrumentation-qwen25_3b-gsm8k-c4-s112-external/attempt-5045362/training-5045362.log,output/revision_instrumentation/rev-instrumentation-qwen25_3b-gsm8k-c4-s112-external/attempt-5045362/phase-memory-5045362.csv,output/revision_instrumentation/rev-instrumentation-qwen25_3b-gsm8k-c4-s112-external/attempt-5045362/gpu-telemetry-5045362.csv,output/revision_instrumentation/rev-instrumentation-qwen25_3b-gsm8k-c4-s112-external/attempt-5045362/environment-5045362.json,output/revision_instrumentation/pairs/qwen25_3b-gsm8k-c4-s112/pair-5045362.json,92cd0c14334ab84d718fc3bdb03ae150f064654d
run-f88dcbf2482f36ce,cfg-30f98456fdb322c1,boundary,v2cf-confirm-qwen25_3b-grpo-math_short-c2-s42,42,4935948,,,within_margin,1,1,33446.0,33446.0,208.0,idle,,profiles/standard_grpo/boundary-trials.csv,output/benchmark_v2_cross_family_confirmatory/v2cf-confirm-qwen25_3b-grpo-math_short-c2-s42/trial-4935948.json,output/benchmark_v2_cross_family_confirmatory/v2cf-confirm-qwen25_3b-grpo-math_short-c2-s42/training-4935948.log,output/benchmark_v2_cross_family_confirmatory/v2cf-confirm-qwen25_3b-grpo-math_short-c2-s42/phase-memory-4935948.csv,output/benchmark_v2_cross_family_confirmatory/v2cf-confirm-qwen25_3b-grpo-math_short-c2-s42/gpu-telemetry-4935948.csv,output/benchmark_v2_cross_family_confirmatory/v2cf-confirm-qwen25_3b-grpo-math_short-c2-s42/environment-4935948.json,,
run-f8f4faaa9af2d8fe,cfg-ca71b56dc3189305,boundary,mr-xm-confirm-qwen25_3b-grpo-code_standard-c5-s52,52,4999484,,,memory_failure,0,1,10742.0,,128.0,initializing,rollout_init_memory,profiles/standard_grpo/boundary-trials.csv,output/major_revision_cross_model_confirmatory/mr-xm-confirm-qwen25_3b-grpo-code_standard-c5-s52/trial-4999484.json,output/major_revision_cross_model_confirmatory/mr-xm-confirm-qwen25_3b-grpo-code_standard-c5-s52/training-4999484.log,output/major_revision_cross_model_confirmatory/mr-xm-confirm-qwen25_3b-grpo-code_standard-c5-s52/phase-memory-4999484.csv,output/major_revision_cross_model_confirmatory/mr-xm-confirm-qwen25_3b-grpo-code_standard-c5-s52/gpu-telemetry-4999484.csv,output/major_revision_cross_model_confirmatory/mr-xm-confirm-qwen25_3b-grpo-code_standard-c5-s52/environment-4999484.json,,
run-f95d96d625cb93c9,cfg-ea92cccc91029465,boundary,mr-xm-confirm-phi4_mini-grpo-code_standard-c4-s53,53,5003101,,,memory_failure,0,1,14790.0,,111.0,initializing,rollout_init_memory,profiles/standard_grpo/boundary-trials.csv,output/major_revision_cross_model_confirmatory/mr-xm-confirm-phi4_mini-grpo-code_standard-c4-s53/trial-5003101.json,output/major_revision_cross_model_confirmatory/mr-xm-confirm-phi4_mini-grpo-code_standard-c4-s53/training-5003101.log,output/major_revision_cross_model_confirmatory/mr-xm-confirm-phi4_mini-grpo-code_standard-c4-s53/phase-memory-5003101.csv,output/major_revision_cross_model_confirmatory/mr-xm-confirm-phi4_mini-grpo-code_standard-c4-s53/gpu-telemetry-5003101.csv,output/major_revision_cross_model_confirmatory/mr-xm-confirm-phi4_mini-grpo-code_standard-c4-s53/environment-5003101.json,,
run-fa05b099624c4f19,cfg-00e900d266f3e8a4,batch_reservation,strong-factorial-qwen25_3b-grpo-code_standard-base-s94,94,5032005,,,within_margin,1,1,33386.0,33386.0,202.0,idle,,profiles/standard_grpo/factorial-trials.csv,output/strengthening_factorial/strong-factorial-qwen25_3b-grpo-code_standard-base-s94/trial-5032005.json,output/strengthening_factorial/strong-factorial-qwen25_3b-grpo-code_standard-base-s94/training-5032005.log,output/strengthening_factorial/strong-factorial-qwen25_3b-grpo-code_standard-base-s94/phase-memory-5032005.csv,output/strengthening_factorial/strong-factorial-qwen25_3b-grpo-code_standard-base-s94/gpu-telemetry-5032005.csv,output/strengthening_factorial/strong-factorial-qwen25_3b-grpo-code_standard-base-s94/environment-5032005.json,,
run-fa530835ea82e2cf,cfg-5c14e44760909675,state_release,strong-node-qwen25_1p5b-grpo-math-near_boundary-s82-p1-release,82,5031045,strong-node-qwen25_1p5b-grpo-math-near_boundary-s82,1,within_margin,1,1,34230.0,34230.0,190.0,idle,,profiles/standard_grpo/same-node-trials.csv,output/strengthening_same_node_residency/strong-node-qwen25_1p5b-grpo-math-near_boundary-s82-p1-release/trial-5031045.json,output/strengthening_same_node_residency/strong-node-qwen25_1p5b-grpo-math-near_boundary-s82-p1-release/training-5031045.log,output/strengthening_same_node_residency/strong-node-qwen25_1p5b-grpo-math-near_boundary-s82-p1-release/phase-memory-5031045.csv,output/strengthening_same_node_residency/strong-node-qwen25_1p5b-grpo-math-near_boundary-s82-p1-release/gpu-telemetry-5031045.csv,output/strengthening_same_node_residency/strong-node-qwen25_1p5b-grpo-math-near_boundary-s82-p1-release/environment-5031045.json,,
run-facbd0205e2a4e65,cfg-3c86a11fdb8455cb,boundary,v2cf-confirm-phi4_mini-grpo-gsm8k_long-c5-s41,41,4936243,,,memory_failure,0,1,14790.0,,102.0,initializing,rollout_init_memory,profiles/standard_grpo/boundary-trials.csv,output/benchmark_v2_cross_family_confirmatory/v2cf-confirm-phi4_mini-grpo-gsm8k_long-c5-s41/trial-4936243.json,output/benchmark_v2_cross_family_confirmatory/v2cf-confirm-phi4_mini-grpo-gsm8k_long-c5-s41/training-4936243.log,output/benchmark_v2_cross_family_confirmatory/v2cf-confirm-phi4_mini-grpo-gsm8k_long-c5-s41/phase-memory-4936243.csv,output/benchmark_v2_cross_family_confirmatory/v2cf-confirm-phi4_mini-grpo-gsm8k_long-c5-s41/gpu-telemetry-4936243.csv,output/benchmark_v2_cross_family_confirmatory/v2cf-confirm-phi4_mini-grpo-gsm8k_long-c5-s41/environment-4936243.json,,
run-fb011ce5a4016104,cfg-93d4f41e600c9079,boundary,strong-granite-confirmatory-grpo-code_heavy_tail-c4-s91,91,5031365,,,above_margin,1,1,40622.0,40622.0,205.0,idle,,profiles/standard_grpo/boundary-trials.csv,output/strengthening_granite_confirmatory/strong-granite-confirmatory-grpo-code_heavy_tail-c4-s91/trial-5031365.json,output/strengthening_granite_confirmatory/strong-granite-confirmatory-grpo-code_heavy_tail-c4-s91/training-5031365.log,output/strengthening_granite_confirmatory/strong-granite-confirmatory-grpo-code_heavy_tail-c4-s91/phase-memory-5031365.csv,output/strengthening_granite_confirmatory/strong-granite-confirmatory-grpo-code_heavy_tail-c4-s91/gpu-telemetry-5031365.csv,output/strengthening_granite_confirmatory/strong-granite-confirmatory-grpo-code_heavy_tail-c4-s91/environment-5031365.json,,
run-fb3b15c480823d85,cfg-3c86a11fdb8455cb,boundary,v2cf-confirm-phi4_mini-grpo-gsm8k_long-c5-s43,43,4936261,,,memory_failure,0,1,14790.0,,104.0,initializing,rollout_init_memory,profiles/standard_grpo/boundary-trials.csv,output/benchmark_v2_cross_family_confirmatory/v2cf-confirm-phi4_mini-grpo-gsm8k_long-c5-s43/trial-4936261.json,output/benchmark_v2_cross_family_confirmatory/v2cf-confirm-phi4_mini-grpo-gsm8k_long-c5-s43/training-4936261.log,output/benchmark_v2_cross_family_confirmatory/v2cf-confirm-phi4_mini-grpo-gsm8k_long-c5-s43/phase-memory-4936261.csv,output/benchmark_v2_cross_family_confirmatory/v2cf-confirm-phi4_mini-grpo-gsm8k_long-c5-s43/gpu-telemetry-4936261.csv,output/benchmark_v2_cross_family_confirmatory/v2cf-confirm-phi4_mini-grpo-gsm8k_long-c5-s43/environment-4936261.json,,
run-fb6a70d0a299d594,cfg-fd4d4789145230df,boundary,strong-granite-confirmatory-grpo-math_short-c1-s92,92,5031333,,,within_margin,1,1,21516.0,21516.0,221.0,idle,,profiles/standard_grpo/boundary-trials.csv,output/strengthening_granite_confirmatory/strong-granite-confirmatory-grpo-math_short-c1-s92/trial-5031333.json,output/strengthening_granite_confirmatory/strong-granite-confirmatory-grpo-math_short-c1-s92/training-5031333.log,output/strengthening_granite_confirmatory/strong-granite-confirmatory-grpo-math_short-c1-s92/phase-memory-5031333.csv,output/strengthening_granite_confirmatory/strong-granite-confirmatory-grpo-math_short-c1-s92/gpu-telemetry-5031333.csv,output/strengthening_granite_confirmatory/strong-granite-confirmatory-grpo-math_short-c1-s92/environment-5031333.json,,
run-fbb3a8f011745b2a,cfg-b062fc673112f583,batch_reservation,strong-factorial-phi4_mini-grpo-code_heavy_tail-joint-s96,96,5031737,,,above_margin,1,1,39920.0,39920.0,216.0,idle,,profiles/standard_grpo/factorial-trials.csv,output/strengthening_factorial/strong-factorial-phi4_mini-grpo-code_heavy_tail-joint-s96/trial-5031737.json,output/strengthening_factorial/strong-factorial-phi4_mini-grpo-code_heavy_tail-joint-s96/training-5031737.log,output/strengthening_factorial/strong-factorial-phi4_mini-grpo-code_heavy_tail-joint-s96/phase-memory-5031737.csv,output/strengthening_factorial/strong-factorial-phi4_mini-grpo-code_heavy_tail-joint-s96/gpu-telemetry-5031737.csv,output/strengthening_factorial/strong-factorial-phi4_mini-grpo-code_heavy_tail-joint-s96/environment-5031737.json,,
run-fc2cda15374c9699,cfg-cc5f4f0c2e1256ba,boundary,strong-granite-confirmatory-grpo-code_standard-c1-s92,92,5031413,,,within_margin,1,1,21298.0,21298.0,198.0,idle,,profiles/standard_grpo/boundary-trials.csv,output/strengthening_granite_confirmatory/strong-granite-confirmatory-grpo-code_standard-c1-s92/trial-5031413.json,output/strengthening_granite_confirmatory/strong-granite-confirmatory-grpo-code_standard-c1-s92/training-5031413.log,output/strengthening_granite_confirmatory/strong-granite-confirmatory-grpo-code_standard-c1-s92/phase-memory-5031413.csv,output/strengthening_granite_confirmatory/strong-granite-confirmatory-grpo-code_standard-c1-s92/gpu-telemetry-5031413.csv,output/strengthening_granite_confirmatory/strong-granite-confirmatory-grpo-code_standard-c1-s92/environment-5031413.json,,
run-fcc80554a19438a4,cfg-57f3e6381e2a814a,batch_reservation,strong-factorial-phi4_mini-grpo-gsm8k-actor_only-s95,95,5031791,,,within_margin,1,1,35518.0,35518.0,212.0,idle,,profiles/standard_grpo/factorial-trials.csv,output/strengthening_factorial/strong-factorial-phi4_mini-grpo-gsm8k-actor_only-s95/trial-5031791.json,output/strengthening_factorial/strong-factorial-phi4_mini-grpo-gsm8k-actor_only-s95/training-5031791.log,output/strengthening_factorial/strong-factorial-phi4_mini-grpo-gsm8k-actor_only-s95/phase-memory-5031791.csv,output/strengthening_factorial/strong-factorial-phi4_mini-grpo-gsm8k-actor_only-s95/gpu-telemetry-5031791.csv,output/strengthening_factorial/strong-factorial-phi4_mini-grpo-gsm8k-actor_only-s95/environment-5031791.json,,
run-fce414976fd56dae,cfg-331bb196cd92fe75,temporal_100,strong-time-grpo-gsm8k-qwen25_3b-safe_margin-s93,93,5032256,,,within_margin,1,100,31748.0,31748.0,8802.0,validation,,profiles/standard_grpo/temporal-100-trials.csv,output/strengthening_temporal_phases/strong-time-grpo-gsm8k-qwen25_3b-safe_margin-s93/trial-5032256.json,output/strengthening_temporal_phases/strong-time-grpo-gsm8k-qwen25_3b-safe_margin-s93/training-5032256.log,output/strengthening_temporal_phases/strong-time-grpo-gsm8k-qwen25_3b-safe_margin-s93/phase-memory-5032256.csv,output/strengthening_temporal_phases/strong-time-grpo-gsm8k-qwen25_3b-safe_margin-s93/gpu-telemetry-5032256.csv,output/strengthening_temporal_phases/strong-time-grpo-gsm8k-qwen25_3b-safe_margin-s93/environment-5032256.json,,
run-fda07fd3e1252859,cfg-b8dd70ab682c13b2,boundary,v2cf-confirm-phi4_mini-grpo-gsm8k_long-c1-s43,43,4935665,,,within_margin,1,1,26054.0,26054.0,210.0,idle,,profiles/standard_grpo/boundary-trials.csv,output/benchmark_v2_cross_family_confirmatory/v2cf-confirm-phi4_mini-grpo-gsm8k_long-c1-s43/trial-4935665.json,output/benchmark_v2_cross_family_confirmatory/v2cf-confirm-phi4_mini-grpo-gsm8k_long-c1-s43/training-4935665.log,output/benchmark_v2_cross_family_confirmatory/v2cf-confirm-phi4_mini-grpo-gsm8k_long-c1-s43/phase-memory-4935665.csv,output/benchmark_v2_cross_family_confirmatory/v2cf-confirm-phi4_mini-grpo-gsm8k_long-c1-s43/gpu-telemetry-4935665.csv,output/benchmark_v2_cross_family_confirmatory/v2cf-confirm-phi4_mini-grpo-gsm8k_long-c1-s43/environment-4935665.json,,
run-fdb175c88623ad37,cfg-7a9a974958c57abc,boundary,v2cf-confirm-qwen25_3b-grpo-gsm8k_long-c3-s42,42,4935817,,,within_margin,1,1,37140.0,37140.0,184.0,idle,,profiles/standard_grpo/boundary-trials.csv,output/benchmark_v2_cross_family_confirmatory/v2cf-confirm-qwen25_3b-grpo-gsm8k_long-c3-s42/trial-4935817.json,output/benchmark_v2_cross_family_confirmatory/v2cf-confirm-qwen25_3b-grpo-gsm8k_long-c3-s42/training-4935817.log,output/benchmark_v2_cross_family_confirmatory/v2cf-confirm-qwen25_3b-grpo-gsm8k_long-c3-s42/phase-memory-4935817.csv,output/benchmark_v2_cross_family_confirmatory/v2cf-confirm-qwen25_3b-grpo-gsm8k_long-c3-s42/gpu-telemetry-4935817.csv,output/benchmark_v2_cross_family_confirmatory/v2cf-confirm-qwen25_3b-grpo-gsm8k_long-c3-s42/environment-4935817.json,,
run-fdc320c99c899125,cfg-fbe1c0422f98cb38,boundary,strong-granite-confirmatory-grpo-gsm8k_long-c2-s92,92,5031225,,,within_margin,1,1,32302.0,32302.0,201.0,idle,,profiles/standard_grpo/boundary-trials.csv,output/strengthening_granite_confirmatory/strong-granite-confirmatory-grpo-gsm8k_long-c2-s92/trial-5031225.json,output/strengthening_granite_confirmatory/strong-granite-confirmatory-grpo-gsm8k_long-c2-s92/training-5031225.log,output/strengthening_granite_confirmatory/strong-granite-confirmatory-grpo-gsm8k_long-c2-s92/phase-memory-5031225.csv,output/strengthening_granite_confirmatory/strong-granite-confirmatory-grpo-gsm8k_long-c2-s92/gpu-telemetry-5031225.csv,output/strengthening_granite_confirmatory/strong-granite-confirmatory-grpo-gsm8k_long-c2-s92/environment-5031225.json,,
run-fed2d540bcebaa8f,cfg-a9973fa41ccc608d,batch_logging_control,review-control-phi4_mini-gsm8k-s123-full_b8,123,5048576,phi4_mini-gsm8k-s123,1,within_margin,1,1,35518.0,35518.0,251.0,idle,,profiles/review_revision/control-trials.csv,output/review_instrumentation_batch/review-control-phi4_mini-gsm8k-s123-full_b8/trial-5048576.json,output/review_instrumentation_batch/review-control-phi4_mini-gsm8k-s123-full_b8/attempt-5048576/training-5048576.log,output/review_instrumentation_batch/review-control-phi4_mini-gsm8k-s123-full_b8/attempt-5048576/phase-memory-5048576.csv,output/review_instrumentation_batch/review-control-phi4_mini-gsm8k-s123-full_b8/attempt-5048576/gpu-telemetry-5048576.csv,output/review_instrumentation_batch/review-control-phi4_mini-gsm8k-s123-full_b8/attempt-5048576/environment-5048576.json,output/review_instrumentation_batch/pairs/phi4_mini-gsm8k-s123/pair-5048576.json,018992850a9514b6dfd0d81a8060d7f8a98a89fa
run-fed723e12bda1744,cfg-1432bb8a4d9c3b8c,four_gpu,rev-topology-phi4_mini-math-c4-s111-four_gpu,111,5045381,phi4_mini-math-c4-s111,1,above_margin,1,1,40236.0,40236.0,221.0,idle,,profiles/standard_grpo/revision-topology-trials.csv,output/revision_topology/rev-topology-phi4_mini-math-c4-s111-four_gpu/trial-5045381.json,output/revision_topology/rev-topology-phi4_mini-math-c4-s111-four_gpu/attempt-5045381/training-5045381.log,output/revision_topology/rev-topology-phi4_mini-math-c4-s111-four_gpu/attempt-5045381/phase-memory-5045381.csv,output/revision_topology/rev-topology-phi4_mini-math-c4-s111-four_gpu/attempt-5045381/gpu-telemetry-5045381.csv,output/revision_topology/rev-topology-phi4_mini-math-c4-s111-four_gpu/attempt-5045381/environment-5045381.json,output/revision_topology/pairs/phi4_mini-math-c4-s111/pair-5045381.json,b602c1ca41c1ab6d45a5a50885af86cfed90d0d6
run-feecb0898b4b6240,cfg-714c540f76d9525d,four_gpu,rev-topology-qwen25_3b-math-c3-s111-four_gpu,111,5045321,qwen25_3b-math-c3-s111,1,within_margin,1,1,34212.0,34212.0,230.0,idle,,profiles/standard_grpo/revision-topology-trials.csv,output/revision_topology/rev-topology-qwen25_3b-math-c3-s111-four_gpu/trial-5045321.json,output/revision_topology/rev-topology-qwen25_3b-math-c3-s111-four_gpu/attempt-5045321/training-5045321.log,output/revision_topology/rev-topology-qwen25_3b-math-c3-s111-four_gpu/attempt-5045321/phase-memory-5045321.csv,output/revision_topology/rev-topology-qwen25_3b-math-c3-s111-four_gpu/attempt-5045321/gpu-telemetry-5045321.csv,output/revision_topology/rev-topology-qwen25_3b-math-c3-s111-four_gpu/attempt-5045321/environment-5045321.json,output/revision_topology/pairs/qwen25_3b-math-c3-s111/pair-5045321.json,b602c1ca41c1ab6d45a5a50885af86cfed90d0d6
run-ff1284c713a6436e,cfg-c5eec07ea9371c25,batch_reservation,strong-factorial-phi4_mini-grpo-code_heavy_tail-actor_only-s96,96,5031719,,,within_margin,1,1,36100.0,36100.0,206.0,idle,,profiles/standard_grpo/factorial-trials.csv,output/strengthening_factorial/strong-factorial-phi4_mini-grpo-code_heavy_tail-actor_only-s96/trial-5031719.json,output/strengthening_factorial/strong-factorial-phi4_mini-grpo-code_heavy_tail-actor_only-s96/training-5031719.log,output/strengthening_factorial/strong-factorial-phi4_mini-grpo-code_heavy_tail-actor_only-s96/phase-memory-5031719.csv,output/strengthening_factorial/strong-factorial-phi4_mini-grpo-code_heavy_tail-actor_only-s96/gpu-telemetry-5031719.csv,output/strengthening_factorial/strong-factorial-phi4_mini-grpo-code_heavy_tail-actor_only-s96/environment-5031719.json,,
run-ffb8d5eed847dd66,cfg-4743c1c830bad982,instrumentation,rev-instrumentation-phi4_mini-math-c2-s111-full,111,5045359,phi4_mini-math-c2-s111,2,within_margin,1,1,36056.0,36056.0,223.0,idle,,profiles/standard_grpo/revision-instrumentation-trials.csv,output/revision_instrumentation/rev-instrumentation-phi4_mini-math-c2-s111-full/trial-5045359.json,output/revision_instrumentation/rev-instrumentation-phi4_mini-math-c2-s111-full/attempt-5045359/training-5045359.log,output/revision_instrumentation/rev-instrumentation-phi4_mini-math-c2-s111-full/attempt-5045359/phase-memory-5045359.csv,output/revision_instrumentation/rev-instrumentation-phi4_mini-math-c2-s111-full/attempt-5045359/gpu-telemetry-5045359.csv,output/revision_instrumentation/rev-instrumentation-phi4_mini-math-c2-s111-full/attempt-5045359/environment-5045359.json,output/revision_instrumentation/pairs/phi4_mini-math-c2-s111/pair-5045359.json,92cd0c14334ab84d718fc3bdb03ae150f064654d
run-ffd4cbe677d09435,cfg-75662a6552e74f29,batch_reservation,strong-factorial-granite33_2b-grpo-math_short-base-s94,94,5031406,,,within_margin,1,1,32710.0,32710.0,205.0,idle,,profiles/standard_grpo/factorial-trials.csv,output/strengthening_factorial/strong-factorial-granite33_2b-grpo-math_short-base-s94/trial-5031406.json,output/strengthening_factorial/strong-factorial-granite33_2b-grpo-math_short-base-s94/training-5031406.log,output/strengthening_factorial/strong-factorial-granite33_2b-grpo-math_short-base-s94/phase-memory-5031406.csv,output/strengthening_factorial/strong-factorial-granite33_2b-grpo-math_short-base-s94/gpu-telemetry-5031406.csv,output/strengthening_factorial/strong-factorial-granite33_2b-grpo-math_short-base-s94/environment-5031406.json,,
