run_id,configuration_id,stage,observed_peak_mib,coverage,phase_memory_csv
run-008cd5b7b91feefd,cfg-17e69bcf1b041bd9,actor_update,13626.0,completed_run,output/revision_topology/rev-topology-phi4_mini-gsm8k-c3-s113-four_gpu/attempt-5045354/phase-memory-5045354.csv
run-008cd5b7b91feefd,cfg-17e69bcf1b041bd9,idle,35730.0,completed_run,output/revision_topology/rev-topology-phi4_mini-gsm8k-c3-s113-four_gpu/attempt-5045354/phase-memory-5045354.csv
run-008cd5b7b91feefd,cfg-17e69bcf1b041bd9,initializing,35618.0,completed_run,output/revision_topology/rev-topology-phi4_mini-gsm8k-c3-s113-four_gpu/attempt-5045354/phase-memory-5045354.csv
run-008cd5b7b91feefd,cfg-17e69bcf1b041bd9,reference_logprob,9942.0,completed_run,output/revision_topology/rev-topology-phi4_mini-gsm8k-c3-s113-four_gpu/attempt-5045354/phase-memory-5045354.csv
run-008cd5b7b91feefd,cfg-17e69bcf1b041bd9,rollout,35492.0,completed_run,output/revision_topology/rev-topology-phi4_mini-gsm8k-c3-s113-four_gpu/attempt-5045354/phase-memory-5045354.csv
run-008cd5b7b91feefd,cfg-17e69bcf1b041bd9,weight_sync,35730.0,completed_run,output/revision_topology/rev-topology-phi4_mini-gsm8k-c3-s113-four_gpu/attempt-5045354/phase-memory-5045354.csv
run-00f0fdcc3cf29a61,cfg-4e0b53e75324e5f8,actor_update,18748.0,completed_run,output/strengthening_same_node_residency/strong-node-qwen25_3b-grpo-gsm8k-near_boundary-s82-p2-release/phase-memory-5031092.csv
run-00f0fdcc3cf29a61,cfg-4e0b53e75324e5f8,idle,35778.0,completed_run,output/strengthening_same_node_residency/strong-node-qwen25_3b-grpo-gsm8k-near_boundary-s82-p2-release/phase-memory-5031092.csv
run-00f0fdcc3cf29a61,cfg-4e0b53e75324e5f8,initializing,35910.0,completed_run,output/strengthening_same_node_residency/strong-node-qwen25_3b-grpo-gsm8k-near_boundary-s82-p2-release/phase-memory-5031092.csv
run-00f0fdcc3cf29a61,cfg-4e0b53e75324e5f8,reference_logprob,14304.0,completed_run,output/strengthening_same_node_residency/strong-node-qwen25_3b-grpo-gsm8k-near_boundary-s82-p2-release/phase-memory-5031092.csv
run-00f0fdcc3cf29a61,cfg-4e0b53e75324e5f8,rollout,36750.0,completed_run,output/strengthening_same_node_residency/strong-node-qwen25_3b-grpo-gsm8k-near_boundary-s82-p2-release/phase-memory-5031092.csv
run-00f0fdcc3cf29a61,cfg-4e0b53e75324e5f8,weight_sync,35778.0,completed_run,output/strengthening_same_node_residency/strong-node-qwen25_3b-grpo-gsm8k-near_boundary-s82-p2-release/phase-memory-5031092.csv
run-0149080116bfd0c6,cfg-18285c3cb50308d4,actor_update,19852.0,completed_run,output/major_revision_cross_model_confirmatory/mr-xm-confirm-phi4_mini-grpo-code_heavy_tail-c1-s53/phase-memory-5003711.csv
run-0149080116bfd0c6,cfg-18285c3cb50308d4,idle,21944.0,completed_run,output/major_revision_cross_model_confirmatory/mr-xm-confirm-phi4_mini-grpo-code_heavy_tail-c1-s53/phase-memory-5003711.csv
run-0149080116bfd0c6,cfg-18285c3cb50308d4,initializing,25598.0,completed_run,output/major_revision_cross_model_confirmatory/mr-xm-confirm-phi4_mini-grpo-code_heavy_tail-c1-s53/phase-memory-5003711.csv
run-0149080116bfd0c6,cfg-18285c3cb50308d4,reference_logprob,17528.0,completed_run,output/major_revision_cross_model_confirmatory/mr-xm-confirm-phi4_mini-grpo-code_heavy_tail-c1-s53/phase-memory-5003711.csv
run-0149080116bfd0c6,cfg-18285c3cb50308d4,rollout,22328.0,completed_run,output/major_revision_cross_model_confirmatory/mr-xm-confirm-phi4_mini-grpo-code_heavy_tail-c1-s53/phase-memory-5003711.csv
run-0149080116bfd0c6,cfg-18285c3cb50308d4,weight_sync,26056.0,completed_run,output/major_revision_cross_model_confirmatory/mr-xm-confirm-phi4_mini-grpo-code_heavy_tail-c1-s53/phase-memory-5003711.csv
run-01c3bc12b2795a8c,cfg-73c06764ba28a56b,actor_update,12920.0,completed_run,output/strengthening_granite_confirmatory/strong-granite-confirmatory-grpo-gsm8k_long-c3-s93/phase-memory-5031240.csv
run-01c3bc12b2795a8c,cfg-73c06764ba28a56b,idle,36302.0,completed_run,output/strengthening_granite_confirmatory/strong-granite-confirmatory-grpo-gsm8k_long-c3-s93/phase-memory-5031240.csv
run-01c3bc12b2795a8c,cfg-73c06764ba28a56b,initializing,35876.0,completed_run,output/strengthening_granite_confirmatory/strong-granite-confirmatory-grpo-gsm8k_long-c3-s93/phase-memory-5031240.csv
run-01c3bc12b2795a8c,cfg-73c06764ba28a56b,reference_logprob,9376.0,completed_run,output/strengthening_granite_confirmatory/strong-granite-confirmatory-grpo-gsm8k_long-c3-s93/phase-memory-5031240.csv
run-01c3bc12b2795a8c,cfg-73c06764ba28a56b,rollout,35932.0,completed_run,output/strengthening_granite_confirmatory/strong-granite-confirmatory-grpo-gsm8k_long-c3-s93/phase-memory-5031240.csv
run-01c3bc12b2795a8c,cfg-73c06764ba28a56b,weight_sync,36302.0,completed_run,output/strengthening_granite_confirmatory/strong-granite-confirmatory-grpo-gsm8k_long-c3-s93/phase-memory-5031240.csv
run-01fa8aec3396244b,cfg-b7f5b55ef67a8883,actor_update,18684.0,completed_run,output/strengthening_factorial/strong-factorial-qwen25_3b-grpo-code_heavy_tail-reservation_only-s94/phase-memory-5031989.csv
run-01fa8aec3396244b,cfg-b7f5b55ef67a8883,idle,37140.0,completed_run,output/strengthening_factorial/strong-factorial-qwen25_3b-grpo-code_heavy_tail-reservation_only-s94/phase-memory-5031989.csv
run-01fa8aec3396244b,cfg-b7f5b55ef67a8883,initializing,36708.0,completed_run,output/strengthening_factorial/strong-factorial-qwen25_3b-grpo-code_heavy_tail-reservation_only-s94/phase-memory-5031989.csv
run-01fa8aec3396244b,cfg-b7f5b55ef67a8883,reference_logprob,13644.0,completed_run,output/strengthening_factorial/strong-factorial-qwen25_3b-grpo-code_heavy_tail-reservation_only-s94/phase-memory-5031989.csv
run-01fa8aec3396244b,cfg-b7f5b55ef67a8883,rollout,37418.0,completed_run,output/strengthening_factorial/strong-factorial-qwen25_3b-grpo-code_heavy_tail-reservation_only-s94/phase-memory-5031989.csv
run-01fa8aec3396244b,cfg-b7f5b55ef67a8883,weight_sync,37140.0,completed_run,output/strengthening_factorial/strong-factorial-qwen25_3b-grpo-code_heavy_tail-reservation_only-s94/phase-memory-5031989.csv
run-0266fae0b96a7550,cfg-a188f9742074d270,initializing,40926.0,terminal_stage_partial,output/strengthening_same_node_residency/strong-node-qwen25_3b-grpo-gsm8k-near_boundary-s83-p2-resident/phase-memory-5031094.csv
run-0274ea382bb4411e,cfg-a8e7e878a371de68,actor_update,22370.0,completed_run,output/strengthening_factorial/strong-factorial-phi4_mini-grpo-code_standard-base-s96/phase-memory-5031747.csv
run-0274ea382bb4411e,cfg-a8e7e878a371de68,idle,35518.0,completed_run,output/strengthening_factorial/strong-factorial-phi4_mini-grpo-code_standard-base-s96/phase-memory-5031747.csv
run-0274ea382bb4411e,cfg-a8e7e878a371de68,initializing,35398.0,completed_run,output/strengthening_factorial/strong-factorial-phi4_mini-grpo-code_standard-base-s96/phase-memory-5031747.csv
run-0274ea382bb4411e,cfg-a8e7e878a371de68,reference_logprob,16996.0,completed_run,output/strengthening_factorial/strong-factorial-phi4_mini-grpo-code_standard-base-s96/phase-memory-5031747.csv
run-0274ea382bb4411e,cfg-a8e7e878a371de68,rollout,35522.0,completed_run,output/strengthening_factorial/strong-factorial-phi4_mini-grpo-code_standard-base-s96/phase-memory-5031747.csv
run-0274ea382bb4411e,cfg-a8e7e878a371de68,weight_sync,35518.0,completed_run,output/strengthening_factorial/strong-factorial-phi4_mini-grpo-code_standard-base-s96/phase-memory-5031747.csv
run-029e116495a7b815,cfg-399f6b038d6f65f9,actor_update,10882.0,completed_run,output/revision_topology/rev-topology-qwen25_3b-gsm8k-c2-s111-four_gpu/attempt-5045273/phase-memory-5045273.csv
run-029e116495a7b815,cfg-399f6b038d6f65f9,idle,29840.0,completed_run,output/revision_topology/rev-topology-qwen25_3b-gsm8k-c2-s111-four_gpu/attempt-5045273/phase-memory-5045273.csv
run-029e116495a7b815,cfg-399f6b038d6f65f9,initializing,29548.0,completed_run,output/revision_topology/rev-topology-qwen25_3b-gsm8k-c2-s111-four_gpu/attempt-5045273/phase-memory-5045273.csv
run-029e116495a7b815,cfg-399f6b038d6f65f9,reference_logprob,8496.0,completed_run,output/revision_topology/rev-topology-qwen25_3b-gsm8k-c2-s111-four_gpu/attempt-5045273/phase-memory-5045273.csv
run-029e116495a7b815,cfg-399f6b038d6f65f9,rollout,29530.0,completed_run,output/revision_topology/rev-topology-qwen25_3b-gsm8k-c2-s111-four_gpu/attempt-5045273/phase-memory-5045273.csv
run-029e116495a7b815,cfg-399f6b038d6f65f9,weight_sync,29820.0,completed_run,output/revision_topology/rev-topology-qwen25_3b-gsm8k-c2-s111-four_gpu/attempt-5045273/phase-memory-5045273.csv
run-02cd07da6caa1a64,cfg-338d9224eb9d2f3a,actor_update,14006.0,completed_run,output/benchmark_v2_cross_family_confirmatory/v2cf-confirm-qwen25_3b-grpo-gsm8k_long-c2-s42/phase-memory-4935810.csv
run-02cd07da6caa1a64,cfg-338d9224eb9d2f3a,idle,33108.0,completed_run,output/benchmark_v2_cross_family_confirmatory/v2cf-confirm-qwen25_3b-grpo-gsm8k_long-c2-s42/phase-memory-4935810.csv
run-02cd07da6caa1a64,cfg-338d9224eb9d2f3a,initializing,32676.0,completed_run,output/benchmark_v2_cross_family_confirmatory/v2cf-confirm-qwen25_3b-grpo-gsm8k_long-c2-s42/phase-memory-4935810.csv
run-02cd07da6caa1a64,cfg-338d9224eb9d2f3a,reference_logprob,11506.0,completed_run,output/benchmark_v2_cross_family_confirmatory/v2cf-confirm-qwen25_3b-grpo-gsm8k_long-c2-s42/phase-memory-4935810.csv
run-02cd07da6caa1a64,cfg-338d9224eb9d2f3a,rollout,32694.0,completed_run,output/benchmark_v2_cross_family_confirmatory/v2cf-confirm-qwen25_3b-grpo-gsm8k_long-c2-s42/phase-memory-4935810.csv
run-02cd07da6caa1a64,cfg-338d9224eb9d2f3a,weight_sync,32626.0,completed_run,output/benchmark_v2_cross_family_confirmatory/v2cf-confirm-qwen25_3b-grpo-gsm8k_long-c2-s42/phase-memory-4935810.csv
run-030884a3697e9a81,cfg-2d4026e56a7ee4fe,actor_update,14412.0,completed_run,output/revision_instrumentation/rev-instrumentation-granite33_2b-math-c4-s113-external/attempt-5045282/phase-memory-5045282.csv
run-030884a3697e9a81,cfg-2d4026e56a7ee4fe,idle,40750.0,completed_run,output/revision_instrumentation/rev-instrumentation-granite33_2b-math-c4-s113-external/attempt-5045282/phase-memory-5045282.csv
run-030884a3697e9a81,cfg-2d4026e56a7ee4fe,initializing,40388.0,completed_run,output/revision_instrumentation/rev-instrumentation-granite33_2b-math-c4-s113-external/attempt-5045282/phase-memory-5045282.csv
run-030884a3697e9a81,cfg-2d4026e56a7ee4fe,reference_logprob,10326.0,completed_run,output/revision_instrumentation/rev-instrumentation-granite33_2b-math-c4-s113-external/attempt-5045282/phase-memory-5045282.csv
run-030884a3697e9a81,cfg-2d4026e56a7ee4fe,rollout,40546.0,completed_run,output/revision_instrumentation/rev-instrumentation-granite33_2b-math-c4-s113-external/attempt-5045282/phase-memory-5045282.csv
run-030884a3697e9a81,cfg-2d4026e56a7ee4fe,unknown,40292.0,completed_run,output/revision_instrumentation/rev-instrumentation-granite33_2b-math-c4-s113-external/attempt-5045282/phase-memory-5045282.csv
run-030884a3697e9a81,cfg-2d4026e56a7ee4fe,weight_sync,40750.0,completed_run,output/revision_instrumentation/rev-instrumentation-granite33_2b-math-c4-s113-external/attempt-5045282/phase-memory-5045282.csv
run-0357b851b79ef830,cfg-e80b4f00d0546932,actor_update,14490.0,completed_run,output/revision_instrumentation/rev-instrumentation-granite33_2b-math-c3-s112-full/attempt-5045391/phase-memory-5045391.csv
run-0357b851b79ef830,cfg-e80b4f00d0546932,idle,36670.0,completed_run,output/revision_instrumentation/rev-instrumentation-granite33_2b-math-c3-s112-full/attempt-5045391/phase-memory-5045391.csv
run-0357b851b79ef830,cfg-e80b4f00d0546932,initializing,36308.0,completed_run,output/revision_instrumentation/rev-instrumentation-granite33_2b-math-c3-s112-full/attempt-5045391/phase-memory-5045391.csv
run-0357b851b79ef830,cfg-e80b4f00d0546932,reference_logprob,10364.0,completed_run,output/revision_instrumentation/rev-instrumentation-granite33_2b-math-c3-s112-full/attempt-5045391/phase-memory-5045391.csv
run-0357b851b79ef830,cfg-e80b4f00d0546932,rollout,36542.0,completed_run,output/revision_instrumentation/rev-instrumentation-granite33_2b-math-c3-s112-full/attempt-5045391/phase-memory-5045391.csv
run-0357b851b79ef830,cfg-e80b4f00d0546932,weight_sync,36670.0,completed_run,output/revision_instrumentation/rev-instrumentation-granite33_2b-math-c3-s112-full/attempt-5045391/phase-memory-5045391.csv
run-0410e7cc800b89a1,cfg-c38f036ca97204f7,actor_update,21326.0,completed_run,output/benchmark_v2_temporal_confirmatory/v2time-grpo-gsm8k-qwen25_3b-safe_margin-s41/phase-memory-4935431.csv
run-0410e7cc800b89a1,cfg-c38f036ca97204f7,idle,29730.0,completed_run,output/benchmark_v2_temporal_confirmatory/v2time-grpo-gsm8k-qwen25_3b-safe_margin-s41/phase-memory-4935431.csv
run-0410e7cc800b89a1,cfg-c38f036ca97204f7,initializing,29862.0,completed_run,output/benchmark_v2_temporal_confirmatory/v2time-grpo-gsm8k-qwen25_3b-safe_margin-s41/phase-memory-4935431.csv
run-0410e7cc800b89a1,cfg-c38f036ca97204f7,reference_logprob,15920.0,completed_run,output/benchmark_v2_temporal_confirmatory/v2time-grpo-gsm8k-qwen25_3b-safe_margin-s41/phase-memory-4935431.csv
run-0410e7cc800b89a1,cfg-c38f036ca97204f7,rollout,31304.0,completed_run,output/benchmark_v2_temporal_confirmatory/v2time-grpo-gsm8k-qwen25_3b-safe_margin-s41/phase-memory-4935431.csv
run-0410e7cc800b89a1,cfg-c38f036ca97204f7,weight_sync,29730.0,completed_run,output/benchmark_v2_temporal_confirmatory/v2time-grpo-gsm8k-qwen25_3b-safe_margin-s41/phase-memory-4935431.csv
run-0456548fec311ba1,cfg-7a98d0694b7ff8f8,actor_update,19726.0,completed_run,output/benchmark_v2_telemetry_calibration/v2tel-04-qwen25_3b-grpo-gsm8k-near_boundary-10ms/phase-memory-4935155.csv
run-0456548fec311ba1,cfg-7a98d0694b7ff8f8,idle,35778.0,completed_run,output/benchmark_v2_telemetry_calibration/v2tel-04-qwen25_3b-grpo-gsm8k-near_boundary-10ms/phase-memory-4935155.csv
run-0456548fec311ba1,cfg-7a98d0694b7ff8f8,initializing,35912.0,completed_run,output/benchmark_v2_telemetry_calibration/v2tel-04-qwen25_3b-grpo-gsm8k-near_boundary-10ms/phase-memory-4935155.csv
run-0456548fec311ba1,cfg-7a98d0694b7ff8f8,reference_logprob,14744.0,completed_run,output/benchmark_v2_telemetry_calibration/v2tel-04-qwen25_3b-grpo-gsm8k-near_boundary-10ms/phase-memory-4935155.csv
run-0456548fec311ba1,cfg-7a98d0694b7ff8f8,rollout,36056.0,completed_run,output/benchmark_v2_telemetry_calibration/v2tel-04-qwen25_3b-grpo-gsm8k-near_boundary-10ms/phase-memory-4935155.csv
run-0456548fec311ba1,cfg-7a98d0694b7ff8f8,unknown,36054.0,completed_run,output/benchmark_v2_telemetry_calibration/v2tel-04-qwen25_3b-grpo-gsm8k-near_boundary-10ms/phase-memory-4935155.csv
run-0456548fec311ba1,cfg-7a98d0694b7ff8f8,weight_sync,35778.0,completed_run,output/benchmark_v2_telemetry_calibration/v2tel-04-qwen25_3b-grpo-gsm8k-near_boundary-10ms/phase-memory-4935155.csv
run-05cc986ee8b775be,cfg-6a4562db98b38d6f,actor_update,12978.0,completed_run,output/strengthening_granite_confirmatory/strong-granite-confirmatory-grpo-gsm8k_long-c4-s92/phase-memory-5031243.csv
run-05cc986ee8b775be,cfg-6a4562db98b38d6f,idle,40382.0,completed_run,output/strengthening_granite_confirmatory/strong-granite-confirmatory-grpo-gsm8k_long-c4-s92/phase-memory-5031243.csv
run-05cc986ee8b775be,cfg-6a4562db98b38d6f,initializing,39956.0,completed_run,output/strengthening_granite_confirmatory/strong-granite-confirmatory-grpo-gsm8k_long-c4-s92/phase-memory-5031243.csv
run-05cc986ee8b775be,cfg-6a4562db98b38d6f,reference_logprob,9356.0,completed_run,output/strengthening_granite_confirmatory/strong-granite-confirmatory-grpo-gsm8k_long-c4-s92/phase-memory-5031243.csv
run-05cc986ee8b775be,cfg-6a4562db98b38d6f,rollout,40046.0,completed_run,output/strengthening_granite_confirmatory/strong-granite-confirmatory-grpo-gsm8k_long-c4-s92/phase-memory-5031243.csv
run-05cc986ee8b775be,cfg-6a4562db98b38d6f,weight_sync,40382.0,completed_run,output/strengthening_granite_confirmatory/strong-granite-confirmatory-grpo-gsm8k_long-c4-s92/phase-memory-5031243.csv
run-0642d5dc18f1ac77,cfg-966f5804dc918967,initializing,14790.0,terminal_stage_partial,output/benchmark_v2_cross_family_confirmatory/v2cf-confirm-phi4_mini-grpo-gsm8k_long-c4-s41/phase-memory-4936236.csv
run-076591b13d710b8c,cfg-fd4d4789145230df,actor_update,11362.0,completed_run,output/strengthening_granite_confirmatory/strong-granite-confirmatory-grpo-math_short-c1-s93/phase-memory-5031334.csv
run-076591b13d710b8c,cfg-fd4d4789145230df,idle,21516.0,completed_run,output/strengthening_granite_confirmatory/strong-granite-confirmatory-grpo-math_short-c1-s93/phase-memory-5031334.csv
run-076591b13d710b8c,cfg-fd4d4789145230df,initializing,21070.0,completed_run,output/strengthening_granite_confirmatory/strong-granite-confirmatory-grpo-math_short-c1-s93/phase-memory-5031334.csv
run-076591b13d710b8c,cfg-fd4d4789145230df,reference_logprob,10242.0,completed_run,output/strengthening_granite_confirmatory/strong-granite-confirmatory-grpo-math_short-c1-s93/phase-memory-5031334.csv
run-076591b13d710b8c,cfg-fd4d4789145230df,rollout,21106.0,completed_run,output/strengthening_granite_confirmatory/strong-granite-confirmatory-grpo-math_short-c1-s93/phase-memory-5031334.csv
run-076591b13d710b8c,cfg-fd4d4789145230df,weight_sync,21496.0,completed_run,output/strengthening_granite_confirmatory/strong-granite-confirmatory-grpo-math_short-c1-s93/phase-memory-5031334.csv
run-07e241ceb1cd9225,cfg-08730ad4a3df95fa,actor_update,13720.0,completed_run,output/strengthening_factorial/strong-factorial-granite33_2b-grpo-code_heavy_tail-reservation_only-s96/phase-memory-5031602.csv
run-07e241ceb1cd9225,cfg-08730ad4a3df95fa,idle,36302.0,completed_run,output/strengthening_factorial/strong-factorial-granite33_2b-grpo-code_heavy_tail-reservation_only-s96/phase-memory-5031602.csv
run-07e241ceb1cd9225,cfg-08730ad4a3df95fa,initializing,35876.0,completed_run,output/strengthening_factorial/strong-factorial-granite33_2b-grpo-code_heavy_tail-reservation_only-s96/phase-memory-5031602.csv
run-07e241ceb1cd9225,cfg-08730ad4a3df95fa,reference_logprob,9918.0,completed_run,output/strengthening_factorial/strong-factorial-granite33_2b-grpo-code_heavy_tail-reservation_only-s96/phase-memory-5031602.csv
run-07e241ceb1cd9225,cfg-08730ad4a3df95fa,rollout,36542.0,completed_run,output/strengthening_factorial/strong-factorial-granite33_2b-grpo-code_heavy_tail-reservation_only-s96/phase-memory-5031602.csv
run-07e241ceb1cd9225,cfg-08730ad4a3df95fa,weight_sync,36302.0,completed_run,output/strengthening_factorial/strong-factorial-granite33_2b-grpo-code_heavy_tail-reservation_only-s96/phase-memory-5031602.csv
run-082e697850e93a1a,cfg-7d5384d3ac8311c8,actor_update,19562.0,completed_run,output/revision_temporal/rev-temporal-phi4_mini-gsm8k-interpolated-s111-source/attempt-5045281/phase-memory-5045281.csv
run-082e697850e93a1a,cfg-7d5384d3ac8311c8,checkpoint,19562.0,completed_run,output/revision_temporal/rev-temporal-phi4_mini-gsm8k-interpolated-s111-source/attempt-5045281/phase-memory-5045281.csv
run-082e697850e93a1a,cfg-7d5384d3ac8311c8,initializing,37446.0,completed_run,output/revision_temporal/rev-temporal-phi4_mini-gsm8k-interpolated-s111-source/attempt-5045281/phase-memory-5045281.csv
run-082e697850e93a1a,cfg-7d5384d3ac8311c8,reference_logprob,14232.0,completed_run,output/revision_temporal/rev-temporal-phi4_mini-gsm8k-interpolated-s111-source/attempt-5045281/phase-memory-5045281.csv
run-082e697850e93a1a,cfg-7d5384d3ac8311c8,rollout,37440.0,completed_run,output/revision_temporal/rev-temporal-phi4_mini-gsm8k-interpolated-s111-source/attempt-5045281/phase-memory-5045281.csv
run-082e697850e93a1a,cfg-7d5384d3ac8311c8,validation,37572.0,completed_run,output/revision_temporal/rev-temporal-phi4_mini-gsm8k-interpolated-s111-source/attempt-5045281/phase-memory-5045281.csv
run-082e697850e93a1a,cfg-7d5384d3ac8311c8,weight_sync,37566.0,completed_run,output/revision_temporal/rev-temporal-phi4_mini-gsm8k-interpolated-s111-source/attempt-5045281/phase-memory-5045281.csv
run-0878641754683d89,cfg-c0605c1607caa079,actor_update,21036.0,completed_run,output/benchmark_v2_cross_family_confirmatory/v2cf-confirm-phi4_mini-grpo-gsm8k_long-c3-s41/phase-memory-4936192.csv
run-0878641754683d89,cfg-c0605c1607caa079,idle,39550.0,completed_run,output/benchmark_v2_cross_family_confirmatory/v2cf-confirm-phi4_mini-grpo-gsm8k_long-c3-s41/phase-memory-4936192.csv
run-0878641754683d89,cfg-c0605c1607caa079,initializing,39426.0,completed_run,output/benchmark_v2_cross_family_confirmatory/v2cf-confirm-phi4_mini-grpo-gsm8k_long-c3-s41/phase-memory-4936192.csv
run-0878641754683d89,cfg-c0605c1607caa079,reference_logprob,15452.0,completed_run,output/benchmark_v2_cross_family_confirmatory/v2cf-confirm-phi4_mini-grpo-gsm8k_long-c3-s41/phase-memory-4936192.csv
run-0878641754683d89,cfg-c0605c1607caa079,rollout,39348.0,completed_run,output/benchmark_v2_cross_family_confirmatory/v2cf-confirm-phi4_mini-grpo-gsm8k_long-c3-s41/phase-memory-4936192.csv
run-0878641754683d89,cfg-c0605c1607caa079,weight_sync,39550.0,completed_run,output/benchmark_v2_cross_family_confirmatory/v2cf-confirm-phi4_mini-grpo-gsm8k_long-c3-s41/phase-memory-4936192.csv
run-09224dcdec18b7ce,cfg-28f3c14e91d01934,actor_update,17594.0,completed_run,output/strengthening_factorial/strong-factorial-granite33_2b-grpo-code_heavy_tail-joint-s95/phase-memory-5031590.csv
run-09224dcdec18b7ce,cfg-28f3c14e91d01934,idle,36302.0,completed_run,output/strengthening_factorial/strong-factorial-granite33_2b-grpo-code_heavy_tail-joint-s95/phase-memory-5031590.csv
run-09224dcdec18b7ce,cfg-28f3c14e91d01934,initializing,35876.0,completed_run,output/strengthening_factorial/strong-factorial-granite33_2b-grpo-code_heavy_tail-joint-s95/phase-memory-5031590.csv
run-09224dcdec18b7ce,cfg-28f3c14e91d01934,reference_logprob,10058.0,completed_run,output/strengthening_factorial/strong-factorial-granite33_2b-grpo-code_heavy_tail-joint-s95/phase-memory-5031590.csv
run-09224dcdec18b7ce,cfg-28f3c14e91d01934,rollout,36542.0,completed_run,output/strengthening_factorial/strong-factorial-granite33_2b-grpo-code_heavy_tail-joint-s95/phase-memory-5031590.csv
run-09224dcdec18b7ce,cfg-28f3c14e91d01934,weight_sync,36302.0,completed_run,output/strengthening_factorial/strong-factorial-granite33_2b-grpo-code_heavy_tail-joint-s95/phase-memory-5031590.csv
run-09333bc88b35688d,cfg-62f371a80968a0ba,actor_update,13504.0,completed_run,output/benchmark_v2_cross_family_confirmatory/v2cf-confirm-qwen25_3b-grpo-math_short-c1-s42/phase-memory-4935542.csv
run-09333bc88b35688d,cfg-62f371a80968a0ba,idle,21322.0,completed_run,output/benchmark_v2_cross_family_confirmatory/v2cf-confirm-qwen25_3b-grpo-math_short-c1-s42/phase-memory-4935542.csv
run-09333bc88b35688d,cfg-62f371a80968a0ba,initializing,21334.0,completed_run,output/benchmark_v2_cross_family_confirmatory/v2cf-confirm-qwen25_3b-grpo-math_short-c1-s42/phase-memory-4935542.csv
run-09333bc88b35688d,cfg-62f371a80968a0ba,reference_logprob,13880.0,completed_run,output/benchmark_v2_cross_family_confirmatory/v2cf-confirm-qwen25_3b-grpo-math_short-c1-s42/phase-memory-4935542.csv
run-09333bc88b35688d,cfg-62f371a80968a0ba,rollout,20926.0,completed_run,output/benchmark_v2_cross_family_confirmatory/v2cf-confirm-qwen25_3b-grpo-math_short-c1-s42/phase-memory-4935542.csv
run-09333bc88b35688d,cfg-62f371a80968a0ba,weight_sync,21900.0,completed_run,output/benchmark_v2_cross_family_confirmatory/v2cf-confirm-qwen25_3b-grpo-math_short-c1-s42/phase-memory-4935542.csv
run-095297a4072b6658,cfg-b5352215babfeba6,actor_update,12428.0,completed_run,output/strengthening_granite_confirmatory/strong-granite-confirmatory-grpo-math_short-c2-s93/phase-memory-5031367.csv
run-095297a4072b6658,cfg-b5352215babfeba6,idle,32690.0,completed_run,output/strengthening_granite_confirmatory/strong-granite-confirmatory-grpo-math_short-c2-s93/phase-memory-5031367.csv
run-095297a4072b6658,cfg-b5352215babfeba6,initializing,32308.0,completed_run,output/strengthening_granite_confirmatory/strong-granite-confirmatory-grpo-math_short-c2-s93/phase-memory-5031367.csv
run-095297a4072b6658,cfg-b5352215babfeba6,reference_logprob,10344.0,completed_run,output/strengthening_granite_confirmatory/strong-granite-confirmatory-grpo-math_short-c2-s93/phase-memory-5031367.csv
run-095297a4072b6658,cfg-b5352215babfeba6,rollout,32422.0,completed_run,output/strengthening_granite_confirmatory/strong-granite-confirmatory-grpo-math_short-c2-s93/phase-memory-5031367.csv
run-095297a4072b6658,cfg-b5352215babfeba6,weight_sync,32234.0,completed_run,output/strengthening_granite_confirmatory/strong-granite-confirmatory-grpo-math_short-c2-s93/phase-memory-5031367.csv
run-098ee575226a062a,cfg-78c440d3891ddbc2,actor_update,12756.0,completed_run,output/revision_topology/rev-topology-qwen25_3b-gsm8k-c4-s112-four_gpu/attempt-5045298/phase-memory-5045298.csv
run-098ee575226a062a,cfg-78c440d3891ddbc2,idle,37976.0,completed_run,output/revision_topology/rev-topology-qwen25_3b-gsm8k-c4-s112-four_gpu/attempt-5045298/phase-memory-5045298.csv
run-098ee575226a062a,cfg-78c440d3891ddbc2,initializing,37684.0,completed_run,output/revision_topology/rev-topology-qwen25_3b-gsm8k-c4-s112-four_gpu/attempt-5045298/phase-memory-5045298.csv
run-098ee575226a062a,cfg-78c440d3891ddbc2,reference_logprob,8516.0,completed_run,output/revision_topology/rev-topology-qwen25_3b-gsm8k-c4-s112-four_gpu/attempt-5045298/phase-memory-5045298.csv
run-098ee575226a062a,cfg-78c440d3891ddbc2,rollout,37666.0,completed_run,output/revision_topology/rev-topology-qwen25_3b-gsm8k-c4-s112-four_gpu/attempt-5045298/phase-memory-5045298.csv
run-098ee575226a062a,cfg-78c440d3891ddbc2,weight_sync,37976.0,completed_run,output/revision_topology/rev-topology-qwen25_3b-gsm8k-c4-s112-four_gpu/attempt-5045298/phase-memory-5045298.csv
run-09bd0ad46801b725,cfg-4eeaf0596358fc50,actor_update,25310.0,completed_run,output/benchmark_v2_telemetry_calibration/v2tel-06-qwen25_3b-grpo-math-near_boundary-10ms/phase-memory-4935223.csv
run-09bd0ad46801b725,cfg-4eeaf0596358fc50,idle,35778.0,completed_run,output/benchmark_v2_telemetry_calibration/v2tel-06-qwen25_3b-grpo-math-near_boundary-10ms/phase-memory-4935223.csv
run-09bd0ad46801b725,cfg-4eeaf0596358fc50,initializing,35912.0,completed_run,output/benchmark_v2_telemetry_calibration/v2tel-06-qwen25_3b-grpo-math-near_boundary-10ms/phase-memory-4935223.csv
run-09bd0ad46801b725,cfg-4eeaf0596358fc50,reference_logprob,16644.0,completed_run,output/benchmark_v2_telemetry_calibration/v2tel-06-qwen25_3b-grpo-math-near_boundary-10ms/phase-memory-4935223.csv
run-09bd0ad46801b725,cfg-4eeaf0596358fc50,rollout,36518.0,completed_run,output/benchmark_v2_telemetry_calibration/v2tel-06-qwen25_3b-grpo-math-near_boundary-10ms/phase-memory-4935223.csv
run-09bd0ad46801b725,cfg-4eeaf0596358fc50,weight_sync,35778.0,completed_run,output/benchmark_v2_telemetry_calibration/v2tel-06-qwen25_3b-grpo-math-near_boundary-10ms/phase-memory-4935223.csv
run-09c61cb7b6e86735,cfg-30f98456fdb322c1,actor_update,15224.0,completed_run,output/benchmark_v2_cross_family_confirmatory/v2cf-confirm-qwen25_3b-grpo-math_short-c2-s43/phase-memory-4935949.csv
run-09c61cb7b6e86735,cfg-30f98456fdb322c1,idle,33446.0,completed_run,output/benchmark_v2_cross_family_confirmatory/v2cf-confirm-qwen25_3b-grpo-math_short-c2-s43/phase-memory-4935949.csv
run-09c61cb7b6e86735,cfg-30f98456fdb322c1,initializing,33282.0,completed_run,output/benchmark_v2_cross_family_confirmatory/v2cf-confirm-qwen25_3b-grpo-math_short-c2-s43/phase-memory-4935949.csv
run-09c61cb7b6e86735,cfg-30f98456fdb322c1,reference_logprob,13802.0,completed_run,output/benchmark_v2_cross_family_confirmatory/v2cf-confirm-qwen25_3b-grpo-math_short-c2-s43/phase-memory-4935949.csv
run-09c61cb7b6e86735,cfg-30f98456fdb322c1,rollout,33378.0,completed_run,output/benchmark_v2_cross_family_confirmatory/v2cf-confirm-qwen25_3b-grpo-math_short-c2-s43/phase-memory-4935949.csv
run-09c61cb7b6e86735,cfg-30f98456fdb322c1,weight_sync,33446.0,completed_run,output/benchmark_v2_cross_family_confirmatory/v2cf-confirm-qwen25_3b-grpo-math_short-c2-s43/phase-memory-4935949.csv
run-0a90994fada35da0,cfg-835067f7405e89a2,actor_update,14266.0,completed_run,output/strengthening_granite_confirmatory/strong-granite-confirmatory-grpo-math_short-c3-s92/phase-memory-5031369.csv
run-0a90994fada35da0,cfg-835067f7405e89a2,idle,38718.0,completed_run,output/strengthening_granite_confirmatory/strong-granite-confirmatory-grpo-math_short-c3-s92/phase-memory-5031369.csv
run-0a90994fada35da0,cfg-835067f7405e89a2,initializing,36308.0,completed_run,output/strengthening_granite_confirmatory/strong-granite-confirmatory-grpo-math_short-c3-s92/phase-memory-5031369.csv
run-0a90994fada35da0,cfg-835067f7405e89a2,reference_logprob,10344.0,completed_run,output/strengthening_granite_confirmatory/strong-granite-confirmatory-grpo-math_short-c3-s92/phase-memory-5031369.csv
run-0a90994fada35da0,cfg-835067f7405e89a2,rollout,36338.0,completed_run,output/strengthening_granite_confirmatory/strong-granite-confirmatory-grpo-math_short-c3-s92/phase-memory-5031369.csv
run-0a90994fada35da0,cfg-835067f7405e89a2,weight_sync,38718.0,completed_run,output/strengthening_granite_confirmatory/strong-granite-confirmatory-grpo-math_short-c3-s92/phase-memory-5031369.csv
run-0ad56852ba6e16cf,cfg-7ee75feb0b09675f,actor_update,19106.0,completed_run,output/strengthening_factorial/strong-factorial-qwen25_3b-grpo-math-actor_only-s95/phase-memory-5032051.csv
run-0ad56852ba6e16cf,cfg-7ee75feb0b09675f,idle,33446.0,completed_run,output/strengthening_factorial/strong-factorial-qwen25_3b-grpo-math-actor_only-s95/phase-memory-5032051.csv
run-0ad56852ba6e16cf,cfg-7ee75feb0b09675f,initializing,33282.0,completed_run,output/strengthening_factorial/strong-factorial-qwen25_3b-grpo-math-actor_only-s95/phase-memory-5032051.csv
run-0ad56852ba6e16cf,cfg-7ee75feb0b09675f,reference_logprob,14102.0,completed_run,output/strengthening_factorial/strong-factorial-qwen25_3b-grpo-math-actor_only-s95/phase-memory-5032051.csv
run-0ad56852ba6e16cf,cfg-7ee75feb0b09675f,rollout,33182.0,completed_run,output/strengthening_factorial/strong-factorial-qwen25_3b-grpo-math-actor_only-s95/phase-memory-5032051.csv
run-0ad56852ba6e16cf,cfg-7ee75feb0b09675f,weight_sync,32964.0,completed_run,output/strengthening_factorial/strong-factorial-qwen25_3b-grpo-math-actor_only-s95/phase-memory-5032051.csv
run-0b08f43f00db84b6,cfg-402f13fde534d758,actor_update,16904.0,completed_run,output/strengthening_factorial/strong-factorial-qwen25_3b-grpo-gsm8k-actor_only-s94/phase-memory-5032031.csv
run-0b08f43f00db84b6,cfg-402f13fde534d758,idle,33108.0,completed_run,output/strengthening_factorial/strong-factorial-qwen25_3b-grpo-gsm8k-actor_only-s94/phase-memory-5032031.csv
run-0b08f43f00db84b6,cfg-402f13fde534d758,initializing,32674.0,completed_run,output/strengthening_factorial/strong-factorial-qwen25_3b-grpo-gsm8k-actor_only-s94/phase-memory-5032031.csv
run-0b08f43f00db84b6,cfg-402f13fde534d758,reference_logprob,11786.0,completed_run,output/strengthening_factorial/strong-factorial-qwen25_3b-grpo-gsm8k-actor_only-s94/phase-memory-5032031.csv
run-0b08f43f00db84b6,cfg-402f13fde534d758,rollout,32660.0,completed_run,output/strengthening_factorial/strong-factorial-qwen25_3b-grpo-gsm8k-actor_only-s94/phase-memory-5032031.csv
run-0b08f43f00db84b6,cfg-402f13fde534d758,weight_sync,33108.0,completed_run,output/strengthening_factorial/strong-factorial-qwen25_3b-grpo-gsm8k-actor_only-s94/phase-memory-5032031.csv
run-0c16dc0e9b017276,cfg-b5007322fb2e1772,actor_update,12246.0,completed_run,output/major_revision_cross_model_confirmatory/mr-xm-confirm-qwen25_3b-grpo-code_heavy_tail-c0-s51/phase-memory-4999495.csv
run-0c16dc0e9b017276,cfg-b5007322fb2e1772,idle,14916.0,completed_run,output/major_revision_cross_model_confirmatory/mr-xm-confirm-qwen25_3b-grpo-code_heavy_tail-c0-s51/phase-memory-4999495.csv
run-0c16dc0e9b017276,cfg-b5007322fb2e1772,initializing,20996.0,completed_run,output/major_revision_cross_model_confirmatory/mr-xm-confirm-qwen25_3b-grpo-code_heavy_tail-c0-s51/phase-memory-4999495.csv
run-0c16dc0e9b017276,cfg-b5007322fb2e1772,reference_logprob,13722.0,completed_run,output/major_revision_cross_model_confirmatory/mr-xm-confirm-qwen25_3b-grpo-code_heavy_tail-c0-s51/phase-memory-4999495.csv
run-0c16dc0e9b017276,cfg-b5007322fb2e1772,rollout,15106.0,completed_run,output/major_revision_cross_model_confirmatory/mr-xm-confirm-qwen25_3b-grpo-code_heavy_tail-c0-s51/phase-memory-4999495.csv
run-0c16dc0e9b017276,cfg-b5007322fb2e1772,weight_sync,21542.0,completed_run,output/major_revision_cross_model_confirmatory/mr-xm-confirm-qwen25_3b-grpo-code_heavy_tail-c0-s51/phase-memory-4999495.csv
run-0c67495ac95c7533,cfg-3c3a7527d888e069,actor_update,18938.0,completed_run,output/revision_instrumentation/rev-instrumentation-phi4_mini-gsm8k-c3-s112-full/attempt-5045357/phase-memory-5045357.csv
run-0c67495ac95c7533,cfg-3c3a7527d888e069,idle,39550.0,completed_run,output/revision_instrumentation/rev-instrumentation-phi4_mini-gsm8k-c3-s112-full/attempt-5045357/phase-memory-5045357.csv
run-0c67495ac95c7533,cfg-3c3a7527d888e069,initializing,39430.0,completed_run,output/revision_instrumentation/rev-instrumentation-phi4_mini-gsm8k-c3-s112-full/attempt-5045357/phase-memory-5045357.csv
run-0c67495ac95c7533,cfg-3c3a7527d888e069,reference_logprob,13912.0,completed_run,output/revision_instrumentation/rev-instrumentation-phi4_mini-gsm8k-c3-s112-full/attempt-5045357/phase-memory-5045357.csv
run-0c67495ac95c7533,cfg-3c3a7527d888e069,rollout,39344.0,completed_run,output/revision_instrumentation/rev-instrumentation-phi4_mini-gsm8k-c3-s112-full/attempt-5045357/phase-memory-5045357.csv
run-0c67495ac95c7533,cfg-3c3a7527d888e069,weight_sync,39550.0,completed_run,output/revision_instrumentation/rev-instrumentation-phi4_mini-gsm8k-c3-s112-full/attempt-5045357/phase-memory-5045357.csv
run-0c81351f6a1a045a,cfg-3ffb5c1bf8440754,actor_update,25702.0,completed_run,output/strengthening_factorial/strong-factorial-phi4_mini-grpo-code_heavy_tail-reservation_only-s95/phase-memory-5031721.csv
run-0c81351f6a1a045a,cfg-3ffb5c1bf8440754,idle,39550.0,completed_run,output/strengthening_factorial/strong-factorial-phi4_mini-grpo-code_heavy_tail-reservation_only-s95/phase-memory-5031721.csv
run-0c81351f6a1a045a,cfg-3ffb5c1bf8440754,initializing,39430.0,completed_run,output/strengthening_factorial/strong-factorial-phi4_mini-grpo-code_heavy_tail-reservation_only-s95/phase-memory-5031721.csv
run-0c81351f6a1a045a,cfg-3ffb5c1bf8440754,reference_logprob,17694.0,completed_run,output/strengthening_factorial/strong-factorial-phi4_mini-grpo-code_heavy_tail-reservation_only-s95/phase-memory-5031721.csv
run-0c81351f6a1a045a,cfg-3ffb5c1bf8440754,rollout,39938.0,completed_run,output/strengthening_factorial/strong-factorial-phi4_mini-grpo-code_heavy_tail-reservation_only-s95/phase-memory-5031721.csv
run-0c81351f6a1a045a,cfg-3ffb5c1bf8440754,weight_sync,38922.0,completed_run,output/strengthening_factorial/strong-factorial-phi4_mini-grpo-code_heavy_tail-reservation_only-s95/phase-memory-5031721.csv
run-0cf80a7a16cc4a96,cfg-49d9bccfe873f5c6,initializing,40812.0,stage_completion_not_certified,output/major_revision_cross_model_confirmatory/mr-xm-confirm-qwen25_3b-grpo-code_heavy_tail-c4-s53/phase-memory-4999833.csv
run-0cf80a7a16cc4a96,cfg-49d9bccfe873f5c6,rollout,40880.0,terminal_stage_partial,output/major_revision_cross_model_confirmatory/mr-xm-confirm-qwen25_3b-grpo-code_heavy_tail-c4-s53/phase-memory-4999833.csv
run-0d0a8a08d9d99c01,cfg-967e29810f12167f,initializing,40954.0,terminal_stage_partial,output/benchmark_v2_temporal_confirmatory/v2time-grpo-gsm8k-qwen25_3b-one_step_unsafe-s41/phase-memory-4943140.csv
run-0d1d57b08517c771,cfg-00e900d266f3e8a4,actor_update,16268.0,completed_run,output/strengthening_factorial/strong-factorial-qwen25_3b-grpo-code_standard-base-s96/phase-memory-5032007.csv
run-0d1d57b08517c771,cfg-00e900d266f3e8a4,idle,33108.0,completed_run,output/strengthening_factorial/strong-factorial-qwen25_3b-grpo-code_standard-base-s96/phase-memory-5032007.csv
run-0d1d57b08517c771,cfg-00e900d266f3e8a4,initializing,32674.0,completed_run,output/strengthening_factorial/strong-factorial-qwen25_3b-grpo-code_standard-base-s96/phase-memory-5032007.csv
run-0d1d57b08517c771,cfg-00e900d266f3e8a4,reference_logprob,12462.0,completed_run,output/strengthening_factorial/strong-factorial-qwen25_3b-grpo-code_standard-base-s96/phase-memory-5032007.csv
run-0d1d57b08517c771,cfg-00e900d266f3e8a4,rollout,33224.0,completed_run,output/strengthening_factorial/strong-factorial-qwen25_3b-grpo-code_standard-base-s96/phase-memory-5032007.csv
run-0d1d57b08517c771,cfg-00e900d266f3e8a4,unknown,33224.0,completed_run,output/strengthening_factorial/strong-factorial-qwen25_3b-grpo-code_standard-base-s96/phase-memory-5032007.csv
run-0d1d57b08517c771,cfg-00e900d266f3e8a4,weight_sync,33108.0,completed_run,output/strengthening_factorial/strong-factorial-qwen25_3b-grpo-code_standard-base-s96/phase-memory-5032007.csv
run-0d9673e50a75b7c1,cfg-a0eeadfadfa890b0,actor_update,18848.0,completed_run,output/review_instrumentation_batch/review-control-qwen25_3b-code_heavy_tail-s123-external_b8/attempt-5048501/phase-memory-5048501.csv
run-0d9673e50a75b7c1,cfg-a0eeadfadfa890b0,idle,33108.0,completed_run,output/review_instrumentation_batch/review-control-qwen25_3b-code_heavy_tail-s123-external_b8/attempt-5048501/phase-memory-5048501.csv
run-0d9673e50a75b7c1,cfg-a0eeadfadfa890b0,initializing,32674.0,completed_run,output/review_instrumentation_batch/review-control-qwen25_3b-code_heavy_tail-s123-external_b8/attempt-5048501/phase-memory-5048501.csv
run-0d9673e50a75b7c1,cfg-a0eeadfadfa890b0,reference_logprob,13724.0,completed_run,output/review_instrumentation_batch/review-control-qwen25_3b-code_heavy_tail-s123-external_b8/attempt-5048501/phase-memory-5048501.csv
run-0d9673e50a75b7c1,cfg-a0eeadfadfa890b0,rollout,33386.0,completed_run,output/review_instrumentation_batch/review-control-qwen25_3b-code_heavy_tail-s123-external_b8/attempt-5048501/phase-memory-5048501.csv
run-0d9673e50a75b7c1,cfg-a0eeadfadfa890b0,weight_sync,33108.0,completed_run,output/review_instrumentation_batch/review-control-qwen25_3b-code_heavy_tail-s123-external_b8/attempt-5048501/phase-memory-5048501.csv
run-0fdde96c688f32c7,cfg-402f13fde534d758,actor_update,16768.0,completed_run,output/strengthening_factorial/strong-factorial-qwen25_3b-grpo-gsm8k-actor_only-s95/phase-memory-5032034.csv
run-0fdde96c688f32c7,cfg-402f13fde534d758,idle,33108.0,completed_run,output/strengthening_factorial/strong-factorial-qwen25_3b-grpo-gsm8k-actor_only-s95/phase-memory-5032034.csv
run-0fdde96c688f32c7,cfg-402f13fde534d758,initializing,32676.0,completed_run,output/strengthening_factorial/strong-factorial-qwen25_3b-grpo-gsm8k-actor_only-s95/phase-memory-5032034.csv
run-0fdde96c688f32c7,cfg-402f13fde534d758,reference_logprob,11726.0,completed_run,output/strengthening_factorial/strong-factorial-qwen25_3b-grpo-gsm8k-actor_only-s95/phase-memory-5032034.csv
run-0fdde96c688f32c7,cfg-402f13fde534d758,rollout,32660.0,completed_run,output/strengthening_factorial/strong-factorial-qwen25_3b-grpo-gsm8k-actor_only-s95/phase-memory-5032034.csv
run-0fdde96c688f32c7,cfg-402f13fde534d758,weight_sync,33108.0,completed_run,output/strengthening_factorial/strong-factorial-qwen25_3b-grpo-gsm8k-actor_only-s95/phase-memory-5032034.csv
run-0fe57a740983b1de,cfg-409a2028c2748c88,actor_update,19234.0,completed_run,output/review_instrumentation_batch/review-control-phi4_mini-gsm8k-s122-external_b16/attempt-5048577/phase-memory-5048577.csv
run-0fe57a740983b1de,cfg-409a2028c2748c88,idle,35518.0,completed_run,output/review_instrumentation_batch/review-control-phi4_mini-gsm8k-s122-external_b16/attempt-5048577/phase-memory-5048577.csv
run-0fe57a740983b1de,cfg-409a2028c2748c88,initializing,35398.0,completed_run,output/review_instrumentation_batch/review-control-phi4_mini-gsm8k-s122-external_b16/attempt-5048577/phase-memory-5048577.csv
run-0fe57a740983b1de,cfg-409a2028c2748c88,reference_logprob,14112.0,completed_run,output/review_instrumentation_batch/review-control-phi4_mini-gsm8k-s122-external_b16/attempt-5048577/phase-memory-5048577.csv
run-0fe57a740983b1de,cfg-409a2028c2748c88,rollout,35332.0,completed_run,output/review_instrumentation_batch/review-control-phi4_mini-gsm8k-s122-external_b16/attempt-5048577/phase-memory-5048577.csv
run-0fe57a740983b1de,cfg-409a2028c2748c88,weight_sync,35518.0,completed_run,output/review_instrumentation_batch/review-control-phi4_mini-gsm8k-s122-external_b16/attempt-5048577/phase-memory-5048577.csv
run-1006cbf4927f6a13,cfg-818aa43be2ebba5e,actor_update,25464.0,completed_run,output/revision_temporal/rev-temporal-phi4_mini-math-interpolated-s111-long/attempt-5045338/phase-memory-5045338.csv
run-1006cbf4927f6a13,cfg-818aa43be2ebba5e,checkpoint,24674.0,completed_run,output/revision_temporal/rev-temporal-phi4_mini-math-interpolated-s111-long/attempt-5045338/phase-memory-5045338.csv
run-1006cbf4927f6a13,cfg-818aa43be2ebba5e,idle,37794.0,completed_run,output/revision_temporal/rev-temporal-phi4_mini-math-interpolated-s111-long/attempt-5045338/phase-memory-5045338.csv
run-1006cbf4927f6a13,cfg-818aa43be2ebba5e,initializing,37968.0,completed_run,output/revision_temporal/rev-temporal-phi4_mini-math-interpolated-s111-long/attempt-5045338/phase-memory-5045338.csv
run-1006cbf4927f6a13,cfg-818aa43be2ebba5e,reference_logprob,18198.0,completed_run,output/revision_temporal/rev-temporal-phi4_mini-math-interpolated-s111-long/attempt-5045338/phase-memory-5045338.csv
run-1006cbf4927f6a13,cfg-818aa43be2ebba5e,rollout,38534.0,completed_run,output/revision_temporal/rev-temporal-phi4_mini-math-interpolated-s111-long/attempt-5045338/phase-memory-5045338.csv
run-1006cbf4927f6a13,cfg-818aa43be2ebba5e,unknown,37794.0,completed_run,output/revision_temporal/rev-temporal-phi4_mini-math-interpolated-s111-long/attempt-5045338/phase-memory-5045338.csv
run-1006cbf4927f6a13,cfg-818aa43be2ebba5e,validation,37872.0,completed_run,output/revision_temporal/rev-temporal-phi4_mini-math-interpolated-s111-long/attempt-5045338/phase-memory-5045338.csv
run-1006cbf4927f6a13,cfg-818aa43be2ebba5e,weight_sync,37794.0,completed_run,output/revision_temporal/rev-temporal-phi4_mini-math-interpolated-s111-long/attempt-5045338/phase-memory-5045338.csv
run-111ffec932918be2,cfg-a24e9cdd2f6143f2,actor_update,15156.0,completed_run,output/major_revision_cross_model_confirmatory/mr-xm-confirm-phi4_mini-grpo-code_heavy_tail-c0-s51/phase-memory-5003405.csv
run-111ffec932918be2,cfg-a24e9cdd2f6143f2,idle,15864.0,completed_run,output/major_revision_cross_model_confirmatory/mr-xm-confirm-phi4_mini-grpo-code_heavy_tail-c0-s51/phase-memory-5003405.csv
run-111ffec932918be2,cfg-a24e9cdd2f6143f2,initializing,25598.0,completed_run,output/major_revision_cross_model_confirmatory/mr-xm-confirm-phi4_mini-grpo-code_heavy_tail-c0-s51/phase-memory-5003405.csv
run-111ffec932918be2,cfg-a24e9cdd2f6143f2,reference_logprob,17788.0,completed_run,output/major_revision_cross_model_confirmatory/mr-xm-confirm-phi4_mini-grpo-code_heavy_tail-c0-s51/phase-memory-5003405.csv
run-111ffec932918be2,cfg-a24e9cdd2f6143f2,rollout,16296.0,completed_run,output/major_revision_cross_model_confirmatory/mr-xm-confirm-phi4_mini-grpo-code_heavy_tail-c0-s51/phase-memory-5003405.csv
run-111ffec932918be2,cfg-a24e9cdd2f6143f2,unknown,15408.0,completed_run,output/major_revision_cross_model_confirmatory/mr-xm-confirm-phi4_mini-grpo-code_heavy_tail-c0-s51/phase-memory-5003405.csv
run-111ffec932918be2,cfg-a24e9cdd2f6143f2,weight_sync,26056.0,completed_run,output/major_revision_cross_model_confirmatory/mr-xm-confirm-phi4_mini-grpo-code_heavy_tail-c0-s51/phase-memory-5003405.csv
run-1143b68a594ed2fa,cfg-c2a8e6e8e140e109,actor_update,9766.0,completed_run,output/revision_topology/rev-topology-granite33_2b-gsm8k-c3-s111-four_gpu/attempt-5045392/phase-memory-5045392.csv
run-1143b68a594ed2fa,cfg-c2a8e6e8e140e109,idle,33660.0,completed_run,output/revision_topology/rev-topology-granite33_2b-gsm8k-c3-s111-four_gpu/attempt-5045392/phase-memory-5045392.csv
run-1143b68a594ed2fa,cfg-c2a8e6e8e140e109,initializing,33446.0,completed_run,output/revision_topology/rev-topology-granite33_2b-gsm8k-c3-s111-four_gpu/attempt-5045392/phase-memory-5045392.csv
run-1143b68a594ed2fa,cfg-c2a8e6e8e140e109,reference_logprob,7108.0,completed_run,output/revision_topology/rev-topology-granite33_2b-gsm8k-c3-s111-four_gpu/attempt-5045392/phase-memory-5045392.csv
run-1143b68a594ed2fa,cfg-c2a8e6e8e140e109,rollout,33446.0,completed_run,output/revision_topology/rev-topology-granite33_2b-gsm8k-c3-s111-four_gpu/attempt-5045392/phase-memory-5045392.csv
run-1143b68a594ed2fa,cfg-c2a8e6e8e140e109,unknown,5898.0,completed_run,output/revision_topology/rev-topology-granite33_2b-gsm8k-c3-s111-four_gpu/attempt-5045392/phase-memory-5045392.csv
run-1143b68a594ed2fa,cfg-c2a8e6e8e140e109,weight_sync,33660.0,completed_run,output/revision_topology/rev-topology-granite33_2b-gsm8k-c3-s111-four_gpu/attempt-5045392/phase-memory-5045392.csv
run-11725abd32e6345f,cfg-78c440d3891ddbc2,actor_update,12636.0,completed_run,output/revision_topology/rev-topology-qwen25_3b-gsm8k-c4-s111-four_gpu/attempt-5045297/phase-memory-5045297.csv
run-11725abd32e6345f,cfg-78c440d3891ddbc2,idle,37976.0,completed_run,output/revision_topology/rev-topology-qwen25_3b-gsm8k-c4-s111-four_gpu/attempt-5045297/phase-memory-5045297.csv
run-11725abd32e6345f,cfg-78c440d3891ddbc2,initializing,37684.0,completed_run,output/revision_topology/rev-topology-qwen25_3b-gsm8k-c4-s111-four_gpu/attempt-5045297/phase-memory-5045297.csv
run-11725abd32e6345f,cfg-78c440d3891ddbc2,reference_logprob,8496.0,completed_run,output/revision_topology/rev-topology-qwen25_3b-gsm8k-c4-s111-four_gpu/attempt-5045297/phase-memory-5045297.csv
run-11725abd32e6345f,cfg-78c440d3891ddbc2,rollout,37666.0,completed_run,output/revision_topology/rev-topology-qwen25_3b-gsm8k-c4-s111-four_gpu/attempt-5045297/phase-memory-5045297.csv
run-11725abd32e6345f,cfg-78c440d3891ddbc2,weight_sync,37976.0,completed_run,output/revision_topology/rev-topology-qwen25_3b-gsm8k-c4-s111-four_gpu/attempt-5045297/phase-memory-5045297.csv
run-11923134231cbe6e,cfg-4fc35dde1bc7253c,actor_update,13518.0,completed_run,output/revision_instrumentation/rev-instrumentation-granite33_2b-gsm8k-c4-s112-full/attempt-5045386/phase-memory-5045386.csv
run-11923134231cbe6e,cfg-4fc35dde1bc7253c,idle,40382.0,completed_run,output/revision_instrumentation/rev-instrumentation-granite33_2b-gsm8k-c4-s112-full/attempt-5045386/phase-memory-5045386.csv
run-11923134231cbe6e,cfg-4fc35dde1bc7253c,initializing,39956.0,completed_run,output/revision_instrumentation/rev-instrumentation-granite33_2b-gsm8k-c4-s112-full/attempt-5045386/phase-memory-5045386.csv
run-11923134231cbe6e,cfg-4fc35dde1bc7253c,reference_logprob,9678.0,completed_run,output/revision_instrumentation/rev-instrumentation-granite33_2b-gsm8k-c4-s112-full/attempt-5045386/phase-memory-5045386.csv
run-11923134231cbe6e,cfg-4fc35dde1bc7253c,rollout,39962.0,completed_run,output/revision_instrumentation/rev-instrumentation-granite33_2b-gsm8k-c4-s112-full/attempt-5045386/phase-memory-5045386.csv
run-11923134231cbe6e,cfg-4fc35dde1bc7253c,weight_sync,40382.0,completed_run,output/revision_instrumentation/rev-instrumentation-granite33_2b-gsm8k-c4-s112-full/attempt-5045386/phase-memory-5045386.csv
run-12bbd13dd5d69530,cfg-d559324a0b1e4ecd,actor_update,12904.0,completed_run,output/revision_instrumentation/rev-instrumentation-granite33_2b-gsm8k-c3-s111-full/attempt-5045376/phase-memory-5045376.csv
run-12bbd13dd5d69530,cfg-d559324a0b1e4ecd,idle,36302.0,completed_run,output/revision_instrumentation/rev-instrumentation-granite33_2b-gsm8k-c3-s111-full/attempt-5045376/phase-memory-5045376.csv
run-12bbd13dd5d69530,cfg-d559324a0b1e4ecd,initializing,35876.0,completed_run,output/revision_instrumentation/rev-instrumentation-granite33_2b-gsm8k-c3-s111-full/attempt-5045376/phase-memory-5045376.csv
run-12bbd13dd5d69530,cfg-d559324a0b1e4ecd,reference_logprob,9356.0,completed_run,output/revision_instrumentation/rev-instrumentation-granite33_2b-gsm8k-c3-s111-full/attempt-5045376/phase-memory-5045376.csv
run-12bbd13dd5d69530,cfg-d559324a0b1e4ecd,rollout,35928.0,completed_run,output/revision_instrumentation/rev-instrumentation-granite33_2b-gsm8k-c3-s111-full/attempt-5045376/phase-memory-5045376.csv
run-12bbd13dd5d69530,cfg-d559324a0b1e4ecd,weight_sync,36302.0,completed_run,output/revision_instrumentation/rev-instrumentation-granite33_2b-gsm8k-c3-s111-full/attempt-5045376/phase-memory-5045376.csv
run-1392dfe9ab81dc02,cfg-a330fc0dc0b46c34,actor_update,13878.0,completed_run,output/revision_temporal/rev-temporal-granite33_2b-gsm8k-interpolated-s112-long/attempt-5045429/phase-memory-5045429.csv
run-1392dfe9ab81dc02,cfg-a330fc0dc0b46c34,checkpoint,13418.0,completed_run,output/revision_temporal/rev-temporal-granite33_2b-gsm8k-interpolated-s112-long/attempt-5045429/phase-memory-5045429.csv
run-1392dfe9ab81dc02,cfg-a330fc0dc0b46c34,idle,38382.0,completed_run,output/revision_temporal/rev-temporal-granite33_2b-gsm8k-interpolated-s112-long/attempt-5045429/phase-memory-5045429.csv
run-1392dfe9ab81dc02,cfg-a330fc0dc0b46c34,initializing,37956.0,completed_run,output/revision_temporal/rev-temporal-granite33_2b-gsm8k-interpolated-s112-long/attempt-5045429/phase-memory-5045429.csv
run-1392dfe9ab81dc02,cfg-a330fc0dc0b46c34,reference_logprob,10412.0,completed_run,output/revision_temporal/rev-temporal-granite33_2b-gsm8k-interpolated-s112-long/attempt-5045429/phase-memory-5045429.csv
run-1392dfe9ab81dc02,cfg-a330fc0dc0b46c34,rollout,38586.0,completed_run,output/revision_temporal/rev-temporal-granite33_2b-gsm8k-interpolated-s112-long/attempt-5045429/phase-memory-5045429.csv
run-1392dfe9ab81dc02,cfg-a330fc0dc0b46c34,unknown,38382.0,completed_run,output/revision_temporal/rev-temporal-granite33_2b-gsm8k-interpolated-s112-long/attempt-5045429/phase-memory-5045429.csv
run-1392dfe9ab81dc02,cfg-a330fc0dc0b46c34,validation,38444.0,completed_run,output/revision_temporal/rev-temporal-granite33_2b-gsm8k-interpolated-s112-long/attempt-5045429/phase-memory-5045429.csv
run-1392dfe9ab81dc02,cfg-a330fc0dc0b46c34,weight_sync,38382.0,completed_run,output/revision_temporal/rev-temporal-granite33_2b-gsm8k-interpolated-s112-long/attempt-5045429/phase-memory-5045429.csv
run-1481d86d11d81180,cfg-acfa4acda15c3599,actor_update,13764.0,completed_run,output/strengthening_granite_confirmatory/strong-granite-confirmatory-grpo-code_heavy_tail-c2-s91/phase-memory-5031345.csv
run-1481d86d11d81180,cfg-acfa4acda15c3599,idle,32302.0,completed_run,output/strengthening_granite_confirmatory/strong-granite-confirmatory-grpo-code_heavy_tail-c2-s91/phase-memory-5031345.csv
run-1481d86d11d81180,cfg-acfa4acda15c3599,initializing,31876.0,completed_run,output/strengthening_granite_confirmatory/strong-granite-confirmatory-grpo-code_heavy_tail-c2-s91/phase-memory-5031345.csv
run-1481d86d11d81180,cfg-acfa4acda15c3599,reference_logprob,9916.0,completed_run,output/strengthening_granite_confirmatory/strong-granite-confirmatory-grpo-code_heavy_tail-c2-s91/phase-memory-5031345.csv
run-1481d86d11d81180,cfg-acfa4acda15c3599,rollout,32542.0,completed_run,output/strengthening_granite_confirmatory/strong-granite-confirmatory-grpo-code_heavy_tail-c2-s91/phase-memory-5031345.csv
run-1481d86d11d81180,cfg-acfa4acda15c3599,weight_sync,32302.0,completed_run,output/strengthening_granite_confirmatory/strong-granite-confirmatory-grpo-code_heavy_tail-c2-s91/phase-memory-5031345.csv
run-14b716da6713bab4,cfg-00e900d266f3e8a4,actor_update,16504.0,completed_run,output/strengthening_factorial/strong-factorial-qwen25_3b-grpo-code_standard-base-s95/phase-memory-5032006.csv
run-14b716da6713bab4,cfg-00e900d266f3e8a4,idle,33108.0,completed_run,output/strengthening_factorial/strong-factorial-qwen25_3b-grpo-code_standard-base-s95/phase-memory-5032006.csv
run-14b716da6713bab4,cfg-00e900d266f3e8a4,initializing,32674.0,completed_run,output/strengthening_factorial/strong-factorial-qwen25_3b-grpo-code_standard-base-s95/phase-memory-5032006.csv
run-14b716da6713bab4,cfg-00e900d266f3e8a4,reference_logprob,12726.0,completed_run,output/strengthening_factorial/strong-factorial-qwen25_3b-grpo-code_standard-base-s95/phase-memory-5032006.csv
run-14b716da6713bab4,cfg-00e900d266f3e8a4,rollout,33298.0,completed_run,output/strengthening_factorial/strong-factorial-qwen25_3b-grpo-code_standard-base-s95/phase-memory-5032006.csv
run-14b716da6713bab4,cfg-00e900d266f3e8a4,weight_sync,33108.0,completed_run,output/strengthening_factorial/strong-factorial-qwen25_3b-grpo-code_standard-base-s95/phase-memory-5032006.csv
run-154259ed14525d2a,cfg-cad8341dbbff10ba,initializing,10742.0,terminal_stage_partial,output/benchmark_v2_cross_family_confirmatory/v2cf-confirm-qwen25_3b-grpo-math_short-c5-s42/phase-memory-4935983.csv
run-156386d35d0a38cd,cfg-49d9bccfe873f5c6,initializing,40810.0,stage_completion_not_certified,output/major_revision_cross_model_confirmatory/mr-xm-confirm-qwen25_3b-grpo-code_heavy_tail-c4-s52/phase-memory-4999827.csv
run-156386d35d0a38cd,cfg-49d9bccfe873f5c6,rollout,40930.0,terminal_stage_partial,output/major_revision_cross_model_confirmatory/mr-xm-confirm-qwen25_3b-grpo-code_heavy_tail-c4-s52/phase-memory-4999827.csv
run-15b7e41909f62734,cfg-331bb196cd92fe75,actor_update,21132.0,completed_run,output/strengthening_temporal_phases/strong-time-grpo-gsm8k-qwen25_3b-safe_margin-s91/phase-memory-5032254.csv
run-15b7e41909f62734,cfg-331bb196cd92fe75,checkpoint,19446.0,completed_run,output/strengthening_temporal_phases/strong-time-grpo-gsm8k-qwen25_3b-safe_margin-s91/phase-memory-5032254.csv
run-15b7e41909f62734,cfg-331bb196cd92fe75,idle,29730.0,completed_run,output/strengthening_temporal_phases/strong-time-grpo-gsm8k-qwen25_3b-safe_margin-s91/phase-memory-5032254.csv
run-15b7e41909f62734,cfg-331bb196cd92fe75,initializing,29864.0,completed_run,output/strengthening_temporal_phases/strong-time-grpo-gsm8k-qwen25_3b-safe_margin-s91/phase-memory-5032254.csv
run-15b7e41909f62734,cfg-331bb196cd92fe75,reference_logprob,15820.0,completed_run,output/strengthening_temporal_phases/strong-time-grpo-gsm8k-qwen25_3b-safe_margin-s91/phase-memory-5032254.csv
run-15b7e41909f62734,cfg-331bb196cd92fe75,rollout,32502.0,completed_run,output/strengthening_temporal_phases/strong-time-grpo-gsm8k-qwen25_3b-safe_margin-s91/phase-memory-5032254.csv
run-15b7e41909f62734,cfg-331bb196cd92fe75,unknown,29730.0,completed_run,output/strengthening_temporal_phases/strong-time-grpo-gsm8k-qwen25_3b-safe_margin-s91/phase-memory-5032254.csv
run-15b7e41909f62734,cfg-331bb196cd92fe75,validation,29994.0,completed_run,output/strengthening_temporal_phases/strong-time-grpo-gsm8k-qwen25_3b-safe_margin-s91/phase-memory-5032254.csv
run-15b7e41909f62734,cfg-331bb196cd92fe75,weight_sync,29730.0,completed_run,output/strengthening_temporal_phases/strong-time-grpo-gsm8k-qwen25_3b-safe_margin-s91/phase-memory-5032254.csv
run-168853dccd7223a7,cfg-ca36112516a10a19,actor_update,23258.0,completed_run,output/revision_instrumentation/rev-instrumentation-phi4_mini-math-c3-s111-external/attempt-5045369/phase-memory-5045369.csv
run-168853dccd7223a7,cfg-ca36112516a10a19,idle,39842.0,completed_run,output/revision_instrumentation/rev-instrumentation-phi4_mini-math-c3-s111-external/attempt-5045369/phase-memory-5045369.csv
run-168853dccd7223a7,cfg-ca36112516a10a19,initializing,40016.0,completed_run,output/revision_instrumentation/rev-instrumentation-phi4_mini-math-c3-s111-external/attempt-5045369/phase-memory-5045369.csv
run-168853dccd7223a7,cfg-ca36112516a10a19,reference_logprob,17168.0,completed_run,output/revision_instrumentation/rev-instrumentation-phi4_mini-math-c3-s111-external/attempt-5045369/phase-memory-5045369.csv
run-168853dccd7223a7,cfg-ca36112516a10a19,rollout,39868.0,completed_run,output/revision_instrumentation/rev-instrumentation-phi4_mini-math-c3-s111-external/attempt-5045369/phase-memory-5045369.csv
run-168853dccd7223a7,cfg-ca36112516a10a19,weight_sync,39842.0,completed_run,output/revision_instrumentation/rev-instrumentation-phi4_mini-math-c3-s111-external/attempt-5045369/phase-memory-5045369.csv
run-16aed4751b5f8c13,cfg-ea5a23a40ad5ca50,initializing,40812.0,stage_completion_not_certified,output/major_revision_cross_model_confirmatory/mr-xm-confirm-qwen25_3b-grpo-code_standard-c4-s52/phase-memory-4999424.csv
run-16aed4751b5f8c13,cfg-ea5a23a40ad5ca50,rollout,40792.0,terminal_stage_partial,output/major_revision_cross_model_confirmatory/mr-xm-confirm-qwen25_3b-grpo-code_standard-c4-s52/phase-memory-4999424.csv
run-1752a22f46393009,cfg-f21b459aeb04a6a7,initializing,40956.0,terminal_stage_partial,output/revision_instrumentation/rev-instrumentation-qwen25_3b-math-c4-s113-external/attempt-5045333/phase-memory-5045333.csv
run-177327206a8c16b7,cfg-d9397d15f234d541,actor_update,11916.0,completed_run,output/strengthening_granite_confirmatory/strong-granite-confirmatory-grpo-code_heavy_tail-c1-s92/phase-memory-5031315.csv
run-177327206a8c16b7,cfg-d9397d15f234d541,idle,21148.0,completed_run,output/strengthening_granite_confirmatory/strong-granite-confirmatory-grpo-code_heavy_tail-c1-s92/phase-memory-5031315.csv
run-177327206a8c16b7,cfg-d9397d15f234d541,initializing,20638.0,completed_run,output/strengthening_granite_confirmatory/strong-granite-confirmatory-grpo-code_heavy_tail-c1-s92/phase-memory-5031315.csv
run-177327206a8c16b7,cfg-d9397d15f234d541,reference_logprob,9854.0,completed_run,output/strengthening_granite_confirmatory/strong-granite-confirmatory-grpo-code_heavy_tail-c1-s92/phase-memory-5031315.csv
run-177327206a8c16b7,cfg-d9397d15f234d541,rollout,21302.0,completed_run,output/strengthening_granite_confirmatory/strong-granite-confirmatory-grpo-code_heavy_tail-c1-s92/phase-memory-5031315.csv
run-177327206a8c16b7,cfg-d9397d15f234d541,weight_sync,21148.0,completed_run,output/strengthening_granite_confirmatory/strong-granite-confirmatory-grpo-code_heavy_tail-c1-s92/phase-memory-5031315.csv
run-178b4724202d1604,cfg-1c5278f8be90a50a,actor_update,25170.0,completed_run,output/major_revision_cross_model_confirmatory/mr-xm-confirm-qwen25_3b-grpo-code_heavy_tail-c3-s52/phase-memory-4999808.csv
run-178b4724202d1604,cfg-1c5278f8be90a50a,idle,37140.0,completed_run,output/major_revision_cross_model_confirmatory/mr-xm-confirm-qwen25_3b-grpo-code_heavy_tail-c3-s52/phase-memory-4999808.csv
run-178b4724202d1604,cfg-1c5278f8be90a50a,initializing,36706.0,completed_run,output/major_revision_cross_model_confirmatory/mr-xm-confirm-qwen25_3b-grpo-code_heavy_tail-c3-s52/phase-memory-4999808.csv
run-178b4724202d1604,cfg-1c5278f8be90a50a,reference_logprob,13644.0,completed_run,output/major_revision_cross_model_confirmatory/mr-xm-confirm-qwen25_3b-grpo-code_heavy_tail-c3-s52/phase-memory-4999808.csv
run-178b4724202d1604,cfg-1c5278f8be90a50a,rollout,37682.0,completed_run,output/major_revision_cross_model_confirmatory/mr-xm-confirm-qwen25_3b-grpo-code_heavy_tail-c3-s52/phase-memory-4999808.csv
run-178b4724202d1604,cfg-1c5278f8be90a50a,weight_sync,37140.0,completed_run,output/major_revision_cross_model_confirmatory/mr-xm-confirm-qwen25_3b-grpo-code_heavy_tail-c3-s52/phase-memory-4999808.csv
run-1841e2c0d781c74b,cfg-55811d23c5144bb7,initializing,40956.0,terminal_stage_partial,output/benchmark_v2_cross_family_confirmatory/v2cf-confirm-qwen25_3b-grpo-math_short-c4-s42/phase-memory-4935967.csv
run-185759787327a1e5,cfg-d02503f8c9804a2d,actor_update,14472.0,completed_run,output/strengthening_granite_confirmatory/strong-granite-confirmatory-grpo-math_short-c4-s93/phase-memory-5031390.csv
run-185759787327a1e5,cfg-d02503f8c9804a2d,idle,40750.0,completed_run,output/strengthening_granite_confirmatory/strong-granite-confirmatory-grpo-math_short-c4-s93/phase-memory-5031390.csv
run-185759787327a1e5,cfg-d02503f8c9804a2d,initializing,40388.0,completed_run,output/strengthening_granite_confirmatory/strong-granite-confirmatory-grpo-math_short-c4-s93/phase-memory-5031390.csv
run-185759787327a1e5,cfg-d02503f8c9804a2d,reference_logprob,10344.0,completed_run,output/strengthening_granite_confirmatory/strong-granite-confirmatory-grpo-math_short-c4-s93/phase-memory-5031390.csv
run-185759787327a1e5,cfg-d02503f8c9804a2d,rollout,40356.0,completed_run,output/strengthening_granite_confirmatory/strong-granite-confirmatory-grpo-math_short-c4-s93/phase-memory-5031390.csv
run-185759787327a1e5,cfg-d02503f8c9804a2d,weight_sync,40750.0,completed_run,output/strengthening_granite_confirmatory/strong-granite-confirmatory-grpo-math_short-c4-s93/phase-memory-5031390.csv
run-18f953f654c9c150,cfg-f03e4e98c682240e,actor_update,11798.0,completed_run,output/revision_topology/rev-topology-qwen25_3b-math-c2-s112-four_gpu/attempt-5045318/phase-memory-5045318.csv
run-18f953f654c9c150,cfg-f03e4e98c682240e,idle,30178.0,completed_run,output/revision_topology/rev-topology-qwen25_3b-math-c2-s112-four_gpu/attempt-5045318/phase-memory-5045318.csv
run-18f953f654c9c150,cfg-f03e4e98c682240e,initializing,30154.0,completed_run,output/revision_topology/rev-topology-qwen25_3b-math-c2-s112-four_gpu/attempt-5045318/phase-memory-5045318.csv
run-18f953f654c9c150,cfg-f03e4e98c682240e,reference_logprob,10432.0,completed_run,output/revision_topology/rev-topology-qwen25_3b-math-c2-s112-four_gpu/attempt-5045318/phase-memory-5045318.csv
run-18f953f654c9c150,cfg-f03e4e98c682240e,rollout,29866.0,completed_run,output/revision_topology/rev-topology-qwen25_3b-math-c2-s112-four_gpu/attempt-5045318/phase-memory-5045318.csv
run-18f953f654c9c150,cfg-f03e4e98c682240e,unknown,30178.0,completed_run,output/revision_topology/rev-topology-qwen25_3b-math-c2-s112-four_gpu/attempt-5045318/phase-memory-5045318.csv
run-18f953f654c9c150,cfg-f03e4e98c682240e,weight_sync,30178.0,completed_run,output/revision_topology/rev-topology-qwen25_3b-math-c2-s112-four_gpu/attempt-5045318/phase-memory-5045318.csv
run-19a95273a2b69dde,cfg-5047dff55c13e55f,actor_update,13982.0,completed_run,output/strengthening_factorial/strong-factorial-qwen25_3b-grpo-gsm8k-base-s95/phase-memory-5032029.csv
run-19a95273a2b69dde,cfg-5047dff55c13e55f,idle,33108.0,completed_run,output/strengthening_factorial/strong-factorial-qwen25_3b-grpo-gsm8k-base-s95/phase-memory-5032029.csv
run-19a95273a2b69dde,cfg-5047dff55c13e55f,initializing,32676.0,completed_run,output/strengthening_factorial/strong-factorial-qwen25_3b-grpo-gsm8k-base-s95/phase-memory-5032029.csv
run-19a95273a2b69dde,cfg-5047dff55c13e55f,reference_logprob,11606.0,completed_run,output/strengthening_factorial/strong-factorial-qwen25_3b-grpo-gsm8k-base-s95/phase-memory-5032029.csv
run-19a95273a2b69dde,cfg-5047dff55c13e55f,rollout,32660.0,completed_run,output/strengthening_factorial/strong-factorial-qwen25_3b-grpo-gsm8k-base-s95/phase-memory-5032029.csv
run-19a95273a2b69dde,cfg-5047dff55c13e55f,unknown,11606.0,completed_run,output/strengthening_factorial/strong-factorial-qwen25_3b-grpo-gsm8k-base-s95/phase-memory-5032029.csv
run-19a95273a2b69dde,cfg-5047dff55c13e55f,weight_sync,33108.0,completed_run,output/strengthening_factorial/strong-factorial-qwen25_3b-grpo-gsm8k-base-s95/phase-memory-5032029.csv
run-19bfb0150a518fd6,cfg-aca3236b5ba27772,actor_update,16824.0,completed_run,output/review_instrumentation_batch/review-control-phi4_mini-gsm8k-s121-external_b8/attempt-5048502/phase-memory-5048502.csv
run-19bfb0150a518fd6,cfg-aca3236b5ba27772,idle,35538.0,completed_run,output/review_instrumentation_batch/review-control-phi4_mini-gsm8k-s121-external_b8/attempt-5048502/phase-memory-5048502.csv
run-19bfb0150a518fd6,cfg-aca3236b5ba27772,initializing,35398.0,completed_run,output/review_instrumentation_batch/review-control-phi4_mini-gsm8k-s121-external_b8/attempt-5048502/phase-memory-5048502.csv
run-19bfb0150a518fd6,cfg-aca3236b5ba27772,reference_logprob,14172.0,completed_run,output/review_instrumentation_batch/review-control-phi4_mini-gsm8k-s121-external_b8/attempt-5048502/phase-memory-5048502.csv
run-19bfb0150a518fd6,cfg-aca3236b5ba27772,rollout,35340.0,completed_run,output/review_instrumentation_batch/review-control-phi4_mini-gsm8k-s121-external_b8/attempt-5048502/phase-memory-5048502.csv
run-19bfb0150a518fd6,cfg-aca3236b5ba27772,weight_sync,35518.0,completed_run,output/review_instrumentation_batch/review-control-phi4_mini-gsm8k-s121-external_b8/attempt-5048502/phase-memory-5048502.csv
run-19e526fd4d600c0b,cfg-a026693bae37d30b,actor_update,28458.0,completed_run,output/major_revision_cross_model_confirmatory/mr-xm-confirm-phi4_mini-grpo-code_standard-c3-s51/phase-memory-5002740.csv
run-19e526fd4d600c0b,cfg-a026693bae37d30b,idle,39550.0,completed_run,output/major_revision_cross_model_confirmatory/mr-xm-confirm-phi4_mini-grpo-code_standard-c3-s51/phase-memory-5002740.csv
run-19e526fd4d600c0b,cfg-a026693bae37d30b,initializing,39430.0,completed_run,output/major_revision_cross_model_confirmatory/mr-xm-confirm-phi4_mini-grpo-code_standard-c3-s51/phase-memory-5002740.csv
run-19e526fd4d600c0b,cfg-a026693bae37d30b,reference_logprob,17036.0,completed_run,output/major_revision_cross_model_confirmatory/mr-xm-confirm-phi4_mini-grpo-code_standard-c3-s51/phase-memory-5002740.csv
run-19e526fd4d600c0b,cfg-a026693bae37d30b,rollout,39970.0,completed_run,output/major_revision_cross_model_confirmatory/mr-xm-confirm-phi4_mini-grpo-code_standard-c3-s51/phase-memory-5002740.csv
run-19e526fd4d600c0b,cfg-a026693bae37d30b,unknown,39970.0,completed_run,output/major_revision_cross_model_confirmatory/mr-xm-confirm-phi4_mini-grpo-code_standard-c3-s51/phase-memory-5002740.csv
run-19e526fd4d600c0b,cfg-a026693bae37d30b,weight_sync,39550.0,completed_run,output/major_revision_cross_model_confirmatory/mr-xm-confirm-phi4_mini-grpo-code_standard-c3-s51/phase-memory-5002740.csv
run-19ff7c5a71e30198,cfg-62f371a80968a0ba,actor_update,13668.0,completed_run,output/benchmark_v2_cross_family_confirmatory/v2cf-confirm-qwen25_3b-grpo-math_short-c1-s43/phase-memory-4935556.csv
run-19ff7c5a71e30198,cfg-62f371a80968a0ba,idle,21302.0,completed_run,output/benchmark_v2_cross_family_confirmatory/v2cf-confirm-qwen25_3b-grpo-math_short-c1-s43/phase-memory-4935556.csv
run-19ff7c5a71e30198,cfg-62f371a80968a0ba,initializing,21334.0,completed_run,output/benchmark_v2_cross_family_confirmatory/v2cf-confirm-qwen25_3b-grpo-math_short-c1-s43/phase-memory-4935556.csv
run-19ff7c5a71e30198,cfg-62f371a80968a0ba,reference_logprob,14102.0,completed_run,output/benchmark_v2_cross_family_confirmatory/v2cf-confirm-qwen25_3b-grpo-math_short-c1-s43/phase-memory-4935556.csv
run-19ff7c5a71e30198,cfg-62f371a80968a0ba,rollout,21180.0,completed_run,output/benchmark_v2_cross_family_confirmatory/v2cf-confirm-qwen25_3b-grpo-math_short-c1-s43/phase-memory-4935556.csv
run-19ff7c5a71e30198,cfg-62f371a80968a0ba,weight_sync,21880.0,completed_run,output/benchmark_v2_cross_family_confirmatory/v2cf-confirm-qwen25_3b-grpo-math_short-c1-s43/phase-memory-4935556.csv
run-1a30bc35e1e7a5ef,cfg-db87c67536995ab0,actor_update,14626.0,completed_run,output/major_revision_cross_model_confirmatory/mr-xm-confirm-qwen25_3b-grpo-code_standard-c1-s53/phase-memory-4999353.csv
run-1a30bc35e1e7a5ef,cfg-db87c67536995ab0,idle,20962.0,completed_run,output/major_revision_cross_model_confirmatory/mr-xm-confirm-qwen25_3b-grpo-code_standard-c1-s53/phase-memory-4999353.csv
run-1a30bc35e1e7a5ef,cfg-db87c67536995ab0,initializing,20996.0,completed_run,output/major_revision_cross_model_confirmatory/mr-xm-confirm-qwen25_3b-grpo-code_standard-c1-s53/phase-memory-4999353.csv
run-1a30bc35e1e7a5ef,cfg-db87c67536995ab0,reference_logprob,13246.0,completed_run,output/major_revision_cross_model_confirmatory/mr-xm-confirm-qwen25_3b-grpo-code_standard-c1-s53/phase-memory-4999353.csv
run-1a30bc35e1e7a5ef,cfg-db87c67536995ab0,rollout,20574.0,completed_run,output/major_revision_cross_model_confirmatory/mr-xm-confirm-qwen25_3b-grpo-code_standard-c1-s53/phase-memory-4999353.csv
run-1a30bc35e1e7a5ef,cfg-db87c67536995ab0,weight_sync,21540.0,completed_run,output/major_revision_cross_model_confirmatory/mr-xm-confirm-qwen25_3b-grpo-code_standard-c1-s53/phase-memory-4999353.csv
run-1ad38d95ed55b4ef,cfg-3b9787f775169f3d,actor_update,14112.0,completed_run,output/strengthening_factorial/strong-factorial-granite33_2b-grpo-math_short-actor_only-s96/phase-memory-5031431.csv
run-1ad38d95ed55b4ef,cfg-3b9787f775169f3d,idle,32670.0,completed_run,output/strengthening_factorial/strong-factorial-granite33_2b-grpo-math_short-actor_only-s96/phase-memory-5031431.csv
run-1ad38d95ed55b4ef,cfg-3b9787f775169f3d,initializing,32308.0,completed_run,output/strengthening_factorial/strong-factorial-granite33_2b-grpo-math_short-actor_only-s96/phase-memory-5031431.csv
run-1ad38d95ed55b4ef,cfg-3b9787f775169f3d,reference_logprob,10344.0,completed_run,output/strengthening_factorial/strong-factorial-granite33_2b-grpo-math_short-actor_only-s96/phase-memory-5031431.csv
run-1ad38d95ed55b4ef,cfg-3b9787f775169f3d,rollout,32378.0,completed_run,output/strengthening_factorial/strong-factorial-granite33_2b-grpo-math_short-actor_only-s96/phase-memory-5031431.csv
run-1ad38d95ed55b4ef,cfg-3b9787f775169f3d,weight_sync,32670.0,completed_run,output/strengthening_factorial/strong-factorial-granite33_2b-grpo-math_short-actor_only-s96/phase-memory-5031431.csv
run-1bf72aa78c85243a,cfg-aa33c72e0a449b9c,actor_update,17664.0,completed_run,output/strengthening_granite_confirmatory/strong-granite-confirmatory-grpo-code_heavy_tail-c3-s93/phase-memory-5031364.csv
run-1bf72aa78c85243a,cfg-aa33c72e0a449b9c,idle,36302.0,completed_run,output/strengthening_granite_confirmatory/strong-granite-confirmatory-grpo-code_heavy_tail-c3-s93/phase-memory-5031364.csv
run-1bf72aa78c85243a,cfg-aa33c72e0a449b9c,initializing,35876.0,completed_run,output/strengthening_granite_confirmatory/strong-granite-confirmatory-grpo-code_heavy_tail-c3-s93/phase-memory-5031364.csv
run-1bf72aa78c85243a,cfg-aa33c72e0a449b9c,reference_logprob,10078.0,completed_run,output/strengthening_granite_confirmatory/strong-granite-confirmatory-grpo-code_heavy_tail-c3-s93/phase-memory-5031364.csv
run-1bf72aa78c85243a,cfg-aa33c72e0a449b9c,rollout,36542.0,completed_run,output/strengthening_granite_confirmatory/strong-granite-confirmatory-grpo-code_heavy_tail-c3-s93/phase-memory-5031364.csv
run-1bf72aa78c85243a,cfg-aa33c72e0a449b9c,weight_sync,36302.0,completed_run,output/strengthening_granite_confirmatory/strong-granite-confirmatory-grpo-code_heavy_tail-c3-s93/phase-memory-5031364.csv
run-1ca25751126ef871,cfg-445e1547e9317cd0,actor_update,11518.0,completed_run,output/strengthening_factorial/strong-factorial-granite33_2b-grpo-gsm8k_long-base-s95/phase-memory-5031354.csv
run-1ca25751126ef871,cfg-445e1547e9317cd0,idle,32322.0,completed_run,output/strengthening_factorial/strong-factorial-granite33_2b-grpo-gsm8k_long-base-s95/phase-memory-5031354.csv
run-1ca25751126ef871,cfg-445e1547e9317cd0,initializing,31876.0,completed_run,output/strengthening_factorial/strong-factorial-granite33_2b-grpo-gsm8k_long-base-s95/phase-memory-5031354.csv
run-1ca25751126ef871,cfg-445e1547e9317cd0,reference_logprob,9316.0,completed_run,output/strengthening_factorial/strong-factorial-granite33_2b-grpo-gsm8k_long-base-s95/phase-memory-5031354.csv
run-1ca25751126ef871,cfg-445e1547e9317cd0,rollout,31902.0,completed_run,output/strengthening_factorial/strong-factorial-granite33_2b-grpo-gsm8k_long-base-s95/phase-memory-5031354.csv
run-1ca25751126ef871,cfg-445e1547e9317cd0,weight_sync,32322.0,completed_run,output/strengthening_factorial/strong-factorial-granite33_2b-grpo-gsm8k_long-base-s95/phase-memory-5031354.csv
run-1d1ad0f9c5a5469b,cfg-fd4d4789145230df,actor_update,11386.0,completed_run,output/strengthening_granite_confirmatory/strong-granite-confirmatory-grpo-math_short-c1-s91/phase-memory-5031332.csv
run-1d1ad0f9c5a5469b,cfg-fd4d4789145230df,idle,21516.0,completed_run,output/strengthening_granite_confirmatory/strong-granite-confirmatory-grpo-math_short-c1-s91/phase-memory-5031332.csv
run-1d1ad0f9c5a5469b,cfg-fd4d4789145230df,initializing,21070.0,completed_run,output/strengthening_granite_confirmatory/strong-granite-confirmatory-grpo-math_short-c1-s91/phase-memory-5031332.csv
run-1d1ad0f9c5a5469b,cfg-fd4d4789145230df,reference_logprob,10260.0,completed_run,output/strengthening_granite_confirmatory/strong-granite-confirmatory-grpo-math_short-c1-s91/phase-memory-5031332.csv
run-1d1ad0f9c5a5469b,cfg-fd4d4789145230df,rollout,21302.0,completed_run,output/strengthening_granite_confirmatory/strong-granite-confirmatory-grpo-math_short-c1-s91/phase-memory-5031332.csv
run-1d1ad0f9c5a5469b,cfg-fd4d4789145230df,weight_sync,21496.0,completed_run,output/strengthening_granite_confirmatory/strong-granite-confirmatory-grpo-math_short-c1-s91/phase-memory-5031332.csv
run-1da3aedb62f70d0e,cfg-3b9787f775169f3d,actor_update,14592.0,completed_run,output/strengthening_factorial/strong-factorial-granite33_2b-grpo-math_short-actor_only-s94/phase-memory-5031429.csv
run-1da3aedb62f70d0e,cfg-3b9787f775169f3d,idle,32670.0,completed_run,output/strengthening_factorial/strong-factorial-granite33_2b-grpo-math_short-actor_only-s94/phase-memory-5031429.csv
run-1da3aedb62f70d0e,cfg-3b9787f775169f3d,initializing,32308.0,completed_run,output/strengthening_factorial/strong-factorial-granite33_2b-grpo-math_short-actor_only-s94/phase-memory-5031429.csv
run-1da3aedb62f70d0e,cfg-3b9787f775169f3d,reference_logprob,10364.0,completed_run,output/strengthening_factorial/strong-factorial-granite33_2b-grpo-math_short-actor_only-s94/phase-memory-5031429.csv
run-1da3aedb62f70d0e,cfg-3b9787f775169f3d,rollout,32326.0,completed_run,output/strengthening_factorial/strong-factorial-granite33_2b-grpo-math_short-actor_only-s94/phase-memory-5031429.csv
run-1da3aedb62f70d0e,cfg-3b9787f775169f3d,weight_sync,32214.0,completed_run,output/strengthening_factorial/strong-factorial-granite33_2b-grpo-math_short-actor_only-s94/phase-memory-5031429.csv
run-1ea07dd20cf118b2,cfg-ea5a23a40ad5ca50,initializing,40812.0,stage_completion_not_certified,output/major_revision_cross_model_confirmatory/mr-xm-confirm-qwen25_3b-grpo-code_standard-c4-s53/phase-memory-4999486.csv
run-1ea07dd20cf118b2,cfg-ea5a23a40ad5ca50,rollout,40926.0,terminal_stage_partial,output/major_revision_cross_model_confirmatory/mr-xm-confirm-qwen25_3b-grpo-code_standard-c4-s53/phase-memory-4999486.csv
run-1ea07dd20cf118b2,cfg-ea5a23a40ad5ca50,unknown,40788.0,stage_completion_not_certified,output/major_revision_cross_model_confirmatory/mr-xm-confirm-qwen25_3b-grpo-code_standard-c4-s53/phase-memory-4999486.csv
run-211ac103cea42555,cfg-419301d6d3eea82b,actor_update,23000.0,completed_run,output/strengthening_same_node_residency/strong-node-qwen25_3b-grpo-gsm8k-safe_margin-s83-p1-resident/phase-memory-5031106.csv
run-211ac103cea42555,cfg-419301d6d3eea82b,idle,14896.0,completed_run,output/strengthening_same_node_residency/strong-node-qwen25_3b-grpo-gsm8k-safe_margin-s83-p1-resident/phase-memory-5031106.csv
run-211ac103cea42555,cfg-419301d6d3eea82b,initializing,26274.0,completed_run,output/strengthening_same_node_residency/strong-node-qwen25_3b-grpo-gsm8k-safe_margin-s83-p1-resident/phase-memory-5031106.csv
run-211ac103cea42555,cfg-419301d6d3eea82b,reference_logprob,23214.0,completed_run,output/strengthening_same_node_residency/strong-node-qwen25_3b-grpo-gsm8k-safe_margin-s83-p1-resident/phase-memory-5031106.csv
run-211ac103cea42555,cfg-419301d6d3eea82b,rollout,14362.0,completed_run,output/strengthening_same_node_residency/strong-node-qwen25_3b-grpo-gsm8k-safe_margin-s83-p1-resident/phase-memory-5031106.csv
run-211ac103cea42555,cfg-419301d6d3eea82b,weight_sync,26784.0,completed_run,output/strengthening_same_node_residency/strong-node-qwen25_3b-grpo-gsm8k-safe_margin-s83-p1-resident/phase-memory-5031106.csv
run-21226a472c7182cd,cfg-14d47144a7cbb833,actor_update,17022.0,completed_run,output/strengthening_factorial/strong-factorial-phi4_mini-grpo-gsm8k-base-s95/phase-memory-5031779.csv
run-21226a472c7182cd,cfg-14d47144a7cbb833,idle,35518.0,completed_run,output/strengthening_factorial/strong-factorial-phi4_mini-grpo-gsm8k-base-s95/phase-memory-5031779.csv
run-21226a472c7182cd,cfg-14d47144a7cbb833,initializing,35398.0,completed_run,output/strengthening_factorial/strong-factorial-phi4_mini-grpo-gsm8k-base-s95/phase-memory-5031779.csv
run-21226a472c7182cd,cfg-14d47144a7cbb833,reference_logprob,14272.0,completed_run,output/strengthening_factorial/strong-factorial-phi4_mini-grpo-gsm8k-base-s95/phase-memory-5031779.csv
run-21226a472c7182cd,cfg-14d47144a7cbb833,rollout,35318.0,completed_run,output/strengthening_factorial/strong-factorial-phi4_mini-grpo-gsm8k-base-s95/phase-memory-5031779.csv
run-21226a472c7182cd,cfg-14d47144a7cbb833,weight_sync,35518.0,completed_run,output/strengthening_factorial/strong-factorial-phi4_mini-grpo-gsm8k-base-s95/phase-memory-5031779.csv
run-21f4e701a6105c44,cfg-b1aeb72d4434b30d,actor_update,18378.0,completed_run,output/strengthening_factorial/strong-factorial-phi4_mini-grpo-gsm8k-reservation_only-s94/phase-memory-5031797.csv
run-21f4e701a6105c44,cfg-b1aeb72d4434b30d,idle,39550.0,completed_run,output/strengthening_factorial/strong-factorial-phi4_mini-grpo-gsm8k-reservation_only-s94/phase-memory-5031797.csv
run-21f4e701a6105c44,cfg-b1aeb72d4434b30d,initializing,39430.0,completed_run,output/strengthening_factorial/strong-factorial-phi4_mini-grpo-gsm8k-reservation_only-s94/phase-memory-5031797.csv
run-21f4e701a6105c44,cfg-b1aeb72d4434b30d,reference_logprob,15432.0,completed_run,output/strengthening_factorial/strong-factorial-phi4_mini-grpo-gsm8k-reservation_only-s94/phase-memory-5031797.csv
run-21f4e701a6105c44,cfg-b1aeb72d4434b30d,rollout,39368.0,completed_run,output/strengthening_factorial/strong-factorial-phi4_mini-grpo-gsm8k-reservation_only-s94/phase-memory-5031797.csv
run-21f4e701a6105c44,cfg-b1aeb72d4434b30d,weight_sync,39550.0,completed_run,output/strengthening_factorial/strong-factorial-phi4_mini-grpo-gsm8k-reservation_only-s94/phase-memory-5031797.csv
run-226e7788ecb92b3d,cfg-191bdf2aa4d09de2,actor_update,18942.0,completed_run,output/strengthening_factorial/strong-factorial-phi4_mini-grpo-math-base-s95/phase-memory-5031824.csv
run-226e7788ecb92b3d,cfg-191bdf2aa4d09de2,idle,35766.0,completed_run,output/strengthening_factorial/strong-factorial-phi4_mini-grpo-math-base-s95/phase-memory-5031824.csv
run-226e7788ecb92b3d,cfg-191bdf2aa4d09de2,initializing,35920.0,completed_run,output/strengthening_factorial/strong-factorial-phi4_mini-grpo-math-base-s95/phase-memory-5031824.csv
run-226e7788ecb92b3d,cfg-191bdf2aa4d09de2,reference_logprob,17008.0,completed_run,output/strengthening_factorial/strong-factorial-phi4_mini-grpo-math-base-s95/phase-memory-5031824.csv
run-226e7788ecb92b3d,cfg-191bdf2aa4d09de2,rollout,36086.0,completed_run,output/strengthening_factorial/strong-factorial-phi4_mini-grpo-math-base-s95/phase-memory-5031824.csv
run-226e7788ecb92b3d,cfg-191bdf2aa4d09de2,weight_sync,34766.0,completed_run,output/strengthening_factorial/strong-factorial-phi4_mini-grpo-math-base-s95/phase-memory-5031824.csv
run-2306e561112631b4,cfg-fad1b555f8b37235,initializing,10742.0,terminal_stage_partial,output/major_revision_cross_model_confirmatory/mr-xm-confirm-qwen25_3b-grpo-code_heavy_tail-c5-s53/phase-memory-4999868.csv
run-23b9fb5e02ab59df,cfg-f75b68f479767290,actor_update,18718.0,completed_run,output/major_revision_cross_model_confirmatory/mr-xm-confirm-phi4_mini-grpo-code_standard-c1-s51/phase-memory-5002557.csv
run-23b9fb5e02ab59df,cfg-f75b68f479767290,idle,21944.0,completed_run,output/major_revision_cross_model_confirmatory/mr-xm-confirm-phi4_mini-grpo-code_standard-c1-s51/phase-memory-5002557.csv
run-23b9fb5e02ab59df,cfg-f75b68f479767290,initializing,25598.0,completed_run,output/major_revision_cross_model_confirmatory/mr-xm-confirm-phi4_mini-grpo-code_standard-c1-s51/phase-memory-5002557.csv
run-23b9fb5e02ab59df,cfg-f75b68f479767290,reference_logprob,16690.0,completed_run,output/major_revision_cross_model_confirmatory/mr-xm-confirm-phi4_mini-grpo-code_standard-c1-s51/phase-memory-5002557.csv
run-23b9fb5e02ab59df,cfg-f75b68f479767290,rollout,22180.0,completed_run,output/major_revision_cross_model_confirmatory/mr-xm-confirm-phi4_mini-grpo-code_standard-c1-s51/phase-memory-5002557.csv
run-23b9fb5e02ab59df,cfg-f75b68f479767290,weight_sync,26056.0,completed_run,output/major_revision_cross_model_confirmatory/mr-xm-confirm-phi4_mini-grpo-code_standard-c1-s51/phase-memory-5002557.csv
run-23c83a081ae6fb32,cfg-4c4910aff27c5f91,actor_update,11548.0,completed_run,output/benchmark_v2_telemetry_calibration/v2tel-05-qwen25_3b-grpo-gsm8k-safe_margin-10ms/phase-memory-4935211.csv
run-23c83a081ae6fb32,cfg-4c4910aff27c5f91,idle,14914.0,completed_run,output/benchmark_v2_telemetry_calibration/v2tel-05-qwen25_3b-grpo-gsm8k-safe_margin-10ms/phase-memory-4935211.csv
run-23c83a081ae6fb32,cfg-4c4910aff27c5f91,initializing,20996.0,completed_run,output/benchmark_v2_telemetry_calibration/v2tel-05-qwen25_3b-grpo-gsm8k-safe_margin-10ms/phase-memory-4935211.csv
run-23c83a081ae6fb32,cfg-4c4910aff27c5f91,reference_logprob,11744.0,completed_run,output/benchmark_v2_telemetry_calibration/v2tel-05-qwen25_3b-grpo-gsm8k-safe_margin-10ms/phase-memory-4935211.csv
run-23c83a081ae6fb32,cfg-4c4910aff27c5f91,rollout,14380.0,completed_run,output/benchmark_v2_telemetry_calibration/v2tel-05-qwen25_3b-grpo-gsm8k-safe_margin-10ms/phase-memory-4935211.csv
run-23c83a081ae6fb32,cfg-4c4910aff27c5f91,weight_sync,21540.0,completed_run,output/benchmark_v2_telemetry_calibration/v2tel-05-qwen25_3b-grpo-gsm8k-safe_margin-10ms/phase-memory-4935211.csv
run-23f0078f77c42951,cfg-8a39420e5b484230,actor_update,19118.0,completed_run,output/strengthening_factorial/strong-factorial-phi4_mini-grpo-math-reservation_only-s94/phase-memory-5031838.csv
run-23f0078f77c42951,cfg-8a39420e5b484230,idle,39842.0,completed_run,output/strengthening_factorial/strong-factorial-phi4_mini-grpo-math-reservation_only-s94/phase-memory-5031838.csv
run-23f0078f77c42951,cfg-8a39420e5b484230,initializing,40016.0,completed_run,output/strengthening_factorial/strong-factorial-phi4_mini-grpo-math-reservation_only-s94/phase-memory-5031838.csv
run-23f0078f77c42951,cfg-8a39420e5b484230,reference_logprob,17048.0,completed_run,output/strengthening_factorial/strong-factorial-phi4_mini-grpo-math-reservation_only-s94/phase-memory-5031838.csv
run-23f0078f77c42951,cfg-8a39420e5b484230,rollout,40058.0,completed_run,output/strengthening_factorial/strong-factorial-phi4_mini-grpo-math-reservation_only-s94/phase-memory-5031838.csv
run-23f0078f77c42951,cfg-8a39420e5b484230,weight_sync,39842.0,completed_run,output/strengthening_factorial/strong-factorial-phi4_mini-grpo-math-reservation_only-s94/phase-memory-5031838.csv
run-241026e9cbd44d76,cfg-c3f0ad157d299d39,actor_update,14918.0,completed_run,output/strengthening_granite_confirmatory/strong-granite-confirmatory-grpo-code_standard-c3-s91/phase-memory-5031382.csv
run-241026e9cbd44d76,cfg-c3f0ad157d299d39,idle,36302.0,completed_run,output/strengthening_granite_confirmatory/strong-granite-confirmatory-grpo-code_standard-c3-s91/phase-memory-5031382.csv
run-241026e9cbd44d76,cfg-c3f0ad157d299d39,initializing,35876.0,completed_run,output/strengthening_granite_confirmatory/strong-granite-confirmatory-grpo-code_standard-c3-s91/phase-memory-5031382.csv
run-241026e9cbd44d76,cfg-c3f0ad157d299d39,reference_logprob,9596.0,completed_run,output/strengthening_granite_confirmatory/strong-granite-confirmatory-grpo-code_standard-c3-s91/phase-memory-5031382.csv
run-241026e9cbd44d76,cfg-c3f0ad157d299d39,rollout,36480.0,completed_run,output/strengthening_granite_confirmatory/strong-granite-confirmatory-grpo-code_standard-c3-s91/phase-memory-5031382.csv
run-241026e9cbd44d76,cfg-c3f0ad157d299d39,weight_sync,36302.0,completed_run,output/strengthening_granite_confirmatory/strong-granite-confirmatory-grpo-code_standard-c3-s91/phase-memory-5031382.csv
run-24d31fead95d3089,cfg-a188f9742074d270,initializing,40926.0,terminal_stage_partial,output/strengthening_same_node_residency/strong-node-qwen25_3b-grpo-gsm8k-near_boundary-s81-p2-resident/phase-memory-5031091.csv
run-254b76d27348fbce,cfg-c52a49b3491283c7,actor_update,21332.0,completed_run,output/strengthening_temporal_phases/strong-time-grpo-gsm8k-qwen25_3b-near_boundary-s92/phase-memory-5032500.csv
run-254b76d27348fbce,cfg-c52a49b3491283c7,checkpoint,19406.0,completed_run,output/strengthening_temporal_phases/strong-time-grpo-gsm8k-qwen25_3b-near_boundary-s92/phase-memory-5032500.csv
run-254b76d27348fbce,cfg-c52a49b3491283c7,idle,35778.0,completed_run,output/strengthening_temporal_phases/strong-time-grpo-gsm8k-qwen25_3b-near_boundary-s92/phase-memory-5032500.csv
run-254b76d27348fbce,cfg-c52a49b3491283c7,initializing,35910.0,completed_run,output/strengthening_temporal_phases/strong-time-grpo-gsm8k-qwen25_3b-near_boundary-s92/phase-memory-5032500.csv
run-254b76d27348fbce,cfg-c52a49b3491283c7,reference_logprob,15640.0,completed_run,output/strengthening_temporal_phases/strong-time-grpo-gsm8k-qwen25_3b-near_boundary-s92/phase-memory-5032500.csv
run-254b76d27348fbce,cfg-c52a49b3491283c7,rollout,38148.0,completed_run,output/strengthening_temporal_phases/strong-time-grpo-gsm8k-qwen25_3b-near_boundary-s92/phase-memory-5032500.csv
run-254b76d27348fbce,cfg-c52a49b3491283c7,unknown,35778.0,completed_run,output/strengthening_temporal_phases/strong-time-grpo-gsm8k-qwen25_3b-near_boundary-s92/phase-memory-5032500.csv
run-254b76d27348fbce,cfg-c52a49b3491283c7,validation,36020.0,completed_run,output/strengthening_temporal_phases/strong-time-grpo-gsm8k-qwen25_3b-near_boundary-s92/phase-memory-5032500.csv
run-254b76d27348fbce,cfg-c52a49b3491283c7,weight_sync,35778.0,completed_run,output/strengthening_temporal_phases/strong-time-grpo-gsm8k-qwen25_3b-near_boundary-s92/phase-memory-5032500.csv
run-26556af229c766af,cfg-bfb83ff32b7fd921,actor_update,15230.0,completed_run,output/major_revision_cross_model_confirmatory/mr-xm-confirm-qwen25_3b-grpo-code_heavy_tail-c1-s52/phase-memory-4999655.csv
run-26556af229c766af,cfg-bfb83ff32b7fd921,idle,20982.0,completed_run,output/major_revision_cross_model_confirmatory/mr-xm-confirm-qwen25_3b-grpo-code_heavy_tail-c1-s52/phase-memory-4999655.csv
run-26556af229c766af,cfg-bfb83ff32b7fd921,initializing,20996.0,completed_run,output/major_revision_cross_model_confirmatory/mr-xm-confirm-qwen25_3b-grpo-code_heavy_tail-c1-s52/phase-memory-4999655.csv
run-26556af229c766af,cfg-bfb83ff32b7fd921,reference_logprob,13702.0,completed_run,output/major_revision_cross_model_confirmatory/mr-xm-confirm-qwen25_3b-grpo-code_heavy_tail-c1-s52/phase-memory-4999655.csv
run-26556af229c766af,cfg-bfb83ff32b7fd921,rollout,21154.0,completed_run,output/major_revision_cross_model_confirmatory/mr-xm-confirm-qwen25_3b-grpo-code_heavy_tail-c1-s52/phase-memory-4999655.csv
run-26556af229c766af,cfg-bfb83ff32b7fd921,weight_sync,21560.0,completed_run,output/major_revision_cross_model_confirmatory/mr-xm-confirm-qwen25_3b-grpo-code_heavy_tail-c1-s52/phase-memory-4999655.csv
run-26e3224353ef75d1,cfg-e5f3439a7c655274,actor_update,21132.0,completed_run,output/benchmark_v2_temporal_confirmatory/v2time-grpo-gsm8k-qwen25_3b-near_boundary-s43/phase-memory-4943041.csv
run-26e3224353ef75d1,cfg-e5f3439a7c655274,idle,35778.0,completed_run,output/benchmark_v2_temporal_confirmatory/v2time-grpo-gsm8k-qwen25_3b-near_boundary-s43/phase-memory-4943041.csv
run-26e3224353ef75d1,cfg-e5f3439a7c655274,initializing,35912.0,completed_run,output/benchmark_v2_temporal_confirmatory/v2time-grpo-gsm8k-qwen25_3b-near_boundary-s43/phase-memory-4943041.csv
run-26e3224353ef75d1,cfg-e5f3439a7c655274,reference_logprob,15740.0,completed_run,output/benchmark_v2_temporal_confirmatory/v2time-grpo-gsm8k-qwen25_3b-near_boundary-s43/phase-memory-4943041.csv
run-26e3224353ef75d1,cfg-e5f3439a7c655274,rollout,38196.0,completed_run,output/benchmark_v2_temporal_confirmatory/v2time-grpo-gsm8k-qwen25_3b-near_boundary-s43/phase-memory-4943041.csv
run-26e3224353ef75d1,cfg-e5f3439a7c655274,unknown,35778.0,completed_run,output/benchmark_v2_temporal_confirmatory/v2time-grpo-gsm8k-qwen25_3b-near_boundary-s43/phase-memory-4943041.csv
run-26e3224353ef75d1,cfg-e5f3439a7c655274,weight_sync,35778.0,completed_run,output/benchmark_v2_temporal_confirmatory/v2time-grpo-gsm8k-qwen25_3b-near_boundary-s43/phase-memory-4943041.csv
run-27b3d2d3151fa554,cfg-32977d5aa42a41cb,initializing,7780.0,terminal_stage_partial,output/strengthening_granite_confirmatory/strong-granite-confirmatory-grpo-math_short-c5-s92/phase-memory-5031391.csv
run-27e9d00ab1d16c97,cfg-e2763ffc8afa3602,actor_update,11638.0,completed_run,output/strengthening_factorial/strong-factorial-granite33_2b-grpo-gsm8k_long-reservation_only-s95/phase-memory-5031394.csv
run-27e9d00ab1d16c97,cfg-e2763ffc8afa3602,idle,36302.0,completed_run,output/strengthening_factorial/strong-factorial-granite33_2b-grpo-gsm8k_long-reservation_only-s95/phase-memory-5031394.csv
run-27e9d00ab1d16c97,cfg-e2763ffc8afa3602,initializing,35876.0,completed_run,output/strengthening_factorial/strong-factorial-granite33_2b-grpo-gsm8k_long-reservation_only-s95/phase-memory-5031394.csv
run-27e9d00ab1d16c97,cfg-e2763ffc8afa3602,reference_logprob,9356.0,completed_run,output/strengthening_factorial/strong-factorial-granite33_2b-grpo-gsm8k_long-reservation_only-s95/phase-memory-5031394.csv
run-27e9d00ab1d16c97,cfg-e2763ffc8afa3602,rollout,35940.0,completed_run,output/strengthening_factorial/strong-factorial-granite33_2b-grpo-gsm8k_long-reservation_only-s95/phase-memory-5031394.csv
run-27e9d00ab1d16c97,cfg-e2763ffc8afa3602,weight_sync,36302.0,completed_run,output/strengthening_factorial/strong-factorial-granite33_2b-grpo-gsm8k_long-reservation_only-s95/phase-memory-5031394.csv
run-2892724d6e7b2ae0,cfg-cc5f4f0c2e1256ba,actor_update,11414.0,completed_run,output/strengthening_granite_confirmatory/strong-granite-confirmatory-grpo-code_standard-c1-s93/phase-memory-5031418.csv
run-2892724d6e7b2ae0,cfg-cc5f4f0c2e1256ba,idle,21128.0,completed_run,output/strengthening_granite_confirmatory/strong-granite-confirmatory-grpo-code_standard-c1-s93/phase-memory-5031418.csv
run-2892724d6e7b2ae0,cfg-cc5f4f0c2e1256ba,initializing,20638.0,completed_run,output/strengthening_granite_confirmatory/strong-granite-confirmatory-grpo-code_standard-c1-s93/phase-memory-5031418.csv
run-2892724d6e7b2ae0,cfg-cc5f4f0c2e1256ba,reference_logprob,9594.0,completed_run,output/strengthening_granite_confirmatory/strong-granite-confirmatory-grpo-code_standard-c1-s93/phase-memory-5031418.csv
run-2892724d6e7b2ae0,cfg-cc5f4f0c2e1256ba,rollout,21270.0,completed_run,output/strengthening_granite_confirmatory/strong-granite-confirmatory-grpo-code_standard-c1-s93/phase-memory-5031418.csv
run-2892724d6e7b2ae0,cfg-cc5f4f0c2e1256ba,weight_sync,19050.0,completed_run,output/strengthening_granite_confirmatory/strong-granite-confirmatory-grpo-code_standard-c1-s93/phase-memory-5031418.csv
run-291422f03d5c31ce,cfg-b062fc673112f583,actor_update,33732.0,completed_run,output/strengthening_factorial/strong-factorial-phi4_mini-grpo-code_heavy_tail-joint-s95/phase-memory-5031730.csv
run-291422f03d5c31ce,cfg-b062fc673112f583,idle,39570.0,completed_run,output/strengthening_factorial/strong-factorial-phi4_mini-grpo-code_heavy_tail-joint-s95/phase-memory-5031730.csv
run-291422f03d5c31ce,cfg-b062fc673112f583,initializing,39430.0,completed_run,output/strengthening_factorial/strong-factorial-phi4_mini-grpo-code_heavy_tail-joint-s95/phase-memory-5031730.csv
run-291422f03d5c31ce,cfg-b062fc673112f583,reference_logprob,17834.0,completed_run,output/strengthening_factorial/strong-factorial-phi4_mini-grpo-code_heavy_tail-joint-s95/phase-memory-5031730.csv
run-291422f03d5c31ce,cfg-b062fc673112f583,rollout,40142.0,completed_run,output/strengthening_factorial/strong-factorial-phi4_mini-grpo-code_heavy_tail-joint-s95/phase-memory-5031730.csv
run-291422f03d5c31ce,cfg-b062fc673112f583,weight_sync,39570.0,completed_run,output/strengthening_factorial/strong-factorial-phi4_mini-grpo-code_heavy_tail-joint-s95/phase-memory-5031730.csv
run-294352cf62ba89f1,cfg-a330fc0dc0b46c34,actor_update,14012.0,completed_run,output/revision_temporal/rev-temporal-granite33_2b-gsm8k-interpolated-s113-long/attempt-5045430/phase-memory-5045430.csv
run-294352cf62ba89f1,cfg-a330fc0dc0b46c34,checkpoint,13278.0,completed_run,output/revision_temporal/rev-temporal-granite33_2b-gsm8k-interpolated-s113-long/attempt-5045430/phase-memory-5045430.csv
run-294352cf62ba89f1,cfg-a330fc0dc0b46c34,idle,38382.0,completed_run,output/revision_temporal/rev-temporal-granite33_2b-gsm8k-interpolated-s113-long/attempt-5045430/phase-memory-5045430.csv
run-294352cf62ba89f1,cfg-a330fc0dc0b46c34,initializing,37956.0,completed_run,output/revision_temporal/rev-temporal-granite33_2b-gsm8k-interpolated-s113-long/attempt-5045430/phase-memory-5045430.csv
run-294352cf62ba89f1,cfg-a330fc0dc0b46c34,reference_logprob,10470.0,completed_run,output/revision_temporal/rev-temporal-granite33_2b-gsm8k-interpolated-s113-long/attempt-5045430/phase-memory-5045430.csv
run-294352cf62ba89f1,cfg-a330fc0dc0b46c34,rollout,38514.0,completed_run,output/revision_temporal/rev-temporal-granite33_2b-gsm8k-interpolated-s113-long/attempt-5045430/phase-memory-5045430.csv
run-294352cf62ba89f1,cfg-a330fc0dc0b46c34,unknown,38386.0,completed_run,output/revision_temporal/rev-temporal-granite33_2b-gsm8k-interpolated-s113-long/attempt-5045430/phase-memory-5045430.csv
run-294352cf62ba89f1,cfg-a330fc0dc0b46c34,validation,38422.0,completed_run,output/revision_temporal/rev-temporal-granite33_2b-gsm8k-interpolated-s113-long/attempt-5045430/phase-memory-5045430.csv
run-294352cf62ba89f1,cfg-a330fc0dc0b46c34,weight_sync,38382.0,completed_run,output/revision_temporal/rev-temporal-granite33_2b-gsm8k-interpolated-s113-long/attempt-5045430/phase-memory-5045430.csv
run-295d65824fa3093e,cfg-e117f15dd5ccfb30,actor_update,25240.0,completed_run,output/major_revision_cross_model_confirmatory/mr-xm-confirm-phi4_mini-grpo-code_heavy_tail-c2-s52/phase-memory-5003942.csv
run-295d65824fa3093e,cfg-e117f15dd5ccfb30,idle,35518.0,completed_run,output/major_revision_cross_model_confirmatory/mr-xm-confirm-phi4_mini-grpo-code_heavy_tail-c2-s52/phase-memory-5003942.csv
run-295d65824fa3093e,cfg-e117f15dd5ccfb30,initializing,35398.0,completed_run,output/major_revision_cross_model_confirmatory/mr-xm-confirm-phi4_mini-grpo-code_heavy_tail-c2-s52/phase-memory-5003942.csv
run-295d65824fa3093e,cfg-e117f15dd5ccfb30,reference_logprob,17714.0,completed_run,output/major_revision_cross_model_confirmatory/mr-xm-confirm-phi4_mini-grpo-code_heavy_tail-c2-s52/phase-memory-5003942.csv
run-295d65824fa3093e,cfg-e117f15dd5ccfb30,rollout,35958.0,completed_run,output/major_revision_cross_model_confirmatory/mr-xm-confirm-phi4_mini-grpo-code_heavy_tail-c2-s52/phase-memory-5003942.csv
run-295d65824fa3093e,cfg-e117f15dd5ccfb30,weight_sync,35016.0,completed_run,output/major_revision_cross_model_confirmatory/mr-xm-confirm-phi4_mini-grpo-code_heavy_tail-c2-s52/phase-memory-5003942.csv
run-2991a07d2cf97778,cfg-61c14de21a34d0e6,actor_update,14918.0,completed_run,output/strengthening_granite_confirmatory/strong-granite-confirmatory-grpo-code_standard-c4-s92/phase-memory-5031386.csv
run-2991a07d2cf97778,cfg-61c14de21a34d0e6,idle,40382.0,completed_run,output/strengthening_granite_confirmatory/strong-granite-confirmatory-grpo-code_standard-c4-s92/phase-memory-5031386.csv
run-2991a07d2cf97778,cfg-61c14de21a34d0e6,initializing,39956.0,completed_run,output/strengthening_granite_confirmatory/strong-granite-confirmatory-grpo-code_standard-c4-s92/phase-memory-5031386.csv
run-2991a07d2cf97778,cfg-61c14de21a34d0e6,reference_logprob,9638.0,completed_run,output/strengthening_granite_confirmatory/strong-granite-confirmatory-grpo-code_standard-c4-s92/phase-memory-5031386.csv
run-2991a07d2cf97778,cfg-61c14de21a34d0e6,rollout,40616.0,completed_run,output/strengthening_granite_confirmatory/strong-granite-confirmatory-grpo-code_standard-c4-s92/phase-memory-5031386.csv
run-2991a07d2cf97778,cfg-61c14de21a34d0e6,weight_sync,40382.0,completed_run,output/strengthening_granite_confirmatory/strong-granite-confirmatory-grpo-code_standard-c4-s92/phase-memory-5031386.csv
run-29fa8d54bb45846e,cfg-c2d27e8a89945048,actor_update,16728.0,completed_run,output/strengthening_factorial/strong-factorial-qwen25_3b-grpo-gsm8k-joint-s96/phase-memory-5032042.csv
run-29fa8d54bb45846e,cfg-c2d27e8a89945048,idle,37140.0,completed_run,output/strengthening_factorial/strong-factorial-qwen25_3b-grpo-gsm8k-joint-s96/phase-memory-5032042.csv
run-29fa8d54bb45846e,cfg-c2d27e8a89945048,initializing,36708.0,completed_run,output/strengthening_factorial/strong-factorial-qwen25_3b-grpo-gsm8k-joint-s96/phase-memory-5032042.csv
run-29fa8d54bb45846e,cfg-c2d27e8a89945048,reference_logprob,11726.0,completed_run,output/strengthening_factorial/strong-factorial-qwen25_3b-grpo-gsm8k-joint-s96/phase-memory-5032042.csv
run-29fa8d54bb45846e,cfg-c2d27e8a89945048,rollout,36692.0,completed_run,output/strengthening_factorial/strong-factorial-qwen25_3b-grpo-gsm8k-joint-s96/phase-memory-5032042.csv
run-29fa8d54bb45846e,cfg-c2d27e8a89945048,weight_sync,37140.0,completed_run,output/strengthening_factorial/strong-factorial-qwen25_3b-grpo-gsm8k-joint-s96/phase-memory-5032042.csv
run-2a039ed87f6652cc,cfg-a23a9ffc1f670139,actor_update,15098.0,completed_run,output/revision_topology/rev-topology-qwen25_3b-math-c4-s111-four_gpu/attempt-5045331/phase-memory-5045331.csv
run-2a039ed87f6652cc,cfg-a23a9ffc1f670139,idle,38316.0,completed_run,output/revision_topology/rev-topology-qwen25_3b-math-c4-s111-four_gpu/attempt-5045331/phase-memory-5045331.csv
run-2a039ed87f6652cc,cfg-a23a9ffc1f670139,initializing,38290.0,completed_run,output/revision_topology/rev-topology-qwen25_3b-math-c4-s111-four_gpu/attempt-5045331/phase-memory-5045331.csv
run-2a039ed87f6652cc,cfg-a23a9ffc1f670139,reference_logprob,10312.0,completed_run,output/revision_topology/rev-topology-qwen25_3b-math-c4-s111-four_gpu/attempt-5045331/phase-memory-5045331.csv
run-2a039ed87f6652cc,cfg-a23a9ffc1f670139,rollout,38080.0,completed_run,output/revision_topology/rev-topology-qwen25_3b-math-c4-s111-four_gpu/attempt-5045331/phase-memory-5045331.csv
run-2a039ed87f6652cc,cfg-a23a9ffc1f670139,weight_sync,38316.0,completed_run,output/revision_topology/rev-topology-qwen25_3b-math-c4-s111-four_gpu/attempt-5045331/phase-memory-5045331.csv
run-2abc00f0e2aa44eb,cfg-072bd7669d20f8fa,actor_update,18400.0,completed_run,output/revision_topology/rev-topology-phi4_mini-math-c3-s112-four_gpu/attempt-5045374/phase-memory-5045374.csv
run-2abc00f0e2aa44eb,cfg-072bd7669d20f8fa,idle,35982.0,completed_run,output/revision_topology/rev-topology-phi4_mini-math-c3-s112-four_gpu/attempt-5045374/phase-memory-5045374.csv
run-2abc00f0e2aa44eb,cfg-072bd7669d20f8fa,initializing,36204.0,completed_run,output/revision_topology/rev-topology-phi4_mini-math-c3-s112-four_gpu/attempt-5045374/phase-memory-5045374.csv
run-2abc00f0e2aa44eb,cfg-072bd7669d20f8fa,reference_logprob,12736.0,completed_run,output/revision_topology/rev-topology-phi4_mini-math-c3-s112-four_gpu/attempt-5045374/phase-memory-5045374.csv
run-2abc00f0e2aa44eb,cfg-072bd7669d20f8fa,rollout,35990.0,completed_run,output/revision_topology/rev-topology-phi4_mini-math-c3-s112-four_gpu/attempt-5045374/phase-memory-5045374.csv
run-2abc00f0e2aa44eb,cfg-072bd7669d20f8fa,weight_sync,35982.0,completed_run,output/revision_topology/rev-topology-phi4_mini-math-c3-s112-four_gpu/attempt-5045374/phase-memory-5045374.csv
run-2ba0c38b4d8a3ef2,cfg-f439d2dd90137a80,actor_update,9398.0,completed_run,output/revision_topology/rev-topology-granite33_2b-gsm8k-c4-s111-four_gpu/attempt-5045396/phase-memory-5045396.csv
run-2ba0c38b4d8a3ef2,cfg-f439d2dd90137a80,idle,37740.0,completed_run,output/revision_topology/rev-topology-granite33_2b-gsm8k-c4-s111-four_gpu/attempt-5045396/phase-memory-5045396.csv
run-2ba0c38b4d8a3ef2,cfg-f439d2dd90137a80,initializing,37526.0,completed_run,output/revision_topology/rev-topology-granite33_2b-gsm8k-c4-s111-four_gpu/attempt-5045396/phase-memory-5045396.csv
run-2ba0c38b4d8a3ef2,cfg-f439d2dd90137a80,reference_logprob,6948.0,completed_run,output/revision_topology/rev-topology-granite33_2b-gsm8k-c4-s111-four_gpu/attempt-5045396/phase-memory-5045396.csv
run-2ba0c38b4d8a3ef2,cfg-f439d2dd90137a80,rollout,37530.0,completed_run,output/revision_topology/rev-topology-granite33_2b-gsm8k-c4-s111-four_gpu/attempt-5045396/phase-memory-5045396.csv
run-2ba0c38b4d8a3ef2,cfg-f439d2dd90137a80,weight_sync,37740.0,completed_run,output/revision_topology/rev-topology-granite33_2b-gsm8k-c4-s111-four_gpu/attempt-5045396/phase-memory-5045396.csv
run-2cdcfeefad5700fe,cfg-792be3e27c84b0cb,actor_update,21474.0,completed_run,output/benchmark_v2_temporal_confirmatory/v2time-grpo-math-qwen25_1p5b-one_step_unsafe-s43/phase-memory-4947252.csv
run-2cdcfeefad5700fe,cfg-792be3e27c84b0cb,idle,38348.0,completed_run,output/benchmark_v2_temporal_confirmatory/v2time-grpo-math-qwen25_1p5b-one_step_unsafe-s43/phase-memory-4947252.csv
run-2cdcfeefad5700fe,cfg-792be3e27c84b0cb,initializing,38618.0,completed_run,output/benchmark_v2_temporal_confirmatory/v2time-grpo-math-qwen25_1p5b-one_step_unsafe-s43/phase-memory-4947252.csv
run-2cdcfeefad5700fe,cfg-792be3e27c84b0cb,reference_logprob,13972.0,completed_run,output/benchmark_v2_temporal_confirmatory/v2time-grpo-math-qwen25_1p5b-one_step_unsafe-s43/phase-memory-4947252.csv
run-2cdcfeefad5700fe,cfg-792be3e27c84b0cb,rollout,40810.0,completed_run,output/benchmark_v2_temporal_confirmatory/v2time-grpo-math-qwen25_1p5b-one_step_unsafe-s43/phase-memory-4947252.csv
run-2cdcfeefad5700fe,cfg-792be3e27c84b0cb,unknown,38348.0,completed_run,output/benchmark_v2_temporal_confirmatory/v2time-grpo-math-qwen25_1p5b-one_step_unsafe-s43/phase-memory-4947252.csv
run-2cdcfeefad5700fe,cfg-792be3e27c84b0cb,weight_sync,38348.0,completed_run,output/benchmark_v2_temporal_confirmatory/v2time-grpo-math-qwen25_1p5b-one_step_unsafe-s43/phase-memory-4947252.csv
run-2e23d70581407d15,cfg-b1aeb72d4434b30d,actor_update,16382.0,completed_run,output/strengthening_factorial/strong-factorial-phi4_mini-grpo-gsm8k-reservation_only-s95/phase-memory-5031801.csv
run-2e23d70581407d15,cfg-b1aeb72d4434b30d,idle,39550.0,completed_run,output/strengthening_factorial/strong-factorial-phi4_mini-grpo-gsm8k-reservation_only-s95/phase-memory-5031801.csv
run-2e23d70581407d15,cfg-b1aeb72d4434b30d,initializing,39430.0,completed_run,output/strengthening_factorial/strong-factorial-phi4_mini-grpo-gsm8k-reservation_only-s95/phase-memory-5031801.csv
run-2e23d70581407d15,cfg-b1aeb72d4434b30d,reference_logprob,14032.0,completed_run,output/strengthening_factorial/strong-factorial-phi4_mini-grpo-gsm8k-reservation_only-s95/phase-memory-5031801.csv
run-2e23d70581407d15,cfg-b1aeb72d4434b30d,rollout,39346.0,completed_run,output/strengthening_factorial/strong-factorial-phi4_mini-grpo-gsm8k-reservation_only-s95/phase-memory-5031801.csv
run-2e23d70581407d15,cfg-b1aeb72d4434b30d,weight_sync,38922.0,completed_run,output/strengthening_factorial/strong-factorial-phi4_mini-grpo-gsm8k-reservation_only-s95/phase-memory-5031801.csv
run-2ed007c4c6529d9f,cfg-fb0b705fb78cbfa7,actor_update,13058.0,completed_run,output/strengthening_factorial/strong-factorial-granite33_2b-grpo-code_standard-reservation_only-s94/phase-memory-5031320.csv
run-2ed007c4c6529d9f,cfg-fb0b705fb78cbfa7,idle,36302.0,completed_run,output/strengthening_factorial/strong-factorial-granite33_2b-grpo-code_standard-reservation_only-s94/phase-memory-5031320.csv
run-2ed007c4c6529d9f,cfg-fb0b705fb78cbfa7,initializing,35876.0,completed_run,output/strengthening_factorial/strong-factorial-granite33_2b-grpo-code_standard-reservation_only-s94/phase-memory-5031320.csv
run-2ed007c4c6529d9f,cfg-fb0b705fb78cbfa7,reference_logprob,9716.0,completed_run,output/strengthening_factorial/strong-factorial-granite33_2b-grpo-code_standard-reservation_only-s94/phase-memory-5031320.csv
run-2ed007c4c6529d9f,cfg-fb0b705fb78cbfa7,rollout,36506.0,completed_run,output/strengthening_factorial/strong-factorial-granite33_2b-grpo-code_standard-reservation_only-s94/phase-memory-5031320.csv
run-2ed007c4c6529d9f,cfg-fb0b705fb78cbfa7,weight_sync,36302.0,completed_run,output/strengthening_factorial/strong-factorial-granite33_2b-grpo-code_standard-reservation_only-s94/phase-memory-5031320.csv
run-2f6bddb55ccb53bd,cfg-44b1b60788cfb061,actor_update,11468.0,completed_run,output/strengthening_same_node_residency/strong-node-qwen25_3b-grpo-gsm8k-safe_margin-s81-p2-release/phase-memory-5031101.csv
run-2f6bddb55ccb53bd,cfg-44b1b60788cfb061,idle,14934.0,completed_run,output/strengthening_same_node_residency/strong-node-qwen25_3b-grpo-gsm8k-safe_margin-s81-p2-release/phase-memory-5031101.csv
run-2f6bddb55ccb53bd,cfg-44b1b60788cfb061,initializing,20996.0,completed_run,output/strengthening_same_node_residency/strong-node-qwen25_3b-grpo-gsm8k-safe_margin-s81-p2-release/phase-memory-5031101.csv
run-2f6bddb55ccb53bd,cfg-44b1b60788cfb061,reference_logprob,11584.0,completed_run,output/strengthening_same_node_residency/strong-node-qwen25_3b-grpo-gsm8k-safe_margin-s81-p2-release/phase-memory-5031101.csv
run-2f6bddb55ccb53bd,cfg-44b1b60788cfb061,rollout,14380.0,completed_run,output/strengthening_same_node_residency/strong-node-qwen25_3b-grpo-gsm8k-safe_margin-s81-p2-release/phase-memory-5031101.csv
run-2f6bddb55ccb53bd,cfg-44b1b60788cfb061,unknown,14934.0,completed_run,output/strengthening_same_node_residency/strong-node-qwen25_3b-grpo-gsm8k-safe_margin-s81-p2-release/phase-memory-5031101.csv
run-2f6bddb55ccb53bd,cfg-44b1b60788cfb061,weight_sync,21560.0,completed_run,output/strengthening_same_node_residency/strong-node-qwen25_3b-grpo-gsm8k-safe_margin-s81-p2-release/phase-memory-5031101.csv
run-30f65fdaf0e63332,cfg-18285c3cb50308d4,actor_update,20178.0,completed_run,output/major_revision_cross_model_confirmatory/mr-xm-confirm-phi4_mini-grpo-code_heavy_tail-c1-s52/phase-memory-5003710.csv
run-30f65fdaf0e63332,cfg-18285c3cb50308d4,idle,21944.0,completed_run,output/major_revision_cross_model_confirmatory/mr-xm-confirm-phi4_mini-grpo-code_heavy_tail-c1-s52/phase-memory-5003710.csv
run-30f65fdaf0e63332,cfg-18285c3cb50308d4,initializing,25598.0,completed_run,output/major_revision_cross_model_confirmatory/mr-xm-confirm-phi4_mini-grpo-code_heavy_tail-c1-s52/phase-memory-5003710.csv
run-30f65fdaf0e63332,cfg-18285c3cb50308d4,reference_logprob,17808.0,completed_run,output/major_revision_cross_model_confirmatory/mr-xm-confirm-phi4_mini-grpo-code_heavy_tail-c1-s52/phase-memory-5003710.csv
run-30f65fdaf0e63332,cfg-18285c3cb50308d4,rollout,22238.0,completed_run,output/major_revision_cross_model_confirmatory/mr-xm-confirm-phi4_mini-grpo-code_heavy_tail-c1-s52/phase-memory-5003710.csv
run-30f65fdaf0e63332,cfg-18285c3cb50308d4,weight_sync,26056.0,completed_run,output/major_revision_cross_model_confirmatory/mr-xm-confirm-phi4_mini-grpo-code_heavy_tail-c1-s52/phase-memory-5003710.csv
run-31080a1c082d1626,cfg-f439d2dd90137a80,actor_update,9198.0,completed_run,output/revision_topology/rev-topology-granite33_2b-gsm8k-c4-s113-four_gpu/attempt-5045399/phase-memory-5045399.csv
run-31080a1c082d1626,cfg-f439d2dd90137a80,idle,37740.0,completed_run,output/revision_topology/rev-topology-granite33_2b-gsm8k-c4-s113-four_gpu/attempt-5045399/phase-memory-5045399.csv
run-31080a1c082d1626,cfg-f439d2dd90137a80,initializing,37526.0,completed_run,output/revision_topology/rev-topology-granite33_2b-gsm8k-c4-s113-four_gpu/attempt-5045399/phase-memory-5045399.csv
run-31080a1c082d1626,cfg-f439d2dd90137a80,reference_logprob,6848.0,completed_run,output/revision_topology/rev-topology-granite33_2b-gsm8k-c4-s113-four_gpu/attempt-5045399/phase-memory-5045399.csv
run-31080a1c082d1626,cfg-f439d2dd90137a80,rollout,37502.0,completed_run,output/revision_topology/rev-topology-granite33_2b-gsm8k-c4-s113-four_gpu/attempt-5045399/phase-memory-5045399.csv
run-31080a1c082d1626,cfg-f439d2dd90137a80,weight_sync,37740.0,completed_run,output/revision_topology/rev-topology-granite33_2b-gsm8k-c4-s113-four_gpu/attempt-5045399/phase-memory-5045399.csv
run-33c58cd83cf8f1d9,cfg-0f540d3f6fe4661b,actor_update,18636.0,completed_run,output/benchmark_v2_cross_family_confirmatory/v2cf-confirm-phi4_mini-grpo-math_short-c2-s41/phase-memory-4936279.csv
run-33c58cd83cf8f1d9,cfg-0f540d3f6fe4661b,idle,35766.0,completed_run,output/benchmark_v2_cross_family_confirmatory/v2cf-confirm-phi4_mini-grpo-math_short-c2-s41/phase-memory-4936279.csv
run-33c58cd83cf8f1d9,cfg-0f540d3f6fe4661b,initializing,35920.0,completed_run,output/benchmark_v2_cross_family_confirmatory/v2cf-confirm-phi4_mini-grpo-math_short-c2-s41/phase-memory-4936279.csv
run-33c58cd83cf8f1d9,cfg-0f540d3f6fe4661b,reference_logprob,16688.0,completed_run,output/benchmark_v2_cross_family_confirmatory/v2cf-confirm-phi4_mini-grpo-math_short-c2-s41/phase-memory-4936279.csv
run-33c58cd83cf8f1d9,cfg-0f540d3f6fe4661b,rollout,35772.0,completed_run,output/benchmark_v2_cross_family_confirmatory/v2cf-confirm-phi4_mini-grpo-math_short-c2-s41/phase-memory-4936279.csv
run-33c58cd83cf8f1d9,cfg-0f540d3f6fe4661b,weight_sync,35746.0,completed_run,output/benchmark_v2_cross_family_confirmatory/v2cf-confirm-phi4_mini-grpo-math_short-c2-s41/phase-memory-4936279.csv
run-34094f97ef3c3e79,cfg-b5352215babfeba6,actor_update,12426.0,completed_run,output/strengthening_granite_confirmatory/strong-granite-confirmatory-grpo-math_short-c2-s92/phase-memory-5031347.csv
run-34094f97ef3c3e79,cfg-b5352215babfeba6,idle,32710.0,completed_run,output/strengthening_granite_confirmatory/strong-granite-confirmatory-grpo-math_short-c2-s92/phase-memory-5031347.csv
run-34094f97ef3c3e79,cfg-b5352215babfeba6,initializing,32308.0,completed_run,output/strengthening_granite_confirmatory/strong-granite-confirmatory-grpo-math_short-c2-s92/phase-memory-5031347.csv
run-34094f97ef3c3e79,cfg-b5352215babfeba6,reference_logprob,10326.0,completed_run,output/strengthening_granite_confirmatory/strong-granite-confirmatory-grpo-math_short-c2-s92/phase-memory-5031347.csv
run-34094f97ef3c3e79,cfg-b5352215babfeba6,rollout,32442.0,completed_run,output/strengthening_granite_confirmatory/strong-granite-confirmatory-grpo-math_short-c2-s92/phase-memory-5031347.csv
run-34094f97ef3c3e79,cfg-b5352215babfeba6,weight_sync,32254.0,completed_run,output/strengthening_granite_confirmatory/strong-granite-confirmatory-grpo-math_short-c2-s92/phase-memory-5031347.csv
run-34665cd38bc55a2c,cfg-9139b72537023523,actor_update,15224.0,completed_run,output/strengthening_factorial/strong-factorial-granite33_2b-grpo-code_standard-joint-s95/phase-memory-5031351.csv
run-34665cd38bc55a2c,cfg-9139b72537023523,idle,36302.0,completed_run,output/strengthening_factorial/strong-factorial-granite33_2b-grpo-code_standard-joint-s95/phase-memory-5031351.csv
run-34665cd38bc55a2c,cfg-9139b72537023523,initializing,35876.0,completed_run,output/strengthening_factorial/strong-factorial-granite33_2b-grpo-code_standard-joint-s95/phase-memory-5031351.csv
run-34665cd38bc55a2c,cfg-9139b72537023523,reference_logprob,9696.0,completed_run,output/strengthening_factorial/strong-factorial-granite33_2b-grpo-code_standard-joint-s95/phase-memory-5031351.csv
run-34665cd38bc55a2c,cfg-9139b72537023523,rollout,36458.0,completed_run,output/strengthening_factorial/strong-factorial-granite33_2b-grpo-code_standard-joint-s95/phase-memory-5031351.csv
run-34665cd38bc55a2c,cfg-9139b72537023523,weight_sync,36302.0,completed_run,output/strengthening_factorial/strong-factorial-granite33_2b-grpo-code_standard-joint-s95/phase-memory-5031351.csv
run-347d7d3a06445629,cfg-0804f13209d60a6b,actor_update,16702.0,completed_run,output/revision_instrumentation/rev-instrumentation-phi4_mini-gsm8k-c2-s113-full/attempt-5045343/phase-memory-5045343.csv
run-347d7d3a06445629,cfg-0804f13209d60a6b,idle,35518.0,completed_run,output/revision_instrumentation/rev-instrumentation-phi4_mini-gsm8k-c2-s113-full/attempt-5045343/phase-memory-5045343.csv
run-347d7d3a06445629,cfg-0804f13209d60a6b,initializing,35398.0,completed_run,output/revision_instrumentation/rev-instrumentation-phi4_mini-gsm8k-c2-s113-full/attempt-5045343/phase-memory-5045343.csv
run-347d7d3a06445629,cfg-0804f13209d60a6b,reference_logprob,14072.0,completed_run,output/revision_instrumentation/rev-instrumentation-phi4_mini-gsm8k-c2-s113-full/attempt-5045343/phase-memory-5045343.csv
run-347d7d3a06445629,cfg-0804f13209d60a6b,rollout,35336.0,completed_run,output/revision_instrumentation/rev-instrumentation-phi4_mini-gsm8k-c2-s113-full/attempt-5045343/phase-memory-5045343.csv
run-347d7d3a06445629,cfg-0804f13209d60a6b,weight_sync,35518.0,completed_run,output/revision_instrumentation/rev-instrumentation-phi4_mini-gsm8k-c2-s113-full/attempt-5045343/phase-memory-5045343.csv
run-34c6eb4118888676,cfg-2b2cf1d2c3374464,actor_update,14448.0,completed_run,output/revision_instrumentation/rev-instrumentation-granite33_2b-math-c4-s113-full/attempt-5045282/phase-memory-5045282.csv
run-34c6eb4118888676,cfg-2b2cf1d2c3374464,idle,40750.0,completed_run,output/revision_instrumentation/rev-instrumentation-granite33_2b-math-c4-s113-full/attempt-5045282/phase-memory-5045282.csv
run-34c6eb4118888676,cfg-2b2cf1d2c3374464,initializing,40388.0,completed_run,output/revision_instrumentation/rev-instrumentation-granite33_2b-math-c4-s113-full/attempt-5045282/phase-memory-5045282.csv
run-34c6eb4118888676,cfg-2b2cf1d2c3374464,reference_logprob,10346.0,completed_run,output/revision_instrumentation/rev-instrumentation-granite33_2b-math-c4-s113-full/attempt-5045282/phase-memory-5045282.csv
run-34c6eb4118888676,cfg-2b2cf1d2c3374464,rollout,40418.0,completed_run,output/revision_instrumentation/rev-instrumentation-granite33_2b-math-c4-s113-full/attempt-5045282/phase-memory-5045282.csv
run-34c6eb4118888676,cfg-2b2cf1d2c3374464,weight_sync,40750.0,completed_run,output/revision_instrumentation/rev-instrumentation-granite33_2b-math-c4-s113-full/attempt-5045282/phase-memory-5045282.csv
run-34d6a4750523c783,cfg-cb0fb55fdae06bd1,actor_update,12390.0,completed_run,output/benchmark_v2_telemetry_calibration/v2tel-00-qwen25_1p5b-grpo-gsm8k-near_boundary-100ms/phase-memory-4935039.csv
run-34d6a4750523c783,cfg-cb0fb55fdae06bd1,idle,33954.0,completed_run,output/benchmark_v2_telemetry_calibration/v2tel-00-qwen25_1p5b-grpo-gsm8k-near_boundary-100ms/phase-memory-4935039.csv
run-34d6a4750523c783,cfg-cb0fb55fdae06bd1,initializing,33736.0,completed_run,output/benchmark_v2_telemetry_calibration/v2tel-00-qwen25_1p5b-grpo-gsm8k-near_boundary-100ms/phase-memory-4935039.csv
run-34d6a4750523c783,cfg-cb0fb55fdae06bd1,reference_logprob,9086.0,completed_run,output/benchmark_v2_telemetry_calibration/v2tel-00-qwen25_1p5b-grpo-gsm8k-near_boundary-100ms/phase-memory-4935039.csv
run-34d6a4750523c783,cfg-cb0fb55fdae06bd1,rollout,33634.0,completed_run,output/benchmark_v2_telemetry_calibration/v2tel-00-qwen25_1p5b-grpo-gsm8k-near_boundary-100ms/phase-memory-4935039.csv
run-34d6a4750523c783,cfg-cb0fb55fdae06bd1,weight_sync,33954.0,completed_run,output/benchmark_v2_telemetry_calibration/v2tel-00-qwen25_1p5b-grpo-gsm8k-near_boundary-100ms/phase-memory-4935039.csv
run-363da2ea8680c36d,cfg-96ccf395b84393f7,actor_update,16452.0,completed_run,output/benchmark_v2_cross_family_confirmatory/v2cf-confirm-phi4_mini-grpo-gsm8k_long-c2-s43/phase-memory-4936185.csv
run-363da2ea8680c36d,cfg-96ccf395b84393f7,idle,35518.0,completed_run,output/benchmark_v2_cross_family_confirmatory/v2cf-confirm-phi4_mini-grpo-gsm8k_long-c2-s43/phase-memory-4936185.csv
run-363da2ea8680c36d,cfg-96ccf395b84393f7,initializing,35398.0,completed_run,output/benchmark_v2_cross_family_confirmatory/v2cf-confirm-phi4_mini-grpo-gsm8k_long-c2-s43/phase-memory-4936185.csv
run-363da2ea8680c36d,cfg-96ccf395b84393f7,reference_logprob,13912.0,completed_run,output/benchmark_v2_cross_family_confirmatory/v2cf-confirm-phi4_mini-grpo-gsm8k_long-c2-s43/phase-memory-4936185.csv
run-363da2ea8680c36d,cfg-96ccf395b84393f7,rollout,35346.0,completed_run,output/benchmark_v2_cross_family_confirmatory/v2cf-confirm-phi4_mini-grpo-gsm8k_long-c2-s43/phase-memory-4936185.csv
run-363da2ea8680c36d,cfg-96ccf395b84393f7,weight_sync,35518.0,completed_run,output/benchmark_v2_cross_family_confirmatory/v2cf-confirm-phi4_mini-grpo-gsm8k_long-c2-s43/phase-memory-4936185.csv
run-3665a3d91bc715e0,cfg-71a1a1a191bc4135,actor_update,13458.0,completed_run,output/revision_instrumentation/rev-instrumentation-granite33_2b-gsm8k-c4-s111-external/attempt-5045385/phase-memory-5045385.csv
run-3665a3d91bc715e0,cfg-71a1a1a191bc4135,idle,40382.0,completed_run,output/revision_instrumentation/rev-instrumentation-granite33_2b-gsm8k-c4-s111-external/attempt-5045385/phase-memory-5045385.csv
run-3665a3d91bc715e0,cfg-71a1a1a191bc4135,initializing,39956.0,completed_run,output/revision_instrumentation/rev-instrumentation-granite33_2b-gsm8k-c4-s111-external/attempt-5045385/phase-memory-5045385.csv
run-3665a3d91bc715e0,cfg-71a1a1a191bc4135,reference_logprob,9658.0,completed_run,output/revision_instrumentation/rev-instrumentation-granite33_2b-gsm8k-c4-s111-external/attempt-5045385/phase-memory-5045385.csv
run-3665a3d91bc715e0,cfg-71a1a1a191bc4135,rollout,40122.0,completed_run,output/revision_instrumentation/rev-instrumentation-granite33_2b-gsm8k-c4-s111-external/attempt-5045385/phase-memory-5045385.csv
run-3665a3d91bc715e0,cfg-71a1a1a191bc4135,weight_sync,40382.0,completed_run,output/revision_instrumentation/rev-instrumentation-granite33_2b-gsm8k-c4-s111-external/attempt-5045385/phase-memory-5045385.csv
run-372ba3119c34744d,cfg-3ca7715d60421fe4,actor_update,23778.0,completed_run,output/strengthening_factorial/strong-factorial-phi4_mini-grpo-math-joint-s95/phase-memory-5031860.csv
run-372ba3119c34744d,cfg-3ca7715d60421fe4,idle,39842.0,completed_run,output/strengthening_factorial/strong-factorial-phi4_mini-grpo-math-joint-s95/phase-memory-5031860.csv
run-372ba3119c34744d,cfg-3ca7715d60421fe4,initializing,40016.0,completed_run,output/strengthening_factorial/strong-factorial-phi4_mini-grpo-math-joint-s95/phase-memory-5031860.csv
run-372ba3119c34744d,cfg-3ca7715d60421fe4,reference_logprob,16848.0,completed_run,output/strengthening_factorial/strong-factorial-phi4_mini-grpo-math-joint-s95/phase-memory-5031860.csv
run-372ba3119c34744d,cfg-3ca7715d60421fe4,rollout,40120.0,completed_run,output/strengthening_factorial/strong-factorial-phi4_mini-grpo-math-joint-s95/phase-memory-5031860.csv
run-372ba3119c34744d,cfg-3ca7715d60421fe4,weight_sync,39842.0,completed_run,output/strengthening_factorial/strong-factorial-phi4_mini-grpo-math-joint-s95/phase-memory-5031860.csv
run-373bacb4f2a2c17a,cfg-ca71b56dc3189305,initializing,10742.0,terminal_stage_partial,output/major_revision_cross_model_confirmatory/mr-xm-confirm-qwen25_3b-grpo-code_standard-c5-s51/phase-memory-4999453.csv
run-375fe6c04485057e,cfg-10644b5d0a82d5c3,initializing,14790.0,terminal_stage_partial,output/major_revision_cross_model_confirmatory/mr-xm-confirm-phi4_mini-grpo-code_heavy_tail-c5-s52/phase-memory-5003971.csv
run-37bd45b12125a656,cfg-7ee75feb0b09675f,actor_update,18606.0,completed_run,output/strengthening_factorial/strong-factorial-qwen25_3b-grpo-math-actor_only-s96/phase-memory-5032052.csv
run-37bd45b12125a656,cfg-7ee75feb0b09675f,idle,33446.0,completed_run,output/strengthening_factorial/strong-factorial-qwen25_3b-grpo-math-actor_only-s96/phase-memory-5032052.csv
run-37bd45b12125a656,cfg-7ee75feb0b09675f,initializing,33280.0,completed_run,output/strengthening_factorial/strong-factorial-qwen25_3b-grpo-math-actor_only-s96/phase-memory-5032052.csv
run-37bd45b12125a656,cfg-7ee75feb0b09675f,reference_logprob,13922.0,completed_run,output/strengthening_factorial/strong-factorial-qwen25_3b-grpo-math-actor_only-s96/phase-memory-5032052.csv
run-37bd45b12125a656,cfg-7ee75feb0b09675f,rollout,33254.0,completed_run,output/strengthening_factorial/strong-factorial-qwen25_3b-grpo-math-actor_only-s96/phase-memory-5032052.csv
run-37bd45b12125a656,cfg-7ee75feb0b09675f,weight_sync,33446.0,completed_run,output/strengthening_factorial/strong-factorial-qwen25_3b-grpo-math-actor_only-s96/phase-memory-5032052.csv
run-37f374765f300ebf,cfg-09d34ea9e791de94,actor_update,14182.0,completed_run,output/strengthening_factorial/strong-factorial-qwen25_3b-grpo-gsm8k-reservation_only-s96/phase-memory-5032039.csv
run-37f374765f300ebf,cfg-09d34ea9e791de94,idle,37140.0,completed_run,output/strengthening_factorial/strong-factorial-qwen25_3b-grpo-gsm8k-reservation_only-s96/phase-memory-5032039.csv
run-37f374765f300ebf,cfg-09d34ea9e791de94,initializing,36708.0,completed_run,output/strengthening_factorial/strong-factorial-qwen25_3b-grpo-gsm8k-reservation_only-s96/phase-memory-5032039.csv
run-37f374765f300ebf,cfg-09d34ea9e791de94,reference_logprob,11724.0,completed_run,output/strengthening_factorial/strong-factorial-qwen25_3b-grpo-gsm8k-reservation_only-s96/phase-memory-5032039.csv
run-37f374765f300ebf,cfg-09d34ea9e791de94,rollout,36732.0,completed_run,output/strengthening_factorial/strong-factorial-qwen25_3b-grpo-gsm8k-reservation_only-s96/phase-memory-5032039.csv
run-37f374765f300ebf,cfg-09d34ea9e791de94,weight_sync,36546.0,completed_run,output/strengthening_factorial/strong-factorial-qwen25_3b-grpo-gsm8k-reservation_only-s96/phase-memory-5032039.csv
run-387dbc5b40f063d3,cfg-3ca7715d60421fe4,actor_update,23632.0,completed_run,output/strengthening_factorial/strong-factorial-phi4_mini-grpo-math-joint-s94/phase-memory-5031857.csv
run-387dbc5b40f063d3,cfg-3ca7715d60421fe4,idle,39842.0,completed_run,output/strengthening_factorial/strong-factorial-phi4_mini-grpo-math-joint-s94/phase-memory-5031857.csv
run-387dbc5b40f063d3,cfg-3ca7715d60421fe4,initializing,40016.0,completed_run,output/strengthening_factorial/strong-factorial-phi4_mini-grpo-math-joint-s94/phase-memory-5031857.csv
run-387dbc5b40f063d3,cfg-3ca7715d60421fe4,reference_logprob,17008.0,completed_run,output/strengthening_factorial/strong-factorial-phi4_mini-grpo-math-joint-s94/phase-memory-5031857.csv
run-387dbc5b40f063d3,cfg-3ca7715d60421fe4,rollout,40160.0,completed_run,output/strengthening_factorial/strong-factorial-phi4_mini-grpo-math-joint-s94/phase-memory-5031857.csv
run-387dbc5b40f063d3,cfg-3ca7715d60421fe4,weight_sync,39842.0,completed_run,output/strengthening_factorial/strong-factorial-phi4_mini-grpo-math-joint-s94/phase-memory-5031857.csv
run-38a9e28e077dac64,cfg-cc030db9324662ea,actor_update,12752.0,completed_run,output/revision_temporal/rev-temporal-granite33_2b-gsm8k-interpolated-s113-source/attempt-5045430/phase-memory-5045430.csv
run-38a9e28e077dac64,cfg-cc030db9324662ea,checkpoint,12878.0,completed_run,output/revision_temporal/rev-temporal-granite33_2b-gsm8k-interpolated-s113-source/attempt-5045430/phase-memory-5045430.csv
run-38a9e28e077dac64,cfg-cc030db9324662ea,initializing,37956.0,completed_run,output/revision_temporal/rev-temporal-granite33_2b-gsm8k-interpolated-s113-source/attempt-5045430/phase-memory-5045430.csv
run-38a9e28e077dac64,cfg-cc030db9324662ea,reference_logprob,9336.0,completed_run,output/revision_temporal/rev-temporal-granite33_2b-gsm8k-interpolated-s113-source/attempt-5045430/phase-memory-5045430.csv
run-38a9e28e077dac64,cfg-cc030db9324662ea,rollout,38030.0,completed_run,output/revision_temporal/rev-temporal-granite33_2b-gsm8k-interpolated-s113-source/attempt-5045430/phase-memory-5045430.csv
run-38a9e28e077dac64,cfg-cc030db9324662ea,validation,38418.0,completed_run,output/revision_temporal/rev-temporal-granite33_2b-gsm8k-interpolated-s113-source/attempt-5045430/phase-memory-5045430.csv
run-38a9e28e077dac64,cfg-cc030db9324662ea,weight_sync,38382.0,completed_run,output/revision_temporal/rev-temporal-granite33_2b-gsm8k-interpolated-s113-source/attempt-5045430/phase-memory-5045430.csv
run-38c7b29882a02ba3,cfg-a988dbb2ba8e6b83,actor_update,14534.0,completed_run,output/strengthening_temporal_phases/strong-time-grpo-math-qwen25_1p5b-safe_margin-s92/phase-memory-5032510.csv
run-38c7b29882a02ba3,cfg-a988dbb2ba8e6b83,checkpoint,13738.0,completed_run,output/strengthening_temporal_phases/strong-time-grpo-math-qwen25_1p5b-safe_margin-s92/phase-memory-5032510.csv
run-38c7b29882a02ba3,cfg-a988dbb2ba8e6b83,idle,26252.0,completed_run,output/strengthening_temporal_phases/strong-time-grpo-math-qwen25_1p5b-safe_margin-s92/phase-memory-5032510.csv
run-38c7b29882a02ba3,cfg-a988dbb2ba8e6b83,initializing,26522.0,completed_run,output/strengthening_temporal_phases/strong-time-grpo-math-qwen25_1p5b-safe_margin-s92/phase-memory-5032510.csv
run-38c7b29882a02ba3,cfg-a988dbb2ba8e6b83,reference_logprob,14190.0,completed_run,output/strengthening_temporal_phases/strong-time-grpo-math-qwen25_1p5b-safe_margin-s92/phase-memory-5032510.csv
run-38c7b29882a02ba3,cfg-a988dbb2ba8e6b83,rollout,29860.0,completed_run,output/strengthening_temporal_phases/strong-time-grpo-math-qwen25_1p5b-safe_margin-s92/phase-memory-5032510.csv
run-38c7b29882a02ba3,cfg-a988dbb2ba8e6b83,unknown,26252.0,completed_run,output/strengthening_temporal_phases/strong-time-grpo-math-qwen25_1p5b-safe_margin-s92/phase-memory-5032510.csv
run-38c7b29882a02ba3,cfg-a988dbb2ba8e6b83,validation,26420.0,completed_run,output/strengthening_temporal_phases/strong-time-grpo-math-qwen25_1p5b-safe_margin-s92/phase-memory-5032510.csv
run-38c7b29882a02ba3,cfg-a988dbb2ba8e6b83,weight_sync,26252.0,completed_run,output/strengthening_temporal_phases/strong-time-grpo-math-qwen25_1p5b-safe_margin-s92/phase-memory-5032510.csv
run-38e29046b6118e96,cfg-7898c5f5e25f7757,actor_update,14398.0,completed_run,output/strengthening_temporal_phases/strong-time-grpo-math-qwen25_1p5b-near_boundary-s92/phase-memory-5034326.csv
run-38e29046b6118e96,cfg-7898c5f5e25f7757,checkpoint,13838.0,completed_run,output/strengthening_temporal_phases/strong-time-grpo-math-qwen25_1p5b-near_boundary-s92/phase-memory-5034326.csv
run-38e29046b6118e96,cfg-7898c5f5e25f7757,idle,32300.0,completed_run,output/strengthening_temporal_phases/strong-time-grpo-math-qwen25_1p5b-near_boundary-s92/phase-memory-5034326.csv
run-38e29046b6118e96,cfg-7898c5f5e25f7757,initializing,32570.0,completed_run,output/strengthening_temporal_phases/strong-time-grpo-math-qwen25_1p5b-near_boundary-s92/phase-memory-5034326.csv
run-38e29046b6118e96,cfg-7898c5f5e25f7757,reference_logprob,14150.0,completed_run,output/strengthening_temporal_phases/strong-time-grpo-math-qwen25_1p5b-near_boundary-s92/phase-memory-5034326.csv
run-38e29046b6118e96,cfg-7898c5f5e25f7757,rollout,35216.0,completed_run,output/strengthening_temporal_phases/strong-time-grpo-math-qwen25_1p5b-near_boundary-s92/phase-memory-5034326.csv
run-38e29046b6118e96,cfg-7898c5f5e25f7757,unknown,32460.0,completed_run,output/strengthening_temporal_phases/strong-time-grpo-math-qwen25_1p5b-near_boundary-s92/phase-memory-5034326.csv
run-38e29046b6118e96,cfg-7898c5f5e25f7757,validation,32480.0,completed_run,output/strengthening_temporal_phases/strong-time-grpo-math-qwen25_1p5b-near_boundary-s92/phase-memory-5034326.csv
run-38e29046b6118e96,cfg-7898c5f5e25f7757,weight_sync,32300.0,completed_run,output/strengthening_temporal_phases/strong-time-grpo-math-qwen25_1p5b-near_boundary-s92/phase-memory-5034326.csv
run-39cb1c41ce8f8303,cfg-7d5384d3ac8311c8,actor_update,19474.0,completed_run,output/revision_temporal/rev-temporal-phi4_mini-gsm8k-interpolated-s113-source/attempt-5045337/phase-memory-5045337.csv
run-39cb1c41ce8f8303,cfg-7d5384d3ac8311c8,checkpoint,19474.0,completed_run,output/revision_temporal/rev-temporal-phi4_mini-gsm8k-interpolated-s113-source/attempt-5045337/phase-memory-5045337.csv
run-39cb1c41ce8f8303,cfg-7d5384d3ac8311c8,initializing,37446.0,completed_run,output/revision_temporal/rev-temporal-phi4_mini-gsm8k-interpolated-s113-source/attempt-5045337/phase-memory-5045337.csv
run-39cb1c41ce8f8303,cfg-7d5384d3ac8311c8,reference_logprob,14272.0,completed_run,output/revision_temporal/rev-temporal-phi4_mini-gsm8k-interpolated-s113-source/attempt-5045337/phase-memory-5045337.csv
run-39cb1c41ce8f8303,cfg-7d5384d3ac8311c8,rollout,37372.0,completed_run,output/revision_temporal/rev-temporal-phi4_mini-gsm8k-interpolated-s113-source/attempt-5045337/phase-memory-5045337.csv
run-39cb1c41ce8f8303,cfg-7d5384d3ac8311c8,validation,37588.0,completed_run,output/revision_temporal/rev-temporal-phi4_mini-gsm8k-interpolated-s113-source/attempt-5045337/phase-memory-5045337.csv
run-39cb1c41ce8f8303,cfg-7d5384d3ac8311c8,weight_sync,37586.0,completed_run,output/revision_temporal/rev-temporal-phi4_mini-gsm8k-interpolated-s113-source/attempt-5045337/phase-memory-5045337.csv
run-39fcbad6aacd21e2,cfg-5f2f431355dfcb31,actor_update,22778.0,completed_run,output/strengthening_factorial/strong-factorial-phi4_mini-grpo-code_standard-reservation_only-s95/phase-memory-5031759.csv
run-39fcbad6aacd21e2,cfg-5f2f431355dfcb31,idle,39550.0,completed_run,output/strengthening_factorial/strong-factorial-phi4_mini-grpo-code_standard-reservation_only-s95/phase-memory-5031759.csv
run-39fcbad6aacd21e2,cfg-5f2f431355dfcb31,initializing,39430.0,completed_run,output/strengthening_factorial/strong-factorial-phi4_mini-grpo-code_standard-reservation_only-s95/phase-memory-5031759.csv
run-39fcbad6aacd21e2,cfg-5f2f431355dfcb31,reference_logprob,16816.0,completed_run,output/strengthening_factorial/strong-factorial-phi4_mini-grpo-code_standard-reservation_only-s95/phase-memory-5031759.csv
run-39fcbad6aacd21e2,cfg-5f2f431355dfcb31,rollout,39708.0,completed_run,output/strengthening_factorial/strong-factorial-phi4_mini-grpo-code_standard-reservation_only-s95/phase-memory-5031759.csv
run-39fcbad6aacd21e2,cfg-5f2f431355dfcb31,weight_sync,39550.0,completed_run,output/strengthening_factorial/strong-factorial-phi4_mini-grpo-code_standard-reservation_only-s95/phase-memory-5031759.csv
run-3a16d7dba3ba6015,cfg-a026693bae37d30b,actor_update,27036.0,completed_run,output/major_revision_cross_model_confirmatory/mr-xm-confirm-phi4_mini-grpo-code_standard-c3-s52/phase-memory-5002761.csv
run-3a16d7dba3ba6015,cfg-a026693bae37d30b,idle,39570.0,completed_run,output/major_revision_cross_model_confirmatory/mr-xm-confirm-phi4_mini-grpo-code_standard-c3-s52/phase-memory-5002761.csv
run-3a16d7dba3ba6015,cfg-a026693bae37d30b,initializing,39430.0,completed_run,output/major_revision_cross_model_confirmatory/mr-xm-confirm-phi4_mini-grpo-code_standard-c3-s52/phase-memory-5002761.csv
run-3a16d7dba3ba6015,cfg-a026693bae37d30b,reference_logprob,16596.0,completed_run,output/major_revision_cross_model_confirmatory/mr-xm-confirm-phi4_mini-grpo-code_standard-c3-s52/phase-memory-5002761.csv
run-3a16d7dba3ba6015,cfg-a026693bae37d30b,rollout,39832.0,completed_run,output/major_revision_cross_model_confirmatory/mr-xm-confirm-phi4_mini-grpo-code_standard-c3-s52/phase-memory-5002761.csv
run-3a16d7dba3ba6015,cfg-a026693bae37d30b,weight_sync,39550.0,completed_run,output/major_revision_cross_model_confirmatory/mr-xm-confirm-phi4_mini-grpo-code_standard-c3-s52/phase-memory-5002761.csv
run-3a3f9391d21a67b7,cfg-0a36e5abf5f9732e,actor_update,14386.0,completed_run,output/benchmark_v2_temporal_confirmatory/v2time-grpo-math-qwen25_1p5b-safe_margin-s43/phase-memory-4945926.csv
run-3a3f9391d21a67b7,cfg-0a36e5abf5f9732e,idle,26232.0,completed_run,output/benchmark_v2_temporal_confirmatory/v2time-grpo-math-qwen25_1p5b-safe_margin-s43/phase-memory-4945926.csv
run-3a3f9391d21a67b7,cfg-0a36e5abf5f9732e,initializing,26522.0,completed_run,output/benchmark_v2_temporal_confirmatory/v2time-grpo-math-qwen25_1p5b-safe_margin-s43/phase-memory-4945926.csv
run-3a3f9391d21a67b7,cfg-0a36e5abf5f9732e,reference_logprob,14072.0,completed_run,output/benchmark_v2_temporal_confirmatory/v2time-grpo-math-qwen25_1p5b-safe_margin-s43/phase-memory-4945926.csv
run-3a3f9391d21a67b7,cfg-0a36e5abf5f9732e,rollout,29352.0,completed_run,output/benchmark_v2_temporal_confirmatory/v2time-grpo-math-qwen25_1p5b-safe_margin-s43/phase-memory-4945926.csv
run-3a3f9391d21a67b7,cfg-0a36e5abf5f9732e,unknown,13458.0,completed_run,output/benchmark_v2_temporal_confirmatory/v2time-grpo-math-qwen25_1p5b-safe_margin-s43/phase-memory-4945926.csv
run-3a3f9391d21a67b7,cfg-0a36e5abf5f9732e,weight_sync,26232.0,completed_run,output/benchmark_v2_temporal_confirmatory/v2time-grpo-math-qwen25_1p5b-safe_margin-s43/phase-memory-4945926.csv
run-3a4f6cfe342e81a0,cfg-c608f00aea4f9b32,actor_update,14998.0,completed_run,output/strengthening_factorial/strong-factorial-granite33_2b-grpo-code_standard-actor_only-s94/phase-memory-5031317.csv
run-3a4f6cfe342e81a0,cfg-c608f00aea4f9b32,idle,32302.0,completed_run,output/strengthening_factorial/strong-factorial-granite33_2b-grpo-code_standard-actor_only-s94/phase-memory-5031317.csv
run-3a4f6cfe342e81a0,cfg-c608f00aea4f9b32,initializing,31876.0,completed_run,output/strengthening_factorial/strong-factorial-granite33_2b-grpo-code_standard-actor_only-s94/phase-memory-5031317.csv
run-3a4f6cfe342e81a0,cfg-c608f00aea4f9b32,reference_logprob,9616.0,completed_run,output/strengthening_factorial/strong-factorial-granite33_2b-grpo-code_standard-actor_only-s94/phase-memory-5031317.csv
run-3a4f6cfe342e81a0,cfg-c608f00aea4f9b32,rollout,32426.0,completed_run,output/strengthening_factorial/strong-factorial-granite33_2b-grpo-code_standard-actor_only-s94/phase-memory-5031317.csv
run-3a4f6cfe342e81a0,cfg-c608f00aea4f9b32,weight_sync,32302.0,completed_run,output/strengthening_factorial/strong-factorial-granite33_2b-grpo-code_standard-actor_only-s94/phase-memory-5031317.csv
run-3a8ff69f2aea0e3a,cfg-3197439008c27071,actor_update,15028.0,completed_run,output/revision_temporal/rev-temporal-granite33_2b-math-interpolated-s113-long/attempt-5045335/phase-memory-5045335.csv
run-3a8ff69f2aea0e3a,cfg-3197439008c27071,checkpoint,15032.0,completed_run,output/revision_temporal/rev-temporal-granite33_2b-math-interpolated-s113-long/attempt-5045335/phase-memory-5045335.csv
run-3a8ff69f2aea0e3a,cfg-3197439008c27071,idle,38750.0,completed_run,output/revision_temporal/rev-temporal-granite33_2b-math-interpolated-s113-long/attempt-5045335/phase-memory-5045335.csv
run-3a8ff69f2aea0e3a,cfg-3197439008c27071,initializing,38388.0,completed_run,output/revision_temporal/rev-temporal-granite33_2b-math-interpolated-s113-long/attempt-5045335/phase-memory-5045335.csv
run-3a8ff69f2aea0e3a,cfg-3197439008c27071,reference_logprob,11082.0,completed_run,output/revision_temporal/rev-temporal-granite33_2b-math-interpolated-s113-long/attempt-5045335/phase-memory-5045335.csv
run-3a8ff69f2aea0e3a,cfg-3197439008c27071,rollout,39402.0,completed_run,output/revision_temporal/rev-temporal-granite33_2b-math-interpolated-s113-long/attempt-5045335/phase-memory-5045335.csv
run-3a8ff69f2aea0e3a,cfg-3197439008c27071,unknown,38750.0,completed_run,output/revision_temporal/rev-temporal-granite33_2b-math-interpolated-s113-long/attempt-5045335/phase-memory-5045335.csv
run-3a8ff69f2aea0e3a,cfg-3197439008c27071,validation,38860.0,completed_run,output/revision_temporal/rev-temporal-granite33_2b-math-interpolated-s113-long/attempt-5045335/phase-memory-5045335.csv
run-3a8ff69f2aea0e3a,cfg-3197439008c27071,weight_sync,38750.0,completed_run,output/revision_temporal/rev-temporal-granite33_2b-math-interpolated-s113-long/attempt-5045335/phase-memory-5045335.csv
run-3ad909fd6f698915,cfg-9160dc45a0171a10,actor_update,11826.0,completed_run,output/major_revision_cross_model_confirmatory/mr-xm-confirm-qwen25_3b-grpo-code_standard-c0-s52/phase-memory-4998842.csv
run-3ad909fd6f698915,cfg-9160dc45a0171a10,idle,14934.0,completed_run,output/major_revision_cross_model_confirmatory/mr-xm-confirm-qwen25_3b-grpo-code_standard-c0-s52/phase-memory-4998842.csv
run-3ad909fd6f698915,cfg-9160dc45a0171a10,initializing,20996.0,completed_run,output/major_revision_cross_model_confirmatory/mr-xm-confirm-qwen25_3b-grpo-code_standard-c0-s52/phase-memory-4998842.csv
run-3ad909fd6f698915,cfg-9160dc45a0171a10,reference_logprob,12704.0,completed_run,output/major_revision_cross_model_confirmatory/mr-xm-confirm-qwen25_3b-grpo-code_standard-c0-s52/phase-memory-4998842.csv
run-3ad909fd6f698915,cfg-9160dc45a0171a10,rollout,15106.0,completed_run,output/major_revision_cross_model_confirmatory/mr-xm-confirm-qwen25_3b-grpo-code_standard-c0-s52/phase-memory-4998842.csv
run-3ad909fd6f698915,cfg-9160dc45a0171a10,weight_sync,21560.0,completed_run,output/major_revision_cross_model_confirmatory/mr-xm-confirm-qwen25_3b-grpo-code_standard-c0-s52/phase-memory-4998842.csv
run-3b139e9a9db9041b,cfg-0a36e5abf5f9732e,actor_update,14258.0,completed_run,output/benchmark_v2_temporal_confirmatory/v2time-grpo-math-qwen25_1p5b-safe_margin-s42/phase-memory-4945505.csv
run-3b139e9a9db9041b,cfg-0a36e5abf5f9732e,idle,26252.0,completed_run,output/benchmark_v2_temporal_confirmatory/v2time-grpo-math-qwen25_1p5b-safe_margin-s42/phase-memory-4945505.csv
run-3b139e9a9db9041b,cfg-0a36e5abf5f9732e,initializing,26522.0,completed_run,output/benchmark_v2_temporal_confirmatory/v2time-grpo-math-qwen25_1p5b-safe_margin-s42/phase-memory-4945505.csv
run-3b139e9a9db9041b,cfg-0a36e5abf5f9732e,reference_logprob,13952.0,completed_run,output/benchmark_v2_temporal_confirmatory/v2time-grpo-math-qwen25_1p5b-safe_margin-s42/phase-memory-4945505.csv
run-3b139e9a9db9041b,cfg-0a36e5abf5f9732e,rollout,29612.0,completed_run,output/benchmark_v2_temporal_confirmatory/v2time-grpo-math-qwen25_1p5b-safe_margin-s42/phase-memory-4945505.csv
run-3b139e9a9db9041b,cfg-0a36e5abf5f9732e,unknown,26252.0,completed_run,output/benchmark_v2_temporal_confirmatory/v2time-grpo-math-qwen25_1p5b-safe_margin-s42/phase-memory-4945505.csv
run-3b139e9a9db9041b,cfg-0a36e5abf5f9732e,weight_sync,26252.0,completed_run,output/benchmark_v2_temporal_confirmatory/v2time-grpo-math-qwen25_1p5b-safe_margin-s42/phase-memory-4945505.csv
run-3b172729e627eb93,cfg-5629d7e19157784a,actor_update,13882.0,completed_run,output/strengthening_factorial/strong-factorial-granite33_2b-grpo-code_heavy_tail-base-s96/phase-memory-5031338.csv
run-3b172729e627eb93,cfg-5629d7e19157784a,idle,32342.0,completed_run,output/strengthening_factorial/strong-factorial-granite33_2b-grpo-code_heavy_tail-base-s96/phase-memory-5031338.csv
run-3b172729e627eb93,cfg-5629d7e19157784a,initializing,31876.0,completed_run,output/strengthening_factorial/strong-factorial-granite33_2b-grpo-code_heavy_tail-base-s96/phase-memory-5031338.csv
run-3b172729e627eb93,cfg-5629d7e19157784a,reference_logprob,9958.0,completed_run,output/strengthening_factorial/strong-factorial-granite33_2b-grpo-code_heavy_tail-base-s96/phase-memory-5031338.csv
run-3b172729e627eb93,cfg-5629d7e19157784a,rollout,32744.0,completed_run,output/strengthening_factorial/strong-factorial-granite33_2b-grpo-code_heavy_tail-base-s96/phase-memory-5031338.csv
run-3b172729e627eb93,cfg-5629d7e19157784a,weight_sync,32342.0,completed_run,output/strengthening_factorial/strong-factorial-granite33_2b-grpo-code_heavy_tail-base-s96/phase-memory-5031338.csv
run-3b1a3089614e30bc,cfg-0804f13209d60a6b,actor_update,16290.0,completed_run,output/revision_instrumentation/rev-instrumentation-phi4_mini-gsm8k-c2-s111-full/attempt-5045334/phase-memory-5045334.csv
run-3b1a3089614e30bc,cfg-0804f13209d60a6b,idle,35518.0,completed_run,output/revision_instrumentation/rev-instrumentation-phi4_mini-gsm8k-c2-s111-full/attempt-5045334/phase-memory-5045334.csv
run-3b1a3089614e30bc,cfg-0804f13209d60a6b,initializing,35398.0,completed_run,output/revision_instrumentation/rev-instrumentation-phi4_mini-gsm8k-c2-s111-full/attempt-5045334/phase-memory-5045334.csv
run-3b1a3089614e30bc,cfg-0804f13209d60a6b,reference_logprob,13872.0,completed_run,output/revision_instrumentation/rev-instrumentation-phi4_mini-gsm8k-c2-s111-full/attempt-5045334/phase-memory-5045334.csv
run-3b1a3089614e30bc,cfg-0804f13209d60a6b,rollout,35316.0,completed_run,output/revision_instrumentation/rev-instrumentation-phi4_mini-gsm8k-c2-s111-full/attempt-5045334/phase-memory-5045334.csv
run-3b1a3089614e30bc,cfg-0804f13209d60a6b,unknown,10526.0,completed_run,output/revision_instrumentation/rev-instrumentation-phi4_mini-gsm8k-c2-s111-full/attempt-5045334/phase-memory-5045334.csv
run-3b1a3089614e30bc,cfg-0804f13209d60a6b,weight_sync,35518.0,completed_run,output/revision_instrumentation/rev-instrumentation-phi4_mini-gsm8k-c2-s111-full/attempt-5045334/phase-memory-5045334.csv
run-3b63c91236a27ad7,cfg-71b33248b3cb3190,actor_update,14210.0,completed_run,output/strengthening_factorial/strong-factorial-granite33_2b-grpo-math_short-joint-s96/phase-memory-5031498.csv
run-3b63c91236a27ad7,cfg-71b33248b3cb3190,idle,36670.0,completed_run,output/strengthening_factorial/strong-factorial-granite33_2b-grpo-math_short-joint-s96/phase-memory-5031498.csv
run-3b63c91236a27ad7,cfg-71b33248b3cb3190,initializing,36308.0,completed_run,output/strengthening_factorial/strong-factorial-granite33_2b-grpo-math_short-joint-s96/phase-memory-5031498.csv
run-3b63c91236a27ad7,cfg-71b33248b3cb3190,reference_logprob,10346.0,completed_run,output/strengthening_factorial/strong-factorial-granite33_2b-grpo-math_short-joint-s96/phase-memory-5031498.csv
run-3b63c91236a27ad7,cfg-71b33248b3cb3190,rollout,36326.0,completed_run,output/strengthening_factorial/strong-factorial-granite33_2b-grpo-math_short-joint-s96/phase-memory-5031498.csv
run-3b63c91236a27ad7,cfg-71b33248b3cb3190,weight_sync,36670.0,completed_run,output/strengthening_factorial/strong-factorial-granite33_2b-grpo-math_short-joint-s96/phase-memory-5031498.csv
run-3bd00ac4b0cc413f,cfg-872fe55d8f69b30c,actor_update,14012.0,completed_run,output/benchmark_v2_temporal_confirmatory/v2time-grpo-math-qwen25_1p5b-near_boundary-s43/phase-memory-4946539.csv
run-3bd00ac4b0cc413f,cfg-872fe55d8f69b30c,idle,32300.0,completed_run,output/benchmark_v2_temporal_confirmatory/v2time-grpo-math-qwen25_1p5b-near_boundary-s43/phase-memory-4946539.csv
run-3bd00ac4b0cc413f,cfg-872fe55d8f69b30c,initializing,32570.0,completed_run,output/benchmark_v2_temporal_confirmatory/v2time-grpo-math-qwen25_1p5b-near_boundary-s43/phase-memory-4946539.csv
run-3bd00ac4b0cc413f,cfg-872fe55d8f69b30c,reference_logprob,13690.0,completed_run,output/benchmark_v2_temporal_confirmatory/v2time-grpo-math-qwen25_1p5b-near_boundary-s43/phase-memory-4946539.csv
run-3bd00ac4b0cc413f,cfg-872fe55d8f69b30c,rollout,34882.0,completed_run,output/benchmark_v2_temporal_confirmatory/v2time-grpo-math-qwen25_1p5b-near_boundary-s43/phase-memory-4946539.csv
run-3bd00ac4b0cc413f,cfg-872fe55d8f69b30c,unknown,32300.0,completed_run,output/benchmark_v2_temporal_confirmatory/v2time-grpo-math-qwen25_1p5b-near_boundary-s43/phase-memory-4946539.csv
run-3bd00ac4b0cc413f,cfg-872fe55d8f69b30c,weight_sync,32300.0,completed_run,output/benchmark_v2_temporal_confirmatory/v2time-grpo-math-qwen25_1p5b-near_boundary-s43/phase-memory-4946539.csv
run-3cb77483c440bed8,cfg-997a5dca920f4fb3,actor_update,40494.0,completed_run,output/strengthening_same_node_residency/strong-node-qwen25_1p5b-grpo-gsm8k-near_boundary-s82-p1-resident/phase-memory-5031120.csv
run-3cb77483c440bed8,cfg-997a5dca920f4fb3,idle,33926.0,completed_run,output/strengthening_same_node_residency/strong-node-qwen25_1p5b-grpo-gsm8k-near_boundary-s82-p1-resident/phase-memory-5031120.csv
run-3cb77483c440bed8,cfg-997a5dca920f4fb3,initializing,36452.0,completed_run,output/strengthening_same_node_residency/strong-node-qwen25_1p5b-grpo-gsm8k-near_boundary-s82-p1-resident/phase-memory-5031120.csv
run-3cb77483c440bed8,cfg-997a5dca920f4fb3,reference_logprob,37314.0,completed_run,output/strengthening_same_node_residency/strong-node-qwen25_1p5b-grpo-gsm8k-near_boundary-s82-p1-resident/phase-memory-5031120.csv
run-3cb77483c440bed8,cfg-997a5dca920f4fb3,rollout,33626.0,completed_run,output/strengthening_same_node_residency/strong-node-qwen25_1p5b-grpo-gsm8k-near_boundary-s82-p1-resident/phase-memory-5031120.csv
run-3cb77483c440bed8,cfg-997a5dca920f4fb3,weight_sync,40544.0,completed_run,output/strengthening_same_node_residency/strong-node-qwen25_1p5b-grpo-gsm8k-near_boundary-s82-p1-resident/phase-memory-5031120.csv
run-3d20ff163c859369,cfg-b7f5b55ef67a8883,actor_update,18946.0,completed_run,output/strengthening_factorial/strong-factorial-qwen25_3b-grpo-code_heavy_tail-reservation_only-s95/phase-memory-5031990.csv
run-3d20ff163c859369,cfg-b7f5b55ef67a8883,idle,37140.0,completed_run,output/strengthening_factorial/strong-factorial-qwen25_3b-grpo-code_heavy_tail-reservation_only-s95/phase-memory-5031990.csv
run-3d20ff163c859369,cfg-b7f5b55ef67a8883,initializing,36706.0,completed_run,output/strengthening_factorial/strong-factorial-qwen25_3b-grpo-code_heavy_tail-reservation_only-s95/phase-memory-5031990.csv
run-3d20ff163c859369,cfg-b7f5b55ef67a8883,reference_logprob,13824.0,completed_run,output/strengthening_factorial/strong-factorial-qwen25_3b-grpo-code_heavy_tail-reservation_only-s95/phase-memory-5031990.csv
run-3d20ff163c859369,cfg-b7f5b55ef67a8883,rollout,37418.0,completed_run,output/strengthening_factorial/strong-factorial-qwen25_3b-grpo-code_heavy_tail-reservation_only-s95/phase-memory-5031990.csv
run-3d20ff163c859369,cfg-b7f5b55ef67a8883,weight_sync,37140.0,completed_run,output/strengthening_factorial/strong-factorial-qwen25_3b-grpo-code_heavy_tail-reservation_only-s95/phase-memory-5031990.csv
run-3e0ae7ccfb253599,cfg-2b2cf1d2c3374464,actor_update,14372.0,completed_run,output/revision_instrumentation/rev-instrumentation-granite33_2b-math-c4-s111-full/attempt-5045397/phase-memory-5045397.csv
run-3e0ae7ccfb253599,cfg-2b2cf1d2c3374464,idle,40750.0,completed_run,output/revision_instrumentation/rev-instrumentation-granite33_2b-math-c4-s111-full/attempt-5045397/phase-memory-5045397.csv
run-3e0ae7ccfb253599,cfg-2b2cf1d2c3374464,initializing,40388.0,completed_run,output/revision_instrumentation/rev-instrumentation-granite33_2b-math-c4-s111-full/attempt-5045397/phase-memory-5045397.csv
run-3e0ae7ccfb253599,cfg-2b2cf1d2c3374464,reference_logprob,10306.0,completed_run,output/revision_instrumentation/rev-instrumentation-granite33_2b-math-c4-s111-full/attempt-5045397/phase-memory-5045397.csv
run-3e0ae7ccfb253599,cfg-2b2cf1d2c3374464,rollout,40590.0,completed_run,output/revision_instrumentation/rev-instrumentation-granite33_2b-math-c4-s111-full/attempt-5045397/phase-memory-5045397.csv
run-3e0ae7ccfb253599,cfg-2b2cf1d2c3374464,weight_sync,40750.0,completed_run,output/revision_instrumentation/rev-instrumentation-granite33_2b-math-c4-s111-full/attempt-5045397/phase-memory-5045397.csv
run-3ed4ca520e77af31,cfg-6467c4b5acff38f3,actor_update,23976.0,completed_run,output/revision_instrumentation/rev-instrumentation-phi4_mini-math-c3-s113-full/attempt-5045375/phase-memory-5045375.csv
run-3ed4ca520e77af31,cfg-6467c4b5acff38f3,idle,39842.0,completed_run,output/revision_instrumentation/rev-instrumentation-phi4_mini-math-c3-s113-full/attempt-5045375/phase-memory-5045375.csv
run-3ed4ca520e77af31,cfg-6467c4b5acff38f3,initializing,40016.0,completed_run,output/revision_instrumentation/rev-instrumentation-phi4_mini-math-c3-s113-full/attempt-5045375/phase-memory-5045375.csv
run-3ed4ca520e77af31,cfg-6467c4b5acff38f3,reference_logprob,17228.0,completed_run,output/revision_instrumentation/rev-instrumentation-phi4_mini-math-c3-s113-full/attempt-5045375/phase-memory-5045375.csv
run-3ed4ca520e77af31,cfg-6467c4b5acff38f3,rollout,39944.0,completed_run,output/revision_instrumentation/rev-instrumentation-phi4_mini-math-c3-s113-full/attempt-5045375/phase-memory-5045375.csv
run-3ed4ca520e77af31,cfg-6467c4b5acff38f3,weight_sync,39842.0,completed_run,output/revision_instrumentation/rev-instrumentation-phi4_mini-math-c3-s113-full/attempt-5045375/phase-memory-5045375.csv
run-3ee68485032172dd,cfg-cadb236b55d403e1,actor_update,21542.0,completed_run,output/revision_temporal/rev-temporal-phi4_mini-gsm8k-interpolated-s113-long/attempt-5045337/phase-memory-5045337.csv
run-3ee68485032172dd,cfg-cadb236b55d403e1,checkpoint,19520.0,completed_run,output/revision_temporal/rev-temporal-phi4_mini-gsm8k-interpolated-s113-long/attempt-5045337/phase-memory-5045337.csv
run-3ee68485032172dd,cfg-cadb236b55d403e1,idle,37566.0,completed_run,output/revision_temporal/rev-temporal-phi4_mini-gsm8k-interpolated-s113-long/attempt-5045337/phase-memory-5045337.csv
run-3ee68485032172dd,cfg-cadb236b55d403e1,initializing,37446.0,completed_run,output/revision_temporal/rev-temporal-phi4_mini-gsm8k-interpolated-s113-long/attempt-5045337/phase-memory-5045337.csv
run-3ee68485032172dd,cfg-cadb236b55d403e1,reference_logprob,15984.0,completed_run,output/revision_temporal/rev-temporal-phi4_mini-gsm8k-interpolated-s113-long/attempt-5045337/phase-memory-5045337.csv
run-3ee68485032172dd,cfg-cadb236b55d403e1,rollout,37664.0,completed_run,output/revision_temporal/rev-temporal-phi4_mini-gsm8k-interpolated-s113-long/attempt-5045337/phase-memory-5045337.csv
run-3ee68485032172dd,cfg-cadb236b55d403e1,unknown,37568.0,completed_run,output/revision_temporal/rev-temporal-phi4_mini-gsm8k-interpolated-s113-long/attempt-5045337/phase-memory-5045337.csv
run-3ee68485032172dd,cfg-cadb236b55d403e1,validation,37568.0,completed_run,output/revision_temporal/rev-temporal-phi4_mini-gsm8k-interpolated-s113-long/attempt-5045337/phase-memory-5045337.csv
run-3ee68485032172dd,cfg-cadb236b55d403e1,weight_sync,37566.0,completed_run,output/revision_temporal/rev-temporal-phi4_mini-gsm8k-interpolated-s113-long/attempt-5045337/phase-memory-5045337.csv
run-3f160ea4fd9cde89,cfg-42a07dcd991102a7,actor_update,12758.0,completed_run,output/strengthening_factorial/strong-factorial-granite33_2b-grpo-code_standard-base-s95/phase-memory-5031372.csv
run-3f160ea4fd9cde89,cfg-42a07dcd991102a7,idle,32302.0,completed_run,output/strengthening_factorial/strong-factorial-granite33_2b-grpo-code_standard-base-s95/phase-memory-5031372.csv
run-3f160ea4fd9cde89,cfg-42a07dcd991102a7,initializing,31876.0,completed_run,output/strengthening_factorial/strong-factorial-granite33_2b-grpo-code_standard-base-s95/phase-memory-5031372.csv
run-3f160ea4fd9cde89,cfg-42a07dcd991102a7,reference_logprob,9636.0,completed_run,output/strengthening_factorial/strong-factorial-granite33_2b-grpo-code_standard-base-s95/phase-memory-5031372.csv
run-3f160ea4fd9cde89,cfg-42a07dcd991102a7,rollout,32250.0,completed_run,output/strengthening_factorial/strong-factorial-granite33_2b-grpo-code_standard-base-s95/phase-memory-5031372.csv
run-3f160ea4fd9cde89,cfg-42a07dcd991102a7,weight_sync,32302.0,completed_run,output/strengthening_factorial/strong-factorial-granite33_2b-grpo-code_standard-base-s95/phase-memory-5031372.csv
run-3f6af9a39b81e314,cfg-211b6fafd167a310,actor_update,23356.0,completed_run,output/strengthening_factorial/strong-factorial-phi4_mini-grpo-math-actor_only-s94/phase-memory-5031829.csv
run-3f6af9a39b81e314,cfg-211b6fafd167a310,idle,35746.0,completed_run,output/strengthening_factorial/strong-factorial-phi4_mini-grpo-math-actor_only-s94/phase-memory-5031829.csv
run-3f6af9a39b81e314,cfg-211b6fafd167a310,initializing,35920.0,completed_run,output/strengthening_factorial/strong-factorial-phi4_mini-grpo-math-actor_only-s94/phase-memory-5031829.csv
run-3f6af9a39b81e314,cfg-211b6fafd167a310,reference_logprob,16888.0,completed_run,output/strengthening_factorial/strong-factorial-phi4_mini-grpo-math-actor_only-s94/phase-memory-5031829.csv
run-3f6af9a39b81e314,cfg-211b6fafd167a310,rollout,35938.0,completed_run,output/strengthening_factorial/strong-factorial-phi4_mini-grpo-math-actor_only-s94/phase-memory-5031829.csv
run-3f6af9a39b81e314,cfg-211b6fafd167a310,weight_sync,35746.0,completed_run,output/strengthening_factorial/strong-factorial-phi4_mini-grpo-math-actor_only-s94/phase-memory-5031829.csv
run-4085b88cb89e172a,cfg-b7a35495ef8f0eb3,actor_update,15406.0,completed_run,output/strengthening_factorial/strong-factorial-qwen25_3b-grpo-math-reservation_only-s96/phase-memory-5032056.csv
run-4085b88cb89e172a,cfg-b7a35495ef8f0eb3,idle,37478.0,completed_run,output/strengthening_factorial/strong-factorial-qwen25_3b-grpo-math-reservation_only-s96/phase-memory-5032056.csv
run-4085b88cb89e172a,cfg-b7a35495ef8f0eb3,initializing,37314.0,completed_run,output/strengthening_factorial/strong-factorial-qwen25_3b-grpo-math-reservation_only-s96/phase-memory-5032056.csv
run-4085b88cb89e172a,cfg-b7a35495ef8f0eb3,reference_logprob,13922.0,completed_run,output/strengthening_factorial/strong-factorial-qwen25_3b-grpo-math-reservation_only-s96/phase-memory-5032056.csv
run-4085b88cb89e172a,cfg-b7a35495ef8f0eb3,rollout,37222.0,completed_run,output/strengthening_factorial/strong-factorial-qwen25_3b-grpo-math-reservation_only-s96/phase-memory-5032056.csv
run-4085b88cb89e172a,cfg-b7a35495ef8f0eb3,weight_sync,37478.0,completed_run,output/strengthening_factorial/strong-factorial-qwen25_3b-grpo-math-reservation_only-s96/phase-memory-5032056.csv
run-41742b89de6e2ff7,cfg-5244d13eac3116ad,actor_update,11588.0,completed_run,output/benchmark_v2_cross_family_confirmatory/v2cf-confirm-qwen25_3b-grpo-gsm8k_long-c0-s43/phase-memory-4935739.csv
run-41742b89de6e2ff7,cfg-5244d13eac3116ad,idle,14914.0,completed_run,output/benchmark_v2_cross_family_confirmatory/v2cf-confirm-qwen25_3b-grpo-gsm8k_long-c0-s43/phase-memory-4935739.csv
run-41742b89de6e2ff7,cfg-5244d13eac3116ad,initializing,20996.0,completed_run,output/benchmark_v2_cross_family_confirmatory/v2cf-confirm-qwen25_3b-grpo-gsm8k_long-c0-s43/phase-memory-4935739.csv
run-41742b89de6e2ff7,cfg-5244d13eac3116ad,reference_logprob,11644.0,completed_run,output/benchmark_v2_cross_family_confirmatory/v2cf-confirm-qwen25_3b-grpo-gsm8k_long-c0-s43/phase-memory-4935739.csv
run-41742b89de6e2ff7,cfg-5244d13eac3116ad,rollout,14380.0,completed_run,output/benchmark_v2_cross_family_confirmatory/v2cf-confirm-qwen25_3b-grpo-gsm8k_long-c0-s43/phase-memory-4935739.csv
run-41742b89de6e2ff7,cfg-5244d13eac3116ad,weight_sync,21540.0,completed_run,output/benchmark_v2_cross_family_confirmatory/v2cf-confirm-qwen25_3b-grpo-gsm8k_long-c0-s43/phase-memory-4935739.csv
run-41ae1610098c9aa1,cfg-a94bf7877633dfda,actor_update,12884.0,completed_run,output/strengthening_granite_confirmatory/strong-granite-confirmatory-grpo-code_standard-c2-s91/phase-memory-5031427.csv
run-41ae1610098c9aa1,cfg-a94bf7877633dfda,idle,32302.0,completed_run,output/strengthening_granite_confirmatory/strong-granite-confirmatory-grpo-code_standard-c2-s91/phase-memory-5031427.csv
run-41ae1610098c9aa1,cfg-a94bf7877633dfda,initializing,31876.0,completed_run,output/strengthening_granite_confirmatory/strong-granite-confirmatory-grpo-code_standard-c2-s91/phase-memory-5031427.csv
run-41ae1610098c9aa1,cfg-a94bf7877633dfda,reference_logprob,9696.0,completed_run,output/strengthening_granite_confirmatory/strong-granite-confirmatory-grpo-code_standard-c2-s91/phase-memory-5031427.csv
run-41ae1610098c9aa1,cfg-a94bf7877633dfda,rollout,32244.0,completed_run,output/strengthening_granite_confirmatory/strong-granite-confirmatory-grpo-code_standard-c2-s91/phase-memory-5031427.csv
run-41ae1610098c9aa1,cfg-a94bf7877633dfda,weight_sync,32302.0,completed_run,output/strengthening_granite_confirmatory/strong-granite-confirmatory-grpo-code_standard-c2-s91/phase-memory-5031427.csv
run-42117be20d7eaab6,cfg-10644b5d0a82d5c3,initializing,14790.0,terminal_stage_partial,output/major_revision_cross_model_confirmatory/mr-xm-confirm-phi4_mini-grpo-code_heavy_tail-c5-s53/phase-memory-5004074.csv
run-426145c5f4e0a441,cfg-ef2331208f38fbaf,actor_update,19466.0,completed_run,output/strengthening_factorial/strong-factorial-qwen25_3b-grpo-math-joint-s95/phase-memory-5032059.csv
run-426145c5f4e0a441,cfg-ef2331208f38fbaf,idle,37478.0,completed_run,output/strengthening_factorial/strong-factorial-qwen25_3b-grpo-math-joint-s95/phase-memory-5032059.csv
run-426145c5f4e0a441,cfg-ef2331208f38fbaf,initializing,37314.0,completed_run,output/strengthening_factorial/strong-factorial-qwen25_3b-grpo-math-joint-s95/phase-memory-5032059.csv
run-426145c5f4e0a441,cfg-ef2331208f38fbaf,reference_logprob,14082.0,completed_run,output/strengthening_factorial/strong-factorial-qwen25_3b-grpo-math-joint-s95/phase-memory-5032059.csv
run-426145c5f4e0a441,cfg-ef2331208f38fbaf,rollout,37450.0,completed_run,output/strengthening_factorial/strong-factorial-qwen25_3b-grpo-math-joint-s95/phase-memory-5032059.csv
run-426145c5f4e0a441,cfg-ef2331208f38fbaf,weight_sync,37478.0,completed_run,output/strengthening_factorial/strong-factorial-qwen25_3b-grpo-math-joint-s95/phase-memory-5032059.csv
run-42c5678ad2a32691,cfg-9c461415e6bb9702,actor_update,14920.0,completed_run,output/major_revision_cross_model_confirmatory/mr-xm-confirm-phi4_mini-grpo-code_standard-c0-s53/phase-memory-5002544.csv
run-42c5678ad2a32691,cfg-9c461415e6bb9702,idle,15864.0,completed_run,output/major_revision_cross_model_confirmatory/mr-xm-confirm-phi4_mini-grpo-code_standard-c0-s53/phase-memory-5002544.csv
run-42c5678ad2a32691,cfg-9c461415e6bb9702,initializing,25598.0,completed_run,output/major_revision_cross_model_confirmatory/mr-xm-confirm-phi4_mini-grpo-code_standard-c0-s53/phase-memory-5002544.csv
run-42c5678ad2a32691,cfg-9c461415e6bb9702,reference_logprob,16690.0,completed_run,output/major_revision_cross_model_confirmatory/mr-xm-confirm-phi4_mini-grpo-code_standard-c0-s53/phase-memory-5002544.csv
run-42c5678ad2a32691,cfg-9c461415e6bb9702,rollout,16124.0,completed_run,output/major_revision_cross_model_confirmatory/mr-xm-confirm-phi4_mini-grpo-code_standard-c0-s53/phase-memory-5002544.csv
run-42c5678ad2a32691,cfg-9c461415e6bb9702,weight_sync,26056.0,completed_run,output/major_revision_cross_model_confirmatory/mr-xm-confirm-phi4_mini-grpo-code_standard-c0-s53/phase-memory-5002544.csv
run-43a6cd76fca65267,cfg-3197439008c27071,actor_update,15104.0,completed_run,output/revision_temporal/rev-temporal-granite33_2b-math-interpolated-s112-long/attempt-5045432/phase-memory-5045432.csv
run-43a6cd76fca65267,cfg-3197439008c27071,checkpoint,15092.0,completed_run,output/revision_temporal/rev-temporal-granite33_2b-math-interpolated-s112-long/attempt-5045432/phase-memory-5045432.csv
run-43a6cd76fca65267,cfg-3197439008c27071,idle,38750.0,completed_run,output/revision_temporal/rev-temporal-granite33_2b-math-interpolated-s112-long/attempt-5045432/phase-memory-5045432.csv
run-43a6cd76fca65267,cfg-3197439008c27071,initializing,38388.0,completed_run,output/revision_temporal/rev-temporal-granite33_2b-math-interpolated-s112-long/attempt-5045432/phase-memory-5045432.csv
run-43a6cd76fca65267,cfg-3197439008c27071,reference_logprob,11022.0,completed_run,output/revision_temporal/rev-temporal-granite33_2b-math-interpolated-s112-long/attempt-5045432/phase-memory-5045432.csv
run-43a6cd76fca65267,cfg-3197439008c27071,rollout,39410.0,completed_run,output/revision_temporal/rev-temporal-granite33_2b-math-interpolated-s112-long/attempt-5045432/phase-memory-5045432.csv
run-43a6cd76fca65267,cfg-3197439008c27071,unknown,38750.0,completed_run,output/revision_temporal/rev-temporal-granite33_2b-math-interpolated-s112-long/attempt-5045432/phase-memory-5045432.csv
run-43a6cd76fca65267,cfg-3197439008c27071,validation,38910.0,completed_run,output/revision_temporal/rev-temporal-granite33_2b-math-interpolated-s112-long/attempt-5045432/phase-memory-5045432.csv
run-43a6cd76fca65267,cfg-3197439008c27071,weight_sync,38750.0,completed_run,output/revision_temporal/rev-temporal-granite33_2b-math-interpolated-s112-long/attempt-5045432/phase-memory-5045432.csv
run-43b09af6d052d6eb,cfg-e2a205be8efba055,actor_update,14610.0,completed_run,output/benchmark_v2_cross_family_confirmatory/v2cf-confirm-phi4_mini-grpo-math_short-c0-s41/phase-memory-4936266.csv
run-43b09af6d052d6eb,cfg-e2a205be8efba055,idle,16156.0,completed_run,output/benchmark_v2_cross_family_confirmatory/v2cf-confirm-phi4_mini-grpo-math_short-c0-s41/phase-memory-4936266.csv
run-43b09af6d052d6eb,cfg-e2a205be8efba055,initializing,25890.0,completed_run,output/benchmark_v2_cross_family_confirmatory/v2cf-confirm-phi4_mini-grpo-math_short-c0-s41/phase-memory-4936266.csv
run-43b09af6d052d6eb,cfg-e2a205be8efba055,reference_logprob,16702.0,completed_run,output/benchmark_v2_cross_family_confirmatory/v2cf-confirm-phi4_mini-grpo-math_short-c0-s41/phase-memory-4936266.csv
run-43b09af6d052d6eb,cfg-e2a205be8efba055,rollout,16610.0,completed_run,output/benchmark_v2_cross_family_confirmatory/v2cf-confirm-phi4_mini-grpo-math_short-c0-s41/phase-memory-4936266.csv
run-43b09af6d052d6eb,cfg-e2a205be8efba055,unknown,15700.0,completed_run,output/benchmark_v2_cross_family_confirmatory/v2cf-confirm-phi4_mini-grpo-math_short-c0-s41/phase-memory-4936266.csv
run-43b09af6d052d6eb,cfg-e2a205be8efba055,weight_sync,26348.0,completed_run,output/benchmark_v2_cross_family_confirmatory/v2cf-confirm-phi4_mini-grpo-math_short-c0-s41/phase-memory-4936266.csv
run-44851f688ecccd08,cfg-e2763ffc8afa3602,actor_update,12058.0,completed_run,output/strengthening_factorial/strong-factorial-granite33_2b-grpo-gsm8k_long-reservation_only-s94/phase-memory-5031393.csv
run-44851f688ecccd08,cfg-e2763ffc8afa3602,idle,36302.0,completed_run,output/strengthening_factorial/strong-factorial-granite33_2b-grpo-gsm8k_long-reservation_only-s94/phase-memory-5031393.csv
run-44851f688ecccd08,cfg-e2763ffc8afa3602,initializing,35876.0,completed_run,output/strengthening_factorial/strong-factorial-granite33_2b-grpo-gsm8k_long-reservation_only-s94/phase-memory-5031393.csv
run-44851f688ecccd08,cfg-e2763ffc8afa3602,reference_logprob,9636.0,completed_run,output/strengthening_factorial/strong-factorial-granite33_2b-grpo-gsm8k_long-reservation_only-s94/phase-memory-5031393.csv
run-44851f688ecccd08,cfg-e2763ffc8afa3602,rollout,35972.0,completed_run,output/strengthening_factorial/strong-factorial-granite33_2b-grpo-gsm8k_long-reservation_only-s94/phase-memory-5031393.csv
run-44851f688ecccd08,cfg-e2763ffc8afa3602,weight_sync,36302.0,completed_run,output/strengthening_factorial/strong-factorial-granite33_2b-grpo-gsm8k_long-reservation_only-s94/phase-memory-5031393.csv
run-44b0631aa7ed3858,cfg-4743c1c830bad982,actor_update,18884.0,completed_run,output/revision_instrumentation/rev-instrumentation-phi4_mini-math-c2-s112-full/attempt-5045360/phase-memory-5045360.csv
run-44b0631aa7ed3858,cfg-4743c1c830bad982,idle,35746.0,completed_run,output/revision_instrumentation/rev-instrumentation-phi4_mini-math-c2-s112-full/attempt-5045360/phase-memory-5045360.csv
run-44b0631aa7ed3858,cfg-4743c1c830bad982,initializing,35920.0,completed_run,output/revision_instrumentation/rev-instrumentation-phi4_mini-math-c2-s112-full/attempt-5045360/phase-memory-5045360.csv
run-44b0631aa7ed3858,cfg-4743c1c830bad982,reference_logprob,17108.0,completed_run,output/revision_instrumentation/rev-instrumentation-phi4_mini-math-c2-s112-full/attempt-5045360/phase-memory-5045360.csv
run-44b0631aa7ed3858,cfg-4743c1c830bad982,rollout,36096.0,completed_run,output/revision_instrumentation/rev-instrumentation-phi4_mini-math-c2-s112-full/attempt-5045360/phase-memory-5045360.csv
run-44b0631aa7ed3858,cfg-4743c1c830bad982,weight_sync,35746.0,completed_run,output/revision_instrumentation/rev-instrumentation-phi4_mini-math-c2-s112-full/attempt-5045360/phase-memory-5045360.csv
run-45488b857bdd8d52,cfg-8a39420e5b484230,actor_update,18544.0,completed_run,output/strengthening_factorial/strong-factorial-phi4_mini-grpo-math-reservation_only-s95/phase-memory-5031841.csv
run-45488b857bdd8d52,cfg-8a39420e5b484230,idle,39862.0,completed_run,output/strengthening_factorial/strong-factorial-phi4_mini-grpo-math-reservation_only-s95/phase-memory-5031841.csv
run-45488b857bdd8d52,cfg-8a39420e5b484230,initializing,40016.0,completed_run,output/strengthening_factorial/strong-factorial-phi4_mini-grpo-math-reservation_only-s95/phase-memory-5031841.csv
run-45488b857bdd8d52,cfg-8a39420e5b484230,reference_logprob,16688.0,completed_run,output/strengthening_factorial/strong-factorial-phi4_mini-grpo-math-reservation_only-s95/phase-memory-5031841.csv
run-45488b857bdd8d52,cfg-8a39420e5b484230,rollout,39966.0,completed_run,output/strengthening_factorial/strong-factorial-phi4_mini-grpo-math-reservation_only-s95/phase-memory-5031841.csv
run-45488b857bdd8d52,cfg-8a39420e5b484230,weight_sync,39862.0,completed_run,output/strengthening_factorial/strong-factorial-phi4_mini-grpo-math-reservation_only-s95/phase-memory-5031841.csv
run-45cd94879346c8fc,cfg-e8893b12558f51dd,initializing,7780.0,terminal_stage_partial,output/strengthening_granite_confirmatory/strong-granite-confirmatory-grpo-gsm8k_long-c5-s92/phase-memory-5031328.csv
run-45cf40daf74bfe5b,cfg-a3987314cb2f9f12,actor_update,23054.0,completed_run,output/benchmark_v2_cross_family_confirmatory/v2cf-confirm-phi4_mini-grpo-math_short-c3-s43/phase-memory-4936304.csv
run-45cf40daf74bfe5b,cfg-a3987314cb2f9f12,idle,39842.0,completed_run,output/benchmark_v2_cross_family_confirmatory/v2cf-confirm-phi4_mini-grpo-math_short-c3-s43/phase-memory-4936304.csv
run-45cf40daf74bfe5b,cfg-a3987314cb2f9f12,initializing,40016.0,completed_run,output/benchmark_v2_cross_family_confirmatory/v2cf-confirm-phi4_mini-grpo-math_short-c3-s43/phase-memory-4936304.csv
run-45cf40daf74bfe5b,cfg-a3987314cb2f9f12,reference_logprob,16828.0,completed_run,output/benchmark_v2_cross_family_confirmatory/v2cf-confirm-phi4_mini-grpo-math_short-c3-s43/phase-memory-4936304.csv
run-45cf40daf74bfe5b,cfg-a3987314cb2f9f12,rollout,39854.0,completed_run,output/benchmark_v2_cross_family_confirmatory/v2cf-confirm-phi4_mini-grpo-math_short-c3-s43/phase-memory-4936304.csv
run-45cf40daf74bfe5b,cfg-a3987314cb2f9f12,weight_sync,39842.0,completed_run,output/benchmark_v2_cross_family_confirmatory/v2cf-confirm-phi4_mini-grpo-math_short-c3-s43/phase-memory-4936304.csv
run-46371e1c7ad0bec8,cfg-e91942abb5b4f847,actor_update,18508.0,completed_run,output/major_revision_cross_model_confirmatory/mr-xm-confirm-qwen25_3b-grpo-code_heavy_tail-c2-s51/phase-memory-4999681.csv
run-46371e1c7ad0bec8,cfg-e91942abb5b4f847,idle,33108.0,completed_run,output/major_revision_cross_model_confirmatory/mr-xm-confirm-qwen25_3b-grpo-code_heavy_tail-c2-s51/phase-memory-4999681.csv
run-46371e1c7ad0bec8,cfg-e91942abb5b4f847,initializing,32676.0,completed_run,output/major_revision_cross_model_confirmatory/mr-xm-confirm-qwen25_3b-grpo-code_heavy_tail-c2-s51/phase-memory-4999681.csv
run-46371e1c7ad0bec8,cfg-e91942abb5b4f847,reference_logprob,13604.0,completed_run,output/major_revision_cross_model_confirmatory/mr-xm-confirm-qwen25_3b-grpo-code_heavy_tail-c2-s51/phase-memory-4999681.csv
run-46371e1c7ad0bec8,cfg-e91942abb5b4f847,rollout,33436.0,completed_run,output/major_revision_cross_model_confirmatory/mr-xm-confirm-qwen25_3b-grpo-code_heavy_tail-c2-s51/phase-memory-4999681.csv
run-46371e1c7ad0bec8,cfg-e91942abb5b4f847,weight_sync,33108.0,completed_run,output/major_revision_cross_model_confirmatory/mr-xm-confirm-qwen25_3b-grpo-code_heavy_tail-c2-s51/phase-memory-4999681.csv
run-46776c04a6d66bde,cfg-0804f13209d60a6b,actor_update,18242.0,completed_run,output/revision_instrumentation/rev-instrumentation-phi4_mini-gsm8k-c2-s112-full/attempt-5045342/phase-memory-5045342.csv
run-46776c04a6d66bde,cfg-0804f13209d60a6b,idle,35518.0,completed_run,output/revision_instrumentation/rev-instrumentation-phi4_mini-gsm8k-c2-s112-full/attempt-5045342/phase-memory-5045342.csv
run-46776c04a6d66bde,cfg-0804f13209d60a6b,initializing,35398.0,completed_run,output/revision_instrumentation/rev-instrumentation-phi4_mini-gsm8k-c2-s112-full/attempt-5045342/phase-memory-5045342.csv
run-46776c04a6d66bde,cfg-0804f13209d60a6b,reference_logprob,15292.0,completed_run,output/revision_instrumentation/rev-instrumentation-phi4_mini-gsm8k-c2-s112-full/attempt-5045342/phase-memory-5045342.csv
run-46776c04a6d66bde,cfg-0804f13209d60a6b,rollout,35342.0,completed_run,output/revision_instrumentation/rev-instrumentation-phi4_mini-gsm8k-c2-s112-full/attempt-5045342/phase-memory-5045342.csv
run-46776c04a6d66bde,cfg-0804f13209d60a6b,weight_sync,35016.0,completed_run,output/revision_instrumentation/rev-instrumentation-phi4_mini-gsm8k-c2-s112-full/attempt-5045342/phase-memory-5045342.csv
run-46cf22d01b4cf8b4,cfg-409a2028c2748c88,actor_update,19298.0,completed_run,output/review_instrumentation_batch/review-control-phi4_mini-gsm8k-s123-external_b16/attempt-5048576/phase-memory-5048576.csv
run-46cf22d01b4cf8b4,cfg-409a2028c2748c88,idle,35538.0,completed_run,output/review_instrumentation_batch/review-control-phi4_mini-gsm8k-s123-external_b16/attempt-5048576/phase-memory-5048576.csv
run-46cf22d01b4cf8b4,cfg-409a2028c2748c88,initializing,35398.0,completed_run,output/review_instrumentation_batch/review-control-phi4_mini-gsm8k-s123-external_b16/attempt-5048576/phase-memory-5048576.csv
run-46cf22d01b4cf8b4,cfg-409a2028c2748c88,reference_logprob,14012.0,completed_run,output/review_instrumentation_batch/review-control-phi4_mini-gsm8k-s123-external_b16/attempt-5048576/phase-memory-5048576.csv
run-46cf22d01b4cf8b4,cfg-409a2028c2748c88,rollout,35314.0,completed_run,output/review_instrumentation_batch/review-control-phi4_mini-gsm8k-s123-external_b16/attempt-5048576/phase-memory-5048576.csv
run-46cf22d01b4cf8b4,cfg-409a2028c2748c88,weight_sync,35538.0,completed_run,output/review_instrumentation_batch/review-control-phi4_mini-gsm8k-s123-external_b16/attempt-5048576/phase-memory-5048576.csv
run-484dc619c6b6ab92,cfg-3bbff1090fab73f9,actor_update,16728.0,completed_run,output/revision_instrumentation/rev-instrumentation-qwen25_3b-gsm8k-c3-s111-full/attempt-5045266/phase-memory-5045266.csv
run-484dc619c6b6ab92,cfg-3bbff1090fab73f9,idle,37140.0,completed_run,output/revision_instrumentation/rev-instrumentation-qwen25_3b-gsm8k-c3-s111-full/attempt-5045266/phase-memory-5045266.csv
run-484dc619c6b6ab92,cfg-3bbff1090fab73f9,initializing,36706.0,completed_run,output/revision_instrumentation/rev-instrumentation-qwen25_3b-gsm8k-c3-s111-full/attempt-5045266/phase-memory-5045266.csv
run-484dc619c6b6ab92,cfg-3bbff1090fab73f9,reference_logprob,11686.0,completed_run,output/revision_instrumentation/rev-instrumentation-qwen25_3b-gsm8k-c3-s111-full/attempt-5045266/phase-memory-5045266.csv
run-484dc619c6b6ab92,cfg-3bbff1090fab73f9,rollout,36840.0,completed_run,output/revision_instrumentation/rev-instrumentation-qwen25_3b-gsm8k-c3-s111-full/attempt-5045266/phase-memory-5045266.csv
run-484dc619c6b6ab92,cfg-3bbff1090fab73f9,weight_sync,37140.0,completed_run,output/revision_instrumentation/rev-instrumentation-qwen25_3b-gsm8k-c3-s111-full/attempt-5045266/phase-memory-5045266.csv
run-48c5d6ebd2802dbe,cfg-399f6b038d6f65f9,actor_update,10606.0,completed_run,output/revision_topology/rev-topology-qwen25_3b-gsm8k-c2-s112-four_gpu/attempt-5045290/phase-memory-5045290.csv
run-48c5d6ebd2802dbe,cfg-399f6b038d6f65f9,idle,29820.0,completed_run,output/revision_topology/rev-topology-qwen25_3b-gsm8k-c2-s112-four_gpu/attempt-5045290/phase-memory-5045290.csv
run-48c5d6ebd2802dbe,cfg-399f6b038d6f65f9,initializing,29548.0,completed_run,output/revision_topology/rev-topology-qwen25_3b-gsm8k-c2-s112-four_gpu/attempt-5045290/phase-memory-5045290.csv
run-48c5d6ebd2802dbe,cfg-399f6b038d6f65f9,reference_logprob,8474.0,completed_run,output/revision_topology/rev-topology-qwen25_3b-gsm8k-c2-s112-four_gpu/attempt-5045290/phase-memory-5045290.csv
run-48c5d6ebd2802dbe,cfg-399f6b038d6f65f9,rollout,29530.0,completed_run,output/revision_topology/rev-topology-qwen25_3b-gsm8k-c2-s112-four_gpu/attempt-5045290/phase-memory-5045290.csv
run-48c5d6ebd2802dbe,cfg-399f6b038d6f65f9,weight_sync,29820.0,completed_run,output/revision_topology/rev-topology-qwen25_3b-gsm8k-c2-s112-four_gpu/attempt-5045290/phase-memory-5045290.csv
run-492ea6e36c2a95f9,cfg-93d4f41e600c9079,actor_update,17392.0,completed_run,output/strengthening_granite_confirmatory/strong-granite-confirmatory-grpo-code_heavy_tail-c4-s92/phase-memory-5031374.csv
run-492ea6e36c2a95f9,cfg-93d4f41e600c9079,idle,40382.0,completed_run,output/strengthening_granite_confirmatory/strong-granite-confirmatory-grpo-code_heavy_tail-c4-s92/phase-memory-5031374.csv
run-492ea6e36c2a95f9,cfg-93d4f41e600c9079,initializing,39956.0,completed_run,output/strengthening_granite_confirmatory/strong-granite-confirmatory-grpo-code_heavy_tail-c4-s92/phase-memory-5031374.csv
run-492ea6e36c2a95f9,cfg-93d4f41e600c9079,reference_logprob,10018.0,completed_run,output/strengthening_granite_confirmatory/strong-granite-confirmatory-grpo-code_heavy_tail-c4-s92/phase-memory-5031374.csv
run-492ea6e36c2a95f9,cfg-93d4f41e600c9079,rollout,40622.0,completed_run,output/strengthening_granite_confirmatory/strong-granite-confirmatory-grpo-code_heavy_tail-c4-s92/phase-memory-5031374.csv
run-492ea6e36c2a95f9,cfg-93d4f41e600c9079,weight_sync,40382.0,completed_run,output/strengthening_granite_confirmatory/strong-granite-confirmatory-grpo-code_heavy_tail-c4-s92/phase-memory-5031374.csv
run-4934a60990bbe4c9,cfg-0a36e5abf5f9732e,actor_update,14294.0,completed_run,output/benchmark_v2_temporal_confirmatory/v2time-grpo-math-qwen25_1p5b-safe_margin-s41/phase-memory-4943156.csv
run-4934a60990bbe4c9,cfg-0a36e5abf5f9732e,idle,26232.0,completed_run,output/benchmark_v2_temporal_confirmatory/v2time-grpo-math-qwen25_1p5b-safe_margin-s41/phase-memory-4943156.csv
run-4934a60990bbe4c9,cfg-0a36e5abf5f9732e,initializing,26522.0,completed_run,output/benchmark_v2_temporal_confirmatory/v2time-grpo-math-qwen25_1p5b-safe_margin-s41/phase-memory-4943156.csv
run-4934a60990bbe4c9,cfg-0a36e5abf5f9732e,reference_logprob,13992.0,completed_run,output/benchmark_v2_temporal_confirmatory/v2time-grpo-math-qwen25_1p5b-safe_margin-s41/phase-memory-4943156.csv
run-4934a60990bbe4c9,cfg-0a36e5abf5f9732e,rollout,29344.0,completed_run,output/benchmark_v2_temporal_confirmatory/v2time-grpo-math-qwen25_1p5b-safe_margin-s41/phase-memory-4943156.csv
run-4934a60990bbe4c9,cfg-0a36e5abf5f9732e,unknown,6842.0,completed_run,output/benchmark_v2_temporal_confirmatory/v2time-grpo-math-qwen25_1p5b-safe_margin-s41/phase-memory-4943156.csv
run-4934a60990bbe4c9,cfg-0a36e5abf5f9732e,weight_sync,26232.0,completed_run,output/benchmark_v2_temporal_confirmatory/v2time-grpo-math-qwen25_1p5b-safe_margin-s41/phase-memory-4943156.csv
run-4aff73c159192f96,cfg-0f8a31ef7ac4c551,actor_update,16310.0,completed_run,output/benchmark_v2_cross_family_confirmatory/v2cf-confirm-phi4_mini-grpo-math_short-c1-s43/phase-memory-4935682.csv
run-4aff73c159192f96,cfg-0f8a31ef7ac4c551,idle,22236.0,completed_run,output/benchmark_v2_cross_family_confirmatory/v2cf-confirm-phi4_mini-grpo-math_short-c1-s43/phase-memory-4935682.csv
run-4aff73c159192f96,cfg-0f8a31ef7ac4c551,initializing,25890.0,completed_run,output/benchmark_v2_cross_family_confirmatory/v2cf-confirm-phi4_mini-grpo-math_short-c1-s43/phase-memory-4935682.csv
run-4aff73c159192f96,cfg-0f8a31ef7ac4c551,reference_logprob,16562.0,completed_run,output/benchmark_v2_cross_family_confirmatory/v2cf-confirm-phi4_mini-grpo-math_short-c1-s43/phase-memory-4935682.csv
run-4aff73c159192f96,cfg-0f8a31ef7ac4c551,rollout,22598.0,completed_run,output/benchmark_v2_cross_family_confirmatory/v2cf-confirm-phi4_mini-grpo-math_short-c1-s43/phase-memory-4935682.csv
run-4aff73c159192f96,cfg-0f8a31ef7ac4c551,weight_sync,26348.0,completed_run,output/benchmark_v2_cross_family_confirmatory/v2cf-confirm-phi4_mini-grpo-math_short-c1-s43/phase-memory-4935682.csv
run-4b11b993eada1544,cfg-d9397d15f234d541,actor_update,12016.0,completed_run,output/strengthening_granite_confirmatory/strong-granite-confirmatory-grpo-code_heavy_tail-c1-s91/phase-memory-5031314.csv
run-4b11b993eada1544,cfg-d9397d15f234d541,idle,21128.0,completed_run,output/strengthening_granite_confirmatory/strong-granite-confirmatory-grpo-code_heavy_tail-c1-s91/phase-memory-5031314.csv
run-4b11b993eada1544,cfg-d9397d15f234d541,initializing,20638.0,completed_run,output/strengthening_granite_confirmatory/strong-granite-confirmatory-grpo-code_heavy_tail-c1-s91/phase-memory-5031314.csv
run-4b11b993eada1544,cfg-d9397d15f234d541,reference_logprob,9892.0,completed_run,output/strengthening_granite_confirmatory/strong-granite-confirmatory-grpo-code_heavy_tail-c1-s91/phase-memory-5031314.csv
run-4b11b993eada1544,cfg-d9397d15f234d541,rollout,21294.0,completed_run,output/strengthening_granite_confirmatory/strong-granite-confirmatory-grpo-code_heavy_tail-c1-s91/phase-memory-5031314.csv
run-4b11b993eada1544,cfg-d9397d15f234d541,weight_sync,19050.0,completed_run,output/strengthening_granite_confirmatory/strong-granite-confirmatory-grpo-code_heavy_tail-c1-s91/phase-memory-5031314.csv
run-4b2dedf555bc2311,cfg-a94bf7877633dfda,actor_update,12740.0,completed_run,output/strengthening_granite_confirmatory/strong-granite-confirmatory-grpo-code_standard-c2-s93/phase-memory-5031381.csv
run-4b2dedf555bc2311,cfg-a94bf7877633dfda,idle,32302.0,completed_run,output/strengthening_granite_confirmatory/strong-granite-confirmatory-grpo-code_standard-c2-s93/phase-memory-5031381.csv
run-4b2dedf555bc2311,cfg-a94bf7877633dfda,initializing,31876.0,completed_run,output/strengthening_granite_confirmatory/strong-granite-confirmatory-grpo-code_standard-c2-s93/phase-memory-5031381.csv
run-4b2dedf555bc2311,cfg-a94bf7877633dfda,reference_logprob,9618.0,completed_run,output/strengthening_granite_confirmatory/strong-granite-confirmatory-grpo-code_standard-c2-s93/phase-memory-5031381.csv
run-4b2dedf555bc2311,cfg-a94bf7877633dfda,rollout,32534.0,completed_run,output/strengthening_granite_confirmatory/strong-granite-confirmatory-grpo-code_standard-c2-s93/phase-memory-5031381.csv
run-4b2dedf555bc2311,cfg-a94bf7877633dfda,weight_sync,31846.0,completed_run,output/strengthening_granite_confirmatory/strong-granite-confirmatory-grpo-code_standard-c2-s93/phase-memory-5031381.csv
run-4b2e1cbb0383f25d,cfg-ea92cccc91029465,initializing,14790.0,terminal_stage_partial,output/major_revision_cross_model_confirmatory/mr-xm-confirm-phi4_mini-grpo-code_standard-c4-s52/phase-memory-5002975.csv
run-4b307bc95f5bdd66,cfg-83aadaf7687932d9,actor_update,16808.0,stage_completion_not_certified,output/revision_instrumentation/rev-instrumentation-qwen25_3b-gsm8k-c4-s112-full/attempt-5045362/phase-memory-5045362.csv
run-4b307bc95f5bdd66,cfg-83aadaf7687932d9,initializing,40812.0,stage_completion_not_certified,output/revision_instrumentation/rev-instrumentation-qwen25_3b-gsm8k-c4-s112-full/attempt-5045362/phase-memory-5045362.csv
run-4b307bc95f5bdd66,cfg-83aadaf7687932d9,reference_logprob,11848.0,stage_completion_not_certified,output/revision_instrumentation/rev-instrumentation-qwen25_3b-gsm8k-c4-s112-full/attempt-5045362/phase-memory-5045362.csv
run-4b307bc95f5bdd66,cfg-83aadaf7687932d9,rollout,40882.0,stage_completion_not_certified,output/revision_instrumentation/rev-instrumentation-qwen25_3b-gsm8k-c4-s112-full/attempt-5045362/phase-memory-5045362.csv
run-4b307bc95f5bdd66,cfg-83aadaf7687932d9,weight_sync,40536.0,terminal_stage_partial,output/revision_instrumentation/rev-instrumentation-qwen25_3b-gsm8k-c4-s112-full/attempt-5045362/phase-memory-5045362.csv
run-4b311a2055282d32,cfg-4feb2171d2cb6476,actor_update,25248.0,completed_run,output/review_instrumentation_batch/review-control-qwen25_3b-code_heavy_tail-s121-external_b16/attempt-5048525/phase-memory-5048525.csv
run-4b311a2055282d32,cfg-4feb2171d2cb6476,idle,33108.0,completed_run,output/review_instrumentation_batch/review-control-qwen25_3b-code_heavy_tail-s121-external_b16/attempt-5048525/phase-memory-5048525.csv
run-4b311a2055282d32,cfg-4feb2171d2cb6476,initializing,32674.0,completed_run,output/review_instrumentation_batch/review-control-qwen25_3b-code_heavy_tail-s121-external_b16/attempt-5048525/phase-memory-5048525.csv
run-4b311a2055282d32,cfg-4feb2171d2cb6476,reference_logprob,13764.0,completed_run,output/review_instrumentation_batch/review-control-qwen25_3b-code_heavy_tail-s121-external_b16/attempt-5048525/phase-memory-5048525.csv
run-4b311a2055282d32,cfg-4feb2171d2cb6476,rollout,33386.0,completed_run,output/review_instrumentation_batch/review-control-qwen25_3b-code_heavy_tail-s121-external_b16/attempt-5048525/phase-memory-5048525.csv
run-4b311a2055282d32,cfg-4feb2171d2cb6476,weight_sync,31662.0,completed_run,output/review_instrumentation_batch/review-control-qwen25_3b-code_heavy_tail-s121-external_b16/attempt-5048525/phase-memory-5048525.csv
run-4b476a65f0093e3c,cfg-301e4dae7048c6ec,actor_update,12312.0,completed_run,output/revision_topology/rev-topology-phi4_mini-gsm8k-c2-s113-four_gpu/attempt-5045347/phase-memory-5045347.csv
run-4b476a65f0093e3c,cfg-301e4dae7048c6ec,idle,31658.0,completed_run,output/revision_topology/rev-topology-phi4_mini-gsm8k-c2-s113-four_gpu/attempt-5045347/phase-memory-5045347.csv
run-4b476a65f0093e3c,cfg-301e4dae7048c6ec,initializing,31586.0,completed_run,output/revision_topology/rev-topology-phi4_mini-gsm8k-c2-s113-four_gpu/attempt-5045347/phase-memory-5045347.csv
run-4b476a65f0093e3c,cfg-301e4dae7048c6ec,reference_logprob,9960.0,completed_run,output/revision_topology/rev-topology-phi4_mini-gsm8k-c2-s113-four_gpu/attempt-5045347/phase-memory-5045347.csv
run-4b476a65f0093e3c,cfg-301e4dae7048c6ec,rollout,31460.0,completed_run,output/revision_topology/rev-topology-phi4_mini-gsm8k-c2-s113-four_gpu/attempt-5045347/phase-memory-5045347.csv
run-4b476a65f0093e3c,cfg-301e4dae7048c6ec,weight_sync,31658.0,completed_run,output/revision_topology/rev-topology-phi4_mini-gsm8k-c2-s113-four_gpu/attempt-5045347/phase-memory-5045347.csv
run-4c3884b712abcf88,cfg-b828e98cedba337e,actor_update,19262.0,completed_run,output/revision_instrumentation/rev-instrumentation-qwen25_3b-math-c3-s111-full/attempt-5045289/phase-memory-5045289.csv
run-4c3884b712abcf88,cfg-b828e98cedba337e,idle,37478.0,completed_run,output/revision_instrumentation/rev-instrumentation-qwen25_3b-math-c3-s111-full/attempt-5045289/phase-memory-5045289.csv
run-4c3884b712abcf88,cfg-b828e98cedba337e,initializing,37314.0,completed_run,output/revision_instrumentation/rev-instrumentation-qwen25_3b-math-c3-s111-full/attempt-5045289/phase-memory-5045289.csv
run-4c3884b712abcf88,cfg-b828e98cedba337e,reference_logprob,13982.0,completed_run,output/revision_instrumentation/rev-instrumentation-qwen25_3b-math-c3-s111-full/attempt-5045289/phase-memory-5045289.csv
run-4c3884b712abcf88,cfg-b828e98cedba337e,rollout,37256.0,completed_run,output/revision_instrumentation/rev-instrumentation-qwen25_3b-math-c3-s111-full/attempt-5045289/phase-memory-5045289.csv
run-4c3884b712abcf88,cfg-b828e98cedba337e,weight_sync,37478.0,completed_run,output/revision_instrumentation/rev-instrumentation-qwen25_3b-math-c3-s111-full/attempt-5045289/phase-memory-5045289.csv
run-4c59518a178f04f0,cfg-835067f7405e89a2,actor_update,14328.0,completed_run,output/strengthening_granite_confirmatory/strong-granite-confirmatory-grpo-math_short-c3-s91/phase-memory-5031368.csv
run-4c59518a178f04f0,cfg-835067f7405e89a2,idle,36670.0,completed_run,output/strengthening_granite_confirmatory/strong-granite-confirmatory-grpo-math_short-c3-s91/phase-memory-5031368.csv
run-4c59518a178f04f0,cfg-835067f7405e89a2,initializing,36308.0,completed_run,output/strengthening_granite_confirmatory/strong-granite-confirmatory-grpo-math_short-c3-s91/phase-memory-5031368.csv
run-4c59518a178f04f0,cfg-835067f7405e89a2,reference_logprob,10346.0,completed_run,output/strengthening_granite_confirmatory/strong-granite-confirmatory-grpo-math_short-c3-s91/phase-memory-5031368.csv
run-4c59518a178f04f0,cfg-835067f7405e89a2,rollout,36518.0,completed_run,output/strengthening_granite_confirmatory/strong-granite-confirmatory-grpo-math_short-c3-s91/phase-memory-5031368.csv
run-4c59518a178f04f0,cfg-835067f7405e89a2,weight_sync,36670.0,completed_run,output/strengthening_granite_confirmatory/strong-granite-confirmatory-grpo-math_short-c3-s91/phase-memory-5031368.csv
run-4d311effb603c38a,cfg-fd5bb0db68b0dae3,actor_update,10634.0,completed_run,output/strengthening_granite_confirmatory/strong-granite-confirmatory-grpo-gsm8k_long-c0-s91/phase-memory-5031218.csv
run-4d311effb603c38a,cfg-fd5bb0db68b0dae3,idle,15028.0,completed_run,output/strengthening_granite_confirmatory/strong-granite-confirmatory-grpo-gsm8k_long-c0-s91/phase-memory-5031218.csv
run-4d311effb603c38a,cfg-fd5bb0db68b0dae3,initializing,18526.0,completed_run,output/strengthening_granite_confirmatory/strong-granite-confirmatory-grpo-gsm8k_long-c0-s91/phase-memory-5031218.csv
run-4d311effb603c38a,cfg-fd5bb0db68b0dae3,reference_logprob,9466.0,completed_run,output/strengthening_granite_confirmatory/strong-granite-confirmatory-grpo-gsm8k_long-c0-s91/phase-memory-5031218.csv
run-4d311effb603c38a,cfg-fd5bb0db68b0dae3,rollout,14592.0,completed_run,output/strengthening_granite_confirmatory/strong-granite-confirmatory-grpo-gsm8k_long-c0-s91/phase-memory-5031218.csv
run-4d311effb603c38a,cfg-fd5bb0db68b0dae3,weight_sync,19030.0,completed_run,output/strengthening_granite_confirmatory/strong-granite-confirmatory-grpo-gsm8k_long-c0-s91/phase-memory-5031218.csv
run-4d58c2f4f590de82,cfg-399f6b038d6f65f9,actor_update,10802.0,completed_run,output/revision_topology/rev-topology-qwen25_3b-gsm8k-c2-s113-four_gpu/attempt-5045291/phase-memory-5045291.csv
run-4d58c2f4f590de82,cfg-399f6b038d6f65f9,idle,29820.0,completed_run,output/revision_topology/rev-topology-qwen25_3b-gsm8k-c2-s113-four_gpu/attempt-5045291/phase-memory-5045291.csv
run-4d58c2f4f590de82,cfg-399f6b038d6f65f9,initializing,29548.0,completed_run,output/revision_topology/rev-topology-qwen25_3b-gsm8k-c2-s113-four_gpu/attempt-5045291/phase-memory-5045291.csv
run-4d58c2f4f590de82,cfg-399f6b038d6f65f9,reference_logprob,8536.0,completed_run,output/revision_topology/rev-topology-qwen25_3b-gsm8k-c2-s113-four_gpu/attempt-5045291/phase-memory-5045291.csv
run-4d58c2f4f590de82,cfg-399f6b038d6f65f9,rollout,29530.0,completed_run,output/revision_topology/rev-topology-qwen25_3b-gsm8k-c2-s113-four_gpu/attempt-5045291/phase-memory-5045291.csv
run-4d58c2f4f590de82,cfg-399f6b038d6f65f9,weight_sync,29820.0,completed_run,output/revision_topology/rev-topology-qwen25_3b-gsm8k-c2-s113-four_gpu/attempt-5045291/phase-memory-5045291.csv
run-4d737d030972c3b2,cfg-c2d27e8a89945048,actor_update,16824.0,completed_run,output/strengthening_factorial/strong-factorial-qwen25_3b-grpo-gsm8k-joint-s95/phase-memory-5032041.csv
run-4d737d030972c3b2,cfg-c2d27e8a89945048,idle,37140.0,completed_run,output/strengthening_factorial/strong-factorial-qwen25_3b-grpo-gsm8k-joint-s95/phase-memory-5032041.csv
run-4d737d030972c3b2,cfg-c2d27e8a89945048,initializing,36706.0,completed_run,output/strengthening_factorial/strong-factorial-qwen25_3b-grpo-gsm8k-joint-s95/phase-memory-5032041.csv
run-4d737d030972c3b2,cfg-c2d27e8a89945048,reference_logprob,11826.0,completed_run,output/strengthening_factorial/strong-factorial-qwen25_3b-grpo-gsm8k-joint-s95/phase-memory-5032041.csv
run-4d737d030972c3b2,cfg-c2d27e8a89945048,rollout,36732.0,completed_run,output/strengthening_factorial/strong-factorial-qwen25_3b-grpo-gsm8k-joint-s95/phase-memory-5032041.csv
run-4d737d030972c3b2,cfg-c2d27e8a89945048,weight_sync,37140.0,completed_run,output/strengthening_factorial/strong-factorial-qwen25_3b-grpo-gsm8k-joint-s95/phase-memory-5032041.csv
run-4d85ecf4c596270f,cfg-acfa4acda15c3599,actor_update,13764.0,completed_run,output/strengthening_granite_confirmatory/strong-granite-confirmatory-grpo-code_heavy_tail-c2-s92/phase-memory-5031346.csv
run-4d85ecf4c596270f,cfg-acfa4acda15c3599,idle,32302.0,completed_run,output/strengthening_granite_confirmatory/strong-granite-confirmatory-grpo-code_heavy_tail-c2-s92/phase-memory-5031346.csv
run-4d85ecf4c596270f,cfg-acfa4acda15c3599,initializing,31876.0,completed_run,output/strengthening_granite_confirmatory/strong-granite-confirmatory-grpo-code_heavy_tail-c2-s92/phase-memory-5031346.csv
run-4d85ecf4c596270f,cfg-acfa4acda15c3599,reference_logprob,9976.0,completed_run,output/strengthening_granite_confirmatory/strong-granite-confirmatory-grpo-code_heavy_tail-c2-s92/phase-memory-5031346.csv
run-4d85ecf4c596270f,cfg-acfa4acda15c3599,rollout,32532.0,completed_run,output/strengthening_granite_confirmatory/strong-granite-confirmatory-grpo-code_heavy_tail-c2-s92/phase-memory-5031346.csv
run-4d85ecf4c596270f,cfg-acfa4acda15c3599,weight_sync,31390.0,completed_run,output/strengthening_granite_confirmatory/strong-granite-confirmatory-grpo-code_heavy_tail-c2-s92/phase-memory-5031346.csv
run-4df756bff5e8effb,cfg-42a07dcd991102a7,actor_update,12658.0,completed_run,output/strengthening_factorial/strong-factorial-granite33_2b-grpo-code_standard-base-s96/phase-memory-5031316.csv
run-4df756bff5e8effb,cfg-42a07dcd991102a7,idle,32302.0,completed_run,output/strengthening_factorial/strong-factorial-granite33_2b-grpo-code_standard-base-s96/phase-memory-5031316.csv
run-4df756bff5e8effb,cfg-42a07dcd991102a7,initializing,31876.0,completed_run,output/strengthening_factorial/strong-factorial-granite33_2b-grpo-code_standard-base-s96/phase-memory-5031316.csv
run-4df756bff5e8effb,cfg-42a07dcd991102a7,reference_logprob,9656.0,completed_run,output/strengthening_factorial/strong-factorial-granite33_2b-grpo-code_standard-base-s96/phase-memory-5031316.csv
run-4df756bff5e8effb,cfg-42a07dcd991102a7,rollout,32254.0,completed_run,output/strengthening_factorial/strong-factorial-granite33_2b-grpo-code_standard-base-s96/phase-memory-5031316.csv
run-4df756bff5e8effb,cfg-42a07dcd991102a7,weight_sync,32302.0,completed_run,output/strengthening_factorial/strong-factorial-granite33_2b-grpo-code_standard-base-s96/phase-memory-5031316.csv
run-4e23512e22aee8f4,cfg-9f624ec22aa3dde0,actor_update,11166.0,completed_run,output/revision_topology/rev-topology-granite33_2b-math-c4-s111-four_gpu/attempt-5045428/phase-memory-5045428.csv
run-4e23512e22aee8f4,cfg-9f624ec22aa3dde0,idle,38148.0,completed_run,output/revision_topology/rev-topology-granite33_2b-math-c4-s111-four_gpu/attempt-5045428/phase-memory-5045428.csv
run-4e23512e22aee8f4,cfg-9f624ec22aa3dde0,initializing,37958.0,completed_run,output/revision_topology/rev-topology-granite33_2b-math-c4-s111-four_gpu/attempt-5045428/phase-memory-5045428.csv
run-4e23512e22aee8f4,cfg-9f624ec22aa3dde0,reference_logprob,7858.0,completed_run,output/revision_topology/rev-topology-granite33_2b-math-c4-s111-four_gpu/attempt-5045428/phase-memory-5045428.csv
run-4e23512e22aee8f4,cfg-9f624ec22aa3dde0,rollout,37922.0,completed_run,output/revision_topology/rev-topology-granite33_2b-math-c4-s111-four_gpu/attempt-5045428/phase-memory-5045428.csv
run-4e23512e22aee8f4,cfg-9f624ec22aa3dde0,weight_sync,38108.0,completed_run,output/revision_topology/rev-topology-granite33_2b-math-c4-s111-four_gpu/attempt-5045428/phase-memory-5045428.csv
run-4f1029139447af41,cfg-00e028aa49d34e64,actor_update,19662.0,completed_run,output/strengthening_factorial/strong-factorial-phi4_mini-grpo-gsm8k-joint-s94/phase-memory-5031807.csv
run-4f1029139447af41,cfg-00e028aa49d34e64,idle,39550.0,completed_run,output/strengthening_factorial/strong-factorial-phi4_mini-grpo-gsm8k-joint-s94/phase-memory-5031807.csv
run-4f1029139447af41,cfg-00e028aa49d34e64,initializing,39430.0,completed_run,output/strengthening_factorial/strong-factorial-phi4_mini-grpo-gsm8k-joint-s94/phase-memory-5031807.csv
run-4f1029139447af41,cfg-00e028aa49d34e64,reference_logprob,14272.0,completed_run,output/strengthening_factorial/strong-factorial-phi4_mini-grpo-gsm8k-joint-s94/phase-memory-5031807.csv
run-4f1029139447af41,cfg-00e028aa49d34e64,rollout,39354.0,completed_run,output/strengthening_factorial/strong-factorial-phi4_mini-grpo-gsm8k-joint-s94/phase-memory-5031807.csv
run-4f1029139447af41,cfg-00e028aa49d34e64,weight_sync,39550.0,completed_run,output/strengthening_factorial/strong-factorial-phi4_mini-grpo-gsm8k-joint-s94/phase-memory-5031807.csv
run-5073cf9ce4ee4bbe,cfg-2178e5e1edeaba78,actor_update,25788.0,completed_run,output/review_instrumentation_batch/review-control-qwen25_3b-code_heavy_tail-s121-full_b16/attempt-5048525/phase-memory-5048525.csv
run-5073cf9ce4ee4bbe,cfg-2178e5e1edeaba78,idle,33108.0,completed_run,output/review_instrumentation_batch/review-control-qwen25_3b-code_heavy_tail-s121-full_b16/attempt-5048525/phase-memory-5048525.csv
run-5073cf9ce4ee4bbe,cfg-2178e5e1edeaba78,initializing,32674.0,completed_run,output/review_instrumentation_batch/review-control-qwen25_3b-code_heavy_tail-s121-full_b16/attempt-5048525/phase-memory-5048525.csv
run-5073cf9ce4ee4bbe,cfg-2178e5e1edeaba78,reference_logprob,13804.0,completed_run,output/review_instrumentation_batch/review-control-qwen25_3b-code_heavy_tail-s121-full_b16/attempt-5048525/phase-memory-5048525.csv
run-5073cf9ce4ee4bbe,cfg-2178e5e1edeaba78,rollout,33386.0,completed_run,output/review_instrumentation_batch/review-control-qwen25_3b-code_heavy_tail-s121-full_b16/attempt-5048525/phase-memory-5048525.csv
run-5073cf9ce4ee4bbe,cfg-2178e5e1edeaba78,weight_sync,33108.0,completed_run,output/review_instrumentation_batch/review-control-qwen25_3b-code_heavy_tail-s121-full_b16/attempt-5048525/phase-memory-5048525.csv
run-5175680fbb8fe282,cfg-c38f036ca97204f7,actor_update,21112.0,completed_run,output/benchmark_v2_temporal_confirmatory/v2time-grpo-gsm8k-qwen25_3b-safe_margin-s43/phase-memory-4942457.csv
run-5175680fbb8fe282,cfg-c38f036ca97204f7,idle,29730.0,completed_run,output/benchmark_v2_temporal_confirmatory/v2time-grpo-gsm8k-qwen25_3b-safe_margin-s43/phase-memory-4942457.csv
run-5175680fbb8fe282,cfg-c38f036ca97204f7,initializing,29862.0,completed_run,output/benchmark_v2_temporal_confirmatory/v2time-grpo-gsm8k-qwen25_3b-safe_margin-s43/phase-memory-4942457.csv
run-5175680fbb8fe282,cfg-c38f036ca97204f7,reference_logprob,15602.0,completed_run,output/benchmark_v2_temporal_confirmatory/v2time-grpo-gsm8k-qwen25_3b-safe_margin-s43/phase-memory-4942457.csv
run-5175680fbb8fe282,cfg-c38f036ca97204f7,rollout,31752.0,completed_run,output/benchmark_v2_temporal_confirmatory/v2time-grpo-gsm8k-qwen25_3b-safe_margin-s43/phase-memory-4942457.csv
run-5175680fbb8fe282,cfg-c38f036ca97204f7,weight_sync,29730.0,completed_run,output/benchmark_v2_temporal_confirmatory/v2time-grpo-gsm8k-qwen25_3b-safe_margin-s43/phase-memory-4942457.csv
run-5186b71961deb472,cfg-2afbe250af9cd3e1,actor_update,11210.0,completed_run,output/revision_topology/rev-topology-granite33_2b-math-c3-s111-four_gpu/attempt-5045407/phase-memory-5045407.csv
run-5186b71961deb472,cfg-2afbe250af9cd3e1,idle,34068.0,completed_run,output/revision_topology/rev-topology-granite33_2b-math-c3-s111-four_gpu/attempt-5045407/phase-memory-5045407.csv
run-5186b71961deb472,cfg-2afbe250af9cd3e1,initializing,33878.0,completed_run,output/revision_topology/rev-topology-granite33_2b-math-c3-s111-four_gpu/attempt-5045407/phase-memory-5045407.csv
run-5186b71961deb472,cfg-2afbe250af9cd3e1,reference_logprob,7838.0,completed_run,output/revision_topology/rev-topology-granite33_2b-math-c3-s111-four_gpu/attempt-5045407/phase-memory-5045407.csv
run-5186b71961deb472,cfg-2afbe250af9cd3e1,rollout,33834.0,completed_run,output/revision_topology/rev-topology-granite33_2b-math-c3-s111-four_gpu/attempt-5045407/phase-memory-5045407.csv
run-5186b71961deb472,cfg-2afbe250af9cd3e1,weight_sync,34048.0,completed_run,output/revision_topology/rev-topology-granite33_2b-math-c3-s111-four_gpu/attempt-5045407/phase-memory-5045407.csv
run-51f8094f3e56995a,cfg-73498805917fd151,actor_update,12942.0,completed_run,output/revision_instrumentation/rev-instrumentation-granite33_2b-gsm8k-c3-s111-external/attempt-5045376/phase-memory-5045376.csv
run-51f8094f3e56995a,cfg-73498805917fd151,idle,36302.0,completed_run,output/revision_instrumentation/rev-instrumentation-granite33_2b-gsm8k-c3-s111-external/attempt-5045376/phase-memory-5045376.csv
run-51f8094f3e56995a,cfg-73498805917fd151,initializing,35876.0,completed_run,output/revision_instrumentation/rev-instrumentation-granite33_2b-gsm8k-c3-s111-external/attempt-5045376/phase-memory-5045376.csv
run-51f8094f3e56995a,cfg-73498805917fd151,reference_logprob,9436.0,completed_run,output/revision_instrumentation/rev-instrumentation-granite33_2b-gsm8k-c3-s111-external/attempt-5045376/phase-memory-5045376.csv
run-51f8094f3e56995a,cfg-73498805917fd151,rollout,35922.0,completed_run,output/revision_instrumentation/rev-instrumentation-granite33_2b-gsm8k-c3-s111-external/attempt-5045376/phase-memory-5045376.csv
run-51f8094f3e56995a,cfg-73498805917fd151,weight_sync,36302.0,completed_run,output/revision_instrumentation/rev-instrumentation-granite33_2b-gsm8k-c3-s111-external/attempt-5045376/phase-memory-5045376.csv
run-522f71419d096954,cfg-f989b39cd682f07b,actor_update,12446.0,completed_run,output/strengthening_factorial/strong-factorial-granite33_2b-grpo-math_short-reservation_only-s95/phase-memory-5031435.csv
run-522f71419d096954,cfg-f989b39cd682f07b,idle,36690.0,completed_run,output/strengthening_factorial/strong-factorial-granite33_2b-grpo-math_short-reservation_only-s95/phase-memory-5031435.csv
run-522f71419d096954,cfg-f989b39cd682f07b,initializing,36308.0,completed_run,output/strengthening_factorial/strong-factorial-granite33_2b-grpo-math_short-reservation_only-s95/phase-memory-5031435.csv
run-522f71419d096954,cfg-f989b39cd682f07b,reference_logprob,10344.0,completed_run,output/strengthening_factorial/strong-factorial-granite33_2b-grpo-math_short-reservation_only-s95/phase-memory-5031435.csv
run-522f71419d096954,cfg-f989b39cd682f07b,rollout,36436.0,completed_run,output/strengthening_factorial/strong-factorial-granite33_2b-grpo-math_short-reservation_only-s95/phase-memory-5031435.csv
run-522f71419d096954,cfg-f989b39cd682f07b,weight_sync,36690.0,completed_run,output/strengthening_factorial/strong-factorial-granite33_2b-grpo-math_short-reservation_only-s95/phase-memory-5031435.csv
run-5284f13cbef5573a,cfg-14d47144a7cbb833,actor_update,18390.0,completed_run,output/strengthening_factorial/strong-factorial-phi4_mini-grpo-gsm8k-base-s96/phase-memory-5031780.csv
run-5284f13cbef5573a,cfg-14d47144a7cbb833,idle,35518.0,completed_run,output/strengthening_factorial/strong-factorial-phi4_mini-grpo-gsm8k-base-s96/phase-memory-5031780.csv
run-5284f13cbef5573a,cfg-14d47144a7cbb833,initializing,35398.0,completed_run,output/strengthening_factorial/strong-factorial-phi4_mini-grpo-gsm8k-base-s96/phase-memory-5031780.csv
run-5284f13cbef5573a,cfg-14d47144a7cbb833,reference_logprob,15432.0,completed_run,output/strengthening_factorial/strong-factorial-phi4_mini-grpo-gsm8k-base-s96/phase-memory-5031780.csv
run-5284f13cbef5573a,cfg-14d47144a7cbb833,rollout,35322.0,completed_run,output/strengthening_factorial/strong-factorial-phi4_mini-grpo-gsm8k-base-s96/phase-memory-5031780.csv
run-5284f13cbef5573a,cfg-14d47144a7cbb833,weight_sync,35518.0,completed_run,output/strengthening_factorial/strong-factorial-phi4_mini-grpo-gsm8k-base-s96/phase-memory-5031780.csv
run-532100dadd21e618,cfg-195974eaa7e946e0,actor_update,14590.0,completed_run,output/revision_temporal/rev-temporal-granite33_2b-math-interpolated-s113-source/attempt-5045335/phase-memory-5045335.csv
run-532100dadd21e618,cfg-195974eaa7e946e0,checkpoint,14590.0,completed_run,output/revision_temporal/rev-temporal-granite33_2b-math-interpolated-s113-source/attempt-5045335/phase-memory-5045335.csv
run-532100dadd21e618,cfg-195974eaa7e946e0,idle,38348.0,completed_run,output/revision_temporal/rev-temporal-granite33_2b-math-interpolated-s113-source/attempt-5045335/phase-memory-5045335.csv
run-532100dadd21e618,cfg-195974eaa7e946e0,initializing,38388.0,completed_run,output/revision_temporal/rev-temporal-granite33_2b-math-interpolated-s113-source/attempt-5045335/phase-memory-5045335.csv
run-532100dadd21e618,cfg-195974eaa7e946e0,reference_logprob,10424.0,completed_run,output/revision_temporal/rev-temporal-granite33_2b-math-interpolated-s113-source/attempt-5045335/phase-memory-5045335.csv
run-532100dadd21e618,cfg-195974eaa7e946e0,rollout,38550.0,completed_run,output/revision_temporal/rev-temporal-granite33_2b-math-interpolated-s113-source/attempt-5045335/phase-memory-5045335.csv
run-532100dadd21e618,cfg-195974eaa7e946e0,validation,38860.0,completed_run,output/revision_temporal/rev-temporal-granite33_2b-math-interpolated-s113-source/attempt-5045335/phase-memory-5045335.csv
run-532100dadd21e618,cfg-195974eaa7e946e0,weight_sync,38750.0,completed_run,output/revision_temporal/rev-temporal-granite33_2b-math-interpolated-s113-source/attempt-5045335/phase-memory-5045335.csv
run-53377d86e2b44eb1,cfg-a3987314cb2f9f12,actor_update,22934.0,completed_run,output/benchmark_v2_cross_family_confirmatory/v2cf-confirm-phi4_mini-grpo-math_short-c3-s42/phase-memory-4936296.csv
run-53377d86e2b44eb1,cfg-a3987314cb2f9f12,idle,39842.0,completed_run,output/benchmark_v2_cross_family_confirmatory/v2cf-confirm-phi4_mini-grpo-math_short-c3-s42/phase-memory-4936296.csv
run-53377d86e2b44eb1,cfg-a3987314cb2f9f12,initializing,40016.0,completed_run,output/benchmark_v2_cross_family_confirmatory/v2cf-confirm-phi4_mini-grpo-math_short-c3-s42/phase-memory-4936296.csv
run-53377d86e2b44eb1,cfg-a3987314cb2f9f12,reference_logprob,16988.0,completed_run,output/benchmark_v2_cross_family_confirmatory/v2cf-confirm-phi4_mini-grpo-math_short-c3-s42/phase-memory-4936296.csv
run-53377d86e2b44eb1,cfg-a3987314cb2f9f12,rollout,40080.0,completed_run,output/benchmark_v2_cross_family_confirmatory/v2cf-confirm-phi4_mini-grpo-math_short-c3-s42/phase-memory-4936296.csv
run-53377d86e2b44eb1,cfg-a3987314cb2f9f12,weight_sync,39842.0,completed_run,output/benchmark_v2_cross_family_confirmatory/v2cf-confirm-phi4_mini-grpo-math_short-c3-s42/phase-memory-4936296.csv
run-5374e3760d9decfe,cfg-5c14e44760909675,actor_update,14732.0,completed_run,output/strengthening_same_node_residency/strong-node-qwen25_1p5b-grpo-math-near_boundary-s81-p2-release/phase-memory-5031044.csv
run-5374e3760d9decfe,cfg-5c14e44760909675,idle,34210.0,completed_run,output/strengthening_same_node_residency/strong-node-qwen25_1p5b-grpo-math-near_boundary-s81-p2-release/phase-memory-5031044.csv
run-5374e3760d9decfe,cfg-5c14e44760909675,initializing,34202.0,completed_run,output/strengthening_same_node_residency/strong-node-qwen25_1p5b-grpo-math-near_boundary-s81-p2-release/phase-memory-5031044.csv
run-5374e3760d9decfe,cfg-5c14e44760909675,reference_logprob,10180.0,completed_run,output/strengthening_same_node_residency/strong-node-qwen25_1p5b-grpo-math-near_boundary-s81-p2-release/phase-memory-5031044.csv
run-5374e3760d9decfe,cfg-5c14e44760909675,rollout,34130.0,completed_run,output/strengthening_same_node_residency/strong-node-qwen25_1p5b-grpo-math-near_boundary-s81-p2-release/phase-memory-5031044.csv
run-5374e3760d9decfe,cfg-5c14e44760909675,weight_sync,34210.0,completed_run,output/strengthening_same_node_residency/strong-node-qwen25_1p5b-grpo-math-near_boundary-s81-p2-release/phase-memory-5031044.csv
run-54093b16e1b0757e,cfg-0d9ba9215ab5683e,actor_update,21148.0,completed_run,output/major_revision_cross_model_confirmatory/mr-xm-confirm-qwen25_3b-grpo-code_standard-c3-s53/phase-memory-4999411.csv
run-54093b16e1b0757e,cfg-0d9ba9215ab5683e,idle,37140.0,completed_run,output/major_revision_cross_model_confirmatory/mr-xm-confirm-qwen25_3b-grpo-code_standard-c3-s53/phase-memory-4999411.csv
run-54093b16e1b0757e,cfg-0d9ba9215ab5683e,initializing,36706.0,completed_run,output/major_revision_cross_model_confirmatory/mr-xm-confirm-qwen25_3b-grpo-code_standard-c3-s53/phase-memory-4999411.csv
run-54093b16e1b0757e,cfg-0d9ba9215ab5683e,reference_logprob,12926.0,completed_run,output/major_revision_cross_model_confirmatory/mr-xm-confirm-qwen25_3b-grpo-code_standard-c3-s53/phase-memory-4999411.csv
run-54093b16e1b0757e,cfg-0d9ba9215ab5683e,rollout,37418.0,completed_run,output/major_revision_cross_model_confirmatory/mr-xm-confirm-qwen25_3b-grpo-code_standard-c3-s53/phase-memory-4999411.csv
run-54093b16e1b0757e,cfg-0d9ba9215ab5683e,weight_sync,35952.0,completed_run,output/major_revision_cross_model_confirmatory/mr-xm-confirm-qwen25_3b-grpo-code_standard-c3-s53/phase-memory-4999411.csv
run-544c94c6f59efe23,cfg-b68e9036992511d4,actor_update,29572.0,completed_run,output/strengthening_same_node_residency/strong-node-qwen25_3b-grpo-math-safe_margin-s83-p1-resident/phase-memory-5031149.csv
run-544c94c6f59efe23,cfg-b68e9036992511d4,idle,17588.0,completed_run,output/strengthening_same_node_residency/strong-node-qwen25_3b-grpo-math-safe_margin-s83-p1-resident/phase-memory-5031149.csv
run-544c94c6f59efe23,cfg-b68e9036992511d4,initializing,29510.0,completed_run,output/strengthening_same_node_residency/strong-node-qwen25_3b-grpo-math-safe_margin-s83-p1-resident/phase-memory-5031149.csv
run-544c94c6f59efe23,cfg-b68e9036992511d4,reference_logprob,32608.0,completed_run,output/strengthening_same_node_residency/strong-node-qwen25_3b-grpo-math-safe_margin-s83-p1-resident/phase-memory-5031149.csv
run-544c94c6f59efe23,cfg-b68e9036992511d4,rollout,19454.0,completed_run,output/strengthening_same_node_residency/strong-node-qwen25_3b-grpo-math-safe_margin-s83-p1-resident/phase-memory-5031149.csv
run-544c94c6f59efe23,cfg-b68e9036992511d4,weight_sync,31878.0,completed_run,output/strengthening_same_node_residency/strong-node-qwen25_3b-grpo-math-safe_margin-s83-p1-resident/phase-memory-5031149.csv
run-54aa08141b2d9cfd,cfg-44b1b60788cfb061,actor_update,11526.0,completed_run,output/strengthening_same_node_residency/strong-node-qwen25_3b-grpo-gsm8k-safe_margin-s83-p2-release/phase-memory-5031106.csv
run-54aa08141b2d9cfd,cfg-44b1b60788cfb061,idle,14914.0,completed_run,output/strengthening_same_node_residency/strong-node-qwen25_3b-grpo-gsm8k-safe_margin-s83-p2-release/phase-memory-5031106.csv
run-54aa08141b2d9cfd,cfg-44b1b60788cfb061,initializing,20996.0,completed_run,output/strengthening_same_node_residency/strong-node-qwen25_3b-grpo-gsm8k-safe_margin-s83-p2-release/phase-memory-5031106.csv
run-54aa08141b2d9cfd,cfg-44b1b60788cfb061,reference_logprob,11766.0,completed_run,output/strengthening_same_node_residency/strong-node-qwen25_3b-grpo-gsm8k-safe_margin-s83-p2-release/phase-memory-5031106.csv
run-54aa08141b2d9cfd,cfg-44b1b60788cfb061,rollout,14380.0,completed_run,output/strengthening_same_node_residency/strong-node-qwen25_3b-grpo-gsm8k-safe_margin-s83-p2-release/phase-memory-5031106.csv
run-54aa08141b2d9cfd,cfg-44b1b60788cfb061,weight_sync,21540.0,completed_run,output/strengthening_same_node_residency/strong-node-qwen25_3b-grpo-gsm8k-safe_margin-s83-p2-release/phase-memory-5031106.csv
run-550825b0812c77b8,cfg-e82e70f37087dd01,actor_update,16988.0,completed_run,output/strengthening_factorial/strong-factorial-qwen25_3b-grpo-code_standard-reservation_only-s95/phase-memory-5032018.csv
run-550825b0812c77b8,cfg-e82e70f37087dd01,idle,37140.0,completed_run,output/strengthening_factorial/strong-factorial-qwen25_3b-grpo-code_standard-reservation_only-s95/phase-memory-5032018.csv
run-550825b0812c77b8,cfg-e82e70f37087dd01,initializing,36706.0,completed_run,output/strengthening_factorial/strong-factorial-qwen25_3b-grpo-code_standard-reservation_only-s95/phase-memory-5032018.csv
run-550825b0812c77b8,cfg-e82e70f37087dd01,reference_logprob,12926.0,completed_run,output/strengthening_factorial/strong-factorial-qwen25_3b-grpo-code_standard-reservation_only-s95/phase-memory-5032018.csv
run-550825b0812c77b8,cfg-e82e70f37087dd01,rollout,37418.0,completed_run,output/strengthening_factorial/strong-factorial-qwen25_3b-grpo-code_standard-reservation_only-s95/phase-memory-5032018.csv
run-550825b0812c77b8,cfg-e82e70f37087dd01,weight_sync,37140.0,completed_run,output/strengthening_factorial/strong-factorial-qwen25_3b-grpo-code_standard-reservation_only-s95/phase-memory-5032018.csv
run-554ea10676e8ad6e,cfg-b828e98cedba337e,actor_update,18806.0,completed_run,output/revision_instrumentation/rev-instrumentation-qwen25_3b-math-c3-s112-full/attempt-5045311/phase-memory-5045311.csv
run-554ea10676e8ad6e,cfg-b828e98cedba337e,idle,37478.0,completed_run,output/revision_instrumentation/rev-instrumentation-qwen25_3b-math-c3-s112-full/attempt-5045311/phase-memory-5045311.csv
run-554ea10676e8ad6e,cfg-b828e98cedba337e,initializing,37314.0,completed_run,output/revision_instrumentation/rev-instrumentation-qwen25_3b-math-c3-s112-full/attempt-5045311/phase-memory-5045311.csv
run-554ea10676e8ad6e,cfg-b828e98cedba337e,reference_logprob,13882.0,completed_run,output/revision_instrumentation/rev-instrumentation-qwen25_3b-math-c3-s112-full/attempt-5045311/phase-memory-5045311.csv
run-554ea10676e8ad6e,cfg-b828e98cedba337e,rollout,37224.0,completed_run,output/revision_instrumentation/rev-instrumentation-qwen25_3b-math-c3-s112-full/attempt-5045311/phase-memory-5045311.csv
run-554ea10676e8ad6e,cfg-b828e98cedba337e,weight_sync,37478.0,completed_run,output/revision_instrumentation/rev-instrumentation-qwen25_3b-math-c3-s112-full/attempt-5045311/phase-memory-5045311.csv
run-55b6ce6fbfd629cf,cfg-cc030db9324662ea,actor_update,13038.0,completed_run,output/revision_temporal/rev-temporal-granite33_2b-gsm8k-interpolated-s111-source/attempt-5045341/phase-memory-5045341.csv
run-55b6ce6fbfd629cf,cfg-cc030db9324662ea,checkpoint,13038.0,completed_run,output/revision_temporal/rev-temporal-granite33_2b-gsm8k-interpolated-s111-source/attempt-5045341/phase-memory-5045341.csv
run-55b6ce6fbfd629cf,cfg-cc030db9324662ea,initializing,37956.0,completed_run,output/revision_temporal/rev-temporal-granite33_2b-gsm8k-interpolated-s111-source/attempt-5045341/phase-memory-5045341.csv
run-55b6ce6fbfd629cf,cfg-cc030db9324662ea,reference_logprob,9436.0,completed_run,output/revision_temporal/rev-temporal-granite33_2b-gsm8k-interpolated-s111-source/attempt-5045341/phase-memory-5045341.csv
run-55b6ce6fbfd629cf,cfg-cc030db9324662ea,rollout,38040.0,completed_run,output/revision_temporal/rev-temporal-granite33_2b-gsm8k-interpolated-s111-source/attempt-5045341/phase-memory-5045341.csv
run-55b6ce6fbfd629cf,cfg-cc030db9324662ea,validation,38422.0,completed_run,output/revision_temporal/rev-temporal-granite33_2b-gsm8k-interpolated-s111-source/attempt-5045341/phase-memory-5045341.csv
run-55b6ce6fbfd629cf,cfg-cc030db9324662ea,weight_sync,38382.0,completed_run,output/revision_temporal/rev-temporal-granite33_2b-gsm8k-interpolated-s111-source/attempt-5045341/phase-memory-5045341.csv
run-562f2a83100f5603,cfg-966f5804dc918967,initializing,14790.0,terminal_stage_partial,output/benchmark_v2_cross_family_confirmatory/v2cf-confirm-phi4_mini-grpo-gsm8k_long-c4-s42/phase-memory-4936237.csv
run-57e3675613397582,cfg-ca5490162c750c31,actor_update,12532.0,completed_run,output/strengthening_same_node_residency/strong-node-qwen25_1p5b-grpo-gsm8k-near_boundary-s82-p2-release/phase-memory-5031120.csv
run-57e3675613397582,cfg-ca5490162c750c31,idle,33954.0,completed_run,output/strengthening_same_node_residency/strong-node-qwen25_1p5b-grpo-gsm8k-near_boundary-s82-p2-release/phase-memory-5031120.csv
run-57e3675613397582,cfg-ca5490162c750c31,initializing,33736.0,completed_run,output/strengthening_same_node_residency/strong-node-qwen25_1p5b-grpo-gsm8k-near_boundary-s82-p2-release/phase-memory-5031120.csv
run-57e3675613397582,cfg-ca5490162c750c31,reference_logprob,9302.0,completed_run,output/strengthening_same_node_residency/strong-node-qwen25_1p5b-grpo-gsm8k-near_boundary-s82-p2-release/phase-memory-5031120.csv
run-57e3675613397582,cfg-ca5490162c750c31,rollout,33632.0,completed_run,output/strengthening_same_node_residency/strong-node-qwen25_1p5b-grpo-gsm8k-near_boundary-s82-p2-release/phase-memory-5031120.csv
run-57e3675613397582,cfg-ca5490162c750c31,weight_sync,33056.0,completed_run,output/strengthening_same_node_residency/strong-node-qwen25_1p5b-grpo-gsm8k-near_boundary-s82-p2-release/phase-memory-5031120.csv
run-582c904925bff5f6,cfg-b7f5b55ef67a8883,actor_update,18448.0,completed_run,output/strengthening_factorial/strong-factorial-qwen25_3b-grpo-code_heavy_tail-reservation_only-s96/phase-memory-5031991.csv
run-582c904925bff5f6,cfg-b7f5b55ef67a8883,idle,37140.0,completed_run,output/strengthening_factorial/strong-factorial-qwen25_3b-grpo-code_heavy_tail-reservation_only-s96/phase-memory-5031991.csv
run-582c904925bff5f6,cfg-b7f5b55ef67a8883,initializing,36706.0,completed_run,output/strengthening_factorial/strong-factorial-qwen25_3b-grpo-code_heavy_tail-reservation_only-s96/phase-memory-5031991.csv
run-582c904925bff5f6,cfg-b7f5b55ef67a8883,reference_logprob,13624.0,completed_run,output/strengthening_factorial/strong-factorial-qwen25_3b-grpo-code_heavy_tail-reservation_only-s96/phase-memory-5031991.csv
run-582c904925bff5f6,cfg-b7f5b55ef67a8883,rollout,37412.0,completed_run,output/strengthening_factorial/strong-factorial-qwen25_3b-grpo-code_heavy_tail-reservation_only-s96/phase-memory-5031991.csv
run-582c904925bff5f6,cfg-b7f5b55ef67a8883,weight_sync,37140.0,completed_run,output/strengthening_factorial/strong-factorial-qwen25_3b-grpo-code_heavy_tail-reservation_only-s96/phase-memory-5031991.csv
run-58417472a8ec8e7f,cfg-1432bb8a4d9c3b8c,actor_update,18762.0,completed_run,output/revision_topology/rev-topology-phi4_mini-math-c4-s113-four_gpu/attempt-5045383/phase-memory-5045383.csv
run-58417472a8ec8e7f,cfg-1432bb8a4d9c3b8c,idle,40014.0,completed_run,output/revision_topology/rev-topology-phi4_mini-math-c4-s113-four_gpu/attempt-5045383/phase-memory-5045383.csv
run-58417472a8ec8e7f,cfg-1432bb8a4d9c3b8c,initializing,40236.0,completed_run,output/revision_topology/rev-topology-phi4_mini-math-c4-s113-four_gpu/attempt-5045383/phase-memory-5045383.csv
run-58417472a8ec8e7f,cfg-1432bb8a4d9c3b8c,reference_logprob,12776.0,completed_run,output/revision_topology/rev-topology-phi4_mini-math-c4-s113-four_gpu/attempt-5045383/phase-memory-5045383.csv
run-58417472a8ec8e7f,cfg-1432bb8a4d9c3b8c,rollout,40022.0,completed_run,output/revision_topology/rev-topology-phi4_mini-math-c4-s113-four_gpu/attempt-5045383/phase-memory-5045383.csv
run-58417472a8ec8e7f,cfg-1432bb8a4d9c3b8c,unknown,39810.0,completed_run,output/revision_topology/rev-topology-phi4_mini-math-c4-s113-four_gpu/attempt-5045383/phase-memory-5045383.csv
run-58417472a8ec8e7f,cfg-1432bb8a4d9c3b8c,weight_sync,40014.0,completed_run,output/revision_topology/rev-topology-phi4_mini-math-c4-s113-four_gpu/attempt-5045383/phase-memory-5045383.csv
run-58a3a00d2b39929c,cfg-b8e90bd69c9744ea,actor_update,8400.0,completed_run,output/revision_topology/rev-topology-granite33_2b-gsm8k-c2-s111-four_gpu/attempt-5045384/phase-memory-5045384.csv
run-58a3a00d2b39929c,cfg-b8e90bd69c9744ea,idle,29660.0,completed_run,output/revision_topology/rev-topology-granite33_2b-gsm8k-c2-s111-four_gpu/attempt-5045384/phase-memory-5045384.csv
run-58a3a00d2b39929c,cfg-b8e90bd69c9744ea,initializing,29446.0,completed_run,output/revision_topology/rev-topology-granite33_2b-gsm8k-c2-s111-four_gpu/attempt-5045384/phase-memory-5045384.csv
run-58a3a00d2b39929c,cfg-b8e90bd69c9744ea,reference_logprob,6826.0,completed_run,output/revision_topology/rev-topology-granite33_2b-gsm8k-c2-s111-four_gpu/attempt-5045384/phase-memory-5045384.csv
run-58a3a00d2b39929c,cfg-b8e90bd69c9744ea,rollout,29442.0,completed_run,output/revision_topology/rev-topology-granite33_2b-gsm8k-c2-s111-four_gpu/attempt-5045384/phase-memory-5045384.csv
run-58a3a00d2b39929c,cfg-b8e90bd69c9744ea,weight_sync,29204.0,completed_run,output/revision_topology/rev-topology-granite33_2b-gsm8k-c2-s111-four_gpu/attempt-5045384/phase-memory-5045384.csv
run-5944fa4d054677ac,cfg-5f2f431355dfcb31,actor_update,21466.0,completed_run,output/strengthening_factorial/strong-factorial-phi4_mini-grpo-code_standard-reservation_only-s96/phase-memory-5031767.csv
run-5944fa4d054677ac,cfg-5f2f431355dfcb31,idle,39550.0,completed_run,output/strengthening_factorial/strong-factorial-phi4_mini-grpo-code_standard-reservation_only-s96/phase-memory-5031767.csv
run-5944fa4d054677ac,cfg-5f2f431355dfcb31,initializing,39430.0,completed_run,output/strengthening_factorial/strong-factorial-phi4_mini-grpo-code_standard-reservation_only-s96/phase-memory-5031767.csv
run-5944fa4d054677ac,cfg-5f2f431355dfcb31,reference_logprob,16296.0,completed_run,output/strengthening_factorial/strong-factorial-phi4_mini-grpo-code_standard-reservation_only-s96/phase-memory-5031767.csv
run-5944fa4d054677ac,cfg-5f2f431355dfcb31,rollout,39520.0,completed_run,output/strengthening_factorial/strong-factorial-phi4_mini-grpo-code_standard-reservation_only-s96/phase-memory-5031767.csv
run-5944fa4d054677ac,cfg-5f2f431355dfcb31,weight_sync,39550.0,completed_run,output/strengthening_factorial/strong-factorial-phi4_mini-grpo-code_standard-reservation_only-s96/phase-memory-5031767.csv
run-59781d84caaa64c4,cfg-a5e8503dbdd188ac,actor_update,27222.0,completed_run,output/strengthening_factorial/strong-factorial-phi4_mini-grpo-code_standard-joint-s95/phase-memory-5031769.csv
run-59781d84caaa64c4,cfg-a5e8503dbdd188ac,idle,39550.0,completed_run,output/strengthening_factorial/strong-factorial-phi4_mini-grpo-code_standard-joint-s95/phase-memory-5031769.csv
run-59781d84caaa64c4,cfg-a5e8503dbdd188ac,initializing,39430.0,completed_run,output/strengthening_factorial/strong-factorial-phi4_mini-grpo-code_standard-joint-s95/phase-memory-5031769.csv
run-59781d84caaa64c4,cfg-a5e8503dbdd188ac,reference_logprob,16456.0,completed_run,output/strengthening_factorial/strong-factorial-phi4_mini-grpo-code_standard-joint-s95/phase-memory-5031769.csv
run-59781d84caaa64c4,cfg-a5e8503dbdd188ac,rollout,39730.0,completed_run,output/strengthening_factorial/strong-factorial-phi4_mini-grpo-code_standard-joint-s95/phase-memory-5031769.csv
run-59781d84caaa64c4,cfg-a5e8503dbdd188ac,weight_sync,39550.0,completed_run,output/strengthening_factorial/strong-factorial-phi4_mini-grpo-code_standard-joint-s95/phase-memory-5031769.csv
run-5a34dc430612dd84,cfg-402f13fde534d758,actor_update,16828.0,completed_run,output/strengthening_factorial/strong-factorial-qwen25_3b-grpo-gsm8k-actor_only-s96/phase-memory-5032036.csv
run-5a34dc430612dd84,cfg-402f13fde534d758,idle,33108.0,completed_run,output/strengthening_factorial/strong-factorial-qwen25_3b-grpo-gsm8k-actor_only-s96/phase-memory-5032036.csv
run-5a34dc430612dd84,cfg-402f13fde534d758,initializing,32676.0,completed_run,output/strengthening_factorial/strong-factorial-qwen25_3b-grpo-gsm8k-actor_only-s96/phase-memory-5032036.csv
run-5a34dc430612dd84,cfg-402f13fde534d758,reference_logprob,11944.0,completed_run,output/strengthening_factorial/strong-factorial-qwen25_3b-grpo-gsm8k-actor_only-s96/phase-memory-5032036.csv
run-5a34dc430612dd84,cfg-402f13fde534d758,rollout,32660.0,completed_run,output/strengthening_factorial/strong-factorial-qwen25_3b-grpo-gsm8k-actor_only-s96/phase-memory-5032036.csv
run-5a34dc430612dd84,cfg-402f13fde534d758,weight_sync,33108.0,completed_run,output/strengthening_factorial/strong-factorial-qwen25_3b-grpo-gsm8k-actor_only-s96/phase-memory-5032036.csv
run-5a9c0e8cc64612ee,cfg-161de6cc5f566679,actor_update,24304.0,completed_run,output/strengthening_factorial/strong-factorial-qwen25_3b-grpo-code_heavy_tail-joint-s95/phase-memory-5031993.csv
run-5a9c0e8cc64612ee,cfg-161de6cc5f566679,idle,37140.0,completed_run,output/strengthening_factorial/strong-factorial-qwen25_3b-grpo-code_heavy_tail-joint-s95/phase-memory-5031993.csv
run-5a9c0e8cc64612ee,cfg-161de6cc5f566679,initializing,36708.0,completed_run,output/strengthening_factorial/strong-factorial-qwen25_3b-grpo-code_heavy_tail-joint-s95/phase-memory-5031993.csv
run-5a9c0e8cc64612ee,cfg-161de6cc5f566679,reference_logprob,13704.0,completed_run,output/strengthening_factorial/strong-factorial-qwen25_3b-grpo-code_heavy_tail-joint-s95/phase-memory-5031993.csv
run-5a9c0e8cc64612ee,cfg-161de6cc5f566679,rollout,37418.0,completed_run,output/strengthening_factorial/strong-factorial-qwen25_3b-grpo-code_heavy_tail-joint-s95/phase-memory-5031993.csv
run-5a9c0e8cc64612ee,cfg-161de6cc5f566679,weight_sync,37140.0,completed_run,output/strengthening_factorial/strong-factorial-qwen25_3b-grpo-code_heavy_tail-joint-s95/phase-memory-5031993.csv
run-5afa6711dd6b8533,cfg-2afbe250af9cd3e1,actor_update,11110.0,completed_run,output/revision_topology/rev-topology-granite33_2b-math-c3-s113-four_gpu/attempt-5045427/phase-memory-5045427.csv
run-5afa6711dd6b8533,cfg-2afbe250af9cd3e1,idle,34068.0,completed_run,output/revision_topology/rev-topology-granite33_2b-math-c3-s113-four_gpu/attempt-5045427/phase-memory-5045427.csv
run-5afa6711dd6b8533,cfg-2afbe250af9cd3e1,initializing,33878.0,completed_run,output/revision_topology/rev-topology-granite33_2b-math-c3-s113-four_gpu/attempt-5045427/phase-memory-5045427.csv
run-5afa6711dd6b8533,cfg-2afbe250af9cd3e1,reference_logprob,7838.0,completed_run,output/revision_topology/rev-topology-granite33_2b-math-c3-s113-four_gpu/attempt-5045427/phase-memory-5045427.csv
run-5afa6711dd6b8533,cfg-2afbe250af9cd3e1,rollout,33812.0,completed_run,output/revision_topology/rev-topology-granite33_2b-math-c3-s113-four_gpu/attempt-5045427/phase-memory-5045427.csv
run-5afa6711dd6b8533,cfg-2afbe250af9cd3e1,weight_sync,34068.0,completed_run,output/revision_topology/rev-topology-granite33_2b-math-c3-s113-four_gpu/attempt-5045427/phase-memory-5045427.csv
run-5be2cb212cc5e75c,cfg-d02503f8c9804a2d,actor_update,14488.0,completed_run,output/strengthening_granite_confirmatory/strong-granite-confirmatory-grpo-math_short-c4-s91/phase-memory-5031388.csv
run-5be2cb212cc5e75c,cfg-d02503f8c9804a2d,idle,40750.0,completed_run,output/strengthening_granite_confirmatory/strong-granite-confirmatory-grpo-math_short-c4-s91/phase-memory-5031388.csv
run-5be2cb212cc5e75c,cfg-d02503f8c9804a2d,initializing,40388.0,completed_run,output/strengthening_granite_confirmatory/strong-granite-confirmatory-grpo-math_short-c4-s91/phase-memory-5031388.csv
run-5be2cb212cc5e75c,cfg-d02503f8c9804a2d,reference_logprob,10326.0,completed_run,output/strengthening_granite_confirmatory/strong-granite-confirmatory-grpo-math_short-c4-s91/phase-memory-5031388.csv
run-5be2cb212cc5e75c,cfg-d02503f8c9804a2d,rollout,40694.0,completed_run,output/strengthening_granite_confirmatory/strong-granite-confirmatory-grpo-math_short-c4-s91/phase-memory-5031388.csv
run-5be2cb212cc5e75c,cfg-d02503f8c9804a2d,weight_sync,40750.0,completed_run,output/strengthening_granite_confirmatory/strong-granite-confirmatory-grpo-math_short-c4-s91/phase-memory-5031388.csv
run-5bf664554a208619,cfg-2609c0d3dc682182,actor_update,14786.0,completed_run,output/benchmark_v2_telemetry_calibration/v2tel-01-qwen25_1p5b-grpo-math-near_boundary-10ms/phase-memory-4935055.csv
run-5bf664554a208619,cfg-2609c0d3dc682182,idle,34208.0,completed_run,output/benchmark_v2_telemetry_calibration/v2tel-01-qwen25_1p5b-grpo-math-near_boundary-10ms/phase-memory-4935055.csv
run-5bf664554a208619,cfg-2609c0d3dc682182,initializing,34202.0,completed_run,output/benchmark_v2_telemetry_calibration/v2tel-01-qwen25_1p5b-grpo-math-near_boundary-10ms/phase-memory-4935055.csv
run-5bf664554a208619,cfg-2609c0d3dc682182,reference_logprob,10178.0,completed_run,output/benchmark_v2_telemetry_calibration/v2tel-01-qwen25_1p5b-grpo-math-near_boundary-10ms/phase-memory-4935055.csv
run-5bf664554a208619,cfg-2609c0d3dc682182,rollout,34228.0,completed_run,output/benchmark_v2_telemetry_calibration/v2tel-01-qwen25_1p5b-grpo-math-near_boundary-10ms/phase-memory-4935055.csv
run-5bf664554a208619,cfg-2609c0d3dc682182,weight_sync,34208.0,completed_run,output/benchmark_v2_telemetry_calibration/v2tel-01-qwen25_1p5b-grpo-math-near_boundary-10ms/phase-memory-4935055.csv
run-5c413b02aece8e43,cfg-9160dc45a0171a10,actor_update,12050.0,completed_run,output/major_revision_cross_model_confirmatory/mr-xm-confirm-qwen25_3b-grpo-code_standard-c0-s51/phase-memory-4998827.csv
run-5c413b02aece8e43,cfg-9160dc45a0171a10,idle,14914.0,completed_run,output/major_revision_cross_model_confirmatory/mr-xm-confirm-qwen25_3b-grpo-code_standard-c0-s51/phase-memory-4998827.csv
run-5c413b02aece8e43,cfg-9160dc45a0171a10,initializing,20996.0,completed_run,output/major_revision_cross_model_confirmatory/mr-xm-confirm-qwen25_3b-grpo-code_standard-c0-s51/phase-memory-4998827.csv
run-5c413b02aece8e43,cfg-9160dc45a0171a10,reference_logprob,12324.0,completed_run,output/major_revision_cross_model_confirmatory/mr-xm-confirm-qwen25_3b-grpo-code_standard-c0-s51/phase-memory-4998827.csv
run-5c413b02aece8e43,cfg-9160dc45a0171a10,rollout,15106.0,completed_run,output/major_revision_cross_model_confirmatory/mr-xm-confirm-qwen25_3b-grpo-code_standard-c0-s51/phase-memory-4998827.csv
run-5c413b02aece8e43,cfg-9160dc45a0171a10,weight_sync,21540.0,completed_run,output/major_revision_cross_model_confirmatory/mr-xm-confirm-qwen25_3b-grpo-code_standard-c0-s51/phase-memory-4998827.csv
run-5c4b198c0f64aa44,cfg-7df2428553b76877,initializing,14790.0,terminal_stage_partial,output/major_revision_cross_model_confirmatory/mr-xm-confirm-phi4_mini-grpo-code_heavy_tail-c4-s52/phase-memory-5003968.csv
run-5cd1f1d3e657b7e0,cfg-40dbe09dcfdb5368,actor_update,17682.0,completed_run,output/strengthening_factorial/strong-factorial-granite33_2b-grpo-code_heavy_tail-actor_only-s95/phase-memory-5031340.csv
run-5cd1f1d3e657b7e0,cfg-40dbe09dcfdb5368,idle,32302.0,completed_run,output/strengthening_factorial/strong-factorial-granite33_2b-grpo-code_heavy_tail-actor_only-s95/phase-memory-5031340.csv
run-5cd1f1d3e657b7e0,cfg-40dbe09dcfdb5368,initializing,31876.0,completed_run,output/strengthening_factorial/strong-factorial-granite33_2b-grpo-code_heavy_tail-actor_only-s95/phase-memory-5031340.csv
run-5cd1f1d3e657b7e0,cfg-40dbe09dcfdb5368,reference_logprob,10096.0,completed_run,output/strengthening_factorial/strong-factorial-granite33_2b-grpo-code_heavy_tail-actor_only-s95/phase-memory-5031340.csv
run-5cd1f1d3e657b7e0,cfg-40dbe09dcfdb5368,rollout,32542.0,completed_run,output/strengthening_factorial/strong-factorial-granite33_2b-grpo-code_heavy_tail-actor_only-s95/phase-memory-5031340.csv
run-5cd1f1d3e657b7e0,cfg-40dbe09dcfdb5368,weight_sync,32302.0,completed_run,output/strengthening_factorial/strong-factorial-granite33_2b-grpo-code_heavy_tail-actor_only-s95/phase-memory-5031340.csv
run-5cfd91e503973c8f,cfg-cc2c35944156e5d4,actor_update,12476.0,completed_run,output/revision_topology/rev-topology-qwen25_3b-gsm8k-c3-s112-four_gpu/attempt-5045293/phase-memory-5045293.csv
run-5cfd91e503973c8f,cfg-cc2c35944156e5d4,idle,33852.0,completed_run,output/revision_topology/rev-topology-qwen25_3b-gsm8k-c3-s112-four_gpu/attempt-5045293/phase-memory-5045293.csv
run-5cfd91e503973c8f,cfg-cc2c35944156e5d4,initializing,33580.0,completed_run,output/revision_topology/rev-topology-qwen25_3b-gsm8k-c3-s112-four_gpu/attempt-5045293/phase-memory-5045293.csv
run-5cfd91e503973c8f,cfg-cc2c35944156e5d4,reference_logprob,8454.0,completed_run,output/revision_topology/rev-topology-qwen25_3b-gsm8k-c3-s112-four_gpu/attempt-5045293/phase-memory-5045293.csv
run-5cfd91e503973c8f,cfg-cc2c35944156e5d4,rollout,33562.0,completed_run,output/revision_topology/rev-topology-qwen25_3b-gsm8k-c3-s112-four_gpu/attempt-5045293/phase-memory-5045293.csv
run-5cfd91e503973c8f,cfg-cc2c35944156e5d4,weight_sync,33852.0,completed_run,output/revision_topology/rev-topology-qwen25_3b-gsm8k-c3-s112-four_gpu/attempt-5045293/phase-memory-5045293.csv
run-5e35e83849bf3bd0,cfg-3c3a7527d888e069,actor_update,19536.0,completed_run,output/revision_instrumentation/rev-instrumentation-phi4_mini-gsm8k-c3-s113-full/attempt-5045358/phase-memory-5045358.csv
run-5e35e83849bf3bd0,cfg-3c3a7527d888e069,idle,39550.0,completed_run,output/revision_instrumentation/rev-instrumentation-phi4_mini-gsm8k-c3-s113-full/attempt-5045358/phase-memory-5045358.csv
run-5e35e83849bf3bd0,cfg-3c3a7527d888e069,initializing,39430.0,completed_run,output/revision_instrumentation/rev-instrumentation-phi4_mini-gsm8k-c3-s113-full/attempt-5045358/phase-memory-5045358.csv
run-5e35e83849bf3bd0,cfg-3c3a7527d888e069,reference_logprob,14232.0,completed_run,output/revision_instrumentation/rev-instrumentation-phi4_mini-gsm8k-c3-s113-full/attempt-5045358/phase-memory-5045358.csv
run-5e35e83849bf3bd0,cfg-3c3a7527d888e069,rollout,39416.0,completed_run,output/revision_instrumentation/rev-instrumentation-phi4_mini-gsm8k-c3-s113-full/attempt-5045358/phase-memory-5045358.csv
run-5e35e83849bf3bd0,cfg-3c3a7527d888e069,weight_sync,39550.0,completed_run,output/revision_instrumentation/rev-instrumentation-phi4_mini-gsm8k-c3-s113-full/attempt-5045358/phase-memory-5045358.csv
run-5e62d1fb2df3c2e5,cfg-71b33248b3cb3190,actor_update,14392.0,completed_run,output/strengthening_factorial/strong-factorial-granite33_2b-grpo-math_short-joint-s94/phase-memory-5031439.csv
run-5e62d1fb2df3c2e5,cfg-71b33248b3cb3190,idle,36670.0,completed_run,output/strengthening_factorial/strong-factorial-granite33_2b-grpo-math_short-joint-s94/phase-memory-5031439.csv
run-5e62d1fb2df3c2e5,cfg-71b33248b3cb3190,initializing,36308.0,completed_run,output/strengthening_factorial/strong-factorial-granite33_2b-grpo-math_short-joint-s94/phase-memory-5031439.csv
run-5e62d1fb2df3c2e5,cfg-71b33248b3cb3190,reference_logprob,10384.0,completed_run,output/strengthening_factorial/strong-factorial-granite33_2b-grpo-math_short-joint-s94/phase-memory-5031439.csv
run-5e62d1fb2df3c2e5,cfg-71b33248b3cb3190,rollout,36490.0,completed_run,output/strengthening_factorial/strong-factorial-granite33_2b-grpo-math_short-joint-s94/phase-memory-5031439.csv
run-5e62d1fb2df3c2e5,cfg-71b33248b3cb3190,weight_sync,35558.0,completed_run,output/strengthening_factorial/strong-factorial-granite33_2b-grpo-math_short-joint-s94/phase-memory-5031439.csv
run-5ef32259a12fa232,cfg-b7a35495ef8f0eb3,actor_update,15284.0,completed_run,output/strengthening_factorial/strong-factorial-qwen25_3b-grpo-math-reservation_only-s94/phase-memory-5032053.csv
run-5ef32259a12fa232,cfg-b7a35495ef8f0eb3,idle,37478.0,completed_run,output/strengthening_factorial/strong-factorial-qwen25_3b-grpo-math-reservation_only-s94/phase-memory-5032053.csv
run-5ef32259a12fa232,cfg-b7a35495ef8f0eb3,initializing,37314.0,completed_run,output/strengthening_factorial/strong-factorial-qwen25_3b-grpo-math-reservation_only-s94/phase-memory-5032053.csv
run-5ef32259a12fa232,cfg-b7a35495ef8f0eb3,reference_logprob,13822.0,completed_run,output/strengthening_factorial/strong-factorial-qwen25_3b-grpo-math-reservation_only-s94/phase-memory-5032053.csv
run-5ef32259a12fa232,cfg-b7a35495ef8f0eb3,rollout,37230.0,completed_run,output/strengthening_factorial/strong-factorial-qwen25_3b-grpo-math-reservation_only-s94/phase-memory-5032053.csv
run-5ef32259a12fa232,cfg-b7a35495ef8f0eb3,weight_sync,37478.0,completed_run,output/strengthening_factorial/strong-factorial-qwen25_3b-grpo-math-reservation_only-s94/phase-memory-5032053.csv
run-5efb5e0f28867048,cfg-acfa4acda15c3599,actor_update,13660.0,completed_run,output/strengthening_granite_confirmatory/strong-granite-confirmatory-grpo-code_heavy_tail-c2-s93/phase-memory-5031348.csv
run-5efb5e0f28867048,cfg-acfa4acda15c3599,idle,32302.0,completed_run,output/strengthening_granite_confirmatory/strong-granite-confirmatory-grpo-code_heavy_tail-c2-s93/phase-memory-5031348.csv
run-5efb5e0f28867048,cfg-acfa4acda15c3599,initializing,31876.0,completed_run,output/strengthening_granite_confirmatory/strong-granite-confirmatory-grpo-code_heavy_tail-c2-s93/phase-memory-5031348.csv
run-5efb5e0f28867048,cfg-acfa4acda15c3599,reference_logprob,9938.0,completed_run,output/strengthening_granite_confirmatory/strong-granite-confirmatory-grpo-code_heavy_tail-c2-s93/phase-memory-5031348.csv
run-5efb5e0f28867048,cfg-acfa4acda15c3599,rollout,32542.0,completed_run,output/strengthening_granite_confirmatory/strong-granite-confirmatory-grpo-code_heavy_tail-c2-s93/phase-memory-5031348.csv
run-5efb5e0f28867048,cfg-acfa4acda15c3599,weight_sync,32302.0,completed_run,output/strengthening_granite_confirmatory/strong-granite-confirmatory-grpo-code_heavy_tail-c2-s93/phase-memory-5031348.csv
run-5f0b952e0c94bc7a,cfg-b5912aa6ea40b7fd,actor_update,15184.0,completed_run,output/strengthening_factorial/strong-factorial-qwen25_3b-grpo-math-base-s95/phase-memory-5032045.csv
run-5f0b952e0c94bc7a,cfg-b5912aa6ea40b7fd,idle,33446.0,completed_run,output/strengthening_factorial/strong-factorial-qwen25_3b-grpo-math-base-s95/phase-memory-5032045.csv
run-5f0b952e0c94bc7a,cfg-b5912aa6ea40b7fd,initializing,33282.0,completed_run,output/strengthening_factorial/strong-factorial-qwen25_3b-grpo-math-base-s95/phase-memory-5032045.csv
run-5f0b952e0c94bc7a,cfg-b5912aa6ea40b7fd,reference_logprob,13762.0,completed_run,output/strengthening_factorial/strong-factorial-qwen25_3b-grpo-math-base-s95/phase-memory-5032045.csv
run-5f0b952e0c94bc7a,cfg-b5912aa6ea40b7fd,rollout,33170.0,completed_run,output/strengthening_factorial/strong-factorial-qwen25_3b-grpo-math-base-s95/phase-memory-5032045.csv
run-5f0b952e0c94bc7a,cfg-b5912aa6ea40b7fd,weight_sync,32482.0,completed_run,output/strengthening_factorial/strong-factorial-qwen25_3b-grpo-math-base-s95/phase-memory-5032045.csv
run-605e26d762516c94,cfg-cad8341dbbff10ba,initializing,10742.0,terminal_stage_partial,output/benchmark_v2_cross_family_confirmatory/v2cf-confirm-qwen25_3b-grpo-math_short-c5-s43/phase-memory-4935984.csv
run-60665c9740317acd,cfg-bfb83ff32b7fd921,actor_update,14988.0,completed_run,output/major_revision_cross_model_confirmatory/mr-xm-confirm-qwen25_3b-grpo-code_heavy_tail-c1-s51/phase-memory-4999650.csv
run-60665c9740317acd,cfg-bfb83ff32b7fd921,idle,20982.0,completed_run,output/major_revision_cross_model_confirmatory/mr-xm-confirm-qwen25_3b-grpo-code_heavy_tail-c1-s51/phase-memory-4999650.csv
run-60665c9740317acd,cfg-bfb83ff32b7fd921,initializing,20996.0,completed_run,output/major_revision_cross_model_confirmatory/mr-xm-confirm-qwen25_3b-grpo-code_heavy_tail-c1-s51/phase-memory-4999650.csv
run-60665c9740317acd,cfg-bfb83ff32b7fd921,reference_logprob,13384.0,completed_run,output/major_revision_cross_model_confirmatory/mr-xm-confirm-qwen25_3b-grpo-code_heavy_tail-c1-s51/phase-memory-4999650.csv
run-60665c9740317acd,cfg-bfb83ff32b7fd921,rollout,21154.0,completed_run,output/major_revision_cross_model_confirmatory/mr-xm-confirm-qwen25_3b-grpo-code_heavy_tail-c1-s51/phase-memory-4999650.csv
run-60665c9740317acd,cfg-bfb83ff32b7fd921,weight_sync,21560.0,completed_run,output/major_revision_cross_model_confirmatory/mr-xm-confirm-qwen25_3b-grpo-code_heavy_tail-c1-s51/phase-memory-4999650.csv
run-60807b4671a63641,cfg-09d34ea9e791de94,actor_update,14426.0,completed_run,output/strengthening_factorial/strong-factorial-qwen25_3b-grpo-gsm8k-reservation_only-s95/phase-memory-5032038.csv
run-60807b4671a63641,cfg-09d34ea9e791de94,idle,37140.0,completed_run,output/strengthening_factorial/strong-factorial-qwen25_3b-grpo-gsm8k-reservation_only-s95/phase-memory-5032038.csv
run-60807b4671a63641,cfg-09d34ea9e791de94,initializing,36708.0,completed_run,output/strengthening_factorial/strong-factorial-qwen25_3b-grpo-gsm8k-reservation_only-s95/phase-memory-5032038.csv
run-60807b4671a63641,cfg-09d34ea9e791de94,reference_logprob,11826.0,completed_run,output/strengthening_factorial/strong-factorial-qwen25_3b-grpo-gsm8k-reservation_only-s95/phase-memory-5032038.csv
run-60807b4671a63641,cfg-09d34ea9e791de94,rollout,36692.0,completed_run,output/strengthening_factorial/strong-factorial-qwen25_3b-grpo-gsm8k-reservation_only-s95/phase-memory-5032038.csv
run-60807b4671a63641,cfg-09d34ea9e791de94,weight_sync,36546.0,completed_run,output/strengthening_factorial/strong-factorial-qwen25_3b-grpo-gsm8k-reservation_only-s95/phase-memory-5032038.csv
run-60c7e145c987e06c,cfg-352f4dbc55fbcd3c,initializing,10742.0,terminal_stage_partial,output/benchmark_v2_cross_family_confirmatory/v2cf-confirm-qwen25_3b-grpo-gsm8k_long-c5-s41/phase-memory-4935848.csv
run-61426ca46dbb13b7,cfg-d559324a0b1e4ecd,actor_update,12738.0,completed_run,output/revision_instrumentation/rev-instrumentation-granite33_2b-gsm8k-c3-s112-full/attempt-5045378/phase-memory-5045378.csv
run-61426ca46dbb13b7,cfg-d559324a0b1e4ecd,idle,36302.0,completed_run,output/revision_instrumentation/rev-instrumentation-granite33_2b-gsm8k-c3-s112-full/attempt-5045378/phase-memory-5045378.csv
run-61426ca46dbb13b7,cfg-d559324a0b1e4ecd,initializing,35876.0,completed_run,output/revision_instrumentation/rev-instrumentation-granite33_2b-gsm8k-c3-s112-full/attempt-5045378/phase-memory-5045378.csv
run-61426ca46dbb13b7,cfg-d559324a0b1e4ecd,reference_logprob,9272.0,completed_run,output/revision_instrumentation/rev-instrumentation-granite33_2b-gsm8k-c3-s112-full/attempt-5045378/phase-memory-5045378.csv
run-61426ca46dbb13b7,cfg-d559324a0b1e4ecd,rollout,35970.0,completed_run,output/revision_instrumentation/rev-instrumentation-granite33_2b-gsm8k-c3-s112-full/attempt-5045378/phase-memory-5045378.csv
run-61426ca46dbb13b7,cfg-d559324a0b1e4ecd,unknown,8328.0,completed_run,output/revision_instrumentation/rev-instrumentation-granite33_2b-gsm8k-c3-s112-full/attempt-5045378/phase-memory-5045378.csv
run-61426ca46dbb13b7,cfg-d559324a0b1e4ecd,weight_sync,36302.0,completed_run,output/revision_instrumentation/rev-instrumentation-granite33_2b-gsm8k-c3-s112-full/attempt-5045378/phase-memory-5045378.csv
run-619d85e42c35b7e9,cfg-818aa43be2ebba5e,actor_update,25906.0,completed_run,output/revision_temporal/rev-temporal-phi4_mini-math-interpolated-s113-long/attempt-5045340/phase-memory-5045340.csv
run-619d85e42c35b7e9,cfg-818aa43be2ebba5e,checkpoint,24592.0,completed_run,output/revision_temporal/rev-temporal-phi4_mini-math-interpolated-s113-long/attempt-5045340/phase-memory-5045340.csv
run-619d85e42c35b7e9,cfg-818aa43be2ebba5e,idle,37814.0,completed_run,output/revision_temporal/rev-temporal-phi4_mini-math-interpolated-s113-long/attempt-5045340/phase-memory-5045340.csv
run-619d85e42c35b7e9,cfg-818aa43be2ebba5e,initializing,37968.0,completed_run,output/revision_temporal/rev-temporal-phi4_mini-math-interpolated-s113-long/attempt-5045340/phase-memory-5045340.csv
run-619d85e42c35b7e9,cfg-818aa43be2ebba5e,reference_logprob,18358.0,completed_run,output/revision_temporal/rev-temporal-phi4_mini-math-interpolated-s113-long/attempt-5045340/phase-memory-5045340.csv
run-619d85e42c35b7e9,cfg-818aa43be2ebba5e,rollout,38494.0,completed_run,output/revision_temporal/rev-temporal-phi4_mini-math-interpolated-s113-long/attempt-5045340/phase-memory-5045340.csv
run-619d85e42c35b7e9,cfg-818aa43be2ebba5e,unknown,37818.0,completed_run,output/revision_temporal/rev-temporal-phi4_mini-math-interpolated-s113-long/attempt-5045340/phase-memory-5045340.csv
run-619d85e42c35b7e9,cfg-818aa43be2ebba5e,validation,37890.0,completed_run,output/revision_temporal/rev-temporal-phi4_mini-math-interpolated-s113-long/attempt-5045340/phase-memory-5045340.csv
run-619d85e42c35b7e9,cfg-818aa43be2ebba5e,weight_sync,37814.0,completed_run,output/revision_temporal/rev-temporal-phi4_mini-math-interpolated-s113-long/attempt-5045340/phase-memory-5045340.csv
run-621d4058a3205378,cfg-a46e1a352338ca99,actor_update,19266.0,completed_run,output/revision_instrumentation/rev-instrumentation-qwen25_3b-math-c3-s113-external/attempt-5045315/phase-memory-5045315.csv
run-621d4058a3205378,cfg-a46e1a352338ca99,idle,37478.0,completed_run,output/revision_instrumentation/rev-instrumentation-qwen25_3b-math-c3-s113-external/attempt-5045315/phase-memory-5045315.csv
run-621d4058a3205378,cfg-a46e1a352338ca99,initializing,37312.0,completed_run,output/revision_instrumentation/rev-instrumentation-qwen25_3b-math-c3-s113-external/attempt-5045315/phase-memory-5045315.csv
run-621d4058a3205378,cfg-a46e1a352338ca99,reference_logprob,14002.0,completed_run,output/revision_instrumentation/rev-instrumentation-qwen25_3b-math-c3-s113-external/attempt-5045315/phase-memory-5045315.csv
run-621d4058a3205378,cfg-a46e1a352338ca99,rollout,37184.0,completed_run,output/revision_instrumentation/rev-instrumentation-qwen25_3b-math-c3-s113-external/attempt-5045315/phase-memory-5045315.csv
run-621d4058a3205378,cfg-a46e1a352338ca99,weight_sync,37478.0,completed_run,output/revision_instrumentation/rev-instrumentation-qwen25_3b-math-c3-s113-external/attempt-5045315/phase-memory-5045315.csv
run-631f4369eb764c12,cfg-cc900fb7731c3f49,initializing,14790.0,terminal_stage_partial,output/benchmark_v2_cross_family_confirmatory/v2cf-confirm-phi4_mini-grpo-math_short-c5-s42/phase-memory-4936395.csv
run-65383feba24c278b,cfg-90f4a9f55e2f827d,actor_update,18328.0,completed_run,output/review_instrumentation_batch/review-control-qwen25_3b-code_heavy_tail-s122-full_b8/attempt-5048560/phase-memory-5048560.csv
run-65383feba24c278b,cfg-90f4a9f55e2f827d,idle,33108.0,completed_run,output/review_instrumentation_batch/review-control-qwen25_3b-code_heavy_tail-s122-full_b8/attempt-5048560/phase-memory-5048560.csv
run-65383feba24c278b,cfg-90f4a9f55e2f827d,initializing,32676.0,completed_run,output/review_instrumentation_batch/review-control-qwen25_3b-code_heavy_tail-s122-full_b8/attempt-5048560/phase-memory-5048560.csv
run-65383feba24c278b,cfg-90f4a9f55e2f827d,reference_logprob,13624.0,completed_run,output/review_instrumentation_batch/review-control-qwen25_3b-code_heavy_tail-s122-full_b8/attempt-5048560/phase-memory-5048560.csv
run-65383feba24c278b,cfg-90f4a9f55e2f827d,rollout,33410.0,completed_run,output/review_instrumentation_batch/review-control-qwen25_3b-code_heavy_tail-s122-full_b8/attempt-5048560/phase-memory-5048560.csv
run-65383feba24c278b,cfg-90f4a9f55e2f827d,weight_sync,32144.0,completed_run,output/review_instrumentation_batch/review-control-qwen25_3b-code_heavy_tail-s122-full_b8/attempt-5048560/phase-memory-5048560.csv
run-653bf862eca4020a,cfg-e117f15dd5ccfb30,actor_update,25542.0,completed_run,output/major_revision_cross_model_confirmatory/mr-xm-confirm-phi4_mini-grpo-code_heavy_tail-c2-s53/phase-memory-5003951.csv
run-653bf862eca4020a,cfg-e117f15dd5ccfb30,idle,35538.0,completed_run,output/major_revision_cross_model_confirmatory/mr-xm-confirm-phi4_mini-grpo-code_heavy_tail-c2-s53/phase-memory-5003951.csv
run-653bf862eca4020a,cfg-e117f15dd5ccfb30,initializing,35398.0,completed_run,output/major_revision_cross_model_confirmatory/mr-xm-confirm-phi4_mini-grpo-code_heavy_tail-c2-s53/phase-memory-5003951.csv
run-653bf862eca4020a,cfg-e117f15dd5ccfb30,reference_logprob,17894.0,completed_run,output/major_revision_cross_model_confirmatory/mr-xm-confirm-phi4_mini-grpo-code_heavy_tail-c2-s53/phase-memory-5003951.csv
run-653bf862eca4020a,cfg-e117f15dd5ccfb30,rollout,36100.0,completed_run,output/major_revision_cross_model_confirmatory/mr-xm-confirm-phi4_mini-grpo-code_heavy_tail-c2-s53/phase-memory-5003951.csv
run-653bf862eca4020a,cfg-e117f15dd5ccfb30,weight_sync,35518.0,completed_run,output/major_revision_cross_model_confirmatory/mr-xm-confirm-phi4_mini-grpo-code_heavy_tail-c2-s53/phase-memory-5003951.csv
run-65e4f8260aacbb49,cfg-df5e492a5bd02117,actor_update,16548.0,stage_completion_not_certified,output/revision_instrumentation/rev-instrumentation-qwen25_3b-gsm8k-c4-s113-external/attempt-5045288/phase-memory-5045288.csv
run-65e4f8260aacbb49,cfg-df5e492a5bd02117,initializing,40810.0,stage_completion_not_certified,output/revision_instrumentation/rev-instrumentation-qwen25_3b-gsm8k-c4-s113-external/attempt-5045288/phase-memory-5045288.csv
run-65e4f8260aacbb49,cfg-df5e492a5bd02117,reference_logprob,11768.0,stage_completion_not_certified,output/revision_instrumentation/rev-instrumentation-qwen25_3b-gsm8k-c4-s113-external/attempt-5045288/phase-memory-5045288.csv
run-65e4f8260aacbb49,cfg-df5e492a5bd02117,rollout,40796.0,stage_completion_not_certified,output/revision_instrumentation/rev-instrumentation-qwen25_3b-gsm8k-c4-s113-external/attempt-5045288/phase-memory-5045288.csv
run-65e4f8260aacbb49,cfg-df5e492a5bd02117,weight_sync,40536.0,terminal_stage_partial,output/revision_instrumentation/rev-instrumentation-qwen25_3b-gsm8k-c4-s113-external/attempt-5045288/phase-memory-5045288.csv
run-662e9fc34994b56d,cfg-af3c23f421a50a52,actor_update,25570.0,completed_run,output/strengthening_factorial/strong-factorial-phi4_mini-grpo-code_heavy_tail-base-s96/phase-memory-5031700.csv
run-662e9fc34994b56d,cfg-af3c23f421a50a52,idle,35518.0,completed_run,output/strengthening_factorial/strong-factorial-phi4_mini-grpo-code_heavy_tail-base-s96/phase-memory-5031700.csv
run-662e9fc34994b56d,cfg-af3c23f421a50a52,initializing,35398.0,completed_run,output/strengthening_factorial/strong-factorial-phi4_mini-grpo-code_heavy_tail-base-s96/phase-memory-5031700.csv
run-662e9fc34994b56d,cfg-af3c23f421a50a52,reference_logprob,17974.0,completed_run,output/strengthening_factorial/strong-factorial-phi4_mini-grpo-code_heavy_tail-base-s96/phase-memory-5031700.csv
run-662e9fc34994b56d,cfg-af3c23f421a50a52,rollout,35970.0,completed_run,output/strengthening_factorial/strong-factorial-phi4_mini-grpo-code_heavy_tail-base-s96/phase-memory-5031700.csv
run-662e9fc34994b56d,cfg-af3c23f421a50a52,weight_sync,34012.0,completed_run,output/strengthening_factorial/strong-factorial-phi4_mini-grpo-code_heavy_tail-base-s96/phase-memory-5031700.csv
run-662ed31a26cb96dc,cfg-b5912aa6ea40b7fd,actor_update,15364.0,completed_run,output/strengthening_factorial/strong-factorial-qwen25_3b-grpo-math-base-s96/phase-memory-5032046.csv
run-662ed31a26cb96dc,cfg-b5912aa6ea40b7fd,idle,33446.0,completed_run,output/strengthening_factorial/strong-factorial-qwen25_3b-grpo-math-base-s96/phase-memory-5032046.csv
run-662ed31a26cb96dc,cfg-b5912aa6ea40b7fd,initializing,33282.0,completed_run,output/strengthening_factorial/strong-factorial-qwen25_3b-grpo-math-base-s96/phase-memory-5032046.csv
run-662ed31a26cb96dc,cfg-b5912aa6ea40b7fd,reference_logprob,13902.0,completed_run,output/strengthening_factorial/strong-factorial-qwen25_3b-grpo-math-base-s96/phase-memory-5032046.csv
run-662ed31a26cb96dc,cfg-b5912aa6ea40b7fd,rollout,33152.0,completed_run,output/strengthening_factorial/strong-factorial-qwen25_3b-grpo-math-base-s96/phase-memory-5032046.csv
run-662ed31a26cb96dc,cfg-b5912aa6ea40b7fd,weight_sync,33446.0,completed_run,output/strengthening_factorial/strong-factorial-qwen25_3b-grpo-math-base-s96/phase-memory-5032046.csv
run-66a874f3ecb2a2ac,cfg-0d9ba9215ab5683e,actor_update,20804.0,completed_run,output/major_revision_cross_model_confirmatory/mr-xm-confirm-qwen25_3b-grpo-code_standard-c3-s51/phase-memory-4999394.csv
run-66a874f3ecb2a2ac,cfg-0d9ba9215ab5683e,idle,37140.0,completed_run,output/major_revision_cross_model_confirmatory/mr-xm-confirm-qwen25_3b-grpo-code_standard-c3-s51/phase-memory-4999394.csv
run-66a874f3ecb2a2ac,cfg-0d9ba9215ab5683e,initializing,36708.0,completed_run,output/major_revision_cross_model_confirmatory/mr-xm-confirm-qwen25_3b-grpo-code_standard-c3-s51/phase-memory-4999394.csv
run-66a874f3ecb2a2ac,cfg-0d9ba9215ab5683e,reference_logprob,12464.0,completed_run,output/major_revision_cross_model_confirmatory/mr-xm-confirm-qwen25_3b-grpo-code_standard-c3-s51/phase-memory-4999394.csv
run-66a874f3ecb2a2ac,cfg-0d9ba9215ab5683e,rollout,37418.0,completed_run,output/major_revision_cross_model_confirmatory/mr-xm-confirm-qwen25_3b-grpo-code_standard-c3-s51/phase-memory-4999394.csv
run-66a874f3ecb2a2ac,cfg-0d9ba9215ab5683e,weight_sync,37140.0,completed_run,output/major_revision_cross_model_confirmatory/mr-xm-confirm-qwen25_3b-grpo-code_standard-c3-s51/phase-memory-4999394.csv
run-6722ef18b748bde1,cfg-b8e90bd69c9744ea,actor_update,8400.0,completed_run,output/revision_topology/rev-topology-granite33_2b-gsm8k-c2-s112-four_gpu/attempt-5045388/phase-memory-5045388.csv
run-6722ef18b748bde1,cfg-b8e90bd69c9744ea,idle,29660.0,completed_run,output/revision_topology/rev-topology-granite33_2b-gsm8k-c2-s112-four_gpu/attempt-5045388/phase-memory-5045388.csv
run-6722ef18b748bde1,cfg-b8e90bd69c9744ea,initializing,29446.0,completed_run,output/revision_topology/rev-topology-granite33_2b-gsm8k-c2-s112-four_gpu/attempt-5045388/phase-memory-5045388.csv
run-6722ef18b748bde1,cfg-b8e90bd69c9744ea,reference_logprob,6828.0,completed_run,output/revision_topology/rev-topology-granite33_2b-gsm8k-c2-s112-four_gpu/attempt-5045388/phase-memory-5045388.csv
run-6722ef18b748bde1,cfg-b8e90bd69c9744ea,rollout,29452.0,completed_run,output/revision_topology/rev-topology-granite33_2b-gsm8k-c2-s112-four_gpu/attempt-5045388/phase-memory-5045388.csv
run-6722ef18b748bde1,cfg-b8e90bd69c9744ea,unknown,5898.0,completed_run,output/revision_topology/rev-topology-granite33_2b-gsm8k-c2-s112-four_gpu/attempt-5045388/phase-memory-5045388.csv
run-6722ef18b748bde1,cfg-b8e90bd69c9744ea,weight_sync,29660.0,completed_run,output/revision_topology/rev-topology-granite33_2b-gsm8k-c2-s112-four_gpu/attempt-5045388/phase-memory-5045388.csv
run-67cce36309b08398,cfg-c2a8e6e8e140e109,actor_update,9286.0,completed_run,output/revision_topology/rev-topology-granite33_2b-gsm8k-c3-s112-four_gpu/attempt-5045394/phase-memory-5045394.csv
run-67cce36309b08398,cfg-c2a8e6e8e140e109,idle,33660.0,completed_run,output/revision_topology/rev-topology-granite33_2b-gsm8k-c3-s112-four_gpu/attempt-5045394/phase-memory-5045394.csv
run-67cce36309b08398,cfg-c2a8e6e8e140e109,initializing,33446.0,completed_run,output/revision_topology/rev-topology-granite33_2b-gsm8k-c3-s112-four_gpu/attempt-5045394/phase-memory-5045394.csv
run-67cce36309b08398,cfg-c2a8e6e8e140e109,reference_logprob,6868.0,completed_run,output/revision_topology/rev-topology-granite33_2b-gsm8k-c3-s112-four_gpu/attempt-5045394/phase-memory-5045394.csv
run-67cce36309b08398,cfg-c2a8e6e8e140e109,rollout,33422.0,completed_run,output/revision_topology/rev-topology-granite33_2b-gsm8k-c3-s112-four_gpu/attempt-5045394/phase-memory-5045394.csv
run-67cce36309b08398,cfg-c2a8e6e8e140e109,weight_sync,33660.0,completed_run,output/revision_topology/rev-topology-granite33_2b-gsm8k-c3-s112-four_gpu/attempt-5045394/phase-memory-5045394.csv
run-67df22fde7166ef1,cfg-7a0e81934d3398ee,actor_update,10574.0,completed_run,output/strengthening_granite_confirmatory/strong-granite-confirmatory-grpo-code_heavy_tail-c0-s93/phase-memory-5031313.csv
run-67df22fde7166ef1,cfg-7a0e81934d3398ee,idle,15068.0,completed_run,output/strengthening_granite_confirmatory/strong-granite-confirmatory-grpo-code_heavy_tail-c0-s93/phase-memory-5031313.csv
run-67df22fde7166ef1,cfg-7a0e81934d3398ee,initializing,18526.0,completed_run,output/strengthening_granite_confirmatory/strong-granite-confirmatory-grpo-code_heavy_tail-c0-s93/phase-memory-5031313.csv
run-67df22fde7166ef1,cfg-7a0e81934d3398ee,reference_logprob,9952.0,completed_run,output/strengthening_granite_confirmatory/strong-granite-confirmatory-grpo-code_heavy_tail-c0-s93/phase-memory-5031313.csv
run-67df22fde7166ef1,cfg-7a0e81934d3398ee,rollout,15222.0,completed_run,output/strengthening_granite_confirmatory/strong-granite-confirmatory-grpo-code_heavy_tail-c0-s93/phase-memory-5031313.csv
run-67df22fde7166ef1,cfg-7a0e81934d3398ee,weight_sync,19070.0,completed_run,output/strengthening_granite_confirmatory/strong-granite-confirmatory-grpo-code_heavy_tail-c0-s93/phase-memory-5031313.csv
run-68021b8ff1129d0c,cfg-3171760c4182a3cf,actor_update,23772.0,completed_run,output/revision_temporal/rev-temporal-phi4_mini-math-interpolated-s113-source/attempt-5045340/phase-memory-5045340.csv
run-68021b8ff1129d0c,cfg-3171760c4182a3cf,checkpoint,23772.0,completed_run,output/revision_temporal/rev-temporal-phi4_mini-math-interpolated-s113-source/attempt-5045340/phase-memory-5045340.csv
run-68021b8ff1129d0c,cfg-3171760c4182a3cf,initializing,37968.0,completed_run,output/revision_temporal/rev-temporal-phi4_mini-math-interpolated-s113-source/attempt-5045340/phase-memory-5045340.csv
run-68021b8ff1129d0c,cfg-3171760c4182a3cf,reference_logprob,17068.0,completed_run,output/revision_temporal/rev-temporal-phi4_mini-math-interpolated-s113-source/attempt-5045340/phase-memory-5045340.csv
run-68021b8ff1129d0c,cfg-3171760c4182a3cf,rollout,37928.0,completed_run,output/revision_temporal/rev-temporal-phi4_mini-math-interpolated-s113-source/attempt-5045340/phase-memory-5045340.csv
run-68021b8ff1129d0c,cfg-3171760c4182a3cf,validation,37868.0,completed_run,output/revision_temporal/rev-temporal-phi4_mini-math-interpolated-s113-source/attempt-5045340/phase-memory-5045340.csv
run-68021b8ff1129d0c,cfg-3171760c4182a3cf,weight_sync,37814.0,completed_run,output/revision_temporal/rev-temporal-phi4_mini-math-interpolated-s113-source/attempt-5045340/phase-memory-5045340.csv
run-68482101d72398e8,cfg-3ed91476f970784c,actor_update,13868.0,completed_run,output/benchmark_v2_telemetry_calibration/v2tel-07-qwen25_3b-grpo-math-safe_margin-10ms/phase-memory-4935274.csv
run-68482101d72398e8,cfg-3ed91476f970784c,idle,17586.0,completed_run,output/benchmark_v2_telemetry_calibration/v2tel-07-qwen25_3b-grpo-math-safe_margin-10ms/phase-memory-4935274.csv
run-68482101d72398e8,cfg-3ed91476f970784c,initializing,21794.0,completed_run,output/benchmark_v2_telemetry_calibration/v2tel-07-qwen25_3b-grpo-math-safe_margin-10ms/phase-memory-4935274.csv
run-68482101d72398e8,cfg-3ed91476f970784c,reference_logprob,16624.0,completed_run,output/benchmark_v2_telemetry_calibration/v2tel-07-qwen25_3b-grpo-math-safe_margin-10ms/phase-memory-4935274.csv
run-68482101d72398e8,cfg-3ed91476f970784c,rollout,18868.0,completed_run,output/benchmark_v2_telemetry_calibration/v2tel-07-qwen25_3b-grpo-math-safe_margin-10ms/phase-memory-4935274.csv
run-68482101d72398e8,cfg-3ed91476f970784c,unknown,4376.0,completed_run,output/benchmark_v2_telemetry_calibration/v2tel-07-qwen25_3b-grpo-math-safe_margin-10ms/phase-memory-4935274.csv
run-68482101d72398e8,cfg-3ed91476f970784c,weight_sync,22340.0,completed_run,output/benchmark_v2_telemetry_calibration/v2tel-07-qwen25_3b-grpo-math-safe_margin-10ms/phase-memory-4935274.csv
run-686524346fa8a73b,cfg-bf9ce8082ed7a2d9,actor_update,19868.0,completed_run,output/strengthening_factorial/strong-factorial-qwen25_3b-grpo-code_heavy_tail-base-s96/phase-memory-5031983.csv
run-686524346fa8a73b,cfg-bf9ce8082ed7a2d9,idle,35156.0,completed_run,output/strengthening_factorial/strong-factorial-qwen25_3b-grpo-code_heavy_tail-base-s96/phase-memory-5031983.csv
run-686524346fa8a73b,cfg-bf9ce8082ed7a2d9,initializing,32676.0,completed_run,output/strengthening_factorial/strong-factorial-qwen25_3b-grpo-code_heavy_tail-base-s96/phase-memory-5031983.csv
run-686524346fa8a73b,cfg-bf9ce8082ed7a2d9,reference_logprob,14224.0,completed_run,output/strengthening_factorial/strong-factorial-qwen25_3b-grpo-code_heavy_tail-base-s96/phase-memory-5031983.csv
run-686524346fa8a73b,cfg-bf9ce8082ed7a2d9,rollout,33514.0,completed_run,output/strengthening_factorial/strong-factorial-qwen25_3b-grpo-code_heavy_tail-base-s96/phase-memory-5031983.csv
run-686524346fa8a73b,cfg-bf9ce8082ed7a2d9,weight_sync,35156.0,completed_run,output/strengthening_factorial/strong-factorial-qwen25_3b-grpo-code_heavy_tail-base-s96/phase-memory-5031983.csv
run-689bb878203c8cf3,cfg-2178e5e1edeaba78,actor_update,26068.0,completed_run,output/review_instrumentation_batch/review-control-qwen25_3b-code_heavy_tail-s123-full_b16/attempt-5048501/phase-memory-5048501.csv
run-689bb878203c8cf3,cfg-2178e5e1edeaba78,idle,33108.0,completed_run,output/review_instrumentation_batch/review-control-qwen25_3b-code_heavy_tail-s123-full_b16/attempt-5048501/phase-memory-5048501.csv
run-689bb878203c8cf3,cfg-2178e5e1edeaba78,initializing,32676.0,completed_run,output/review_instrumentation_batch/review-control-qwen25_3b-code_heavy_tail-s123-full_b16/attempt-5048501/phase-memory-5048501.csv
run-689bb878203c8cf3,cfg-2178e5e1edeaba78,reference_logprob,14084.0,completed_run,output/review_instrumentation_batch/review-control-qwen25_3b-code_heavy_tail-s123-full_b16/attempt-5048501/phase-memory-5048501.csv
run-689bb878203c8cf3,cfg-2178e5e1edeaba78,rollout,33386.0,completed_run,output/review_instrumentation_batch/review-control-qwen25_3b-code_heavy_tail-s123-full_b16/attempt-5048501/phase-memory-5048501.csv
run-689bb878203c8cf3,cfg-2178e5e1edeaba78,weight_sync,33108.0,completed_run,output/review_instrumentation_batch/review-control-qwen25_3b-code_heavy_tail-s123-full_b16/attempt-5048501/phase-memory-5048501.csv
run-68f798cca6ab5d77,cfg-2ad5ea3587b997a9,actor_update,21668.0,completed_run,output/strengthening_factorial/strong-factorial-qwen25_3b-grpo-code_standard-joint-s96/phase-memory-5032026.csv
run-68f798cca6ab5d77,cfg-2ad5ea3587b997a9,idle,37140.0,completed_run,output/strengthening_factorial/strong-factorial-qwen25_3b-grpo-code_standard-joint-s96/phase-memory-5032026.csv
run-68f798cca6ab5d77,cfg-2ad5ea3587b997a9,initializing,36708.0,completed_run,output/strengthening_factorial/strong-factorial-qwen25_3b-grpo-code_standard-joint-s96/phase-memory-5032026.csv
run-68f798cca6ab5d77,cfg-2ad5ea3587b997a9,reference_logprob,12946.0,completed_run,output/strengthening_factorial/strong-factorial-qwen25_3b-grpo-code_standard-joint-s96/phase-memory-5032026.csv
run-68f798cca6ab5d77,cfg-2ad5ea3587b997a9,rollout,37346.0,completed_run,output/strengthening_factorial/strong-factorial-qwen25_3b-grpo-code_standard-joint-s96/phase-memory-5032026.csv
run-68f798cca6ab5d77,cfg-2ad5ea3587b997a9,weight_sync,37140.0,completed_run,output/strengthening_factorial/strong-factorial-qwen25_3b-grpo-code_standard-joint-s96/phase-memory-5032026.csv
run-69dc38d8a6f15d47,cfg-072bd7669d20f8fa,actor_update,18504.0,completed_run,output/revision_topology/rev-topology-phi4_mini-math-c3-s111-four_gpu/attempt-5045372/phase-memory-5045372.csv
run-69dc38d8a6f15d47,cfg-072bd7669d20f8fa,idle,35982.0,completed_run,output/revision_topology/rev-topology-phi4_mini-math-c3-s111-four_gpu/attempt-5045372/phase-memory-5045372.csv
run-69dc38d8a6f15d47,cfg-072bd7669d20f8fa,initializing,36204.0,completed_run,output/revision_topology/rev-topology-phi4_mini-math-c3-s111-four_gpu/attempt-5045372/phase-memory-5045372.csv
run-69dc38d8a6f15d47,cfg-072bd7669d20f8fa,reference_logprob,12976.0,completed_run,output/revision_topology/rev-topology-phi4_mini-math-c3-s111-four_gpu/attempt-5045372/phase-memory-5045372.csv
run-69dc38d8a6f15d47,cfg-072bd7669d20f8fa,rollout,35998.0,completed_run,output/revision_topology/rev-topology-phi4_mini-math-c3-s111-four_gpu/attempt-5045372/phase-memory-5045372.csv
run-69dc38d8a6f15d47,cfg-072bd7669d20f8fa,weight_sync,35982.0,completed_run,output/revision_topology/rev-topology-phi4_mini-math-c3-s111-four_gpu/attempt-5045372/phase-memory-5045372.csv
run-69f20390ad169fbc,cfg-83aadaf7687932d9,actor_update,16948.0,stage_completion_not_certified,output/revision_instrumentation/rev-instrumentation-qwen25_3b-gsm8k-c4-s113-full/attempt-5045288/phase-memory-5045288.csv
run-69f20390ad169fbc,cfg-83aadaf7687932d9,initializing,40812.0,stage_completion_not_certified,output/revision_instrumentation/rev-instrumentation-qwen25_3b-gsm8k-c4-s113-full/attempt-5045288/phase-memory-5045288.csv
run-69f20390ad169fbc,cfg-83aadaf7687932d9,reference_logprob,11786.0,stage_completion_not_certified,output/revision_instrumentation/rev-instrumentation-qwen25_3b-gsm8k-c4-s113-full/attempt-5045288/phase-memory-5045288.csv
run-69f20390ad169fbc,cfg-83aadaf7687932d9,rollout,40834.0,stage_completion_not_certified,output/revision_instrumentation/rev-instrumentation-qwen25_3b-gsm8k-c4-s113-full/attempt-5045288/phase-memory-5045288.csv
run-69f20390ad169fbc,cfg-83aadaf7687932d9,weight_sync,40536.0,terminal_stage_partial,output/revision_instrumentation/rev-instrumentation-qwen25_3b-gsm8k-c4-s113-full/attempt-5045288/phase-memory-5045288.csv
run-6a1dcb79ab3d8935,cfg-ca71b56dc3189305,initializing,10742.0,terminal_stage_partial,output/major_revision_cross_model_confirmatory/mr-xm-confirm-qwen25_3b-grpo-code_standard-c5-s53/phase-memory-4999488.csv
run-6a2076837ba00735,cfg-e82e70f37087dd01,actor_update,16768.0,completed_run,output/strengthening_factorial/strong-factorial-qwen25_3b-grpo-code_standard-reservation_only-s94/phase-memory-5032033.csv
run-6a2076837ba00735,cfg-e82e70f37087dd01,idle,37140.0,completed_run,output/strengthening_factorial/strong-factorial-qwen25_3b-grpo-code_standard-reservation_only-s94/phase-memory-5032033.csv
run-6a2076837ba00735,cfg-e82e70f37087dd01,initializing,36708.0,completed_run,output/strengthening_factorial/strong-factorial-qwen25_3b-grpo-code_standard-reservation_only-s94/phase-memory-5032033.csv
run-6a2076837ba00735,cfg-e82e70f37087dd01,reference_logprob,12766.0,completed_run,output/strengthening_factorial/strong-factorial-qwen25_3b-grpo-code_standard-reservation_only-s94/phase-memory-5032033.csv
run-6a2076837ba00735,cfg-e82e70f37087dd01,rollout,37418.0,completed_run,output/strengthening_factorial/strong-factorial-qwen25_3b-grpo-code_standard-reservation_only-s94/phase-memory-5032033.csv
run-6a2076837ba00735,cfg-e82e70f37087dd01,weight_sync,37140.0,completed_run,output/strengthening_factorial/strong-factorial-qwen25_3b-grpo-code_standard-reservation_only-s94/phase-memory-5032033.csv
run-6a7c2df6c8c4944b,cfg-0f540d3f6fe4661b,actor_update,18876.0,completed_run,output/benchmark_v2_cross_family_confirmatory/v2cf-confirm-phi4_mini-grpo-math_short-c2-s42/phase-memory-4936286.csv
run-6a7c2df6c8c4944b,cfg-0f540d3f6fe4661b,idle,35746.0,completed_run,output/benchmark_v2_cross_family_confirmatory/v2cf-confirm-phi4_mini-grpo-math_short-c2-s42/phase-memory-4936286.csv
run-6a7c2df6c8c4944b,cfg-0f540d3f6fe4661b,initializing,35920.0,completed_run,output/benchmark_v2_cross_family_confirmatory/v2cf-confirm-phi4_mini-grpo-math_short-c2-s42/phase-memory-4936286.csv
run-6a7c2df6c8c4944b,cfg-0f540d3f6fe4661b,reference_logprob,16870.0,completed_run,output/benchmark_v2_cross_family_confirmatory/v2cf-confirm-phi4_mini-grpo-math_short-c2-s42/phase-memory-4936286.csv
run-6a7c2df6c8c4944b,cfg-0f540d3f6fe4661b,rollout,35732.0,completed_run,output/benchmark_v2_cross_family_confirmatory/v2cf-confirm-phi4_mini-grpo-math_short-c2-s42/phase-memory-4936286.csv
run-6a7c2df6c8c4944b,cfg-0f540d3f6fe4661b,weight_sync,35746.0,completed_run,output/benchmark_v2_cross_family_confirmatory/v2cf-confirm-phi4_mini-grpo-math_short-c2-s42/phase-memory-4936286.csv
run-6a7ed50a682cccc0,cfg-cc5f4f0c2e1256ba,actor_update,11400.0,completed_run,output/strengthening_granite_confirmatory/strong-granite-confirmatory-grpo-code_standard-c1-s91/phase-memory-5031412.csv
run-6a7ed50a682cccc0,cfg-cc5f4f0c2e1256ba,idle,21148.0,completed_run,output/strengthening_granite_confirmatory/strong-granite-confirmatory-grpo-code_standard-c1-s91/phase-memory-5031412.csv
run-6a7ed50a682cccc0,cfg-cc5f4f0c2e1256ba,initializing,20638.0,completed_run,output/strengthening_granite_confirmatory/strong-granite-confirmatory-grpo-code_standard-c1-s91/phase-memory-5031412.csv
run-6a7ed50a682cccc0,cfg-cc5f4f0c2e1256ba,reference_logprob,9594.0,completed_run,output/strengthening_granite_confirmatory/strong-granite-confirmatory-grpo-code_standard-c1-s91/phase-memory-5031412.csv
run-6a7ed50a682cccc0,cfg-cc5f4f0c2e1256ba,rollout,21290.0,completed_run,output/strengthening_granite_confirmatory/strong-granite-confirmatory-grpo-code_standard-c1-s91/phase-memory-5031412.csv
run-6a7ed50a682cccc0,cfg-cc5f4f0c2e1256ba,weight_sync,19070.0,completed_run,output/strengthening_granite_confirmatory/strong-granite-confirmatory-grpo-code_standard-c1-s91/phase-memory-5031412.csv
run-6a93d5115c1f97f8,cfg-161de6cc5f566679,actor_update,24464.0,completed_run,output/strengthening_factorial/strong-factorial-qwen25_3b-grpo-code_heavy_tail-joint-s96/phase-memory-5031994.csv
run-6a93d5115c1f97f8,cfg-161de6cc5f566679,idle,37140.0,completed_run,output/strengthening_factorial/strong-factorial-qwen25_3b-grpo-code_heavy_tail-joint-s96/phase-memory-5031994.csv
run-6a93d5115c1f97f8,cfg-161de6cc5f566679,initializing,36708.0,completed_run,output/strengthening_factorial/strong-factorial-qwen25_3b-grpo-code_heavy_tail-joint-s96/phase-memory-5031994.csv
run-6a93d5115c1f97f8,cfg-161de6cc5f566679,reference_logprob,13504.0,completed_run,output/strengthening_factorial/strong-factorial-qwen25_3b-grpo-code_heavy_tail-joint-s96/phase-memory-5031994.csv
run-6a93d5115c1f97f8,cfg-161de6cc5f566679,rollout,37418.0,completed_run,output/strengthening_factorial/strong-factorial-qwen25_3b-grpo-code_heavy_tail-joint-s96/phase-memory-5031994.csv
run-6a93d5115c1f97f8,cfg-161de6cc5f566679,weight_sync,37140.0,completed_run,output/strengthening_factorial/strong-factorial-qwen25_3b-grpo-code_heavy_tail-joint-s96/phase-memory-5031994.csv
run-6b761c089805ff62,cfg-97107ceba8bf0cbe,actor_update,22186.0,completed_run,output/major_revision_cross_model_confirmatory/mr-xm-confirm-phi4_mini-grpo-code_standard-c2-s51/phase-memory-5002623.csv
run-6b761c089805ff62,cfg-97107ceba8bf0cbe,idle,35538.0,completed_run,output/major_revision_cross_model_confirmatory/mr-xm-confirm-phi4_mini-grpo-code_standard-c2-s51/phase-memory-5002623.csv
run-6b761c089805ff62,cfg-97107ceba8bf0cbe,initializing,35398.0,completed_run,output/major_revision_cross_model_confirmatory/mr-xm-confirm-phi4_mini-grpo-code_standard-c2-s51/phase-memory-5002623.csv
run-6b761c089805ff62,cfg-97107ceba8bf0cbe,reference_logprob,16676.0,completed_run,output/major_revision_cross_model_confirmatory/mr-xm-confirm-phi4_mini-grpo-code_standard-c2-s51/phase-memory-5002623.csv
run-6b761c089805ff62,cfg-97107ceba8bf0cbe,rollout,35958.0,completed_run,output/major_revision_cross_model_confirmatory/mr-xm-confirm-phi4_mini-grpo-code_standard-c2-s51/phase-memory-5002623.csv
run-6b761c089805ff62,cfg-97107ceba8bf0cbe,weight_sync,34514.0,completed_run,output/major_revision_cross_model_confirmatory/mr-xm-confirm-phi4_mini-grpo-code_standard-c2-s51/phase-memory-5002623.csv
run-6bfc6c2b6c6aa6e0,cfg-cad8341dbbff10ba,initializing,10742.0,terminal_stage_partial,output/benchmark_v2_cross_family_confirmatory/v2cf-confirm-qwen25_3b-grpo-math_short-c5-s41/phase-memory-4935981.csv
run-6c2763dbd9b1b676,cfg-6467c4b5acff38f3,actor_update,24056.0,completed_run,output/revision_instrumentation/rev-instrumentation-phi4_mini-math-c3-s111-full/attempt-5045369/phase-memory-5045369.csv
run-6c2763dbd9b1b676,cfg-6467c4b5acff38f3,idle,39842.0,completed_run,output/revision_instrumentation/rev-instrumentation-phi4_mini-math-c3-s111-full/attempt-5045369/phase-memory-5045369.csv
run-6c2763dbd9b1b676,cfg-6467c4b5acff38f3,initializing,40012.0,completed_run,output/revision_instrumentation/rev-instrumentation-phi4_mini-math-c3-s111-full/attempt-5045369/phase-memory-5045369.csv
run-6c2763dbd9b1b676,cfg-6467c4b5acff38f3,reference_logprob,17228.0,completed_run,output/revision_instrumentation/rev-instrumentation-phi4_mini-math-c3-s111-full/attempt-5045369/phase-memory-5045369.csv
run-6c2763dbd9b1b676,cfg-6467c4b5acff38f3,rollout,40386.0,completed_run,output/revision_instrumentation/rev-instrumentation-phi4_mini-math-c3-s111-full/attempt-5045369/phase-memory-5045369.csv
run-6c2763dbd9b1b676,cfg-6467c4b5acff38f3,weight_sync,39842.0,completed_run,output/revision_instrumentation/rev-instrumentation-phi4_mini-math-c3-s111-full/attempt-5045369/phase-memory-5045369.csv
run-6c7dd880c55f952a,cfg-3dc042a103546eac,initializing,7780.0,terminal_stage_partial,output/strengthening_granite_confirmatory/strong-granite-confirmatory-grpo-code_heavy_tail-c5-s91/phase-memory-5031387.csv
run-6c9a88c2bd045250,cfg-5839ccf95c2c1722,actor_update,16508.0,stage_completion_not_certified,output/benchmark_v2_cross_family_confirmatory/v2cf-confirm-qwen25_3b-grpo-gsm8k_long-c4-s41/phase-memory-4935827.csv
run-6c9a88c2bd045250,cfg-5839ccf95c2c1722,initializing,40810.0,stage_completion_not_certified,output/benchmark_v2_cross_family_confirmatory/v2cf-confirm-qwen25_3b-grpo-gsm8k_long-c4-s41/phase-memory-4935827.csv
run-6c9a88c2bd045250,cfg-5839ccf95c2c1722,reference_logprob,11506.0,stage_completion_not_certified,output/benchmark_v2_cross_family_confirmatory/v2cf-confirm-qwen25_3b-grpo-gsm8k_long-c4-s41/phase-memory-4935827.csv
run-6c9a88c2bd045250,cfg-5839ccf95c2c1722,rollout,40794.0,stage_completion_not_certified,output/benchmark_v2_cross_family_confirmatory/v2cf-confirm-qwen25_3b-grpo-gsm8k_long-c4-s41/phase-memory-4935827.csv
run-6c9a88c2bd045250,cfg-5839ccf95c2c1722,weight_sync,40536.0,terminal_stage_partial,output/benchmark_v2_cross_family_confirmatory/v2cf-confirm-qwen25_3b-grpo-gsm8k_long-c4-s41/phase-memory-4935827.csv
run-6cb813204d3d1097,cfg-5839ccf95c2c1722,actor_update,16688.0,stage_completion_not_certified,output/benchmark_v2_cross_family_confirmatory/v2cf-confirm-qwen25_3b-grpo-gsm8k_long-c4-s43/phase-memory-4935846.csv
run-6cb813204d3d1097,cfg-5839ccf95c2c1722,initializing,40810.0,stage_completion_not_certified,output/benchmark_v2_cross_family_confirmatory/v2cf-confirm-qwen25_3b-grpo-gsm8k_long-c4-s43/phase-memory-4935846.csv
run-6cb813204d3d1097,cfg-5839ccf95c2c1722,reference_logprob,11626.0,stage_completion_not_certified,output/benchmark_v2_cross_family_confirmatory/v2cf-confirm-qwen25_3b-grpo-gsm8k_long-c4-s43/phase-memory-4935846.csv
run-6cb813204d3d1097,cfg-5839ccf95c2c1722,rollout,40830.0,stage_completion_not_certified,output/benchmark_v2_cross_family_confirmatory/v2cf-confirm-qwen25_3b-grpo-gsm8k_long-c4-s43/phase-memory-4935846.csv
run-6cb813204d3d1097,cfg-5839ccf95c2c1722,weight_sync,40536.0,terminal_stage_partial,output/benchmark_v2_cross_family_confirmatory/v2cf-confirm-qwen25_3b-grpo-gsm8k_long-c4-s43/phase-memory-4935846.csv
run-6ce91c6a318af7d6,cfg-419301d6d3eea82b,actor_update,22998.0,completed_run,output/strengthening_same_node_residency/strong-node-qwen25_3b-grpo-gsm8k-safe_margin-s81-p1-resident/phase-memory-5031101.csv
run-6ce91c6a318af7d6,cfg-419301d6d3eea82b,idle,14896.0,completed_run,output/strengthening_same_node_residency/strong-node-qwen25_3b-grpo-gsm8k-safe_margin-s81-p1-resident/phase-memory-5031101.csv
run-6ce91c6a318af7d6,cfg-419301d6d3eea82b,initializing,26274.0,completed_run,output/strengthening_same_node_residency/strong-node-qwen25_3b-grpo-gsm8k-safe_margin-s81-p1-resident/phase-memory-5031101.csv
run-6ce91c6a318af7d6,cfg-419301d6d3eea82b,reference_logprob,23274.0,completed_run,output/strengthening_same_node_residency/strong-node-qwen25_3b-grpo-gsm8k-safe_margin-s81-p1-resident/phase-memory-5031101.csv
run-6ce91c6a318af7d6,cfg-419301d6d3eea82b,rollout,14362.0,completed_run,output/strengthening_same_node_residency/strong-node-qwen25_3b-grpo-gsm8k-safe_margin-s81-p1-resident/phase-memory-5031101.csv
run-6ce91c6a318af7d6,cfg-419301d6d3eea82b,weight_sync,26784.0,completed_run,output/strengthening_same_node_residency/strong-node-qwen25_3b-grpo-gsm8k-safe_margin-s81-p1-resident/phase-memory-5031101.csv
run-6ceae8dbd0065670,cfg-6a4562db98b38d6f,actor_update,13402.0,completed_run,output/strengthening_granite_confirmatory/strong-granite-confirmatory-grpo-gsm8k_long-c4-s93/phase-memory-5031244.csv
run-6ceae8dbd0065670,cfg-6a4562db98b38d6f,idle,40382.0,completed_run,output/strengthening_granite_confirmatory/strong-granite-confirmatory-grpo-gsm8k_long-c4-s93/phase-memory-5031244.csv
run-6ceae8dbd0065670,cfg-6a4562db98b38d6f,initializing,39956.0,completed_run,output/strengthening_granite_confirmatory/strong-granite-confirmatory-grpo-gsm8k_long-c4-s93/phase-memory-5031244.csv
run-6ceae8dbd0065670,cfg-6a4562db98b38d6f,reference_logprob,9678.0,completed_run,output/strengthening_granite_confirmatory/strong-granite-confirmatory-grpo-gsm8k_long-c4-s93/phase-memory-5031244.csv
run-6ceae8dbd0065670,cfg-6a4562db98b38d6f,rollout,40004.0,completed_run,output/strengthening_granite_confirmatory/strong-granite-confirmatory-grpo-gsm8k_long-c4-s93/phase-memory-5031244.csv
run-6ceae8dbd0065670,cfg-6a4562db98b38d6f,weight_sync,40382.0,completed_run,output/strengthening_granite_confirmatory/strong-granite-confirmatory-grpo-gsm8k_long-c4-s93/phase-memory-5031244.csv
run-6d090f4f82b3847c,cfg-89ca48ce88ea694e,actor_update,33712.0,completed_run,output/major_revision_cross_model_confirmatory/mr-xm-confirm-phi4_mini-grpo-code_heavy_tail-c3-s51/phase-memory-5003953.csv
run-6d090f4f82b3847c,cfg-89ca48ce88ea694e,idle,39550.0,completed_run,output/major_revision_cross_model_confirmatory/mr-xm-confirm-phi4_mini-grpo-code_heavy_tail-c3-s51/phase-memory-5003953.csv
run-6d090f4f82b3847c,cfg-89ca48ce88ea694e,initializing,39430.0,completed_run,output/major_revision_cross_model_confirmatory/mr-xm-confirm-phi4_mini-grpo-code_heavy_tail-c3-s51/phase-memory-5003953.csv
run-6d090f4f82b3847c,cfg-89ca48ce88ea694e,reference_logprob,17794.0,completed_run,output/major_revision_cross_model_confirmatory/mr-xm-confirm-phi4_mini-grpo-code_heavy_tail-c3-s51/phase-memory-5003953.csv
run-6d090f4f82b3847c,cfg-89ca48ce88ea694e,rollout,40112.0,completed_run,output/major_revision_cross_model_confirmatory/mr-xm-confirm-phi4_mini-grpo-code_heavy_tail-c3-s51/phase-memory-5003953.csv
run-6d090f4f82b3847c,cfg-89ca48ce88ea694e,unknown,10526.0,completed_run,output/major_revision_cross_model_confirmatory/mr-xm-confirm-phi4_mini-grpo-code_heavy_tail-c3-s51/phase-memory-5003953.csv
run-6d090f4f82b3847c,cfg-89ca48ce88ea694e,weight_sync,39550.0,completed_run,output/major_revision_cross_model_confirmatory/mr-xm-confirm-phi4_mini-grpo-code_heavy_tail-c3-s51/phase-memory-5003953.csv
run-6da63b83739cb402,cfg-30e348e68aa5fb5c,initializing,40926.0,terminal_stage_partial,output/strengthening_same_node_residency/strong-node-qwen25_3b-grpo-math-near_boundary-s81-p2-resident/phase-memory-5031124.csv
run-6de41670dd5ab9ea,cfg-c5eec07ea9371c25,actor_update,34880.0,completed_run,output/strengthening_factorial/strong-factorial-phi4_mini-grpo-code_heavy_tail-actor_only-s95/phase-memory-5031718.csv
run-6de41670dd5ab9ea,cfg-c5eec07ea9371c25,idle,35518.0,completed_run,output/strengthening_factorial/strong-factorial-phi4_mini-grpo-code_heavy_tail-actor_only-s95/phase-memory-5031718.csv
run-6de41670dd5ab9ea,cfg-c5eec07ea9371c25,initializing,35398.0,completed_run,output/strengthening_factorial/strong-factorial-phi4_mini-grpo-code_heavy_tail-actor_only-s95/phase-memory-5031718.csv
run-6de41670dd5ab9ea,cfg-c5eec07ea9371c25,reference_logprob,17974.0,completed_run,output/strengthening_factorial/strong-factorial-phi4_mini-grpo-code_heavy_tail-actor_only-s95/phase-memory-5031718.csv
run-6de41670dd5ab9ea,cfg-c5eec07ea9371c25,rollout,36100.0,completed_run,output/strengthening_factorial/strong-factorial-phi4_mini-grpo-code_heavy_tail-actor_only-s95/phase-memory-5031718.csv
run-6de41670dd5ab9ea,cfg-c5eec07ea9371c25,weight_sync,35518.0,completed_run,output/strengthening_factorial/strong-factorial-phi4_mini-grpo-code_heavy_tail-actor_only-s95/phase-memory-5031718.csv
run-6dedaa65c9ee4a7c,cfg-a988dbb2ba8e6b83,actor_update,14496.0,completed_run,output/strengthening_temporal_phases/strong-time-grpo-math-qwen25_1p5b-safe_margin-s91/phase-memory-5032508.csv
run-6dedaa65c9ee4a7c,cfg-a988dbb2ba8e6b83,checkpoint,13758.0,completed_run,output/strengthening_temporal_phases/strong-time-grpo-math-qwen25_1p5b-safe_margin-s91/phase-memory-5032508.csv
run-6dedaa65c9ee4a7c,cfg-a988dbb2ba8e6b83,idle,26232.0,completed_run,output/strengthening_temporal_phases/strong-time-grpo-math-qwen25_1p5b-safe_margin-s91/phase-memory-5032508.csv
run-6dedaa65c9ee4a7c,cfg-a988dbb2ba8e6b83,initializing,26522.0,completed_run,output/strengthening_temporal_phases/strong-time-grpo-math-qwen25_1p5b-safe_margin-s91/phase-memory-5032508.csv
run-6dedaa65c9ee4a7c,cfg-a988dbb2ba8e6b83,reference_logprob,14190.0,completed_run,output/strengthening_temporal_phases/strong-time-grpo-math-qwen25_1p5b-safe_margin-s91/phase-memory-5032508.csv
run-6dedaa65c9ee4a7c,cfg-a988dbb2ba8e6b83,rollout,28832.0,completed_run,output/strengthening_temporal_phases/strong-time-grpo-math-qwen25_1p5b-safe_margin-s91/phase-memory-5032508.csv
run-6dedaa65c9ee4a7c,cfg-a988dbb2ba8e6b83,unknown,13870.0,completed_run,output/strengthening_temporal_phases/strong-time-grpo-math-qwen25_1p5b-safe_margin-s91/phase-memory-5032508.csv
run-6dedaa65c9ee4a7c,cfg-a988dbb2ba8e6b83,validation,26446.0,completed_run,output/strengthening_temporal_phases/strong-time-grpo-math-qwen25_1p5b-safe_margin-s91/phase-memory-5032508.csv
run-6dedaa65c9ee4a7c,cfg-a988dbb2ba8e6b83,weight_sync,26232.0,completed_run,output/strengthening_temporal_phases/strong-time-grpo-math-qwen25_1p5b-safe_margin-s91/phase-memory-5032508.csv
run-6df1b2834c7f04ce,cfg-b7a35495ef8f0eb3,actor_update,15386.0,completed_run,output/strengthening_factorial/strong-factorial-qwen25_3b-grpo-math-reservation_only-s95/phase-memory-5032054.csv
run-6df1b2834c7f04ce,cfg-b7a35495ef8f0eb3,idle,37478.0,completed_run,output/strengthening_factorial/strong-factorial-qwen25_3b-grpo-math-reservation_only-s95/phase-memory-5032054.csv
run-6df1b2834c7f04ce,cfg-b7a35495ef8f0eb3,initializing,37312.0,completed_run,output/strengthening_factorial/strong-factorial-qwen25_3b-grpo-math-reservation_only-s95/phase-memory-5032054.csv
run-6df1b2834c7f04ce,cfg-b7a35495ef8f0eb3,reference_logprob,13902.0,completed_run,output/strengthening_factorial/strong-factorial-qwen25_3b-grpo-math-reservation_only-s95/phase-memory-5032054.csv
run-6df1b2834c7f04ce,cfg-b7a35495ef8f0eb3,rollout,37244.0,completed_run,output/strengthening_factorial/strong-factorial-qwen25_3b-grpo-math-reservation_only-s95/phase-memory-5032054.csv
run-6df1b2834c7f04ce,cfg-b7a35495ef8f0eb3,weight_sync,37478.0,completed_run,output/strengthening_factorial/strong-factorial-qwen25_3b-grpo-math-reservation_only-s95/phase-memory-5032054.csv
run-6ee63b0f012d9943,cfg-fbe1c0422f98cb38,actor_update,11580.0,completed_run,output/strengthening_granite_confirmatory/strong-granite-confirmatory-grpo-gsm8k_long-c2-s91/phase-memory-5031224.csv
run-6ee63b0f012d9943,cfg-fbe1c0422f98cb38,idle,32302.0,completed_run,output/strengthening_granite_confirmatory/strong-granite-confirmatory-grpo-gsm8k_long-c2-s91/phase-memory-5031224.csv
run-6ee63b0f012d9943,cfg-fbe1c0422f98cb38,initializing,31876.0,completed_run,output/strengthening_granite_confirmatory/strong-granite-confirmatory-grpo-gsm8k_long-c2-s91/phase-memory-5031224.csv
run-6ee63b0f012d9943,cfg-fbe1c0422f98cb38,reference_logprob,9316.0,completed_run,output/strengthening_granite_confirmatory/strong-granite-confirmatory-grpo-gsm8k_long-c2-s91/phase-memory-5031224.csv
run-6ee63b0f012d9943,cfg-fbe1c0422f98cb38,rollout,31928.0,completed_run,output/strengthening_granite_confirmatory/strong-granite-confirmatory-grpo-gsm8k_long-c2-s91/phase-memory-5031224.csv
run-6ee63b0f012d9943,cfg-fbe1c0422f98cb38,weight_sync,32302.0,completed_run,output/strengthening_granite_confirmatory/strong-granite-confirmatory-grpo-gsm8k_long-c2-s91/phase-memory-5031224.csv
run-6f5eba05ce1db8a2,cfg-a188f9742074d270,initializing,40926.0,terminal_stage_partial,output/strengthening_same_node_residency/strong-node-qwen25_3b-grpo-gsm8k-near_boundary-s82-p1-resident/phase-memory-5031092.csv
run-6fa0c5912a1ce657,cfg-4743c1c830bad982,actor_update,19118.0,completed_run,output/revision_instrumentation/rev-instrumentation-phi4_mini-math-c2-s113-full/attempt-5045361/phase-memory-5045361.csv
run-6fa0c5912a1ce657,cfg-4743c1c830bad982,idle,35746.0,completed_run,output/revision_instrumentation/rev-instrumentation-phi4_mini-math-c2-s113-full/attempt-5045361/phase-memory-5045361.csv
run-6fa0c5912a1ce657,cfg-4743c1c830bad982,initializing,35920.0,completed_run,output/revision_instrumentation/rev-instrumentation-phi4_mini-math-c2-s113-full/attempt-5045361/phase-memory-5045361.csv
run-6fa0c5912a1ce657,cfg-4743c1c830bad982,reference_logprob,17048.0,completed_run,output/revision_instrumentation/rev-instrumentation-phi4_mini-math-c2-s113-full/attempt-5045361/phase-memory-5045361.csv
run-6fa0c5912a1ce657,cfg-4743c1c830bad982,rollout,35870.0,completed_run,output/revision_instrumentation/rev-instrumentation-phi4_mini-math-c2-s113-full/attempt-5045361/phase-memory-5045361.csv
run-6fa0c5912a1ce657,cfg-4743c1c830bad982,weight_sync,35746.0,completed_run,output/revision_instrumentation/rev-instrumentation-phi4_mini-math-c2-s113-full/attempt-5045361/phase-memory-5045361.csv
run-70334b069aa42407,cfg-f75b68f479767290,actor_update,18956.0,completed_run,output/major_revision_cross_model_confirmatory/mr-xm-confirm-phi4_mini-grpo-code_standard-c1-s53/phase-memory-5002599.csv
run-70334b069aa42407,cfg-f75b68f479767290,idle,21924.0,completed_run,output/major_revision_cross_model_confirmatory/mr-xm-confirm-phi4_mini-grpo-code_standard-c1-s53/phase-memory-5002599.csv
run-70334b069aa42407,cfg-f75b68f479767290,initializing,25598.0,completed_run,output/major_revision_cross_model_confirmatory/mr-xm-confirm-phi4_mini-grpo-code_standard-c1-s53/phase-memory-5002599.csv
run-70334b069aa42407,cfg-f75b68f479767290,reference_logprob,16870.0,completed_run,output/major_revision_cross_model_confirmatory/mr-xm-confirm-phi4_mini-grpo-code_standard-c1-s53/phase-memory-5002599.csv
run-70334b069aa42407,cfg-f75b68f479767290,rollout,22102.0,completed_run,output/major_revision_cross_model_confirmatory/mr-xm-confirm-phi4_mini-grpo-code_standard-c1-s53/phase-memory-5002599.csv
run-70334b069aa42407,cfg-f75b68f479767290,weight_sync,26036.0,completed_run,output/major_revision_cross_model_confirmatory/mr-xm-confirm-phi4_mini-grpo-code_standard-c1-s53/phase-memory-5002599.csv
run-70bb98c14f3fdd8b,cfg-90f4a9f55e2f827d,actor_update,18668.0,completed_run,output/review_instrumentation_batch/review-control-qwen25_3b-code_heavy_tail-s121-full_b8/attempt-5048525/phase-memory-5048525.csv
run-70bb98c14f3fdd8b,cfg-90f4a9f55e2f827d,idle,33108.0,completed_run,output/review_instrumentation_batch/review-control-qwen25_3b-code_heavy_tail-s121-full_b8/attempt-5048525/phase-memory-5048525.csv
run-70bb98c14f3fdd8b,cfg-90f4a9f55e2f827d,initializing,32674.0,completed_run,output/review_instrumentation_batch/review-control-qwen25_3b-code_heavy_tail-s121-full_b8/attempt-5048525/phase-memory-5048525.csv
run-70bb98c14f3fdd8b,cfg-90f4a9f55e2f827d,reference_logprob,13644.0,completed_run,output/review_instrumentation_batch/review-control-qwen25_3b-code_heavy_tail-s121-full_b8/attempt-5048525/phase-memory-5048525.csv
run-70bb98c14f3fdd8b,cfg-90f4a9f55e2f827d,rollout,33386.0,completed_run,output/review_instrumentation_batch/review-control-qwen25_3b-code_heavy_tail-s121-full_b8/attempt-5048525/phase-memory-5048525.csv
run-70bb98c14f3fdd8b,cfg-90f4a9f55e2f827d,weight_sync,33108.0,completed_run,output/review_instrumentation_batch/review-control-qwen25_3b-code_heavy_tail-s121-full_b8/attempt-5048525/phase-memory-5048525.csv
run-71acc2b1953baebd,cfg-cc2c35944156e5d4,actor_update,12536.0,completed_run,output/revision_topology/rev-topology-qwen25_3b-gsm8k-c3-s111-four_gpu/attempt-5045292/phase-memory-5045292.csv
run-71acc2b1953baebd,cfg-cc2c35944156e5d4,idle,33872.0,completed_run,output/revision_topology/rev-topology-qwen25_3b-gsm8k-c3-s111-four_gpu/attempt-5045292/phase-memory-5045292.csv
run-71acc2b1953baebd,cfg-cc2c35944156e5d4,initializing,33580.0,completed_run,output/revision_topology/rev-topology-qwen25_3b-gsm8k-c3-s111-four_gpu/attempt-5045292/phase-memory-5045292.csv
run-71acc2b1953baebd,cfg-cc2c35944156e5d4,reference_logprob,8534.0,completed_run,output/revision_topology/rev-topology-qwen25_3b-gsm8k-c3-s111-four_gpu/attempt-5045292/phase-memory-5045292.csv
run-71acc2b1953baebd,cfg-cc2c35944156e5d4,rollout,33562.0,completed_run,output/revision_topology/rev-topology-qwen25_3b-gsm8k-c3-s111-four_gpu/attempt-5045292/phase-memory-5045292.csv
run-71acc2b1953baebd,cfg-cc2c35944156e5d4,weight_sync,33872.0,completed_run,output/revision_topology/rev-topology-qwen25_3b-gsm8k-c3-s111-four_gpu/attempt-5045292/phase-memory-5045292.csv
run-71bde42053b12f0b,cfg-c608f00aea4f9b32,actor_update,15102.0,completed_run,output/strengthening_factorial/strong-factorial-granite33_2b-grpo-code_standard-actor_only-s95/phase-memory-5031318.csv
run-71bde42053b12f0b,cfg-c608f00aea4f9b32,idle,32302.0,completed_run,output/strengthening_factorial/strong-factorial-granite33_2b-grpo-code_standard-actor_only-s95/phase-memory-5031318.csv
run-71bde42053b12f0b,cfg-c608f00aea4f9b32,initializing,31876.0,completed_run,output/strengthening_factorial/strong-factorial-granite33_2b-grpo-code_standard-actor_only-s95/phase-memory-5031318.csv
run-71bde42053b12f0b,cfg-c608f00aea4f9b32,reference_logprob,9696.0,completed_run,output/strengthening_factorial/strong-factorial-granite33_2b-grpo-code_standard-actor_only-s95/phase-memory-5031318.csv
run-71bde42053b12f0b,cfg-c608f00aea4f9b32,rollout,32534.0,completed_run,output/strengthening_factorial/strong-factorial-granite33_2b-grpo-code_standard-actor_only-s95/phase-memory-5031318.csv
run-71bde42053b12f0b,cfg-c608f00aea4f9b32,weight_sync,32302.0,completed_run,output/strengthening_factorial/strong-factorial-granite33_2b-grpo-code_standard-actor_only-s95/phase-memory-5031318.csv
run-724b9d0fb65d9b17,cfg-d4a213515805a9a7,actor_update,11178.0,completed_run,output/strengthening_granite_confirmatory/strong-granite-confirmatory-grpo-gsm8k_long-c1-s93/phase-memory-5031223.csv
run-724b9d0fb65d9b17,cfg-d4a213515805a9a7,idle,21128.0,completed_run,output/strengthening_granite_confirmatory/strong-granite-confirmatory-grpo-gsm8k_long-c1-s93/phase-memory-5031223.csv
run-724b9d0fb65d9b17,cfg-d4a213515805a9a7,initializing,20636.0,completed_run,output/strengthening_granite_confirmatory/strong-granite-confirmatory-grpo-gsm8k_long-c1-s93/phase-memory-5031223.csv
run-724b9d0fb65d9b17,cfg-d4a213515805a9a7,reference_logprob,9472.0,completed_run,output/strengthening_granite_confirmatory/strong-granite-confirmatory-grpo-gsm8k_long-c1-s93/phase-memory-5031223.csv
run-724b9d0fb65d9b17,cfg-d4a213515805a9a7,rollout,20726.0,completed_run,output/strengthening_granite_confirmatory/strong-granite-confirmatory-grpo-gsm8k_long-c1-s93/phase-memory-5031223.csv
run-724b9d0fb65d9b17,cfg-d4a213515805a9a7,weight_sync,19912.0,completed_run,output/strengthening_granite_confirmatory/strong-granite-confirmatory-grpo-gsm8k_long-c1-s93/phase-memory-5031223.csv
run-72f151d0d8d633d6,cfg-97107ceba8bf0cbe,actor_update,22678.0,completed_run,output/major_revision_cross_model_confirmatory/mr-xm-confirm-phi4_mini-grpo-code_standard-c2-s52/phase-memory-5002650.csv
run-72f151d0d8d633d6,cfg-97107ceba8bf0cbe,idle,35538.0,completed_run,output/major_revision_cross_model_confirmatory/mr-xm-confirm-phi4_mini-grpo-code_standard-c2-s52/phase-memory-5002650.csv
run-72f151d0d8d633d6,cfg-97107ceba8bf0cbe,initializing,35398.0,completed_run,output/major_revision_cross_model_confirmatory/mr-xm-confirm-phi4_mini-grpo-code_standard-c2-s52/phase-memory-5002650.csv
run-72f151d0d8d633d6,cfg-97107ceba8bf0cbe,reference_logprob,16816.0,completed_run,output/major_revision_cross_model_confirmatory/mr-xm-confirm-phi4_mini-grpo-code_standard-c2-s52/phase-memory-5002650.csv
run-72f151d0d8d633d6,cfg-97107ceba8bf0cbe,rollout,35958.0,completed_run,output/major_revision_cross_model_confirmatory/mr-xm-confirm-phi4_mini-grpo-code_standard-c2-s52/phase-memory-5002650.csv
run-72f151d0d8d633d6,cfg-97107ceba8bf0cbe,weight_sync,35518.0,completed_run,output/major_revision_cross_model_confirmatory/mr-xm-confirm-phi4_mini-grpo-code_standard-c2-s52/phase-memory-5002650.csv
run-7315a48a85bad5ca,cfg-a0eeadfadfa890b0,actor_update,19180.0,completed_run,output/review_instrumentation_batch/review-control-qwen25_3b-code_heavy_tail-s121-external_b8/attempt-5048525/phase-memory-5048525.csv
run-7315a48a85bad5ca,cfg-a0eeadfadfa890b0,idle,33108.0,completed_run,output/review_instrumentation_batch/review-control-qwen25_3b-code_heavy_tail-s121-external_b8/attempt-5048525/phase-memory-5048525.csv
run-7315a48a85bad5ca,cfg-a0eeadfadfa890b0,initializing,32674.0,completed_run,output/review_instrumentation_batch/review-control-qwen25_3b-code_heavy_tail-s121-external_b8/attempt-5048525/phase-memory-5048525.csv
run-7315a48a85bad5ca,cfg-a0eeadfadfa890b0,reference_logprob,14024.0,completed_run,output/review_instrumentation_batch/review-control-qwen25_3b-code_heavy_tail-s121-external_b8/attempt-5048525/phase-memory-5048525.csv
run-7315a48a85bad5ca,cfg-a0eeadfadfa890b0,rollout,33286.0,completed_run,output/review_instrumentation_batch/review-control-qwen25_3b-code_heavy_tail-s121-external_b8/attempt-5048525/phase-memory-5048525.csv
run-7315a48a85bad5ca,cfg-a0eeadfadfa890b0,weight_sync,33108.0,completed_run,output/review_instrumentation_batch/review-control-qwen25_3b-code_heavy_tail-s121-external_b8/attempt-5048525/phase-memory-5048525.csv
run-7407f692bdac7c71,cfg-ea92cccc91029465,initializing,14790.0,terminal_stage_partial,output/major_revision_cross_model_confirmatory/mr-xm-confirm-phi4_mini-grpo-code_standard-c4-s51/phase-memory-5002973.csv
run-746eed8b05bd4254,cfg-896685010703c0fb,initializing,14790.0,terminal_stage_partial,output/major_revision_cross_model_confirmatory/mr-xm-confirm-phi4_mini-grpo-code_standard-c5-s52/phase-memory-5003303.csv
run-74cf21874bf9cd37,cfg-aca3236b5ba27772,actor_update,18582.0,completed_run,output/review_instrumentation_batch/review-control-phi4_mini-gsm8k-s122-external_b8/attempt-5048577/phase-memory-5048577.csv
run-74cf21874bf9cd37,cfg-aca3236b5ba27772,idle,35518.0,completed_run,output/review_instrumentation_batch/review-control-phi4_mini-gsm8k-s122-external_b8/attempt-5048577/phase-memory-5048577.csv
run-74cf21874bf9cd37,cfg-aca3236b5ba27772,initializing,35398.0,completed_run,output/review_instrumentation_batch/review-control-phi4_mini-gsm8k-s122-external_b8/attempt-5048577/phase-memory-5048577.csv
run-74cf21874bf9cd37,cfg-aca3236b5ba27772,reference_logprob,15452.0,completed_run,output/review_instrumentation_batch/review-control-phi4_mini-gsm8k-s122-external_b8/attempt-5048577/phase-memory-5048577.csv
run-74cf21874bf9cd37,cfg-aca3236b5ba27772,rollout,35340.0,completed_run,output/review_instrumentation_batch/review-control-phi4_mini-gsm8k-s122-external_b8/attempt-5048577/phase-memory-5048577.csv
run-74cf21874bf9cd37,cfg-aca3236b5ba27772,weight_sync,35518.0,completed_run,output/review_instrumentation_batch/review-control-phi4_mini-gsm8k-s122-external_b8/attempt-5048577/phase-memory-5048577.csv
run-76d15668ac349594,cfg-7a9a974958c57abc,actor_update,16488.0,completed_run,output/benchmark_v2_cross_family_confirmatory/v2cf-confirm-qwen25_3b-grpo-gsm8k_long-c3-s43/phase-memory-4935822.csv
run-76d15668ac349594,cfg-7a9a974958c57abc,idle,37140.0,completed_run,output/benchmark_v2_cross_family_confirmatory/v2cf-confirm-qwen25_3b-grpo-gsm8k_long-c3-s43/phase-memory-4935822.csv
run-76d15668ac349594,cfg-7a9a974958c57abc,initializing,36708.0,completed_run,output/benchmark_v2_cross_family_confirmatory/v2cf-confirm-qwen25_3b-grpo-gsm8k_long-c3-s43/phase-memory-4935822.csv
run-76d15668ac349594,cfg-7a9a974958c57abc,reference_logprob,11626.0,completed_run,output/benchmark_v2_cross_family_confirmatory/v2cf-confirm-qwen25_3b-grpo-gsm8k_long-c3-s43/phase-memory-4935822.csv
run-76d15668ac349594,cfg-7a9a974958c57abc,rollout,36730.0,completed_run,output/benchmark_v2_cross_family_confirmatory/v2cf-confirm-qwen25_3b-grpo-gsm8k_long-c3-s43/phase-memory-4935822.csv
run-76d15668ac349594,cfg-7a9a974958c57abc,weight_sync,37140.0,completed_run,output/benchmark_v2_cross_family_confirmatory/v2cf-confirm-qwen25_3b-grpo-gsm8k_long-c3-s43/phase-memory-4935822.csv
run-77a115af5e9e8ea6,cfg-28f3c14e91d01934,actor_update,17072.0,completed_run,output/strengthening_factorial/strong-factorial-granite33_2b-grpo-code_heavy_tail-joint-s96/phase-memory-5031379.csv
run-77a115af5e9e8ea6,cfg-28f3c14e91d01934,idle,36302.0,completed_run,output/strengthening_factorial/strong-factorial-granite33_2b-grpo-code_heavy_tail-joint-s96/phase-memory-5031379.csv
run-77a115af5e9e8ea6,cfg-28f3c14e91d01934,initializing,35876.0,completed_run,output/strengthening_factorial/strong-factorial-granite33_2b-grpo-code_heavy_tail-joint-s96/phase-memory-5031379.csv
run-77a115af5e9e8ea6,cfg-28f3c14e91d01934,reference_logprob,9938.0,completed_run,output/strengthening_factorial/strong-factorial-granite33_2b-grpo-code_heavy_tail-joint-s96/phase-memory-5031379.csv
run-77a115af5e9e8ea6,cfg-28f3c14e91d01934,rollout,36536.0,completed_run,output/strengthening_factorial/strong-factorial-granite33_2b-grpo-code_heavy_tail-joint-s96/phase-memory-5031379.csv
run-77a115af5e9e8ea6,cfg-28f3c14e91d01934,weight_sync,36302.0,completed_run,output/strengthening_factorial/strong-factorial-granite33_2b-grpo-code_heavy_tail-joint-s96/phase-memory-5031379.csv
run-77bbae44d3ee659b,cfg-5629d7e19157784a,actor_update,14022.0,completed_run,output/strengthening_factorial/strong-factorial-granite33_2b-grpo-code_heavy_tail-base-s95/phase-memory-5031337.csv
run-77bbae44d3ee659b,cfg-5629d7e19157784a,idle,32342.0,completed_run,output/strengthening_factorial/strong-factorial-granite33_2b-grpo-code_heavy_tail-base-s95/phase-memory-5031337.csv
run-77bbae44d3ee659b,cfg-5629d7e19157784a,initializing,31876.0,completed_run,output/strengthening_factorial/strong-factorial-granite33_2b-grpo-code_heavy_tail-base-s95/phase-memory-5031337.csv
run-77bbae44d3ee659b,cfg-5629d7e19157784a,reference_logprob,9998.0,completed_run,output/strengthening_factorial/strong-factorial-granite33_2b-grpo-code_heavy_tail-base-s95/phase-memory-5031337.csv
run-77bbae44d3ee659b,cfg-5629d7e19157784a,rollout,32536.0,completed_run,output/strengthening_factorial/strong-factorial-granite33_2b-grpo-code_heavy_tail-base-s95/phase-memory-5031337.csv
run-77bbae44d3ee659b,cfg-5629d7e19157784a,weight_sync,31430.0,completed_run,output/strengthening_factorial/strong-factorial-granite33_2b-grpo-code_heavy_tail-base-s95/phase-memory-5031337.csv
run-79dfd584d192084c,cfg-30e348e68aa5fb5c,initializing,40926.0,terminal_stage_partial,output/strengthening_same_node_residency/strong-node-qwen25_3b-grpo-math-near_boundary-s83-p2-resident/phase-memory-5031131.csv
run-79f5e337e6b88b53,cfg-419301d6d3eea82b,actor_update,23036.0,completed_run,output/strengthening_same_node_residency/strong-node-qwen25_3b-grpo-gsm8k-safe_margin-s82-p2-resident/phase-memory-5031103.csv
run-79f5e337e6b88b53,cfg-419301d6d3eea82b,idle,14916.0,completed_run,output/strengthening_same_node_residency/strong-node-qwen25_3b-grpo-gsm8k-safe_margin-s82-p2-resident/phase-memory-5031103.csv
run-79f5e337e6b88b53,cfg-419301d6d3eea82b,initializing,26274.0,completed_run,output/strengthening_same_node_residency/strong-node-qwen25_3b-grpo-gsm8k-safe_margin-s82-p2-resident/phase-memory-5031103.csv
run-79f5e337e6b88b53,cfg-419301d6d3eea82b,reference_logprob,22954.0,completed_run,output/strengthening_same_node_residency/strong-node-qwen25_3b-grpo-gsm8k-safe_margin-s82-p2-resident/phase-memory-5031103.csv
run-79f5e337e6b88b53,cfg-419301d6d3eea82b,rollout,14398.0,completed_run,output/strengthening_same_node_residency/strong-node-qwen25_3b-grpo-gsm8k-safe_margin-s82-p2-resident/phase-memory-5031103.csv
run-79f5e337e6b88b53,cfg-419301d6d3eea82b,weight_sync,26820.0,completed_run,output/strengthening_same_node_residency/strong-node-qwen25_3b-grpo-gsm8k-safe_margin-s82-p2-resident/phase-memory-5031103.csv
run-7a050e864f7919e4,cfg-e5f3439a7c655274,actor_update,20878.0,completed_run,output/benchmark_v2_temporal_confirmatory/v2time-grpo-gsm8k-qwen25_3b-near_boundary-s41/phase-memory-4942791.csv
run-7a050e864f7919e4,cfg-e5f3439a7c655274,idle,35778.0,completed_run,output/benchmark_v2_temporal_confirmatory/v2time-grpo-gsm8k-qwen25_3b-near_boundary-s41/phase-memory-4942791.csv
run-7a050e864f7919e4,cfg-e5f3439a7c655274,initializing,35912.0,completed_run,output/benchmark_v2_temporal_confirmatory/v2time-grpo-gsm8k-qwen25_3b-near_boundary-s41/phase-memory-4942791.csv
run-7a050e864f7919e4,cfg-e5f3439a7c655274,reference_logprob,15900.0,completed_run,output/benchmark_v2_temporal_confirmatory/v2time-grpo-gsm8k-qwen25_3b-near_boundary-s41/phase-memory-4942791.csv
run-7a050e864f7919e4,cfg-e5f3439a7c655274,rollout,37748.0,completed_run,output/benchmark_v2_temporal_confirmatory/v2time-grpo-gsm8k-qwen25_3b-near_boundary-s41/phase-memory-4942791.csv
run-7a050e864f7919e4,cfg-e5f3439a7c655274,weight_sync,35778.0,completed_run,output/benchmark_v2_temporal_confirmatory/v2time-grpo-gsm8k-qwen25_3b-near_boundary-s41/phase-memory-4942791.csv
run-7a32dc21d31ca35f,cfg-3bbff1090fab73f9,actor_update,16628.0,completed_run,output/revision_instrumentation/rev-instrumentation-qwen25_3b-gsm8k-c3-s113-full/attempt-5045363/phase-memory-5045363.csv
run-7a32dc21d31ca35f,cfg-3bbff1090fab73f9,idle,37140.0,completed_run,output/revision_instrumentation/rev-instrumentation-qwen25_3b-gsm8k-c3-s113-full/attempt-5045363/phase-memory-5045363.csv
run-7a32dc21d31ca35f,cfg-3bbff1090fab73f9,initializing,36708.0,completed_run,output/revision_instrumentation/rev-instrumentation-qwen25_3b-gsm8k-c3-s113-full/attempt-5045363/phase-memory-5045363.csv
run-7a32dc21d31ca35f,cfg-3bbff1090fab73f9,reference_logprob,11706.0,completed_run,output/revision_instrumentation/rev-instrumentation-qwen25_3b-gsm8k-c3-s113-full/attempt-5045363/phase-memory-5045363.csv
run-7a32dc21d31ca35f,cfg-3bbff1090fab73f9,rollout,36778.0,completed_run,output/revision_instrumentation/rev-instrumentation-qwen25_3b-gsm8k-c3-s113-full/attempt-5045363/phase-memory-5045363.csv
run-7a32dc21d31ca35f,cfg-3bbff1090fab73f9,weight_sync,37140.0,completed_run,output/revision_instrumentation/rev-instrumentation-qwen25_3b-gsm8k-c3-s113-full/attempt-5045363/phase-memory-5045363.csv
run-7a4262f985edfc62,cfg-7898c5f5e25f7757,actor_update,14196.0,completed_run,output/strengthening_temporal_phases/strong-time-grpo-math-qwen25_1p5b-near_boundary-s93/phase-memory-5034441.csv
run-7a4262f985edfc62,cfg-7898c5f5e25f7757,checkpoint,13974.0,completed_run,output/strengthening_temporal_phases/strong-time-grpo-math-qwen25_1p5b-near_boundary-s93/phase-memory-5034441.csv
run-7a4262f985edfc62,cfg-7898c5f5e25f7757,idle,32300.0,completed_run,output/strengthening_temporal_phases/strong-time-grpo-math-qwen25_1p5b-near_boundary-s93/phase-memory-5034441.csv
run-7a4262f985edfc62,cfg-7898c5f5e25f7757,initializing,32570.0,completed_run,output/strengthening_temporal_phases/strong-time-grpo-math-qwen25_1p5b-near_boundary-s93/phase-memory-5034441.csv
run-7a4262f985edfc62,cfg-7898c5f5e25f7757,reference_logprob,13930.0,completed_run,output/strengthening_temporal_phases/strong-time-grpo-math-qwen25_1p5b-near_boundary-s93/phase-memory-5034441.csv
run-7a4262f985edfc62,cfg-7898c5f5e25f7757,rollout,34584.0,completed_run,output/strengthening_temporal_phases/strong-time-grpo-math-qwen25_1p5b-near_boundary-s93/phase-memory-5034441.csv
run-7a4262f985edfc62,cfg-7898c5f5e25f7757,unknown,32478.0,completed_run,output/strengthening_temporal_phases/strong-time-grpo-math-qwen25_1p5b-near_boundary-s93/phase-memory-5034441.csv
run-7a4262f985edfc62,cfg-7898c5f5e25f7757,validation,32514.0,completed_run,output/strengthening_temporal_phases/strong-time-grpo-math-qwen25_1p5b-near_boundary-s93/phase-memory-5034441.csv
run-7a4262f985edfc62,cfg-7898c5f5e25f7757,weight_sync,32300.0,completed_run,output/strengthening_temporal_phases/strong-time-grpo-math-qwen25_1p5b-near_boundary-s93/phase-memory-5034441.csv
run-7a5ec871ffe9c674,cfg-e80b4f00d0546932,actor_update,14488.0,completed_run,output/revision_instrumentation/rev-instrumentation-granite33_2b-math-c3-s111-full/attempt-5045390/phase-memory-5045390.csv
run-7a5ec871ffe9c674,cfg-e80b4f00d0546932,idle,36670.0,completed_run,output/revision_instrumentation/rev-instrumentation-granite33_2b-math-c3-s111-full/attempt-5045390/phase-memory-5045390.csv
run-7a5ec871ffe9c674,cfg-e80b4f00d0546932,initializing,36308.0,completed_run,output/revision_instrumentation/rev-instrumentation-granite33_2b-math-c3-s111-full/attempt-5045390/phase-memory-5045390.csv
run-7a5ec871ffe9c674,cfg-e80b4f00d0546932,reference_logprob,10346.0,completed_run,output/revision_instrumentation/rev-instrumentation-granite33_2b-math-c3-s111-full/attempt-5045390/phase-memory-5045390.csv
run-7a5ec871ffe9c674,cfg-e80b4f00d0546932,rollout,36314.0,completed_run,output/revision_instrumentation/rev-instrumentation-granite33_2b-math-c3-s111-full/attempt-5045390/phase-memory-5045390.csv
run-7a5ec871ffe9c674,cfg-e80b4f00d0546932,weight_sync,36670.0,completed_run,output/revision_instrumentation/rev-instrumentation-granite33_2b-math-c3-s111-full/attempt-5045390/phase-memory-5045390.csv
run-7abc42e94e449b6d,cfg-b56fb353c2f2fa3e,actor_update,10644.0,completed_run,output/strengthening_granite_confirmatory/strong-granite-confirmatory-grpo-math_short-c0-s91/phase-memory-5031329.csv
run-7abc42e94e449b6d,cfg-b56fb353c2f2fa3e,idle,15416.0,completed_run,output/strengthening_granite_confirmatory/strong-granite-confirmatory-grpo-math_short-c0-s91/phase-memory-5031329.csv
run-7abc42e94e449b6d,cfg-b56fb353c2f2fa3e,initializing,18894.0,completed_run,output/strengthening_granite_confirmatory/strong-granite-confirmatory-grpo-math_short-c0-s91/phase-memory-5031329.csv
run-7abc42e94e449b6d,cfg-b56fb353c2f2fa3e,reference_logprob,10262.0,completed_run,output/strengthening_granite_confirmatory/strong-granite-confirmatory-grpo-math_short-c0-s91/phase-memory-5031329.csv
run-7abc42e94e449b6d,cfg-b56fb353c2f2fa3e,rollout,15058.0,completed_run,output/strengthening_granite_confirmatory/strong-granite-confirmatory-grpo-math_short-c0-s91/phase-memory-5031329.csv
run-7abc42e94e449b6d,cfg-b56fb353c2f2fa3e,weight_sync,19418.0,completed_run,output/strengthening_granite_confirmatory/strong-granite-confirmatory-grpo-math_short-c0-s91/phase-memory-5031329.csv
run-7ae68328f8ca120e,cfg-af3c23f421a50a52,actor_update,26042.0,completed_run,output/strengthening_factorial/strong-factorial-phi4_mini-grpo-code_heavy_tail-base-s94/phase-memory-5031694.csv
run-7ae68328f8ca120e,cfg-af3c23f421a50a52,idle,35518.0,completed_run,output/strengthening_factorial/strong-factorial-phi4_mini-grpo-code_heavy_tail-base-s94/phase-memory-5031694.csv
run-7ae68328f8ca120e,cfg-af3c23f421a50a52,initializing,35398.0,completed_run,output/strengthening_factorial/strong-factorial-phi4_mini-grpo-code_heavy_tail-base-s94/phase-memory-5031694.csv
run-7ae68328f8ca120e,cfg-af3c23f421a50a52,reference_logprob,18134.0,completed_run,output/strengthening_factorial/strong-factorial-phi4_mini-grpo-code_heavy_tail-base-s94/phase-memory-5031694.csv
run-7ae68328f8ca120e,cfg-af3c23f421a50a52,rollout,36020.0,completed_run,output/strengthening_factorial/strong-factorial-phi4_mini-grpo-code_heavy_tail-base-s94/phase-memory-5031694.csv
run-7ae68328f8ca120e,cfg-af3c23f421a50a52,weight_sync,35518.0,completed_run,output/strengthening_factorial/strong-factorial-phi4_mini-grpo-code_heavy_tail-base-s94/phase-memory-5031694.csv
run-7b65b76b6814026d,cfg-b56fb353c2f2fa3e,actor_update,10648.0,completed_run,output/strengthening_granite_confirmatory/strong-granite-confirmatory-grpo-math_short-c0-s93/phase-memory-5031331.csv
run-7b65b76b6814026d,cfg-b56fb353c2f2fa3e,idle,15416.0,completed_run,output/strengthening_granite_confirmatory/strong-granite-confirmatory-grpo-math_short-c0-s93/phase-memory-5031331.csv
run-7b65b76b6814026d,cfg-b56fb353c2f2fa3e,initializing,18894.0,completed_run,output/strengthening_granite_confirmatory/strong-granite-confirmatory-grpo-math_short-c0-s93/phase-memory-5031331.csv
run-7b65b76b6814026d,cfg-b56fb353c2f2fa3e,reference_logprob,10260.0,completed_run,output/strengthening_granite_confirmatory/strong-granite-confirmatory-grpo-math_short-c0-s93/phase-memory-5031331.csv
run-7b65b76b6814026d,cfg-b56fb353c2f2fa3e,rollout,14994.0,completed_run,output/strengthening_granite_confirmatory/strong-granite-confirmatory-grpo-math_short-c0-s93/phase-memory-5031331.csv
run-7b65b76b6814026d,cfg-b56fb353c2f2fa3e,weight_sync,19418.0,completed_run,output/strengthening_granite_confirmatory/strong-granite-confirmatory-grpo-math_short-c0-s93/phase-memory-5031331.csv
run-7b8aff4b8070dbc4,cfg-78c440d3891ddbc2,actor_update,12516.0,completed_run,output/revision_topology/rev-topology-qwen25_3b-gsm8k-c4-s113-four_gpu/attempt-5045299/phase-memory-5045299.csv
run-7b8aff4b8070dbc4,cfg-78c440d3891ddbc2,idle,37956.0,completed_run,output/revision_topology/rev-topology-qwen25_3b-gsm8k-c4-s113-four_gpu/attempt-5045299/phase-memory-5045299.csv
run-7b8aff4b8070dbc4,cfg-78c440d3891ddbc2,initializing,37684.0,completed_run,output/revision_topology/rev-topology-qwen25_3b-gsm8k-c4-s113-four_gpu/attempt-5045299/phase-memory-5045299.csv
run-7b8aff4b8070dbc4,cfg-78c440d3891ddbc2,reference_logprob,8416.0,completed_run,output/revision_topology/rev-topology-qwen25_3b-gsm8k-c4-s113-four_gpu/attempt-5045299/phase-memory-5045299.csv
run-7b8aff4b8070dbc4,cfg-78c440d3891ddbc2,rollout,37666.0,completed_run,output/revision_topology/rev-topology-qwen25_3b-gsm8k-c4-s113-four_gpu/attempt-5045299/phase-memory-5045299.csv
run-7b8aff4b8070dbc4,cfg-78c440d3891ddbc2,weight_sync,37956.0,completed_run,output/revision_topology/rev-topology-qwen25_3b-gsm8k-c4-s113-four_gpu/attempt-5045299/phase-memory-5045299.csv
run-7bc72f0403b10388,cfg-4e0b53e75324e5f8,actor_update,18662.0,completed_run,output/strengthening_same_node_residency/strong-node-qwen25_3b-grpo-gsm8k-near_boundary-s83-p1-release/phase-memory-5031094.csv
run-7bc72f0403b10388,cfg-4e0b53e75324e5f8,idle,35778.0,completed_run,output/strengthening_same_node_residency/strong-node-qwen25_3b-grpo-gsm8k-near_boundary-s83-p1-release/phase-memory-5031094.csv
run-7bc72f0403b10388,cfg-4e0b53e75324e5f8,initializing,35912.0,completed_run,output/strengthening_same_node_residency/strong-node-qwen25_3b-grpo-gsm8k-near_boundary-s83-p1-release/phase-memory-5031094.csv
run-7bc72f0403b10388,cfg-4e0b53e75324e5f8,reference_logprob,14206.0,completed_run,output/strengthening_same_node_residency/strong-node-qwen25_3b-grpo-gsm8k-near_boundary-s83-p1-release/phase-memory-5031094.csv
run-7bc72f0403b10388,cfg-4e0b53e75324e5f8,rollout,36544.0,completed_run,output/strengthening_same_node_residency/strong-node-qwen25_3b-grpo-gsm8k-near_boundary-s83-p1-release/phase-memory-5031094.csv
run-7bc72f0403b10388,cfg-4e0b53e75324e5f8,weight_sync,35778.0,completed_run,output/strengthening_same_node_residency/strong-node-qwen25_3b-grpo-gsm8k-near_boundary-s83-p1-release/phase-memory-5031094.csv
run-7c41acf7ee0e7ab4,cfg-ca36112516a10a19,actor_update,22884.0,completed_run,output/revision_instrumentation/rev-instrumentation-phi4_mini-math-c3-s112-external/attempt-5045373/phase-memory-5045373.csv
run-7c41acf7ee0e7ab4,cfg-ca36112516a10a19,idle,39842.0,completed_run,output/revision_instrumentation/rev-instrumentation-phi4_mini-math-c3-s112-external/attempt-5045373/phase-memory-5045373.csv
run-7c41acf7ee0e7ab4,cfg-ca36112516a10a19,initializing,40016.0,completed_run,output/revision_instrumentation/rev-instrumentation-phi4_mini-math-c3-s112-external/attempt-5045373/phase-memory-5045373.csv
run-7c41acf7ee0e7ab4,cfg-ca36112516a10a19,reference_logprob,16788.0,completed_run,output/revision_instrumentation/rev-instrumentation-phi4_mini-math-c3-s112-external/attempt-5045373/phase-memory-5045373.csv
run-7c41acf7ee0e7ab4,cfg-ca36112516a10a19,rollout,40218.0,completed_run,output/revision_instrumentation/rev-instrumentation-phi4_mini-math-c3-s112-external/attempt-5045373/phase-memory-5045373.csv
run-7c41acf7ee0e7ab4,cfg-ca36112516a10a19,weight_sync,39842.0,completed_run,output/revision_instrumentation/rev-instrumentation-phi4_mini-math-c3-s112-external/attempt-5045373/phase-memory-5045373.csv
run-7cabee5ac4776452,cfg-e91942abb5b4f847,actor_update,19748.0,completed_run,output/major_revision_cross_model_confirmatory/mr-xm-confirm-qwen25_3b-grpo-code_heavy_tail-c2-s52/phase-memory-4999686.csv
run-7cabee5ac4776452,cfg-e91942abb5b4f847,idle,33108.0,completed_run,output/major_revision_cross_model_confirmatory/mr-xm-confirm-qwen25_3b-grpo-code_heavy_tail-c2-s52/phase-memory-4999686.csv
run-7cabee5ac4776452,cfg-e91942abb5b4f847,initializing,32674.0,completed_run,output/major_revision_cross_model_confirmatory/mr-xm-confirm-qwen25_3b-grpo-code_heavy_tail-c2-s52/phase-memory-4999686.csv
run-7cabee5ac4776452,cfg-e91942abb5b4f847,reference_logprob,14304.0,completed_run,output/major_revision_cross_model_confirmatory/mr-xm-confirm-qwen25_3b-grpo-code_heavy_tail-c2-s52/phase-memory-4999686.csv
run-7cabee5ac4776452,cfg-e91942abb5b4f847,rollout,33322.0,completed_run,output/major_revision_cross_model_confirmatory/mr-xm-confirm-qwen25_3b-grpo-code_heavy_tail-c2-s52/phase-memory-4999686.csv
run-7cabee5ac4776452,cfg-e91942abb5b4f847,weight_sync,31662.0,completed_run,output/major_revision_cross_model_confirmatory/mr-xm-confirm-qwen25_3b-grpo-code_heavy_tail-c2-s52/phase-memory-4999686.csv
run-7d362061e4a36da3,cfg-e2a205be8efba055,actor_update,14610.0,completed_run,output/benchmark_v2_cross_family_confirmatory/v2cf-confirm-phi4_mini-grpo-math_short-c0-s43/phase-memory-4936274.csv
run-7d362061e4a36da3,cfg-e2a205be8efba055,idle,16136.0,completed_run,output/benchmark_v2_cross_family_confirmatory/v2cf-confirm-phi4_mini-grpo-math_short-c0-s43/phase-memory-4936274.csv
run-7d362061e4a36da3,cfg-e2a205be8efba055,initializing,25890.0,completed_run,output/benchmark_v2_cross_family_confirmatory/v2cf-confirm-phi4_mini-grpo-math_short-c0-s43/phase-memory-4936274.csv
run-7d362061e4a36da3,cfg-e2a205be8efba055,reference_logprob,17002.0,completed_run,output/benchmark_v2_cross_family_confirmatory/v2cf-confirm-phi4_mini-grpo-math_short-c0-s43/phase-memory-4936274.csv
run-7d362061e4a36da3,cfg-e2a205be8efba055,rollout,16378.0,completed_run,output/benchmark_v2_cross_family_confirmatory/v2cf-confirm-phi4_mini-grpo-math_short-c0-s43/phase-memory-4936274.csv
run-7d362061e4a36da3,cfg-e2a205be8efba055,unknown,4342.0,completed_run,output/benchmark_v2_cross_family_confirmatory/v2cf-confirm-phi4_mini-grpo-math_short-c0-s43/phase-memory-4936274.csv
run-7d362061e4a36da3,cfg-e2a205be8efba055,weight_sync,26328.0,completed_run,output/benchmark_v2_cross_family_confirmatory/v2cf-confirm-phi4_mini-grpo-math_short-c0-s43/phase-memory-4936274.csv
run-7eb0421eac7bc9e2,cfg-61c14de21a34d0e6,actor_update,15078.0,completed_run,output/strengthening_granite_confirmatory/strong-granite-confirmatory-grpo-code_standard-c4-s91/phase-memory-5031385.csv
run-7eb0421eac7bc9e2,cfg-61c14de21a34d0e6,idle,40382.0,completed_run,output/strengthening_granite_confirmatory/strong-granite-confirmatory-grpo-code_standard-c4-s91/phase-memory-5031385.csv
run-7eb0421eac7bc9e2,cfg-61c14de21a34d0e6,initializing,39956.0,completed_run,output/strengthening_granite_confirmatory/strong-granite-confirmatory-grpo-code_standard-c4-s91/phase-memory-5031385.csv
run-7eb0421eac7bc9e2,cfg-61c14de21a34d0e6,reference_logprob,9678.0,completed_run,output/strengthening_granite_confirmatory/strong-granite-confirmatory-grpo-code_standard-c4-s91/phase-memory-5031385.csv
run-7eb0421eac7bc9e2,cfg-61c14de21a34d0e6,rollout,40590.0,completed_run,output/strengthening_granite_confirmatory/strong-granite-confirmatory-grpo-code_standard-c4-s91/phase-memory-5031385.csv
run-7eb0421eac7bc9e2,cfg-61c14de21a34d0e6,weight_sync,40382.0,completed_run,output/strengthening_granite_confirmatory/strong-granite-confirmatory-grpo-code_standard-c4-s91/phase-memory-5031385.csv
run-7f21df2e58796435,cfg-831b7ab9490a8a5f,actor_update,19344.0,completed_run,output/review_instrumentation_batch/review-control-phi4_mini-gsm8k-s123-full_b16/attempt-5048576/phase-memory-5048576.csv
run-7f21df2e58796435,cfg-831b7ab9490a8a5f,idle,35518.0,completed_run,output/review_instrumentation_batch/review-control-phi4_mini-gsm8k-s123-full_b16/attempt-5048576/phase-memory-5048576.csv
run-7f21df2e58796435,cfg-831b7ab9490a8a5f,initializing,35398.0,completed_run,output/review_instrumentation_batch/review-control-phi4_mini-gsm8k-s123-full_b16/attempt-5048576/phase-memory-5048576.csv
run-7f21df2e58796435,cfg-831b7ab9490a8a5f,reference_logprob,14212.0,completed_run,output/review_instrumentation_batch/review-control-phi4_mini-gsm8k-s123-full_b16/attempt-5048576/phase-memory-5048576.csv
run-7f21df2e58796435,cfg-831b7ab9490a8a5f,rollout,35342.0,completed_run,output/review_instrumentation_batch/review-control-phi4_mini-gsm8k-s123-full_b16/attempt-5048576/phase-memory-5048576.csv
run-7f21df2e58796435,cfg-831b7ab9490a8a5f,weight_sync,35518.0,completed_run,output/review_instrumentation_batch/review-control-phi4_mini-gsm8k-s123-full_b16/attempt-5048576/phase-memory-5048576.csv
run-7f8ab597552d2646,cfg-75662a6552e74f29,actor_update,12304.0,completed_run,output/strengthening_factorial/strong-factorial-granite33_2b-grpo-math_short-base-s96/phase-memory-5031428.csv
run-7f8ab597552d2646,cfg-75662a6552e74f29,idle,32690.0,completed_run,output/strengthening_factorial/strong-factorial-granite33_2b-grpo-math_short-base-s96/phase-memory-5031428.csv
run-7f8ab597552d2646,cfg-75662a6552e74f29,initializing,32308.0,completed_run,output/strengthening_factorial/strong-factorial-granite33_2b-grpo-math_short-base-s96/phase-memory-5031428.csv
run-7f8ab597552d2646,cfg-75662a6552e74f29,reference_logprob,10346.0,completed_run,output/strengthening_factorial/strong-factorial-granite33_2b-grpo-math_short-base-s96/phase-memory-5031428.csv
run-7f8ab597552d2646,cfg-75662a6552e74f29,rollout,32610.0,completed_run,output/strengthening_factorial/strong-factorial-granite33_2b-grpo-math_short-base-s96/phase-memory-5031428.csv
run-7f8ab597552d2646,cfg-75662a6552e74f29,weight_sync,31322.0,completed_run,output/strengthening_factorial/strong-factorial-granite33_2b-grpo-math_short-base-s96/phase-memory-5031428.csv
run-7fc11d81b24d0ca1,cfg-5047dff55c13e55f,actor_update,14268.0,completed_run,output/strengthening_factorial/strong-factorial-qwen25_3b-grpo-gsm8k-base-s96/phase-memory-5032030.csv
run-7fc11d81b24d0ca1,cfg-5047dff55c13e55f,idle,33108.0,completed_run,output/strengthening_factorial/strong-factorial-qwen25_3b-grpo-gsm8k-base-s96/phase-memory-5032030.csv
run-7fc11d81b24d0ca1,cfg-5047dff55c13e55f,initializing,32676.0,completed_run,output/strengthening_factorial/strong-factorial-qwen25_3b-grpo-gsm8k-base-s96/phase-memory-5032030.csv
run-7fc11d81b24d0ca1,cfg-5047dff55c13e55f,reference_logprob,11706.0,completed_run,output/strengthening_factorial/strong-factorial-qwen25_3b-grpo-gsm8k-base-s96/phase-memory-5032030.csv
run-7fc11d81b24d0ca1,cfg-5047dff55c13e55f,rollout,32700.0,completed_run,output/strengthening_factorial/strong-factorial-qwen25_3b-grpo-gsm8k-base-s96/phase-memory-5032030.csv
run-7fc11d81b24d0ca1,cfg-5047dff55c13e55f,weight_sync,32626.0,completed_run,output/strengthening_factorial/strong-factorial-qwen25_3b-grpo-gsm8k-base-s96/phase-memory-5032030.csv
run-7fc8a46cddbc1ba2,cfg-4fc35dde1bc7253c,actor_update,13124.0,completed_run,output/revision_instrumentation/rev-instrumentation-granite33_2b-gsm8k-c4-s111-full/attempt-5045385/phase-memory-5045385.csv
run-7fc8a46cddbc1ba2,cfg-4fc35dde1bc7253c,idle,40382.0,completed_run,output/revision_instrumentation/rev-instrumentation-granite33_2b-gsm8k-c4-s111-full/attempt-5045385/phase-memory-5045385.csv
run-7fc8a46cddbc1ba2,cfg-4fc35dde1bc7253c,initializing,39956.0,completed_run,output/revision_instrumentation/rev-instrumentation-granite33_2b-gsm8k-c4-s111-full/attempt-5045385/phase-memory-5045385.csv
run-7fc8a46cddbc1ba2,cfg-4fc35dde1bc7253c,reference_logprob,9416.0,completed_run,output/revision_instrumentation/rev-instrumentation-granite33_2b-gsm8k-c4-s111-full/attempt-5045385/phase-memory-5045385.csv
run-7fc8a46cddbc1ba2,cfg-4fc35dde1bc7253c,rollout,39956.0,completed_run,output/revision_instrumentation/rev-instrumentation-granite33_2b-gsm8k-c4-s111-full/attempt-5045385/phase-memory-5045385.csv
run-7fc8a46cddbc1ba2,cfg-4fc35dde1bc7253c,weight_sync,40382.0,completed_run,output/revision_instrumentation/rev-instrumentation-granite33_2b-gsm8k-c4-s111-full/attempt-5045385/phase-memory-5045385.csv
run-7ffb84d3d3617c96,cfg-896685010703c0fb,initializing,14790.0,terminal_stage_partial,output/major_revision_cross_model_confirmatory/mr-xm-confirm-phi4_mini-grpo-code_standard-c5-s53/phase-memory-5003329.csv
run-80e1179a31f6f792,cfg-c31171354027b928,actor_update,21670.0,completed_run,output/strengthening_factorial/strong-factorial-qwen25_3b-grpo-code_standard-actor_only-s95/phase-memory-5032015.csv
run-80e1179a31f6f792,cfg-c31171354027b928,idle,33108.0,completed_run,output/strengthening_factorial/strong-factorial-qwen25_3b-grpo-code_standard-actor_only-s95/phase-memory-5032015.csv
run-80e1179a31f6f792,cfg-c31171354027b928,initializing,32674.0,completed_run,output/strengthening_factorial/strong-factorial-qwen25_3b-grpo-code_standard-actor_only-s95/phase-memory-5032015.csv
run-80e1179a31f6f792,cfg-c31171354027b928,reference_logprob,13206.0,completed_run,output/strengthening_factorial/strong-factorial-qwen25_3b-grpo-code_standard-actor_only-s95/phase-memory-5032015.csv
run-80e1179a31f6f792,cfg-c31171354027b928,rollout,33386.0,completed_run,output/strengthening_factorial/strong-factorial-qwen25_3b-grpo-code_standard-actor_only-s95/phase-memory-5032015.csv
run-80e1179a31f6f792,cfg-c31171354027b928,weight_sync,33108.0,completed_run,output/strengthening_factorial/strong-factorial-qwen25_3b-grpo-code_standard-actor_only-s95/phase-memory-5032015.csv
run-80e4b976762ec823,cfg-5ff9621270e710ed,actor_update,13466.0,completed_run,output/revision_topology/rev-topology-phi4_mini-gsm8k-c4-s113-four_gpu/attempt-5045366/phase-memory-5045366.csv
run-80e4b976762ec823,cfg-5ff9621270e710ed,idle,39806.0,completed_run,output/revision_topology/rev-topology-phi4_mini-gsm8k-c4-s113-four_gpu/attempt-5045366/phase-memory-5045366.csv
run-80e4b976762ec823,cfg-5ff9621270e710ed,initializing,39714.0,completed_run,output/revision_topology/rev-topology-phi4_mini-gsm8k-c4-s113-four_gpu/attempt-5045366/phase-memory-5045366.csv
run-80e4b976762ec823,cfg-5ff9621270e710ed,reference_logprob,9800.0,completed_run,output/revision_topology/rev-topology-phi4_mini-gsm8k-c4-s113-four_gpu/attempt-5045366/phase-memory-5045366.csv
run-80e4b976762ec823,cfg-5ff9621270e710ed,rollout,39588.0,completed_run,output/revision_topology/rev-topology-phi4_mini-gsm8k-c4-s113-four_gpu/attempt-5045366/phase-memory-5045366.csv
run-80e4b976762ec823,cfg-5ff9621270e710ed,weight_sync,39806.0,completed_run,output/revision_topology/rev-topology-phi4_mini-gsm8k-c4-s113-four_gpu/attempt-5045366/phase-memory-5045366.csv
run-818aca3534156d17,cfg-a026693bae37d30b,actor_update,28178.0,completed_run,output/major_revision_cross_model_confirmatory/mr-xm-confirm-phi4_mini-grpo-code_standard-c3-s53/phase-memory-5002797.csv
run-818aca3534156d17,cfg-a026693bae37d30b,idle,39550.0,completed_run,output/major_revision_cross_model_confirmatory/mr-xm-confirm-phi4_mini-grpo-code_standard-c3-s53/phase-memory-5002797.csv
run-818aca3534156d17,cfg-a026693bae37d30b,initializing,39430.0,completed_run,output/major_revision_cross_model_confirmatory/mr-xm-confirm-phi4_mini-grpo-code_standard-c3-s53/phase-memory-5002797.csv
run-818aca3534156d17,cfg-a026693bae37d30b,reference_logprob,16796.0,completed_run,output/major_revision_cross_model_confirmatory/mr-xm-confirm-phi4_mini-grpo-code_standard-c3-s53/phase-memory-5002797.csv
run-818aca3534156d17,cfg-a026693bae37d30b,rollout,39990.0,completed_run,output/major_revision_cross_model_confirmatory/mr-xm-confirm-phi4_mini-grpo-code_standard-c3-s53/phase-memory-5002797.csv
run-818aca3534156d17,cfg-a026693bae37d30b,weight_sync,39550.0,completed_run,output/major_revision_cross_model_confirmatory/mr-xm-confirm-phi4_mini-grpo-code_standard-c3-s53/phase-memory-5002797.csv
run-81dce81eb5fcbb03,cfg-a14ab647ea9728c0,actor_update,19174.0,completed_run,output/revision_instrumentation/rev-instrumentation-phi4_mini-gsm8k-c3-s113-external/attempt-5045358/phase-memory-5045358.csv
run-81dce81eb5fcbb03,cfg-a14ab647ea9728c0,idle,39570.0,completed_run,output/revision_instrumentation/rev-instrumentation-phi4_mini-gsm8k-c3-s113-external/attempt-5045358/phase-memory-5045358.csv
run-81dce81eb5fcbb03,cfg-a14ab647ea9728c0,initializing,39430.0,completed_run,output/revision_instrumentation/rev-instrumentation-phi4_mini-gsm8k-c3-s113-external/attempt-5045358/phase-memory-5045358.csv
run-81dce81eb5fcbb03,cfg-a14ab647ea9728c0,reference_logprob,14052.0,completed_run,output/revision_instrumentation/rev-instrumentation-phi4_mini-gsm8k-c3-s113-external/attempt-5045358/phase-memory-5045358.csv
run-81dce81eb5fcbb03,cfg-a14ab647ea9728c0,rollout,39348.0,completed_run,output/revision_instrumentation/rev-instrumentation-phi4_mini-gsm8k-c3-s113-external/attempt-5045358/phase-memory-5045358.csv
run-81dce81eb5fcbb03,cfg-a14ab647ea9728c0,weight_sync,38942.0,completed_run,output/revision_instrumentation/rev-instrumentation-phi4_mini-gsm8k-c3-s113-external/attempt-5045358/phase-memory-5045358.csv
run-81df18d992981685,cfg-371ae37408089efe,actor_update,14582.0,completed_run,output/revision_topology/rev-topology-phi4_mini-math-c2-s112-four_gpu/attempt-5045368/phase-memory-5045368.csv
run-81df18d992981685,cfg-371ae37408089efe,idle,31886.0,completed_run,output/revision_topology/rev-topology-phi4_mini-math-c2-s112-four_gpu/attempt-5045368/phase-memory-5045368.csv
run-81df18d992981685,cfg-371ae37408089efe,initializing,32108.0,completed_run,output/revision_topology/rev-topology-phi4_mini-math-c2-s112-four_gpu/attempt-5045368/phase-memory-5045368.csv
run-81df18d992981685,cfg-371ae37408089efe,reference_logprob,12796.0,completed_run,output/revision_topology/rev-topology-phi4_mini-math-c2-s112-four_gpu/attempt-5045368/phase-memory-5045368.csv
run-81df18d992981685,cfg-371ae37408089efe,rollout,31856.0,completed_run,output/revision_topology/rev-topology-phi4_mini-math-c2-s112-four_gpu/attempt-5045368/phase-memory-5045368.csv
run-81df18d992981685,cfg-371ae37408089efe,weight_sync,31886.0,completed_run,output/revision_topology/rev-topology-phi4_mini-math-c2-s112-four_gpu/attempt-5045368/phase-memory-5045368.csv
run-82110ac7a6737aa6,cfg-b5007322fb2e1772,actor_update,12346.0,completed_run,output/major_revision_cross_model_confirmatory/mr-xm-confirm-qwen25_3b-grpo-code_heavy_tail-c0-s53/phase-memory-4999642.csv
run-82110ac7a6737aa6,cfg-b5007322fb2e1772,idle,14936.0,completed_run,output/major_revision_cross_model_confirmatory/mr-xm-confirm-qwen25_3b-grpo-code_heavy_tail-c0-s53/phase-memory-4999642.csv
run-82110ac7a6737aa6,cfg-b5007322fb2e1772,initializing,20996.0,completed_run,output/major_revision_cross_model_confirmatory/mr-xm-confirm-qwen25_3b-grpo-code_heavy_tail-c0-s53/phase-memory-4999642.csv
run-82110ac7a6737aa6,cfg-b5007322fb2e1772,reference_logprob,13822.0,completed_run,output/major_revision_cross_model_confirmatory/mr-xm-confirm-qwen25_3b-grpo-code_heavy_tail-c0-s53/phase-memory-4999642.csv
run-82110ac7a6737aa6,cfg-b5007322fb2e1772,rollout,15106.0,completed_run,output/major_revision_cross_model_confirmatory/mr-xm-confirm-qwen25_3b-grpo-code_heavy_tail-c0-s53/phase-memory-4999642.csv
run-82110ac7a6737aa6,cfg-b5007322fb2e1772,unknown,14372.0,completed_run,output/major_revision_cross_model_confirmatory/mr-xm-confirm-qwen25_3b-grpo-code_heavy_tail-c0-s53/phase-memory-4999642.csv
run-82110ac7a6737aa6,cfg-b5007322fb2e1772,weight_sync,21562.0,completed_run,output/major_revision_cross_model_confirmatory/mr-xm-confirm-qwen25_3b-grpo-code_heavy_tail-c0-s53/phase-memory-4999642.csv
run-821affad4dfdb864,cfg-6d54ac65d934f404,actor_update,16568.0,completed_run,output/major_revision_cross_model_confirmatory/mr-xm-confirm-qwen25_3b-grpo-code_standard-c2-s51/phase-memory-4999364.csv
run-821affad4dfdb864,cfg-6d54ac65d934f404,idle,33108.0,completed_run,output/major_revision_cross_model_confirmatory/mr-xm-confirm-qwen25_3b-grpo-code_standard-c2-s51/phase-memory-4999364.csv
run-821affad4dfdb864,cfg-6d54ac65d934f404,initializing,32676.0,completed_run,output/major_revision_cross_model_confirmatory/mr-xm-confirm-qwen25_3b-grpo-code_standard-c2-s51/phase-memory-4999364.csv
run-821affad4dfdb864,cfg-6d54ac65d934f404,reference_logprob,12686.0,completed_run,output/major_revision_cross_model_confirmatory/mr-xm-confirm-qwen25_3b-grpo-code_standard-c2-s51/phase-memory-4999364.csv
run-821affad4dfdb864,cfg-6d54ac65d934f404,rollout,33016.0,completed_run,output/major_revision_cross_model_confirmatory/mr-xm-confirm-qwen25_3b-grpo-code_standard-c2-s51/phase-memory-4999364.csv
run-821affad4dfdb864,cfg-6d54ac65d934f404,weight_sync,33108.0,completed_run,output/major_revision_cross_model_confirmatory/mr-xm-confirm-qwen25_3b-grpo-code_standard-c2-s51/phase-memory-4999364.csv
run-828c12aad08a328d,cfg-5f2f431355dfcb31,actor_update,22578.0,completed_run,output/strengthening_factorial/strong-factorial-phi4_mini-grpo-code_standard-reservation_only-s94/phase-memory-5031756.csv
run-828c12aad08a328d,cfg-5f2f431355dfcb31,idle,39550.0,completed_run,output/strengthening_factorial/strong-factorial-phi4_mini-grpo-code_standard-reservation_only-s94/phase-memory-5031756.csv
run-828c12aad08a328d,cfg-5f2f431355dfcb31,initializing,39430.0,completed_run,output/strengthening_factorial/strong-factorial-phi4_mini-grpo-code_standard-reservation_only-s94/phase-memory-5031756.csv
run-828c12aad08a328d,cfg-5f2f431355dfcb31,reference_logprob,16736.0,completed_run,output/strengthening_factorial/strong-factorial-phi4_mini-grpo-code_standard-reservation_only-s94/phase-memory-5031756.csv
run-828c12aad08a328d,cfg-5f2f431355dfcb31,rollout,39876.0,completed_run,output/strengthening_factorial/strong-factorial-phi4_mini-grpo-code_standard-reservation_only-s94/phase-memory-5031756.csv
run-828c12aad08a328d,cfg-5f2f431355dfcb31,weight_sync,39550.0,completed_run,output/strengthening_factorial/strong-factorial-phi4_mini-grpo-code_standard-reservation_only-s94/phase-memory-5031756.csv
run-82eb1a3e4b8041aa,cfg-97107ceba8bf0cbe,actor_update,22666.0,completed_run,output/major_revision_cross_model_confirmatory/mr-xm-confirm-phi4_mini-grpo-code_standard-c2-s53/phase-memory-5002718.csv
run-82eb1a3e4b8041aa,cfg-97107ceba8bf0cbe,idle,35518.0,completed_run,output/major_revision_cross_model_confirmatory/mr-xm-confirm-phi4_mini-grpo-code_standard-c2-s53/phase-memory-5002718.csv
run-82eb1a3e4b8041aa,cfg-97107ceba8bf0cbe,initializing,35398.0,completed_run,output/major_revision_cross_model_confirmatory/mr-xm-confirm-phi4_mini-grpo-code_standard-c2-s53/phase-memory-5002718.csv
run-82eb1a3e4b8041aa,cfg-97107ceba8bf0cbe,reference_logprob,16936.0,completed_run,output/major_revision_cross_model_confirmatory/mr-xm-confirm-phi4_mini-grpo-code_standard-c2-s53/phase-memory-5002718.csv
run-82eb1a3e4b8041aa,cfg-97107ceba8bf0cbe,rollout,35958.0,completed_run,output/major_revision_cross_model_confirmatory/mr-xm-confirm-phi4_mini-grpo-code_standard-c2-s53/phase-memory-5002718.csv
run-82eb1a3e4b8041aa,cfg-97107ceba8bf0cbe,weight_sync,34514.0,completed_run,output/major_revision_cross_model_confirmatory/mr-xm-confirm-phi4_mini-grpo-code_standard-c2-s53/phase-memory-5002718.csv
run-82ef6da8a0f2851e,cfg-75662a6552e74f29,actor_update,12448.0,completed_run,output/strengthening_factorial/strong-factorial-granite33_2b-grpo-math_short-base-s95/phase-memory-5031407.csv
run-82ef6da8a0f2851e,cfg-75662a6552e74f29,idle,32690.0,completed_run,output/strengthening_factorial/strong-factorial-granite33_2b-grpo-math_short-base-s95/phase-memory-5031407.csv
run-82ef6da8a0f2851e,cfg-75662a6552e74f29,initializing,32308.0,completed_run,output/strengthening_factorial/strong-factorial-granite33_2b-grpo-math_short-base-s95/phase-memory-5031407.csv
run-82ef6da8a0f2851e,cfg-75662a6552e74f29,reference_logprob,10346.0,completed_run,output/strengthening_factorial/strong-factorial-granite33_2b-grpo-math_short-base-s95/phase-memory-5031407.csv
run-82ef6da8a0f2851e,cfg-75662a6552e74f29,rollout,32544.0,completed_run,output/strengthening_factorial/strong-factorial-granite33_2b-grpo-math_short-base-s95/phase-memory-5031407.csv
run-82ef6da8a0f2851e,cfg-75662a6552e74f29,weight_sync,32690.0,completed_run,output/strengthening_factorial/strong-factorial-granite33_2b-grpo-math_short-base-s95/phase-memory-5031407.csv
run-8348bfb351c397b5,cfg-30f98456fdb322c1,actor_update,15484.0,completed_run,output/benchmark_v2_cross_family_confirmatory/v2cf-confirm-qwen25_3b-grpo-math_short-c2-s41/phase-memory-4935946.csv
run-8348bfb351c397b5,cfg-30f98456fdb322c1,idle,33446.0,completed_run,output/benchmark_v2_cross_family_confirmatory/v2cf-confirm-qwen25_3b-grpo-math_short-c2-s41/phase-memory-4935946.csv
run-8348bfb351c397b5,cfg-30f98456fdb322c1,initializing,33282.0,completed_run,output/benchmark_v2_cross_family_confirmatory/v2cf-confirm-qwen25_3b-grpo-math_short-c2-s41/phase-memory-4935946.csv
run-8348bfb351c397b5,cfg-30f98456fdb322c1,reference_logprob,13982.0,completed_run,output/benchmark_v2_cross_family_confirmatory/v2cf-confirm-qwen25_3b-grpo-math_short-c2-s41/phase-memory-4935946.csv
run-8348bfb351c397b5,cfg-30f98456fdb322c1,rollout,33396.0,completed_run,output/benchmark_v2_cross_family_confirmatory/v2cf-confirm-qwen25_3b-grpo-math_short-c2-s41/phase-memory-4935946.csv
run-8348bfb351c397b5,cfg-30f98456fdb322c1,weight_sync,32964.0,completed_run,output/benchmark_v2_cross_family_confirmatory/v2cf-confirm-qwen25_3b-grpo-math_short-c2-s41/phase-memory-4935946.csv
run-843a91eab576011e,cfg-06e80279db3caed1,actor_update,18676.0,completed_run,output/revision_instrumentation/rev-instrumentation-phi4_mini-math-c2-s113-external/attempt-5045361/phase-memory-5045361.csv
run-843a91eab576011e,cfg-06e80279db3caed1,idle,35746.0,completed_run,output/revision_instrumentation/rev-instrumentation-phi4_mini-math-c2-s113-external/attempt-5045361/phase-memory-5045361.csv
run-843a91eab576011e,cfg-06e80279db3caed1,initializing,35920.0,completed_run,output/revision_instrumentation/rev-instrumentation-phi4_mini-math-c2-s113-external/attempt-5045361/phase-memory-5045361.csv
run-843a91eab576011e,cfg-06e80279db3caed1,reference_logprob,16708.0,completed_run,output/revision_instrumentation/rev-instrumentation-phi4_mini-math-c2-s113-external/attempt-5045361/phase-memory-5045361.csv
run-843a91eab576011e,cfg-06e80279db3caed1,rollout,35794.0,completed_run,output/revision_instrumentation/rev-instrumentation-phi4_mini-math-c2-s113-external/attempt-5045361/phase-memory-5045361.csv
run-843a91eab576011e,cfg-06e80279db3caed1,weight_sync,35746.0,completed_run,output/revision_instrumentation/rev-instrumentation-phi4_mini-math-c2-s113-external/attempt-5045361/phase-memory-5045361.csv
run-8455730073ff59ba,cfg-18edbed17d1a0c2e,actor_update,13806.0,completed_run,output/strengthening_same_node_residency/strong-node-qwen25_3b-grpo-math-safe_margin-s81-p2-release/phase-memory-5031603.csv
run-8455730073ff59ba,cfg-18edbed17d1a0c2e,idle,17606.0,completed_run,output/strengthening_same_node_residency/strong-node-qwen25_3b-grpo-math-safe_margin-s81-p2-release/phase-memory-5031603.csv
run-8455730073ff59ba,cfg-18edbed17d1a0c2e,initializing,21794.0,completed_run,output/strengthening_same_node_residency/strong-node-qwen25_3b-grpo-math-safe_margin-s81-p2-release/phase-memory-5031603.csv
run-8455730073ff59ba,cfg-18edbed17d1a0c2e,reference_logprob,17144.0,completed_run,output/strengthening_same_node_residency/strong-node-qwen25_3b-grpo-math-safe_margin-s81-p2-release/phase-memory-5031603.csv
run-8455730073ff59ba,cfg-18edbed17d1a0c2e,rollout,18184.0,completed_run,output/strengthening_same_node_residency/strong-node-qwen25_3b-grpo-math-safe_margin-s81-p2-release/phase-memory-5031603.csv
run-8455730073ff59ba,cfg-18edbed17d1a0c2e,weight_sync,22360.0,completed_run,output/strengthening_same_node_residency/strong-node-qwen25_3b-grpo-math-safe_margin-s81-p2-release/phase-memory-5031603.csv
run-84a5378e0c47129c,cfg-cc900fb7731c3f49,initializing,14790.0,terminal_stage_partial,output/benchmark_v2_cross_family_confirmatory/v2cf-confirm-phi4_mini-grpo-math_short-c5-s41/phase-memory-4936388.csv
run-84aede2901cbe08b,cfg-584e6c6664859977,actor_update,13538.0,completed_run,output/strengthening_factorial/strong-factorial-granite33_2b-grpo-gsm8k_long-actor_only-s95/phase-memory-5031357.csv
run-84aede2901cbe08b,cfg-584e6c6664859977,idle,32302.0,completed_run,output/strengthening_factorial/strong-factorial-granite33_2b-grpo-gsm8k_long-actor_only-s95/phase-memory-5031357.csv
run-84aede2901cbe08b,cfg-584e6c6664859977,initializing,31876.0,completed_run,output/strengthening_factorial/strong-factorial-granite33_2b-grpo-gsm8k_long-actor_only-s95/phase-memory-5031357.csv
run-84aede2901cbe08b,cfg-584e6c6664859977,reference_logprob,9676.0,completed_run,output/strengthening_factorial/strong-factorial-granite33_2b-grpo-gsm8k_long-actor_only-s95/phase-memory-5031357.csv
run-84aede2901cbe08b,cfg-584e6c6664859977,rollout,31980.0,completed_run,output/strengthening_factorial/strong-factorial-granite33_2b-grpo-gsm8k_long-actor_only-s95/phase-memory-5031357.csv
run-84aede2901cbe08b,cfg-584e6c6664859977,weight_sync,31846.0,completed_run,output/strengthening_factorial/strong-factorial-granite33_2b-grpo-gsm8k_long-actor_only-s95/phase-memory-5031357.csv
run-84e08f4cb721a538,cfg-ef2331208f38fbaf,actor_update,19506.0,completed_run,output/strengthening_factorial/strong-factorial-qwen25_3b-grpo-math-joint-s94/phase-memory-5032058.csv
run-84e08f4cb721a538,cfg-ef2331208f38fbaf,idle,37478.0,completed_run,output/strengthening_factorial/strong-factorial-qwen25_3b-grpo-math-joint-s94/phase-memory-5032058.csv
run-84e08f4cb721a538,cfg-ef2331208f38fbaf,initializing,37314.0,completed_run,output/strengthening_factorial/strong-factorial-qwen25_3b-grpo-math-joint-s94/phase-memory-5032058.csv
run-84e08f4cb721a538,cfg-ef2331208f38fbaf,reference_logprob,13962.0,completed_run,output/strengthening_factorial/strong-factorial-qwen25_3b-grpo-math-joint-s94/phase-memory-5032058.csv
run-84e08f4cb721a538,cfg-ef2331208f38fbaf,rollout,37200.0,completed_run,output/strengthening_factorial/strong-factorial-qwen25_3b-grpo-math-joint-s94/phase-memory-5032058.csv
run-84e08f4cb721a538,cfg-ef2331208f38fbaf,weight_sync,36290.0,completed_run,output/strengthening_factorial/strong-factorial-qwen25_3b-grpo-math-joint-s94/phase-memory-5032058.csv
run-85f9458418b6c944,cfg-e117f15dd5ccfb30,actor_update,25922.0,completed_run,output/major_revision_cross_model_confirmatory/mr-xm-confirm-phi4_mini-grpo-code_heavy_tail-c2-s51/phase-memory-5003837.csv
run-85f9458418b6c944,cfg-e117f15dd5ccfb30,idle,35518.0,completed_run,output/major_revision_cross_model_confirmatory/mr-xm-confirm-phi4_mini-grpo-code_heavy_tail-c2-s51/phase-memory-5003837.csv
run-85f9458418b6c944,cfg-e117f15dd5ccfb30,initializing,35398.0,completed_run,output/major_revision_cross_model_confirmatory/mr-xm-confirm-phi4_mini-grpo-code_heavy_tail-c2-s51/phase-memory-5003837.csv
run-85f9458418b6c944,cfg-e117f15dd5ccfb30,reference_logprob,17894.0,completed_run,output/major_revision_cross_model_confirmatory/mr-xm-confirm-phi4_mini-grpo-code_heavy_tail-c2-s51/phase-memory-5003837.csv
run-85f9458418b6c944,cfg-e117f15dd5ccfb30,rollout,36032.0,completed_run,output/major_revision_cross_model_confirmatory/mr-xm-confirm-phi4_mini-grpo-code_heavy_tail-c2-s51/phase-memory-5003837.csv
run-85f9458418b6c944,cfg-e117f15dd5ccfb30,weight_sync,35518.0,completed_run,output/major_revision_cross_model_confirmatory/mr-xm-confirm-phi4_mini-grpo-code_heavy_tail-c2-s51/phase-memory-5003837.csv
run-866c295f1fb7633b,cfg-c608f00aea4f9b32,actor_update,15258.0,completed_run,output/strengthening_factorial/strong-factorial-granite33_2b-grpo-code_standard-actor_only-s96/phase-memory-5031319.csv
run-866c295f1fb7633b,cfg-c608f00aea4f9b32,idle,32302.0,completed_run,output/strengthening_factorial/strong-factorial-granite33_2b-grpo-code_standard-actor_only-s96/phase-memory-5031319.csv
run-866c295f1fb7633b,cfg-c608f00aea4f9b32,initializing,31876.0,completed_run,output/strengthening_factorial/strong-factorial-granite33_2b-grpo-code_standard-actor_only-s96/phase-memory-5031319.csv
run-866c295f1fb7633b,cfg-c608f00aea4f9b32,reference_logprob,9696.0,completed_run,output/strengthening_factorial/strong-factorial-granite33_2b-grpo-code_standard-actor_only-s96/phase-memory-5031319.csv
run-866c295f1fb7633b,cfg-c608f00aea4f9b32,rollout,32554.0,completed_run,output/strengthening_factorial/strong-factorial-granite33_2b-grpo-code_standard-actor_only-s96/phase-memory-5031319.csv
run-866c295f1fb7633b,cfg-c608f00aea4f9b32,weight_sync,32302.0,completed_run,output/strengthening_factorial/strong-factorial-granite33_2b-grpo-code_standard-actor_only-s96/phase-memory-5031319.csv
run-869cd13cc03dda3f,cfg-6d54ac65d934f404,actor_update,16268.0,completed_run,output/major_revision_cross_model_confirmatory/mr-xm-confirm-qwen25_3b-grpo-code_standard-c2-s53/phase-memory-4999385.csv
run-869cd13cc03dda3f,cfg-6d54ac65d934f404,idle,33108.0,completed_run,output/major_revision_cross_model_confirmatory/mr-xm-confirm-qwen25_3b-grpo-code_standard-c2-s53/phase-memory-4999385.csv
run-869cd13cc03dda3f,cfg-6d54ac65d934f404,initializing,32676.0,completed_run,output/major_revision_cross_model_confirmatory/mr-xm-confirm-qwen25_3b-grpo-code_standard-c2-s53/phase-memory-4999385.csv
run-869cd13cc03dda3f,cfg-6d54ac65d934f404,reference_logprob,12504.0,completed_run,output/major_revision_cross_model_confirmatory/mr-xm-confirm-qwen25_3b-grpo-code_standard-c2-s53/phase-memory-4999385.csv
run-869cd13cc03dda3f,cfg-6d54ac65d934f404,rollout,33200.0,completed_run,output/major_revision_cross_model_confirmatory/mr-xm-confirm-qwen25_3b-grpo-code_standard-c2-s53/phase-memory-4999385.csv
run-869cd13cc03dda3f,cfg-6d54ac65d934f404,weight_sync,32144.0,completed_run,output/major_revision_cross_model_confirmatory/mr-xm-confirm-qwen25_3b-grpo-code_standard-c2-s53/phase-memory-4999385.csv
run-8772394ffaf42c91,cfg-96fe21ab209bd8ca,actor_update,27346.0,completed_run,output/strengthening_factorial/strong-factorial-phi4_mini-grpo-code_standard-actor_only-s96/phase-memory-5031755.csv
run-8772394ffaf42c91,cfg-96fe21ab209bd8ca,idle,35518.0,completed_run,output/strengthening_factorial/strong-factorial-phi4_mini-grpo-code_standard-actor_only-s96/phase-memory-5031755.csv
run-8772394ffaf42c91,cfg-96fe21ab209bd8ca,initializing,35398.0,completed_run,output/strengthening_factorial/strong-factorial-phi4_mini-grpo-code_standard-actor_only-s96/phase-memory-5031755.csv
run-8772394ffaf42c91,cfg-96fe21ab209bd8ca,reference_logprob,16396.0,completed_run,output/strengthening_factorial/strong-factorial-phi4_mini-grpo-code_standard-actor_only-s96/phase-memory-5031755.csv
run-8772394ffaf42c91,cfg-96fe21ab209bd8ca,rollout,35822.0,completed_run,output/strengthening_factorial/strong-factorial-phi4_mini-grpo-code_standard-actor_only-s96/phase-memory-5031755.csv
run-8772394ffaf42c91,cfg-96fe21ab209bd8ca,weight_sync,35518.0,completed_run,output/strengthening_factorial/strong-factorial-phi4_mini-grpo-code_standard-actor_only-s96/phase-memory-5031755.csv
run-87be614fb0b07946,cfg-a28f89c750c3d53b,actor_update,17264.0,completed_run,output/revision_instrumentation/rev-instrumentation-qwen25_3b-gsm8k-c3-s111-external/attempt-5045266/phase-memory-5045266.csv
run-87be614fb0b07946,cfg-a28f89c750c3d53b,idle,37140.0,completed_run,output/revision_instrumentation/rev-instrumentation-qwen25_3b-gsm8k-c3-s111-external/attempt-5045266/phase-memory-5045266.csv
run-87be614fb0b07946,cfg-a28f89c750c3d53b,initializing,36708.0,completed_run,output/revision_instrumentation/rev-instrumentation-qwen25_3b-gsm8k-c3-s111-external/attempt-5045266/phase-memory-5045266.csv
run-87be614fb0b07946,cfg-a28f89c750c3d53b,reference_logprob,12446.0,completed_run,output/revision_instrumentation/rev-instrumentation-qwen25_3b-gsm8k-c3-s111-external/attempt-5045266/phase-memory-5045266.csv
run-87be614fb0b07946,cfg-a28f89c750c3d53b,rollout,36692.0,completed_run,output/revision_instrumentation/rev-instrumentation-qwen25_3b-gsm8k-c3-s111-external/attempt-5045266/phase-memory-5045266.csv
run-87be614fb0b07946,cfg-a28f89c750c3d53b,weight_sync,37140.0,completed_run,output/revision_instrumentation/rev-instrumentation-qwen25_3b-gsm8k-c3-s111-external/attempt-5045266/phase-memory-5045266.csv
run-8823b0eb4a5ad841,cfg-967e29810f12167f,initializing,40954.0,terminal_stage_partial,output/benchmark_v2_temporal_confirmatory/v2time-grpo-gsm8k-qwen25_3b-one_step_unsafe-s42/phase-memory-4943153.csv
run-882d24a66b22c559,cfg-195974eaa7e946e0,actor_update,14268.0,completed_run,output/revision_temporal/rev-temporal-granite33_2b-math-interpolated-s112-source/attempt-5045432/phase-memory-5045432.csv
run-882d24a66b22c559,cfg-195974eaa7e946e0,checkpoint,14466.0,completed_run,output/revision_temporal/rev-temporal-granite33_2b-math-interpolated-s112-source/attempt-5045432/phase-memory-5045432.csv
run-882d24a66b22c559,cfg-195974eaa7e946e0,initializing,38388.0,completed_run,output/revision_temporal/rev-temporal-granite33_2b-math-interpolated-s112-source/attempt-5045432/phase-memory-5045432.csv
run-882d24a66b22c559,cfg-195974eaa7e946e0,reference_logprob,10344.0,completed_run,output/revision_temporal/rev-temporal-granite33_2b-math-interpolated-s112-source/attempt-5045432/phase-memory-5045432.csv
run-882d24a66b22c559,cfg-195974eaa7e946e0,rollout,38492.0,completed_run,output/revision_temporal/rev-temporal-granite33_2b-math-interpolated-s112-source/attempt-5045432/phase-memory-5045432.csv
run-882d24a66b22c559,cfg-195974eaa7e946e0,validation,38848.0,completed_run,output/revision_temporal/rev-temporal-granite33_2b-math-interpolated-s112-source/attempt-5045432/phase-memory-5045432.csv
run-882d24a66b22c559,cfg-195974eaa7e946e0,weight_sync,38750.0,completed_run,output/revision_temporal/rev-temporal-granite33_2b-math-interpolated-s112-source/attempt-5045432/phase-memory-5045432.csv
run-88530006acf8f52d,cfg-2ad5ea3587b997a9,actor_update,21548.0,completed_run,output/strengthening_factorial/strong-factorial-qwen25_3b-grpo-code_standard-joint-s94/phase-memory-5032024.csv
run-88530006acf8f52d,cfg-2ad5ea3587b997a9,idle,37140.0,completed_run,output/strengthening_factorial/strong-factorial-qwen25_3b-grpo-code_standard-joint-s94/phase-memory-5032024.csv
run-88530006acf8f52d,cfg-2ad5ea3587b997a9,initializing,36708.0,completed_run,output/strengthening_factorial/strong-factorial-qwen25_3b-grpo-code_standard-joint-s94/phase-memory-5032024.csv
run-88530006acf8f52d,cfg-2ad5ea3587b997a9,reference_logprob,13046.0,completed_run,output/strengthening_factorial/strong-factorial-qwen25_3b-grpo-code_standard-joint-s94/phase-memory-5032024.csv
run-88530006acf8f52d,cfg-2ad5ea3587b997a9,rollout,37418.0,completed_run,output/strengthening_factorial/strong-factorial-qwen25_3b-grpo-code_standard-joint-s94/phase-memory-5032024.csv
run-88530006acf8f52d,cfg-2ad5ea3587b997a9,weight_sync,37140.0,completed_run,output/strengthening_factorial/strong-factorial-qwen25_3b-grpo-code_standard-joint-s94/phase-memory-5032024.csv
run-88634073202577d4,cfg-8bd7050cd7f49e78,actor_update,14480.0,completed_run,output/benchmark_v2_cross_family_confirmatory/v2cf-confirm-phi4_mini-grpo-gsm8k_long-c0-s41/phase-memory-4936165.csv
run-88634073202577d4,cfg-8bd7050cd7f49e78,idle,15842.0,completed_run,output/benchmark_v2_cross_family_confirmatory/v2cf-confirm-phi4_mini-grpo-gsm8k_long-c0-s41/phase-memory-4936165.csv
run-88634073202577d4,cfg-8bd7050cd7f49e78,initializing,25598.0,completed_run,output/benchmark_v2_cross_family_confirmatory/v2cf-confirm-phi4_mini-grpo-gsm8k_long-c0-s41/phase-memory-4936165.csv
run-88634073202577d4,cfg-8bd7050cd7f49e78,reference_logprob,14288.0,completed_run,output/benchmark_v2_cross_family_confirmatory/v2cf-confirm-phi4_mini-grpo-gsm8k_long-c0-s41/phase-memory-4936165.csv
run-88634073202577d4,cfg-8bd7050cd7f49e78,rollout,15484.0,completed_run,output/benchmark_v2_cross_family_confirmatory/v2cf-confirm-phi4_mini-grpo-gsm8k_long-c0-s41/phase-memory-4936165.csv
run-88634073202577d4,cfg-8bd7050cd7f49e78,weight_sync,26034.0,completed_run,output/benchmark_v2_cross_family_confirmatory/v2cf-confirm-phi4_mini-grpo-gsm8k_long-c0-s41/phase-memory-4936165.csv
run-88e12627ff076d21,cfg-a14ab647ea9728c0,actor_update,18898.0,completed_run,output/revision_instrumentation/rev-instrumentation-phi4_mini-gsm8k-c3-s111-external/attempt-5045351/phase-memory-5045351.csv
run-88e12627ff076d21,cfg-a14ab647ea9728c0,idle,39570.0,completed_run,output/revision_instrumentation/rev-instrumentation-phi4_mini-gsm8k-c3-s111-external/attempt-5045351/phase-memory-5045351.csv
run-88e12627ff076d21,cfg-a14ab647ea9728c0,initializing,39430.0,completed_run,output/revision_instrumentation/rev-instrumentation-phi4_mini-gsm8k-c3-s111-external/attempt-5045351/phase-memory-5045351.csv
run-88e12627ff076d21,cfg-a14ab647ea9728c0,reference_logprob,13952.0,completed_run,output/revision_instrumentation/rev-instrumentation-phi4_mini-gsm8k-c3-s111-external/attempt-5045351/phase-memory-5045351.csv
run-88e12627ff076d21,cfg-a14ab647ea9728c0,rollout,39346.0,completed_run,output/revision_instrumentation/rev-instrumentation-phi4_mini-gsm8k-c3-s111-external/attempt-5045351/phase-memory-5045351.csv
run-88e12627ff076d21,cfg-a14ab647ea9728c0,weight_sync,39570.0,completed_run,output/revision_instrumentation/rev-instrumentation-phi4_mini-gsm8k-c3-s111-external/attempt-5045351/phase-memory-5045351.csv
run-895013c777ce5b0a,cfg-f03e4e98c682240e,actor_update,12000.0,completed_run,output/revision_topology/rev-topology-qwen25_3b-math-c2-s113-four_gpu/attempt-5045320/phase-memory-5045320.csv
run-895013c777ce5b0a,cfg-f03e4e98c682240e,idle,30180.0,completed_run,output/revision_topology/rev-topology-qwen25_3b-math-c2-s113-four_gpu/attempt-5045320/phase-memory-5045320.csv
run-895013c777ce5b0a,cfg-f03e4e98c682240e,initializing,30154.0,completed_run,output/revision_topology/rev-topology-qwen25_3b-math-c2-s113-four_gpu/attempt-5045320/phase-memory-5045320.csv
run-895013c777ce5b0a,cfg-f03e4e98c682240e,reference_logprob,10594.0,completed_run,output/revision_topology/rev-topology-qwen25_3b-math-c2-s113-four_gpu/attempt-5045320/phase-memory-5045320.csv
run-895013c777ce5b0a,cfg-f03e4e98c682240e,rollout,29898.0,completed_run,output/revision_topology/rev-topology-qwen25_3b-math-c2-s113-four_gpu/attempt-5045320/phase-memory-5045320.csv
run-895013c777ce5b0a,cfg-f03e4e98c682240e,weight_sync,30180.0,completed_run,output/revision_topology/rev-topology-qwen25_3b-math-c2-s113-four_gpu/attempt-5045320/phase-memory-5045320.csv
run-895137c52b4e44c3,cfg-ef2331208f38fbaf,actor_update,19226.0,completed_run,output/strengthening_factorial/strong-factorial-qwen25_3b-grpo-math-joint-s96/phase-memory-5032060.csv
run-895137c52b4e44c3,cfg-ef2331208f38fbaf,idle,37478.0,completed_run,output/strengthening_factorial/strong-factorial-qwen25_3b-grpo-math-joint-s96/phase-memory-5032060.csv
run-895137c52b4e44c3,cfg-ef2331208f38fbaf,initializing,37314.0,completed_run,output/strengthening_factorial/strong-factorial-qwen25_3b-grpo-math-joint-s96/phase-memory-5032060.csv
run-895137c52b4e44c3,cfg-ef2331208f38fbaf,reference_logprob,14022.0,completed_run,output/strengthening_factorial/strong-factorial-qwen25_3b-grpo-math-joint-s96/phase-memory-5032060.csv
run-895137c52b4e44c3,cfg-ef2331208f38fbaf,rollout,37168.0,completed_run,output/strengthening_factorial/strong-factorial-qwen25_3b-grpo-math-joint-s96/phase-memory-5032060.csv
run-895137c52b4e44c3,cfg-ef2331208f38fbaf,weight_sync,37478.0,completed_run,output/strengthening_factorial/strong-factorial-qwen25_3b-grpo-math-joint-s96/phase-memory-5032060.csv
run-8a76a65971de797d,cfg-2afbe250af9cd3e1,actor_update,11228.0,completed_run,output/revision_topology/rev-topology-granite33_2b-math-c3-s112-four_gpu/attempt-5045425/phase-memory-5045425.csv
run-8a76a65971de797d,cfg-2afbe250af9cd3e1,idle,34048.0,completed_run,output/revision_topology/rev-topology-granite33_2b-math-c3-s112-four_gpu/attempt-5045425/phase-memory-5045425.csv
run-8a76a65971de797d,cfg-2afbe250af9cd3e1,initializing,33878.0,completed_run,output/revision_topology/rev-topology-granite33_2b-math-c3-s112-four_gpu/attempt-5045425/phase-memory-5045425.csv
run-8a76a65971de797d,cfg-2afbe250af9cd3e1,reference_logprob,7778.0,completed_run,output/revision_topology/rev-topology-granite33_2b-math-c3-s112-four_gpu/attempt-5045425/phase-memory-5045425.csv
run-8a76a65971de797d,cfg-2afbe250af9cd3e1,rollout,33834.0,completed_run,output/revision_topology/rev-topology-granite33_2b-math-c3-s112-four_gpu/attempt-5045425/phase-memory-5045425.csv
run-8a76a65971de797d,cfg-2afbe250af9cd3e1,unknown,34048.0,completed_run,output/revision_topology/rev-topology-granite33_2b-math-c3-s112-four_gpu/attempt-5045425/phase-memory-5045425.csv
run-8a76a65971de797d,cfg-2afbe250af9cd3e1,weight_sync,34028.0,completed_run,output/revision_topology/rev-topology-granite33_2b-math-c3-s112-four_gpu/attempt-5045425/phase-memory-5045425.csv
run-8a9a9ddd6644f08c,cfg-8b7eb5281a925727,actor_update,13382.0,completed_run,output/strengthening_factorial/strong-factorial-granite33_2b-grpo-gsm8k_long-joint-s94/phase-memory-5031401.csv
run-8a9a9ddd6644f08c,cfg-8b7eb5281a925727,idle,36302.0,completed_run,output/strengthening_factorial/strong-factorial-granite33_2b-grpo-gsm8k_long-joint-s94/phase-memory-5031401.csv
run-8a9a9ddd6644f08c,cfg-8b7eb5281a925727,initializing,35876.0,completed_run,output/strengthening_factorial/strong-factorial-granite33_2b-grpo-gsm8k_long-joint-s94/phase-memory-5031401.csv
run-8a9a9ddd6644f08c,cfg-8b7eb5281a925727,reference_logprob,9658.0,completed_run,output/strengthening_factorial/strong-factorial-granite33_2b-grpo-gsm8k_long-joint-s94/phase-memory-5031401.csv
run-8a9a9ddd6644f08c,cfg-8b7eb5281a925727,rollout,35962.0,completed_run,output/strengthening_factorial/strong-factorial-granite33_2b-grpo-gsm8k_long-joint-s94/phase-memory-5031401.csv
run-8a9a9ddd6644f08c,cfg-8b7eb5281a925727,weight_sync,35746.0,completed_run,output/strengthening_factorial/strong-factorial-granite33_2b-grpo-gsm8k_long-joint-s94/phase-memory-5031401.csv
run-8aa80c3f5af9da9c,cfg-00e028aa49d34e64,actor_update,19616.0,completed_run,output/strengthening_factorial/strong-factorial-phi4_mini-grpo-gsm8k-joint-s95/phase-memory-5031808.csv
run-8aa80c3f5af9da9c,cfg-00e028aa49d34e64,idle,39550.0,completed_run,output/strengthening_factorial/strong-factorial-phi4_mini-grpo-gsm8k-joint-s95/phase-memory-5031808.csv
run-8aa80c3f5af9da9c,cfg-00e028aa49d34e64,initializing,39430.0,completed_run,output/strengthening_factorial/strong-factorial-phi4_mini-grpo-gsm8k-joint-s95/phase-memory-5031808.csv
run-8aa80c3f5af9da9c,cfg-00e028aa49d34e64,reference_logprob,14232.0,completed_run,output/strengthening_factorial/strong-factorial-phi4_mini-grpo-gsm8k-joint-s95/phase-memory-5031808.csv
run-8aa80c3f5af9da9c,cfg-00e028aa49d34e64,rollout,39390.0,completed_run,output/strengthening_factorial/strong-factorial-phi4_mini-grpo-gsm8k-joint-s95/phase-memory-5031808.csv
run-8aa80c3f5af9da9c,cfg-00e028aa49d34e64,weight_sync,39550.0,completed_run,output/strengthening_factorial/strong-factorial-phi4_mini-grpo-gsm8k-joint-s95/phase-memory-5031808.csv
run-8b2b10d9ebb7aedc,cfg-9c461415e6bb9702,actor_update,14916.0,completed_run,output/major_revision_cross_model_confirmatory/mr-xm-confirm-phi4_mini-grpo-code_standard-c0-s52/phase-memory-5002077.csv
run-8b2b10d9ebb7aedc,cfg-9c461415e6bb9702,idle,15864.0,completed_run,output/major_revision_cross_model_confirmatory/mr-xm-confirm-phi4_mini-grpo-code_standard-c0-s52/phase-memory-5002077.csv
run-8b2b10d9ebb7aedc,cfg-9c461415e6bb9702,initializing,25598.0,completed_run,output/major_revision_cross_model_confirmatory/mr-xm-confirm-phi4_mini-grpo-code_standard-c0-s52/phase-memory-5002077.csv
run-8b2b10d9ebb7aedc,cfg-9c461415e6bb9702,reference_logprob,16650.0,completed_run,output/major_revision_cross_model_confirmatory/mr-xm-confirm-phi4_mini-grpo-code_standard-c0-s52/phase-memory-5002077.csv
run-8b2b10d9ebb7aedc,cfg-9c461415e6bb9702,rollout,16058.0,completed_run,output/major_revision_cross_model_confirmatory/mr-xm-confirm-phi4_mini-grpo-code_standard-c0-s52/phase-memory-5002077.csv
run-8b2b10d9ebb7aedc,cfg-9c461415e6bb9702,weight_sync,26056.0,completed_run,output/major_revision_cross_model_confirmatory/mr-xm-confirm-phi4_mini-grpo-code_standard-c0-s52/phase-memory-5002077.csv
run-8b4685e33800b1dc,cfg-09d34ea9e791de94,actor_update,14148.0,completed_run,output/strengthening_factorial/strong-factorial-qwen25_3b-grpo-gsm8k-reservation_only-s94/phase-memory-5032037.csv
run-8b4685e33800b1dc,cfg-09d34ea9e791de94,idle,37140.0,completed_run,output/strengthening_factorial/strong-factorial-qwen25_3b-grpo-gsm8k-reservation_only-s94/phase-memory-5032037.csv
run-8b4685e33800b1dc,cfg-09d34ea9e791de94,initializing,36706.0,completed_run,output/strengthening_factorial/strong-factorial-qwen25_3b-grpo-gsm8k-reservation_only-s94/phase-memory-5032037.csv
run-8b4685e33800b1dc,cfg-09d34ea9e791de94,reference_logprob,11646.0,completed_run,output/strengthening_factorial/strong-factorial-qwen25_3b-grpo-gsm8k-reservation_only-s94/phase-memory-5032037.csv
run-8b4685e33800b1dc,cfg-09d34ea9e791de94,rollout,36730.0,completed_run,output/strengthening_factorial/strong-factorial-qwen25_3b-grpo-gsm8k-reservation_only-s94/phase-memory-5032037.csv
run-8b4685e33800b1dc,cfg-09d34ea9e791de94,weight_sync,37140.0,completed_run,output/strengthening_factorial/strong-factorial-qwen25_3b-grpo-gsm8k-reservation_only-s94/phase-memory-5032037.csv
run-8bb1cd6e458ef024,cfg-7f23cab692546e3f,initializing,7780.0,terminal_stage_partial,output/strengthening_granite_confirmatory/strong-granite-confirmatory-grpo-code_standard-c5-s93/phase-memory-5031310.csv
run-8bd9e5dee6e735a9,cfg-e80b4f00d0546932,actor_update,14076.0,completed_run,output/revision_instrumentation/rev-instrumentation-granite33_2b-math-c3-s113-full/attempt-5045393/phase-memory-5045393.csv
run-8bd9e5dee6e735a9,cfg-e80b4f00d0546932,idle,36670.0,completed_run,output/revision_instrumentation/rev-instrumentation-granite33_2b-math-c3-s113-full/attempt-5045393/phase-memory-5045393.csv
run-8bd9e5dee6e735a9,cfg-e80b4f00d0546932,initializing,36308.0,completed_run,output/revision_instrumentation/rev-instrumentation-granite33_2b-math-c3-s113-full/attempt-5045393/phase-memory-5045393.csv
run-8bd9e5dee6e735a9,cfg-e80b4f00d0546932,reference_logprob,10326.0,completed_run,output/revision_instrumentation/rev-instrumentation-granite33_2b-math-c3-s113-full/attempt-5045393/phase-memory-5045393.csv
run-8bd9e5dee6e735a9,cfg-e80b4f00d0546932,rollout,36326.0,completed_run,output/revision_instrumentation/rev-instrumentation-granite33_2b-math-c3-s113-full/attempt-5045393/phase-memory-5045393.csv
run-8bd9e5dee6e735a9,cfg-e80b4f00d0546932,weight_sync,36670.0,completed_run,output/revision_instrumentation/rev-instrumentation-granite33_2b-math-c3-s113-full/attempt-5045393/phase-memory-5045393.csv
run-8bfb6430b45a7e6e,cfg-3fb18b33cd9f8bcf,actor_update,25524.0,completed_run,output/strengthening_same_node_residency/strong-node-qwen25_3b-grpo-math-near_boundary-s81-p1-release/phase-memory-5031124.csv
run-8bfb6430b45a7e6e,cfg-3fb18b33cd9f8bcf,idle,35778.0,completed_run,output/strengthening_same_node_residency/strong-node-qwen25_3b-grpo-math-near_boundary-s81-p1-release/phase-memory-5031124.csv
run-8bfb6430b45a7e6e,cfg-3fb18b33cd9f8bcf,initializing,35912.0,completed_run,output/strengthening_same_node_residency/strong-node-qwen25_3b-grpo-math-near_boundary-s81-p1-release/phase-memory-5031124.csv
run-8bfb6430b45a7e6e,cfg-3fb18b33cd9f8bcf,reference_logprob,16906.0,completed_run,output/strengthening_same_node_residency/strong-node-qwen25_3b-grpo-math-near_boundary-s81-p1-release/phase-memory-5031124.csv
run-8bfb6430b45a7e6e,cfg-3fb18b33cd9f8bcf,rollout,37302.0,completed_run,output/strengthening_same_node_residency/strong-node-qwen25_3b-grpo-math-near_boundary-s81-p1-release/phase-memory-5031124.csv
run-8bfb6430b45a7e6e,cfg-3fb18b33cd9f8bcf,weight_sync,35778.0,completed_run,output/strengthening_same_node_residency/strong-node-qwen25_3b-grpo-math-near_boundary-s81-p1-release/phase-memory-5031124.csv
run-8c47ac8d04f9890f,cfg-5ff9621270e710ed,actor_update,15428.0,completed_run,output/revision_topology/rev-topology-phi4_mini-gsm8k-c4-s112-four_gpu/attempt-5045365/phase-memory-5045365.csv
run-8c47ac8d04f9890f,cfg-5ff9621270e710ed,idle,39786.0,completed_run,output/revision_topology/rev-topology-phi4_mini-gsm8k-c4-s112-four_gpu/attempt-5045365/phase-memory-5045365.csv
run-8c47ac8d04f9890f,cfg-5ff9621270e710ed,initializing,39714.0,completed_run,output/revision_topology/rev-topology-phi4_mini-gsm8k-c4-s112-four_gpu/attempt-5045365/phase-memory-5045365.csv
run-8c47ac8d04f9890f,cfg-5ff9621270e710ed,reference_logprob,11140.0,completed_run,output/revision_topology/rev-topology-phi4_mini-gsm8k-c4-s112-four_gpu/attempt-5045365/phase-memory-5045365.csv
run-8c47ac8d04f9890f,cfg-5ff9621270e710ed,rollout,39588.0,completed_run,output/revision_topology/rev-topology-phi4_mini-gsm8k-c4-s112-four_gpu/attempt-5045365/phase-memory-5045365.csv
run-8c47ac8d04f9890f,cfg-5ff9621270e710ed,weight_sync,39786.0,completed_run,output/revision_topology/rev-topology-phi4_mini-gsm8k-c4-s112-four_gpu/attempt-5045365/phase-memory-5045365.csv
run-8c946830977ec19d,cfg-b5352215babfeba6,actor_update,12428.0,completed_run,output/strengthening_granite_confirmatory/strong-granite-confirmatory-grpo-math_short-c2-s91/phase-memory-5031335.csv
run-8c946830977ec19d,cfg-b5352215babfeba6,idle,32710.0,completed_run,output/strengthening_granite_confirmatory/strong-granite-confirmatory-grpo-math_short-c2-s91/phase-memory-5031335.csv
run-8c946830977ec19d,cfg-b5352215babfeba6,initializing,32308.0,completed_run,output/strengthening_granite_confirmatory/strong-granite-confirmatory-grpo-math_short-c2-s91/phase-memory-5031335.csv
run-8c946830977ec19d,cfg-b5352215babfeba6,reference_logprob,10346.0,completed_run,output/strengthening_granite_confirmatory/strong-granite-confirmatory-grpo-math_short-c2-s91/phase-memory-5031335.csv
run-8c946830977ec19d,cfg-b5352215babfeba6,rollout,32412.0,completed_run,output/strengthening_granite_confirmatory/strong-granite-confirmatory-grpo-math_short-c2-s91/phase-memory-5031335.csv
run-8c946830977ec19d,cfg-b5352215babfeba6,weight_sync,32710.0,completed_run,output/strengthening_granite_confirmatory/strong-granite-confirmatory-grpo-math_short-c2-s91/phase-memory-5031335.csv
run-8c98b17fe9de9a21,cfg-997a5dca920f4fb3,actor_update,40224.0,completed_run,output/strengthening_same_node_residency/strong-node-qwen25_1p5b-grpo-gsm8k-near_boundary-s83-p2-resident/phase-memory-5031043.csv
run-8c98b17fe9de9a21,cfg-997a5dca920f4fb3,idle,33928.0,completed_run,output/strengthening_same_node_residency/strong-node-qwen25_1p5b-grpo-gsm8k-near_boundary-s83-p2-resident/phase-memory-5031043.csv
run-8c98b17fe9de9a21,cfg-997a5dca920f4fb3,initializing,36452.0,completed_run,output/strengthening_same_node_residency/strong-node-qwen25_1p5b-grpo-gsm8k-near_boundary-s83-p2-resident/phase-memory-5031043.csv
run-8c98b17fe9de9a21,cfg-997a5dca920f4fb3,reference_logprob,37116.0,completed_run,output/strengthening_same_node_residency/strong-node-qwen25_1p5b-grpo-gsm8k-near_boundary-s83-p2-resident/phase-memory-5031043.csv
run-8c98b17fe9de9a21,cfg-997a5dca920f4fb3,rollout,33658.0,completed_run,output/strengthening_same_node_residency/strong-node-qwen25_1p5b-grpo-gsm8k-near_boundary-s83-p2-resident/phase-memory-5031043.csv
run-8c98b17fe9de9a21,cfg-997a5dca920f4fb3,weight_sync,40224.0,completed_run,output/strengthening_same_node_residency/strong-node-qwen25_1p5b-grpo-gsm8k-near_boundary-s83-p2-resident/phase-memory-5031043.csv
run-8e4b4c22bcd53f57,cfg-aca3236b5ba27772,actor_update,16590.0,completed_run,output/review_instrumentation_batch/review-control-phi4_mini-gsm8k-s123-external_b8/attempt-5048576/phase-memory-5048576.csv
run-8e4b4c22bcd53f57,cfg-aca3236b5ba27772,idle,35518.0,completed_run,output/review_instrumentation_batch/review-control-phi4_mini-gsm8k-s123-external_b8/attempt-5048576/phase-memory-5048576.csv
run-8e4b4c22bcd53f57,cfg-aca3236b5ba27772,initializing,35398.0,completed_run,output/review_instrumentation_batch/review-control-phi4_mini-gsm8k-s123-external_b8/attempt-5048576/phase-memory-5048576.csv
run-8e4b4c22bcd53f57,cfg-aca3236b5ba27772,reference_logprob,14092.0,completed_run,output/review_instrumentation_batch/review-control-phi4_mini-gsm8k-s123-external_b8/attempt-5048576/phase-memory-5048576.csv
run-8e4b4c22bcd53f57,cfg-aca3236b5ba27772,rollout,35340.0,completed_run,output/review_instrumentation_batch/review-control-phi4_mini-gsm8k-s123-external_b8/attempt-5048576/phase-memory-5048576.csv
run-8e4b4c22bcd53f57,cfg-aca3236b5ba27772,weight_sync,35518.0,completed_run,output/review_instrumentation_batch/review-control-phi4_mini-gsm8k-s123-external_b8/attempt-5048576/phase-memory-5048576.csv
run-8ea43778bf9b5067,cfg-1658eb2e3197050f,actor_update,11566.0,completed_run,output/benchmark_v2_telemetry_calibration/v2tel-05-qwen25_3b-grpo-gsm8k-safe_margin-100ms/phase-memory-4935217.csv
run-8ea43778bf9b5067,cfg-1658eb2e3197050f,idle,14934.0,completed_run,output/benchmark_v2_telemetry_calibration/v2tel-05-qwen25_3b-grpo-gsm8k-safe_margin-100ms/phase-memory-4935217.csv
run-8ea43778bf9b5067,cfg-1658eb2e3197050f,initializing,20996.0,completed_run,output/benchmark_v2_telemetry_calibration/v2tel-05-qwen25_3b-grpo-gsm8k-safe_margin-100ms/phase-memory-4935217.csv
run-8ea43778bf9b5067,cfg-1658eb2e3197050f,reference_logprob,11604.0,completed_run,output/benchmark_v2_telemetry_calibration/v2tel-05-qwen25_3b-grpo-gsm8k-safe_margin-100ms/phase-memory-4935217.csv
run-8ea43778bf9b5067,cfg-1658eb2e3197050f,rollout,14380.0,completed_run,output/benchmark_v2_telemetry_calibration/v2tel-05-qwen25_3b-grpo-gsm8k-safe_margin-100ms/phase-memory-4935217.csv
run-8ea43778bf9b5067,cfg-1658eb2e3197050f,weight_sync,21560.0,completed_run,output/benchmark_v2_telemetry_calibration/v2tel-05-qwen25_3b-grpo-gsm8k-safe_margin-100ms/phase-memory-4935217.csv
run-8ec9bcbd30830d8f,cfg-db87c67536995ab0,actor_update,13966.0,completed_run,output/major_revision_cross_model_confirmatory/mr-xm-confirm-qwen25_3b-grpo-code_standard-c1-s52/phase-memory-4999346.csv
run-8ec9bcbd30830d8f,cfg-db87c67536995ab0,idle,20962.0,completed_run,output/major_revision_cross_model_confirmatory/mr-xm-confirm-qwen25_3b-grpo-code_standard-c1-s52/phase-memory-4999346.csv
run-8ec9bcbd30830d8f,cfg-db87c67536995ab0,initializing,20996.0,completed_run,output/major_revision_cross_model_confirmatory/mr-xm-confirm-qwen25_3b-grpo-code_standard-c1-s52/phase-memory-4999346.csv
run-8ec9bcbd30830d8f,cfg-db87c67536995ab0,reference_logprob,12566.0,completed_run,output/major_revision_cross_model_confirmatory/mr-xm-confirm-qwen25_3b-grpo-code_standard-c1-s52/phase-memory-4999346.csv
run-8ec9bcbd30830d8f,cfg-db87c67536995ab0,rollout,21154.0,completed_run,output/major_revision_cross_model_confirmatory/mr-xm-confirm-qwen25_3b-grpo-code_standard-c1-s52/phase-memory-4999346.csv
run-8ec9bcbd30830d8f,cfg-db87c67536995ab0,weight_sync,21540.0,completed_run,output/major_revision_cross_model_confirmatory/mr-xm-confirm-qwen25_3b-grpo-code_standard-c1-s52/phase-memory-4999346.csv
run-8eebab4c9ffc1cf6,cfg-a23a9ffc1f670139,actor_update,15144.0,completed_run,output/revision_topology/rev-topology-qwen25_3b-math-c4-s112-four_gpu/attempt-5045332/phase-memory-5045332.csv
run-8eebab4c9ffc1cf6,cfg-a23a9ffc1f670139,idle,38314.0,completed_run,output/revision_topology/rev-topology-qwen25_3b-math-c4-s112-four_gpu/attempt-5045332/phase-memory-5045332.csv
run-8eebab4c9ffc1cf6,cfg-a23a9ffc1f670139,initializing,38290.0,completed_run,output/revision_topology/rev-topology-qwen25_3b-math-c4-s112-four_gpu/attempt-5045332/phase-memory-5045332.csv
run-8eebab4c9ffc1cf6,cfg-a23a9ffc1f670139,reference_logprob,10710.0,completed_run,output/revision_topology/rev-topology-qwen25_3b-math-c4-s112-four_gpu/attempt-5045332/phase-memory-5045332.csv
run-8eebab4c9ffc1cf6,cfg-a23a9ffc1f670139,rollout,38002.0,completed_run,output/revision_topology/rev-topology-qwen25_3b-math-c4-s112-four_gpu/attempt-5045332/phase-memory-5045332.csv
run-8eebab4c9ffc1cf6,cfg-a23a9ffc1f670139,weight_sync,38294.0,completed_run,output/revision_topology/rev-topology-qwen25_3b-math-c4-s112-four_gpu/attempt-5045332/phase-memory-5045332.csv
run-8f73a1365b03aa7a,cfg-b062fc673112f583,actor_update,33968.0,completed_run,output/strengthening_factorial/strong-factorial-phi4_mini-grpo-code_heavy_tail-joint-s94/phase-memory-5031729.csv
run-8f73a1365b03aa7a,cfg-b062fc673112f583,idle,39550.0,completed_run,output/strengthening_factorial/strong-factorial-phi4_mini-grpo-code_heavy_tail-joint-s94/phase-memory-5031729.csv
run-8f73a1365b03aa7a,cfg-b062fc673112f583,initializing,39430.0,completed_run,output/strengthening_factorial/strong-factorial-phi4_mini-grpo-code_heavy_tail-joint-s94/phase-memory-5031729.csv
run-8f73a1365b03aa7a,cfg-b062fc673112f583,reference_logprob,17754.0,completed_run,output/strengthening_factorial/strong-factorial-phi4_mini-grpo-code_heavy_tail-joint-s94/phase-memory-5031729.csv
run-8f73a1365b03aa7a,cfg-b062fc673112f583,rollout,40052.0,completed_run,output/strengthening_factorial/strong-factorial-phi4_mini-grpo-code_heavy_tail-joint-s94/phase-memory-5031729.csv
run-8f73a1365b03aa7a,cfg-b062fc673112f583,weight_sync,39550.0,completed_run,output/strengthening_factorial/strong-factorial-phi4_mini-grpo-code_heavy_tail-joint-s94/phase-memory-5031729.csv
run-8f78ba2d1096067a,cfg-a28f89c750c3d53b,actor_update,16688.0,completed_run,output/revision_instrumentation/rev-instrumentation-qwen25_3b-gsm8k-c3-s112-external/attempt-5045284/phase-memory-5045284.csv
run-8f78ba2d1096067a,cfg-a28f89c750c3d53b,idle,37140.0,completed_run,output/revision_instrumentation/rev-instrumentation-qwen25_3b-gsm8k-c3-s112-external/attempt-5045284/phase-memory-5045284.csv
run-8f78ba2d1096067a,cfg-a28f89c750c3d53b,initializing,36706.0,completed_run,output/revision_instrumentation/rev-instrumentation-qwen25_3b-gsm8k-c3-s112-external/attempt-5045284/phase-memory-5045284.csv
run-8f78ba2d1096067a,cfg-a28f89c750c3d53b,reference_logprob,11846.0,completed_run,output/revision_instrumentation/rev-instrumentation-qwen25_3b-gsm8k-c3-s112-external/attempt-5045284/phase-memory-5045284.csv
run-8f78ba2d1096067a,cfg-a28f89c750c3d53b,rollout,36692.0,completed_run,output/revision_instrumentation/rev-instrumentation-qwen25_3b-gsm8k-c3-s112-external/attempt-5045284/phase-memory-5045284.csv
run-8f78ba2d1096067a,cfg-a28f89c750c3d53b,weight_sync,37140.0,completed_run,output/revision_instrumentation/rev-instrumentation-qwen25_3b-gsm8k-c3-s112-external/attempt-5045284/phase-memory-5045284.csv
run-8fabf295ec0ee16c,cfg-b828e98cedba337e,actor_update,19326.0,completed_run,output/revision_instrumentation/rev-instrumentation-qwen25_3b-math-c3-s113-full/attempt-5045315/phase-memory-5045315.csv
run-8fabf295ec0ee16c,cfg-b828e98cedba337e,idle,37478.0,completed_run,output/revision_instrumentation/rev-instrumentation-qwen25_3b-math-c3-s113-full/attempt-5045315/phase-memory-5045315.csv
run-8fabf295ec0ee16c,cfg-b828e98cedba337e,initializing,37314.0,completed_run,output/revision_instrumentation/rev-instrumentation-qwen25_3b-math-c3-s113-full/attempt-5045315/phase-memory-5045315.csv
run-8fabf295ec0ee16c,cfg-b828e98cedba337e,reference_logprob,13902.0,completed_run,output/revision_instrumentation/rev-instrumentation-qwen25_3b-math-c3-s113-full/attempt-5045315/phase-memory-5045315.csv
run-8fabf295ec0ee16c,cfg-b828e98cedba337e,rollout,37290.0,completed_run,output/revision_instrumentation/rev-instrumentation-qwen25_3b-math-c3-s113-full/attempt-5045315/phase-memory-5045315.csv
run-8fabf295ec0ee16c,cfg-b828e98cedba337e,weight_sync,37478.0,completed_run,output/revision_instrumentation/rev-instrumentation-qwen25_3b-math-c3-s113-full/attempt-5045315/phase-memory-5045315.csv
run-8fb7bae066fd9295,cfg-352f4dbc55fbcd3c,initializing,10742.0,terminal_stage_partial,output/benchmark_v2_cross_family_confirmatory/v2cf-confirm-qwen25_3b-grpo-gsm8k_long-c5-s42/phase-memory-4935851.csv
run-9018468e78b8f2db,cfg-714c540f76d9525d,actor_update,15440.0,completed_run,output/revision_topology/rev-topology-qwen25_3b-math-c3-s112-four_gpu/attempt-5045328/phase-memory-5045328.csv
run-9018468e78b8f2db,cfg-714c540f76d9525d,idle,34212.0,completed_run,output/revision_topology/rev-topology-qwen25_3b-math-c3-s112-four_gpu/attempt-5045328/phase-memory-5045328.csv
run-9018468e78b8f2db,cfg-714c540f76d9525d,initializing,34186.0,completed_run,output/revision_topology/rev-topology-qwen25_3b-math-c3-s112-four_gpu/attempt-5045328/phase-memory-5045328.csv
run-9018468e78b8f2db,cfg-714c540f76d9525d,reference_logprob,10554.0,completed_run,output/revision_topology/rev-topology-qwen25_3b-math-c3-s112-four_gpu/attempt-5045328/phase-memory-5045328.csv
run-9018468e78b8f2db,cfg-714c540f76d9525d,rollout,33924.0,completed_run,output/revision_topology/rev-topology-qwen25_3b-math-c3-s112-four_gpu/attempt-5045328/phase-memory-5045328.csv
run-9018468e78b8f2db,cfg-714c540f76d9525d,weight_sync,34192.0,completed_run,output/revision_topology/rev-topology-qwen25_3b-math-c3-s112-four_gpu/attempt-5045328/phase-memory-5045328.csv
run-907936a56bd1976f,cfg-c31171354027b928,actor_update,21188.0,completed_run,output/strengthening_factorial/strong-factorial-qwen25_3b-grpo-code_standard-actor_only-s96/phase-memory-5032016.csv
run-907936a56bd1976f,cfg-c31171354027b928,idle,33108.0,completed_run,output/strengthening_factorial/strong-factorial-qwen25_3b-grpo-code_standard-actor_only-s96/phase-memory-5032016.csv
run-907936a56bd1976f,cfg-c31171354027b928,initializing,32676.0,completed_run,output/strengthening_factorial/strong-factorial-qwen25_3b-grpo-code_standard-actor_only-s96/phase-memory-5032016.csv
run-907936a56bd1976f,cfg-c31171354027b928,reference_logprob,12884.0,completed_run,output/strengthening_factorial/strong-factorial-qwen25_3b-grpo-code_standard-actor_only-s96/phase-memory-5032016.csv
run-907936a56bd1976f,cfg-c31171354027b928,rollout,32816.0,completed_run,output/strengthening_factorial/strong-factorial-qwen25_3b-grpo-code_standard-actor_only-s96/phase-memory-5032016.csv
run-907936a56bd1976f,cfg-c31171354027b928,weight_sync,33108.0,completed_run,output/strengthening_factorial/strong-factorial-qwen25_3b-grpo-code_standard-actor_only-s96/phase-memory-5032016.csv
run-9084e20c27f93319,cfg-0f540d3f6fe4661b,actor_update,18824.0,completed_run,output/benchmark_v2_cross_family_confirmatory/v2cf-confirm-phi4_mini-grpo-math_short-c2-s43/phase-memory-4936290.csv
run-9084e20c27f93319,cfg-0f540d3f6fe4661b,idle,35746.0,completed_run,output/benchmark_v2_cross_family_confirmatory/v2cf-confirm-phi4_mini-grpo-math_short-c2-s43/phase-memory-4936290.csv
run-9084e20c27f93319,cfg-0f540d3f6fe4661b,initializing,35920.0,completed_run,output/benchmark_v2_cross_family_confirmatory/v2cf-confirm-phi4_mini-grpo-math_short-c2-s43/phase-memory-4936290.csv
run-9084e20c27f93319,cfg-0f540d3f6fe4661b,reference_logprob,16908.0,completed_run,output/benchmark_v2_cross_family_confirmatory/v2cf-confirm-phi4_mini-grpo-math_short-c2-s43/phase-memory-4936290.csv
run-9084e20c27f93319,cfg-0f540d3f6fe4661b,rollout,35796.0,completed_run,output/benchmark_v2_cross_family_confirmatory/v2cf-confirm-phi4_mini-grpo-math_short-c2-s43/phase-memory-4936290.csv
run-9084e20c27f93319,cfg-0f540d3f6fe4661b,weight_sync,35746.0,completed_run,output/benchmark_v2_cross_family_confirmatory/v2cf-confirm-phi4_mini-grpo-math_short-c2-s43/phase-memory-4936290.csv
run-909c138182059f4c,cfg-b8e90bd69c9744ea,actor_update,8460.0,completed_run,output/revision_topology/rev-topology-granite33_2b-gsm8k-c2-s113-four_gpu/attempt-5045389/phase-memory-5045389.csv
run-909c138182059f4c,cfg-b8e90bd69c9744ea,idle,29660.0,completed_run,output/revision_topology/rev-topology-granite33_2b-gsm8k-c2-s113-four_gpu/attempt-5045389/phase-memory-5045389.csv
run-909c138182059f4c,cfg-b8e90bd69c9744ea,initializing,29446.0,completed_run,output/revision_topology/rev-topology-granite33_2b-gsm8k-c2-s113-four_gpu/attempt-5045389/phase-memory-5045389.csv
run-909c138182059f4c,cfg-b8e90bd69c9744ea,reference_logprob,6848.0,completed_run,output/revision_topology/rev-topology-granite33_2b-gsm8k-c2-s113-four_gpu/attempt-5045389/phase-memory-5045389.csv
run-909c138182059f4c,cfg-b8e90bd69c9744ea,rollout,29422.0,completed_run,output/revision_topology/rev-topology-granite33_2b-gsm8k-c2-s113-four_gpu/attempt-5045389/phase-memory-5045389.csv
run-909c138182059f4c,cfg-b8e90bd69c9744ea,weight_sync,29660.0,completed_run,output/revision_topology/rev-topology-granite33_2b-gsm8k-c2-s113-four_gpu/attempt-5045389/phase-memory-5045389.csv
run-921b4dffbc988a80,cfg-7a0e81934d3398ee,actor_update,10534.0,completed_run,output/strengthening_granite_confirmatory/strong-granite-confirmatory-grpo-code_heavy_tail-c0-s92/phase-memory-5031312.csv
run-921b4dffbc988a80,cfg-7a0e81934d3398ee,idle,15068.0,completed_run,output/strengthening_granite_confirmatory/strong-granite-confirmatory-grpo-code_heavy_tail-c0-s92/phase-memory-5031312.csv
run-921b4dffbc988a80,cfg-7a0e81934d3398ee,initializing,18526.0,completed_run,output/strengthening_granite_confirmatory/strong-granite-confirmatory-grpo-code_heavy_tail-c0-s92/phase-memory-5031312.csv
run-921b4dffbc988a80,cfg-7a0e81934d3398ee,reference_logprob,9892.0,completed_run,output/strengthening_granite_confirmatory/strong-granite-confirmatory-grpo-code_heavy_tail-c0-s92/phase-memory-5031312.csv
run-921b4dffbc988a80,cfg-7a0e81934d3398ee,rollout,15216.0,completed_run,output/strengthening_granite_confirmatory/strong-granite-confirmatory-grpo-code_heavy_tail-c0-s92/phase-memory-5031312.csv
run-921b4dffbc988a80,cfg-7a0e81934d3398ee,weight_sync,19070.0,completed_run,output/strengthening_granite_confirmatory/strong-granite-confirmatory-grpo-code_heavy_tail-c0-s92/phase-memory-5031312.csv
run-93715cb918add48f,cfg-6a4562db98b38d6f,actor_update,13298.0,completed_run,output/strengthening_granite_confirmatory/strong-granite-confirmatory-grpo-gsm8k_long-c4-s91/phase-memory-5031241.csv
run-93715cb918add48f,cfg-6a4562db98b38d6f,idle,40382.0,completed_run,output/strengthening_granite_confirmatory/strong-granite-confirmatory-grpo-gsm8k_long-c4-s91/phase-memory-5031241.csv
run-93715cb918add48f,cfg-6a4562db98b38d6f,initializing,39956.0,completed_run,output/strengthening_granite_confirmatory/strong-granite-confirmatory-grpo-gsm8k_long-c4-s91/phase-memory-5031241.csv
run-93715cb918add48f,cfg-6a4562db98b38d6f,reference_logprob,9574.0,completed_run,output/strengthening_granite_confirmatory/strong-granite-confirmatory-grpo-gsm8k_long-c4-s91/phase-memory-5031241.csv
run-93715cb918add48f,cfg-6a4562db98b38d6f,rollout,40050.0,completed_run,output/strengthening_granite_confirmatory/strong-granite-confirmatory-grpo-gsm8k_long-c4-s91/phase-memory-5031241.csv
run-93715cb918add48f,cfg-6a4562db98b38d6f,weight_sync,40382.0,completed_run,output/strengthening_granite_confirmatory/strong-granite-confirmatory-grpo-gsm8k_long-c4-s91/phase-memory-5031241.csv
run-9443717b55610ca0,cfg-06e80279db3caed1,actor_update,19034.0,completed_run,output/revision_instrumentation/rev-instrumentation-phi4_mini-math-c2-s111-external/attempt-5045359/phase-memory-5045359.csv
run-9443717b55610ca0,cfg-06e80279db3caed1,idle,35746.0,completed_run,output/revision_instrumentation/rev-instrumentation-phi4_mini-math-c2-s111-external/attempt-5045359/phase-memory-5045359.csv
run-9443717b55610ca0,cfg-06e80279db3caed1,initializing,35920.0,completed_run,output/revision_instrumentation/rev-instrumentation-phi4_mini-math-c2-s111-external/attempt-5045359/phase-memory-5045359.csv
run-9443717b55610ca0,cfg-06e80279db3caed1,reference_logprob,17008.0,completed_run,output/revision_instrumentation/rev-instrumentation-phi4_mini-math-c2-s111-external/attempt-5045359/phase-memory-5045359.csv
run-9443717b55610ca0,cfg-06e80279db3caed1,rollout,36102.0,completed_run,output/revision_instrumentation/rev-instrumentation-phi4_mini-math-c2-s111-external/attempt-5045359/phase-memory-5045359.csv
run-9443717b55610ca0,cfg-06e80279db3caed1,weight_sync,35746.0,completed_run,output/revision_instrumentation/rev-instrumentation-phi4_mini-math-c2-s111-external/attempt-5045359/phase-memory-5045359.csv
run-9499d09795d2def2,cfg-191bdf2aa4d09de2,actor_update,18780.0,completed_run,output/strengthening_factorial/strong-factorial-phi4_mini-grpo-math-base-s94/phase-memory-5031823.csv
run-9499d09795d2def2,cfg-191bdf2aa4d09de2,idle,35746.0,completed_run,output/strengthening_factorial/strong-factorial-phi4_mini-grpo-math-base-s94/phase-memory-5031823.csv
run-9499d09795d2def2,cfg-191bdf2aa4d09de2,initializing,35920.0,completed_run,output/strengthening_factorial/strong-factorial-phi4_mini-grpo-math-base-s94/phase-memory-5031823.csv
run-9499d09795d2def2,cfg-191bdf2aa4d09de2,reference_logprob,16808.0,completed_run,output/strengthening_factorial/strong-factorial-phi4_mini-grpo-math-base-s94/phase-memory-5031823.csv
run-9499d09795d2def2,cfg-191bdf2aa4d09de2,rollout,36158.0,completed_run,output/strengthening_factorial/strong-factorial-phi4_mini-grpo-math-base-s94/phase-memory-5031823.csv
run-9499d09795d2def2,cfg-191bdf2aa4d09de2,weight_sync,35246.0,completed_run,output/strengthening_factorial/strong-factorial-phi4_mini-grpo-math-base-s94/phase-memory-5031823.csv
run-95040ac597b1ac4f,cfg-3f0f48a3c570a0c8,actor_update,12066.0,completed_run,output/benchmark_v2_cross_family_confirmatory/v2cf-confirm-qwen25_3b-grpo-math_short-c0-s43/phase-memory-4935928.csv
run-95040ac597b1ac4f,cfg-3f0f48a3c570a0c8,idle,15234.0,completed_run,output/benchmark_v2_cross_family_confirmatory/v2cf-confirm-qwen25_3b-grpo-math_short-c0-s43/phase-memory-4935928.csv
run-95040ac597b1ac4f,cfg-3f0f48a3c570a0c8,initializing,21334.0,completed_run,output/benchmark_v2_cross_family_confirmatory/v2cf-confirm-qwen25_3b-grpo-math_short-c0-s43/phase-memory-4935928.csv
run-95040ac597b1ac4f,cfg-3f0f48a3c570a0c8,reference_logprob,13802.0,completed_run,output/benchmark_v2_cross_family_confirmatory/v2cf-confirm-qwen25_3b-grpo-math_short-c0-s43/phase-memory-4935928.csv
run-95040ac597b1ac4f,cfg-3f0f48a3c570a0c8,rollout,14936.0,completed_run,output/benchmark_v2_cross_family_confirmatory/v2cf-confirm-qwen25_3b-grpo-math_short-c0-s43/phase-memory-4935928.csv
run-95040ac597b1ac4f,cfg-3f0f48a3c570a0c8,weight_sync,21860.0,completed_run,output/benchmark_v2_cross_family_confirmatory/v2cf-confirm-qwen25_3b-grpo-math_short-c0-s43/phase-memory-4935928.csv
run-95d454a0de784954,cfg-b68e9036992511d4,actor_update,28170.0,completed_run,output/strengthening_same_node_residency/strong-node-qwen25_3b-grpo-math-safe_margin-s82-p2-resident/phase-memory-5031148.csv
run-95d454a0de784954,cfg-b68e9036992511d4,idle,17566.0,completed_run,output/strengthening_same_node_residency/strong-node-qwen25_3b-grpo-math-safe_margin-s82-p2-resident/phase-memory-5031148.csv
run-95d454a0de784954,cfg-b68e9036992511d4,initializing,29510.0,completed_run,output/strengthening_same_node_residency/strong-node-qwen25_3b-grpo-math-safe_margin-s82-p2-resident/phase-memory-5031148.csv
run-95d454a0de784954,cfg-b68e9036992511d4,reference_logprob,30944.0,completed_run,output/strengthening_same_node_residency/strong-node-qwen25_3b-grpo-math-safe_margin-s82-p2-resident/phase-memory-5031148.csv
run-95d454a0de784954,cfg-b68e9036992511d4,rollout,18090.0,completed_run,output/strengthening_same_node_residency/strong-node-qwen25_3b-grpo-math-safe_margin-s82-p2-resident/phase-memory-5031148.csv
run-95d454a0de784954,cfg-b68e9036992511d4,weight_sync,30512.0,completed_run,output/strengthening_same_node_residency/strong-node-qwen25_3b-grpo-math-safe_margin-s82-p2-resident/phase-memory-5031148.csv
run-96b1e14cfb255ab4,cfg-f009e9e3891c06f4,actor_update,18766.0,completed_run,output/benchmark_v2_cross_family_confirmatory/v2cf-confirm-qwen25_3b-grpo-math_short-c3-s43/phase-memory-4935962.csv
run-96b1e14cfb255ab4,cfg-f009e9e3891c06f4,idle,37478.0,completed_run,output/benchmark_v2_cross_family_confirmatory/v2cf-confirm-qwen25_3b-grpo-math_short-c3-s43/phase-memory-4935962.csv
run-96b1e14cfb255ab4,cfg-f009e9e3891c06f4,initializing,37312.0,completed_run,output/benchmark_v2_cross_family_confirmatory/v2cf-confirm-qwen25_3b-grpo-math_short-c3-s43/phase-memory-4935962.csv
run-96b1e14cfb255ab4,cfg-f009e9e3891c06f4,reference_logprob,13802.0,completed_run,output/benchmark_v2_cross_family_confirmatory/v2cf-confirm-qwen25_3b-grpo-math_short-c3-s43/phase-memory-4935962.csv
run-96b1e14cfb255ab4,cfg-f009e9e3891c06f4,rollout,37134.0,completed_run,output/benchmark_v2_cross_family_confirmatory/v2cf-confirm-qwen25_3b-grpo-math_short-c3-s43/phase-memory-4935962.csv
run-96b1e14cfb255ab4,cfg-f009e9e3891c06f4,weight_sync,37478.0,completed_run,output/benchmark_v2_cross_family_confirmatory/v2cf-confirm-qwen25_3b-grpo-math_short-c3-s43/phase-memory-4935962.csv
run-96cf5db0354c34ec,cfg-a28f89c750c3d53b,actor_update,16464.0,completed_run,output/revision_instrumentation/rev-instrumentation-qwen25_3b-gsm8k-c3-s113-external/attempt-5045363/phase-memory-5045363.csv
run-96cf5db0354c34ec,cfg-a28f89c750c3d53b,idle,37140.0,completed_run,output/revision_instrumentation/rev-instrumentation-qwen25_3b-gsm8k-c3-s113-external/attempt-5045363/phase-memory-5045363.csv
run-96cf5db0354c34ec,cfg-a28f89c750c3d53b,initializing,36708.0,completed_run,output/revision_instrumentation/rev-instrumentation-qwen25_3b-gsm8k-c3-s113-external/attempt-5045363/phase-memory-5045363.csv
run-96cf5db0354c34ec,cfg-a28f89c750c3d53b,reference_logprob,11664.0,completed_run,output/revision_instrumentation/rev-instrumentation-qwen25_3b-gsm8k-c3-s113-external/attempt-5045363/phase-memory-5045363.csv
run-96cf5db0354c34ec,cfg-a28f89c750c3d53b,rollout,36692.0,completed_run,output/revision_instrumentation/rev-instrumentation-qwen25_3b-gsm8k-c3-s113-external/attempt-5045363/phase-memory-5045363.csv
run-96cf5db0354c34ec,cfg-a28f89c750c3d53b,weight_sync,37140.0,completed_run,output/revision_instrumentation/rev-instrumentation-qwen25_3b-gsm8k-c3-s113-external/attempt-5045363/phase-memory-5045363.csv
run-96d1ec522c318d86,cfg-5629d7e19157784a,actor_update,14024.0,completed_run,output/strengthening_factorial/strong-factorial-granite33_2b-grpo-code_heavy_tail-base-s94/phase-memory-5031336.csv
run-96d1ec522c318d86,cfg-5629d7e19157784a,idle,32322.0,completed_run,output/strengthening_factorial/strong-factorial-granite33_2b-grpo-code_heavy_tail-base-s94/phase-memory-5031336.csv
run-96d1ec522c318d86,cfg-5629d7e19157784a,initializing,31876.0,completed_run,output/strengthening_factorial/strong-factorial-granite33_2b-grpo-code_heavy_tail-base-s94/phase-memory-5031336.csv
run-96d1ec522c318d86,cfg-5629d7e19157784a,reference_logprob,10038.0,completed_run,output/strengthening_factorial/strong-factorial-granite33_2b-grpo-code_heavy_tail-base-s94/phase-memory-5031336.csv
run-96d1ec522c318d86,cfg-5629d7e19157784a,rollout,32544.0,completed_run,output/strengthening_factorial/strong-factorial-granite33_2b-grpo-code_heavy_tail-base-s94/phase-memory-5031336.csv
run-96d1ec522c318d86,cfg-5629d7e19157784a,weight_sync,32322.0,completed_run,output/strengthening_factorial/strong-factorial-granite33_2b-grpo-code_heavy_tail-base-s94/phase-memory-5031336.csv
run-96e54f650d95efd9,cfg-73c06764ba28a56b,actor_update,13418.0,completed_run,output/strengthening_granite_confirmatory/strong-granite-confirmatory-grpo-gsm8k_long-c3-s91/phase-memory-5031238.csv
run-96e54f650d95efd9,cfg-73c06764ba28a56b,idle,36302.0,completed_run,output/strengthening_granite_confirmatory/strong-granite-confirmatory-grpo-gsm8k_long-c3-s91/phase-memory-5031238.csv
run-96e54f650d95efd9,cfg-73c06764ba28a56b,initializing,35876.0,completed_run,output/strengthening_granite_confirmatory/strong-granite-confirmatory-grpo-gsm8k_long-c3-s91/phase-memory-5031238.csv
run-96e54f650d95efd9,cfg-73c06764ba28a56b,reference_logprob,9536.0,completed_run,output/strengthening_granite_confirmatory/strong-granite-confirmatory-grpo-gsm8k_long-c3-s91/phase-memory-5031238.csv
run-96e54f650d95efd9,cfg-73c06764ba28a56b,rollout,35976.0,completed_run,output/strengthening_granite_confirmatory/strong-granite-confirmatory-grpo-gsm8k_long-c3-s91/phase-memory-5031238.csv
run-96e54f650d95efd9,cfg-73c06764ba28a56b,weight_sync,35190.0,completed_run,output/strengthening_granite_confirmatory/strong-granite-confirmatory-grpo-gsm8k_long-c3-s91/phase-memory-5031238.csv
run-97620ec9c9c3dc7e,cfg-835067f7405e89a2,actor_update,14434.0,completed_run,output/strengthening_granite_confirmatory/strong-granite-confirmatory-grpo-math_short-c3-s93/phase-memory-5031370.csv
run-97620ec9c9c3dc7e,cfg-835067f7405e89a2,idle,36670.0,completed_run,output/strengthening_granite_confirmatory/strong-granite-confirmatory-grpo-math_short-c3-s93/phase-memory-5031370.csv
run-97620ec9c9c3dc7e,cfg-835067f7405e89a2,initializing,36308.0,completed_run,output/strengthening_granite_confirmatory/strong-granite-confirmatory-grpo-math_short-c3-s93/phase-memory-5031370.csv
run-97620ec9c9c3dc7e,cfg-835067f7405e89a2,reference_logprob,10366.0,completed_run,output/strengthening_granite_confirmatory/strong-granite-confirmatory-grpo-math_short-c3-s93/phase-memory-5031370.csv
run-97620ec9c9c3dc7e,cfg-835067f7405e89a2,rollout,36390.0,completed_run,output/strengthening_granite_confirmatory/strong-granite-confirmatory-grpo-math_short-c3-s93/phase-memory-5031370.csv
run-97620ec9c9c3dc7e,cfg-835067f7405e89a2,weight_sync,36670.0,completed_run,output/strengthening_granite_confirmatory/strong-granite-confirmatory-grpo-math_short-c3-s93/phase-memory-5031370.csv
run-979f5f7ff36d264a,cfg-e953a598a19bb98a,actor_update,12594.0,completed_run,output/benchmark_v2_telemetry_calibration/v2tel-00-qwen25_1p5b-grpo-gsm8k-near_boundary-10ms/phase-memory-4935013.csv
run-979f5f7ff36d264a,cfg-e953a598a19bb98a,idle,33936.0,completed_run,output/benchmark_v2_telemetry_calibration/v2tel-00-qwen25_1p5b-grpo-gsm8k-near_boundary-10ms/phase-memory-4935013.csv
run-979f5f7ff36d264a,cfg-e953a598a19bb98a,initializing,33736.0,completed_run,output/benchmark_v2_telemetry_calibration/v2tel-00-qwen25_1p5b-grpo-gsm8k-near_boundary-10ms/phase-memory-4935013.csv
run-979f5f7ff36d264a,cfg-e953a598a19bb98a,reference_logprob,9424.0,completed_run,output/benchmark_v2_telemetry_calibration/v2tel-00-qwen25_1p5b-grpo-gsm8k-near_boundary-10ms/phase-memory-4935013.csv
run-979f5f7ff36d264a,cfg-e953a598a19bb98a,rollout,33718.0,completed_run,output/benchmark_v2_telemetry_calibration/v2tel-00-qwen25_1p5b-grpo-gsm8k-near_boundary-10ms/phase-memory-4935013.csv
run-979f5f7ff36d264a,cfg-e953a598a19bb98a,unknown,33628.0,completed_run,output/benchmark_v2_telemetry_calibration/v2tel-00-qwen25_1p5b-grpo-gsm8k-near_boundary-10ms/phase-memory-4935013.csv
run-979f5f7ff36d264a,cfg-e953a598a19bb98a,weight_sync,33936.0,completed_run,output/benchmark_v2_telemetry_calibration/v2tel-00-qwen25_1p5b-grpo-gsm8k-near_boundary-10ms/phase-memory-4935013.csv
run-97ade81417a8f4f0,cfg-fb0b705fb78cbfa7,actor_update,12962.0,completed_run,output/strengthening_factorial/strong-factorial-granite33_2b-grpo-code_standard-reservation_only-s96/phase-memory-5031322.csv
run-97ade81417a8f4f0,cfg-fb0b705fb78cbfa7,idle,36302.0,completed_run,output/strengthening_factorial/strong-factorial-granite33_2b-grpo-code_standard-reservation_only-s96/phase-memory-5031322.csv
run-97ade81417a8f4f0,cfg-fb0b705fb78cbfa7,initializing,35876.0,completed_run,output/strengthening_factorial/strong-factorial-granite33_2b-grpo-code_standard-reservation_only-s96/phase-memory-5031322.csv
run-97ade81417a8f4f0,cfg-fb0b705fb78cbfa7,reference_logprob,9714.0,completed_run,output/strengthening_factorial/strong-factorial-granite33_2b-grpo-code_standard-reservation_only-s96/phase-memory-5031322.csv
run-97ade81417a8f4f0,cfg-fb0b705fb78cbfa7,rollout,36548.0,completed_run,output/strengthening_factorial/strong-factorial-granite33_2b-grpo-code_standard-reservation_only-s96/phase-memory-5031322.csv
run-97ade81417a8f4f0,cfg-fb0b705fb78cbfa7,weight_sync,36302.0,completed_run,output/strengthening_factorial/strong-factorial-granite33_2b-grpo-code_standard-reservation_only-s96/phase-memory-5031322.csv
run-97eacb8bb7f1eed2,cfg-f21b459aeb04a6a7,initializing,40954.0,terminal_stage_partial,output/revision_instrumentation/rev-instrumentation-qwen25_3b-math-c4-s111-external/attempt-5045317/phase-memory-5045317.csv
run-9817a4e8563df9d7,cfg-2b2cf1d2c3374464,actor_update,14432.0,completed_run,output/revision_instrumentation/rev-instrumentation-granite33_2b-math-c4-s112-full/attempt-5045400/phase-memory-5045400.csv
run-9817a4e8563df9d7,cfg-2b2cf1d2c3374464,idle,40750.0,completed_run,output/revision_instrumentation/rev-instrumentation-granite33_2b-math-c4-s112-full/attempt-5045400/phase-memory-5045400.csv
run-9817a4e8563df9d7,cfg-2b2cf1d2c3374464,initializing,40388.0,completed_run,output/revision_instrumentation/rev-instrumentation-granite33_2b-math-c4-s112-full/attempt-5045400/phase-memory-5045400.csv
run-9817a4e8563df9d7,cfg-2b2cf1d2c3374464,reference_logprob,10366.0,completed_run,output/revision_instrumentation/rev-instrumentation-granite33_2b-math-c4-s112-full/attempt-5045400/phase-memory-5045400.csv
run-9817a4e8563df9d7,cfg-2b2cf1d2c3374464,rollout,40544.0,completed_run,output/revision_instrumentation/rev-instrumentation-granite33_2b-math-c4-s112-full/attempt-5045400/phase-memory-5045400.csv
run-9817a4e8563df9d7,cfg-2b2cf1d2c3374464,weight_sync,40750.0,completed_run,output/revision_instrumentation/rev-instrumentation-granite33_2b-math-c4-s112-full/attempt-5045400/phase-memory-5045400.csv
run-98ad4dd59aec2477,cfg-5839ccf95c2c1722,actor_update,16768.0,stage_completion_not_certified,output/benchmark_v2_cross_family_confirmatory/v2cf-confirm-qwen25_3b-grpo-gsm8k_long-c4-s42/phase-memory-4935829.csv
run-98ad4dd59aec2477,cfg-5839ccf95c2c1722,initializing,40810.0,stage_completion_not_certified,output/benchmark_v2_cross_family_confirmatory/v2cf-confirm-qwen25_3b-grpo-gsm8k_long-c4-s42/phase-memory-4935829.csv
run-98ad4dd59aec2477,cfg-5839ccf95c2c1722,reference_logprob,11886.0,stage_completion_not_certified,output/benchmark_v2_cross_family_confirmatory/v2cf-confirm-qwen25_3b-grpo-gsm8k_long-c4-s42/phase-memory-4935829.csv
run-98ad4dd59aec2477,cfg-5839ccf95c2c1722,rollout,40796.0,stage_completion_not_certified,output/benchmark_v2_cross_family_confirmatory/v2cf-confirm-qwen25_3b-grpo-gsm8k_long-c4-s42/phase-memory-4935829.csv
run-98ad4dd59aec2477,cfg-5839ccf95c2c1722,weight_sync,40536.0,terminal_stage_partial,output/benchmark_v2_cross_family_confirmatory/v2cf-confirm-qwen25_3b-grpo-gsm8k_long-c4-s42/phase-memory-4935829.csv
run-98b490c4a61cb3c9,cfg-ca36112516a10a19,actor_update,23578.0,completed_run,output/revision_instrumentation/rev-instrumentation-phi4_mini-math-c3-s113-external/attempt-5045375/phase-memory-5045375.csv
run-98b490c4a61cb3c9,cfg-ca36112516a10a19,idle,39842.0,completed_run,output/revision_instrumentation/rev-instrumentation-phi4_mini-math-c3-s113-external/attempt-5045375/phase-memory-5045375.csv
run-98b490c4a61cb3c9,cfg-ca36112516a10a19,initializing,40016.0,completed_run,output/revision_instrumentation/rev-instrumentation-phi4_mini-math-c3-s113-external/attempt-5045375/phase-memory-5045375.csv
run-98b490c4a61cb3c9,cfg-ca36112516a10a19,reference_logprob,16928.0,completed_run,output/revision_instrumentation/rev-instrumentation-phi4_mini-math-c3-s113-external/attempt-5045375/phase-memory-5045375.csv
run-98b490c4a61cb3c9,cfg-ca36112516a10a19,rollout,40318.0,completed_run,output/revision_instrumentation/rev-instrumentation-phi4_mini-math-c3-s113-external/attempt-5045375/phase-memory-5045375.csv
run-98b490c4a61cb3c9,cfg-ca36112516a10a19,weight_sync,39842.0,completed_run,output/revision_instrumentation/rev-instrumentation-phi4_mini-math-c3-s113-external/attempt-5045375/phase-memory-5045375.csv
run-98f95b46d6eea118,cfg-d138048feeb8fe5d,initializing,14790.0,terminal_stage_partial,output/benchmark_v2_cross_family_confirmatory/v2cf-confirm-phi4_mini-grpo-math_short-c4-s42/phase-memory-4936378.csv
run-99f2f96c6a0c8ad3,cfg-792be3e27c84b0cb,actor_update,21956.0,completed_run,output/benchmark_v2_temporal_confirmatory/v2time-grpo-math-qwen25_1p5b-one_step_unsafe-s41/phase-memory-4946927.csv
run-99f2f96c6a0c8ad3,cfg-792be3e27c84b0cb,idle,38328.0,completed_run,output/benchmark_v2_temporal_confirmatory/v2time-grpo-math-qwen25_1p5b-one_step_unsafe-s41/phase-memory-4946927.csv
run-99f2f96c6a0c8ad3,cfg-792be3e27c84b0cb,initializing,38618.0,completed_run,output/benchmark_v2_temporal_confirmatory/v2time-grpo-math-qwen25_1p5b-one_step_unsafe-s41/phase-memory-4946927.csv
run-99f2f96c6a0c8ad3,cfg-792be3e27c84b0cb,reference_logprob,14192.0,completed_run,output/benchmark_v2_temporal_confirmatory/v2time-grpo-math-qwen25_1p5b-one_step_unsafe-s41/phase-memory-4946927.csv
run-99f2f96c6a0c8ad3,cfg-792be3e27c84b0cb,rollout,40954.0,completed_run,output/benchmark_v2_temporal_confirmatory/v2time-grpo-math-qwen25_1p5b-one_step_unsafe-s41/phase-memory-4946927.csv
run-99f2f96c6a0c8ad3,cfg-792be3e27c84b0cb,unknown,38328.0,completed_run,output/benchmark_v2_temporal_confirmatory/v2time-grpo-math-qwen25_1p5b-one_step_unsafe-s41/phase-memory-4946927.csv
run-99f2f96c6a0c8ad3,cfg-792be3e27c84b0cb,weight_sync,38328.0,completed_run,output/benchmark_v2_temporal_confirmatory/v2time-grpo-math-qwen25_1p5b-one_step_unsafe-s41/phase-memory-4946927.csv
run-9a76afca3a7dc937,cfg-c2d27e8a89945048,actor_update,17148.0,completed_run,output/strengthening_factorial/strong-factorial-qwen25_3b-grpo-gsm8k-joint-s94/phase-memory-5032040.csv
run-9a76afca3a7dc937,cfg-c2d27e8a89945048,idle,37140.0,completed_run,output/strengthening_factorial/strong-factorial-qwen25_3b-grpo-gsm8k-joint-s94/phase-memory-5032040.csv
run-9a76afca3a7dc937,cfg-c2d27e8a89945048,initializing,36708.0,completed_run,output/strengthening_factorial/strong-factorial-qwen25_3b-grpo-gsm8k-joint-s94/phase-memory-5032040.csv
run-9a76afca3a7dc937,cfg-c2d27e8a89945048,reference_logprob,11846.0,completed_run,output/strengthening_factorial/strong-factorial-qwen25_3b-grpo-gsm8k-joint-s94/phase-memory-5032040.csv
run-9a76afca3a7dc937,cfg-c2d27e8a89945048,rollout,36776.0,completed_run,output/strengthening_factorial/strong-factorial-qwen25_3b-grpo-gsm8k-joint-s94/phase-memory-5032040.csv
run-9a76afca3a7dc937,cfg-c2d27e8a89945048,weight_sync,37140.0,completed_run,output/strengthening_factorial/strong-factorial-qwen25_3b-grpo-gsm8k-joint-s94/phase-memory-5032040.csv
run-9b08db4701eecb01,cfg-1c5278f8be90a50a,actor_update,26328.0,completed_run,output/major_revision_cross_model_confirmatory/mr-xm-confirm-qwen25_3b-grpo-code_heavy_tail-c3-s51/phase-memory-5017491.csv
run-9b08db4701eecb01,cfg-1c5278f8be90a50a,idle,37140.0,completed_run,output/major_revision_cross_model_confirmatory/mr-xm-confirm-qwen25_3b-grpo-code_heavy_tail-c3-s51/phase-memory-5017491.csv
run-9b08db4701eecb01,cfg-1c5278f8be90a50a,initializing,36706.0,completed_run,output/major_revision_cross_model_confirmatory/mr-xm-confirm-qwen25_3b-grpo-code_heavy_tail-c3-s51/phase-memory-5017491.csv
run-9b08db4701eecb01,cfg-1c5278f8be90a50a,reference_logprob,14164.0,completed_run,output/major_revision_cross_model_confirmatory/mr-xm-confirm-qwen25_3b-grpo-code_heavy_tail-c3-s51/phase-memory-5017491.csv
run-9b08db4701eecb01,cfg-1c5278f8be90a50a,rollout,37294.0,completed_run,output/major_revision_cross_model_confirmatory/mr-xm-confirm-qwen25_3b-grpo-code_heavy_tail-c3-s51/phase-memory-5017491.csv
run-9b08db4701eecb01,cfg-1c5278f8be90a50a,unknown,26328.0,completed_run,output/major_revision_cross_model_confirmatory/mr-xm-confirm-qwen25_3b-grpo-code_heavy_tail-c3-s51/phase-memory-5017491.csv
run-9b08db4701eecb01,cfg-1c5278f8be90a50a,weight_sync,37140.0,completed_run,output/major_revision_cross_model_confirmatory/mr-xm-confirm-qwen25_3b-grpo-code_heavy_tail-c3-s51/phase-memory-5017491.csv
run-9b6329f27acce5ef,cfg-3221cb24296b28df,actor_update,14550.0,completed_run,output/revision_instrumentation/rev-instrumentation-granite33_2b-math-c3-s112-external/attempt-5045391/phase-memory-5045391.csv
run-9b6329f27acce5ef,cfg-3221cb24296b28df,idle,36670.0,completed_run,output/revision_instrumentation/rev-instrumentation-granite33_2b-math-c3-s112-external/attempt-5045391/phase-memory-5045391.csv
run-9b6329f27acce5ef,cfg-3221cb24296b28df,initializing,36308.0,completed_run,output/revision_instrumentation/rev-instrumentation-granite33_2b-math-c3-s112-external/attempt-5045391/phase-memory-5045391.csv
run-9b6329f27acce5ef,cfg-3221cb24296b28df,reference_logprob,10364.0,completed_run,output/revision_instrumentation/rev-instrumentation-granite33_2b-math-c3-s112-external/attempt-5045391/phase-memory-5045391.csv
run-9b6329f27acce5ef,cfg-3221cb24296b28df,rollout,36372.0,completed_run,output/revision_instrumentation/rev-instrumentation-granite33_2b-math-c3-s112-external/attempt-5045391/phase-memory-5045391.csv
run-9b6329f27acce5ef,cfg-3221cb24296b28df,unknown,36212.0,completed_run,output/revision_instrumentation/rev-instrumentation-granite33_2b-math-c3-s112-external/attempt-5045391/phase-memory-5045391.csv
run-9b6329f27acce5ef,cfg-3221cb24296b28df,weight_sync,36670.0,completed_run,output/revision_instrumentation/rev-instrumentation-granite33_2b-math-c3-s112-external/attempt-5045391/phase-memory-5045391.csv
run-9d6215588060920d,cfg-3f0f48a3c570a0c8,actor_update,12068.0,completed_run,output/benchmark_v2_cross_family_confirmatory/v2cf-confirm-qwen25_3b-grpo-math_short-c0-s41/phase-memory-4935860.csv
run-9d6215588060920d,cfg-3f0f48a3c570a0c8,idle,15234.0,completed_run,output/benchmark_v2_cross_family_confirmatory/v2cf-confirm-qwen25_3b-grpo-math_short-c0-s41/phase-memory-4935860.csv
run-9d6215588060920d,cfg-3f0f48a3c570a0c8,initializing,21334.0,completed_run,output/benchmark_v2_cross_family_confirmatory/v2cf-confirm-qwen25_3b-grpo-math_short-c0-s41/phase-memory-4935860.csv
run-9d6215588060920d,cfg-3f0f48a3c570a0c8,reference_logprob,13982.0,completed_run,output/benchmark_v2_cross_family_confirmatory/v2cf-confirm-qwen25_3b-grpo-math_short-c0-s41/phase-memory-4935860.csv
run-9d6215588060920d,cfg-3f0f48a3c570a0c8,rollout,14916.0,completed_run,output/benchmark_v2_cross_family_confirmatory/v2cf-confirm-qwen25_3b-grpo-math_short-c0-s41/phase-memory-4935860.csv
run-9d6215588060920d,cfg-3f0f48a3c570a0c8,unknown,3250.0,completed_run,output/benchmark_v2_cross_family_confirmatory/v2cf-confirm-qwen25_3b-grpo-math_short-c0-s41/phase-memory-4935860.csv
run-9d6215588060920d,cfg-3f0f48a3c570a0c8,weight_sync,21860.0,completed_run,output/benchmark_v2_cross_family_confirmatory/v2cf-confirm-qwen25_3b-grpo-math_short-c0-s41/phase-memory-4935860.csv
run-9df072fe46fb2357,cfg-f989b39cd682f07b,actor_update,12466.0,completed_run,output/strengthening_factorial/strong-factorial-granite33_2b-grpo-math_short-reservation_only-s94/phase-memory-5031432.csv
run-9df072fe46fb2357,cfg-f989b39cd682f07b,idle,36710.0,completed_run,output/strengthening_factorial/strong-factorial-granite33_2b-grpo-math_short-reservation_only-s94/phase-memory-5031432.csv
run-9df072fe46fb2357,cfg-f989b39cd682f07b,initializing,36308.0,completed_run,output/strengthening_factorial/strong-factorial-granite33_2b-grpo-math_short-reservation_only-s94/phase-memory-5031432.csv
run-9df072fe46fb2357,cfg-f989b39cd682f07b,reference_logprob,10346.0,completed_run,output/strengthening_factorial/strong-factorial-granite33_2b-grpo-math_short-reservation_only-s94/phase-memory-5031432.csv
run-9df072fe46fb2357,cfg-f989b39cd682f07b,rollout,36424.0,completed_run,output/strengthening_factorial/strong-factorial-granite33_2b-grpo-math_short-reservation_only-s94/phase-memory-5031432.csv
run-9df072fe46fb2357,cfg-f989b39cd682f07b,weight_sync,36134.0,completed_run,output/strengthening_factorial/strong-factorial-granite33_2b-grpo-math_short-reservation_only-s94/phase-memory-5031432.csv
run-9e3b1cee96b68011,cfg-2178e5e1edeaba78,actor_update,25304.0,completed_run,output/review_instrumentation_batch/review-control-qwen25_3b-code_heavy_tail-s122-full_b16/attempt-5048560/phase-memory-5048560.csv
run-9e3b1cee96b68011,cfg-2178e5e1edeaba78,idle,33108.0,completed_run,output/review_instrumentation_batch/review-control-qwen25_3b-code_heavy_tail-s122-full_b16/attempt-5048560/phase-memory-5048560.csv
run-9e3b1cee96b68011,cfg-2178e5e1edeaba78,initializing,32674.0,completed_run,output/review_instrumentation_batch/review-control-qwen25_3b-code_heavy_tail-s122-full_b16/attempt-5048560/phase-memory-5048560.csv
run-9e3b1cee96b68011,cfg-2178e5e1edeaba78,reference_logprob,13724.0,completed_run,output/review_instrumentation_batch/review-control-qwen25_3b-code_heavy_tail-s122-full_b16/attempt-5048560/phase-memory-5048560.csv
run-9e3b1cee96b68011,cfg-2178e5e1edeaba78,rollout,33542.0,completed_run,output/review_instrumentation_batch/review-control-qwen25_3b-code_heavy_tail-s122-full_b16/attempt-5048560/phase-memory-5048560.csv
run-9e3b1cee96b68011,cfg-2178e5e1edeaba78,weight_sync,33108.0,completed_run,output/review_instrumentation_batch/review-control-qwen25_3b-code_heavy_tail-s122-full_b16/attempt-5048560/phase-memory-5048560.csv
run-9e646c10cfc27008,cfg-7214bb5da77f58a0,actor_update,25544.0,completed_run,output/benchmark_v2_telemetry_calibration/v2tel-06-qwen25_3b-grpo-math-near_boundary-100ms/phase-memory-4935255.csv
run-9e646c10cfc27008,cfg-7214bb5da77f58a0,idle,35778.0,completed_run,output/benchmark_v2_telemetry_calibration/v2tel-06-qwen25_3b-grpo-math-near_boundary-100ms/phase-memory-4935255.csv
run-9e646c10cfc27008,cfg-7214bb5da77f58a0,initializing,35910.0,completed_run,output/benchmark_v2_telemetry_calibration/v2tel-06-qwen25_3b-grpo-math-near_boundary-100ms/phase-memory-4935255.csv
run-9e646c10cfc27008,cfg-7214bb5da77f58a0,reference_logprob,17104.0,completed_run,output/benchmark_v2_telemetry_calibration/v2tel-06-qwen25_3b-grpo-math-near_boundary-100ms/phase-memory-4935255.csv
run-9e646c10cfc27008,cfg-7214bb5da77f58a0,rollout,36152.0,completed_run,output/benchmark_v2_telemetry_calibration/v2tel-06-qwen25_3b-grpo-math-near_boundary-100ms/phase-memory-4935255.csv
run-9e646c10cfc27008,cfg-7214bb5da77f58a0,weight_sync,35778.0,completed_run,output/benchmark_v2_telemetry_calibration/v2tel-06-qwen25_3b-grpo-math-near_boundary-100ms/phase-memory-4935255.csv
run-9e91112a253c18f8,cfg-71a1a1a191bc4135,actor_update,13138.0,completed_run,output/revision_instrumentation/rev-instrumentation-granite33_2b-gsm8k-c4-s113-external/attempt-5045387/phase-memory-5045387.csv
run-9e91112a253c18f8,cfg-71a1a1a191bc4135,idle,40382.0,completed_run,output/revision_instrumentation/rev-instrumentation-granite33_2b-gsm8k-c4-s113-external/attempt-5045387/phase-memory-5045387.csv
run-9e91112a253c18f8,cfg-71a1a1a191bc4135,initializing,39956.0,completed_run,output/revision_instrumentation/rev-instrumentation-granite33_2b-gsm8k-c4-s113-external/attempt-5045387/phase-memory-5045387.csv
run-9e91112a253c18f8,cfg-71a1a1a191bc4135,reference_logprob,9414.0,completed_run,output/revision_instrumentation/rev-instrumentation-granite33_2b-gsm8k-c4-s113-external/attempt-5045387/phase-memory-5045387.csv
run-9e91112a253c18f8,cfg-71a1a1a191bc4135,rollout,40010.0,completed_run,output/revision_instrumentation/rev-instrumentation-granite33_2b-gsm8k-c4-s113-external/attempt-5045387/phase-memory-5045387.csv
run-9e91112a253c18f8,cfg-71a1a1a191bc4135,weight_sync,40382.0,completed_run,output/revision_instrumentation/rev-instrumentation-granite33_2b-gsm8k-c4-s113-external/attempt-5045387/phase-memory-5045387.csv
run-9e9f49abfea3794e,cfg-f75b68f479767290,actor_update,18096.0,completed_run,output/major_revision_cross_model_confirmatory/mr-xm-confirm-phi4_mini-grpo-code_standard-c1-s52/phase-memory-5002570.csv
run-9e9f49abfea3794e,cfg-f75b68f479767290,idle,21924.0,completed_run,output/major_revision_cross_model_confirmatory/mr-xm-confirm-phi4_mini-grpo-code_standard-c1-s52/phase-memory-5002570.csv
run-9e9f49abfea3794e,cfg-f75b68f479767290,initializing,25598.0,completed_run,output/major_revision_cross_model_confirmatory/mr-xm-confirm-phi4_mini-grpo-code_standard-c1-s52/phase-memory-5002570.csv
run-9e9f49abfea3794e,cfg-f75b68f479767290,reference_logprob,16170.0,completed_run,output/major_revision_cross_model_confirmatory/mr-xm-confirm-phi4_mini-grpo-code_standard-c1-s52/phase-memory-5002570.csv
run-9e9f49abfea3794e,cfg-f75b68f479767290,rollout,22158.0,completed_run,output/major_revision_cross_model_confirmatory/mr-xm-confirm-phi4_mini-grpo-code_standard-c1-s52/phase-memory-5002570.csv
run-9e9f49abfea3794e,cfg-f75b68f479767290,weight_sync,26036.0,completed_run,output/major_revision_cross_model_confirmatory/mr-xm-confirm-phi4_mini-grpo-code_standard-c1-s52/phase-memory-5002570.csv
run-9ec2c6ffc99d1593,cfg-a46e1a352338ca99,actor_update,19338.0,completed_run,output/revision_instrumentation/rev-instrumentation-qwen25_3b-math-c3-s112-external/attempt-5045311/phase-memory-5045311.csv
run-9ec2c6ffc99d1593,cfg-a46e1a352338ca99,idle,37478.0,completed_run,output/revision_instrumentation/rev-instrumentation-qwen25_3b-math-c3-s112-external/attempt-5045311/phase-memory-5045311.csv
run-9ec2c6ffc99d1593,cfg-a46e1a352338ca99,initializing,37312.0,completed_run,output/revision_instrumentation/rev-instrumentation-qwen25_3b-math-c3-s112-external/attempt-5045311/phase-memory-5045311.csv
run-9ec2c6ffc99d1593,cfg-a46e1a352338ca99,reference_logprob,13902.0,completed_run,output/revision_instrumentation/rev-instrumentation-qwen25_3b-math-c3-s112-external/attempt-5045311/phase-memory-5045311.csv
run-9ec2c6ffc99d1593,cfg-a46e1a352338ca99,rollout,37266.0,completed_run,output/revision_instrumentation/rev-instrumentation-qwen25_3b-math-c3-s112-external/attempt-5045311/phase-memory-5045311.csv
run-9ec2c6ffc99d1593,cfg-a46e1a352338ca99,weight_sync,37478.0,completed_run,output/revision_instrumentation/rev-instrumentation-qwen25_3b-math-c3-s112-external/attempt-5045311/phase-memory-5045311.csv
run-9f0eeddbd9d966e8,cfg-352f4dbc55fbcd3c,initializing,10742.0,terminal_stage_partial,output/benchmark_v2_cross_family_confirmatory/v2cf-confirm-qwen25_3b-grpo-gsm8k_long-c5-s43/phase-memory-4935857.csv
run-9f15bffe19c1c78c,cfg-fad1b555f8b37235,initializing,10742.0,terminal_stage_partial,output/major_revision_cross_model_confirmatory/mr-xm-confirm-qwen25_3b-grpo-code_heavy_tail-c5-s51/phase-memory-4999841.csv
run-9f283ec721e67451,cfg-211b6fafd167a310,actor_update,23626.0,completed_run,output/strengthening_factorial/strong-factorial-phi4_mini-grpo-math-actor_only-s95/phase-memory-5031836.csv
run-9f283ec721e67451,cfg-211b6fafd167a310,idle,35746.0,completed_run,output/strengthening_factorial/strong-factorial-phi4_mini-grpo-math-actor_only-s95/phase-memory-5031836.csv
run-9f283ec721e67451,cfg-211b6fafd167a310,initializing,35920.0,completed_run,output/strengthening_factorial/strong-factorial-phi4_mini-grpo-math-actor_only-s95/phase-memory-5031836.csv
run-9f283ec721e67451,cfg-211b6fafd167a310,reference_logprob,17048.0,completed_run,output/strengthening_factorial/strong-factorial-phi4_mini-grpo-math-actor_only-s95/phase-memory-5031836.csv
run-9f283ec721e67451,cfg-211b6fafd167a310,rollout,36602.0,completed_run,output/strengthening_factorial/strong-factorial-phi4_mini-grpo-math-actor_only-s95/phase-memory-5031836.csv
run-9f283ec721e67451,cfg-211b6fafd167a310,weight_sync,35746.0,completed_run,output/strengthening_factorial/strong-factorial-phi4_mini-grpo-math-actor_only-s95/phase-memory-5031836.csv
run-9fb8dbd609751dcc,cfg-8a39420e5b484230,actor_update,18976.0,completed_run,output/strengthening_factorial/strong-factorial-phi4_mini-grpo-math-reservation_only-s96/phase-memory-5031856.csv
run-9fb8dbd609751dcc,cfg-8a39420e5b484230,idle,39842.0,completed_run,output/strengthening_factorial/strong-factorial-phi4_mini-grpo-math-reservation_only-s96/phase-memory-5031856.csv
run-9fb8dbd609751dcc,cfg-8a39420e5b484230,initializing,40016.0,completed_run,output/strengthening_factorial/strong-factorial-phi4_mini-grpo-math-reservation_only-s96/phase-memory-5031856.csv
run-9fb8dbd609751dcc,cfg-8a39420e5b484230,reference_logprob,17008.0,completed_run,output/strengthening_factorial/strong-factorial-phi4_mini-grpo-math-reservation_only-s96/phase-memory-5031856.csv
run-9fb8dbd609751dcc,cfg-8a39420e5b484230,rollout,40594.0,completed_run,output/strengthening_factorial/strong-factorial-phi4_mini-grpo-math-reservation_only-s96/phase-memory-5031856.csv
run-9fb8dbd609751dcc,cfg-8a39420e5b484230,weight_sync,39842.0,completed_run,output/strengthening_factorial/strong-factorial-phi4_mini-grpo-math-reservation_only-s96/phase-memory-5031856.csv
run-a0a5ea3f945fb444,cfg-831b7ab9490a8a5f,actor_update,18942.0,completed_run,output/review_instrumentation_batch/review-control-phi4_mini-gsm8k-s122-full_b16/attempt-5048577/phase-memory-5048577.csv
run-a0a5ea3f945fb444,cfg-831b7ab9490a8a5f,idle,35518.0,completed_run,output/review_instrumentation_batch/review-control-phi4_mini-gsm8k-s122-full_b16/attempt-5048577/phase-memory-5048577.csv
run-a0a5ea3f945fb444,cfg-831b7ab9490a8a5f,initializing,35398.0,completed_run,output/review_instrumentation_batch/review-control-phi4_mini-gsm8k-s122-full_b16/attempt-5048577/phase-memory-5048577.csv
run-a0a5ea3f945fb444,cfg-831b7ab9490a8a5f,reference_logprob,13872.0,completed_run,output/review_instrumentation_batch/review-control-phi4_mini-gsm8k-s122-full_b16/attempt-5048577/phase-memory-5048577.csv
run-a0a5ea3f945fb444,cfg-831b7ab9490a8a5f,rollout,35310.0,completed_run,output/review_instrumentation_batch/review-control-phi4_mini-gsm8k-s122-full_b16/attempt-5048577/phase-memory-5048577.csv
run-a0a5ea3f945fb444,cfg-831b7ab9490a8a5f,weight_sync,34514.0,completed_run,output/review_instrumentation_batch/review-control-phi4_mini-gsm8k-s122-full_b16/attempt-5048577/phase-memory-5048577.csv
run-a1aa42155011745d,cfg-338d9224eb9d2f3a,actor_update,14182.0,completed_run,output/benchmark_v2_cross_family_confirmatory/v2cf-confirm-qwen25_3b-grpo-gsm8k_long-c2-s43/phase-memory-4935813.csv
run-a1aa42155011745d,cfg-338d9224eb9d2f3a,idle,33108.0,completed_run,output/benchmark_v2_cross_family_confirmatory/v2cf-confirm-qwen25_3b-grpo-gsm8k_long-c2-s43/phase-memory-4935813.csv
run-a1aa42155011745d,cfg-338d9224eb9d2f3a,initializing,32676.0,completed_run,output/benchmark_v2_cross_family_confirmatory/v2cf-confirm-qwen25_3b-grpo-gsm8k_long-c2-s43/phase-memory-4935813.csv
run-a1aa42155011745d,cfg-338d9224eb9d2f3a,reference_logprob,11666.0,completed_run,output/benchmark_v2_cross_family_confirmatory/v2cf-confirm-qwen25_3b-grpo-gsm8k_long-c2-s43/phase-memory-4935813.csv
run-a1aa42155011745d,cfg-338d9224eb9d2f3a,rollout,32660.0,completed_run,output/benchmark_v2_cross_family_confirmatory/v2cf-confirm-qwen25_3b-grpo-gsm8k_long-c2-s43/phase-memory-4935813.csv
run-a1aa42155011745d,cfg-338d9224eb9d2f3a,weight_sync,33108.0,completed_run,output/benchmark_v2_cross_family_confirmatory/v2cf-confirm-qwen25_3b-grpo-gsm8k_long-c2-s43/phase-memory-4935813.csv
run-a1be9d3b05995de6,cfg-44b1b60788cfb061,actor_update,11648.0,completed_run,output/strengthening_same_node_residency/strong-node-qwen25_3b-grpo-gsm8k-safe_margin-s82-p1-release/phase-memory-5031103.csv
run-a1be9d3b05995de6,cfg-44b1b60788cfb061,idle,14914.0,completed_run,output/strengthening_same_node_residency/strong-node-qwen25_3b-grpo-gsm8k-safe_margin-s82-p1-release/phase-memory-5031103.csv
run-a1be9d3b05995de6,cfg-44b1b60788cfb061,initializing,20996.0,completed_run,output/strengthening_same_node_residency/strong-node-qwen25_3b-grpo-gsm8k-safe_margin-s82-p1-release/phase-memory-5031103.csv
run-a1be9d3b05995de6,cfg-44b1b60788cfb061,reference_logprob,11764.0,completed_run,output/strengthening_same_node_residency/strong-node-qwen25_3b-grpo-gsm8k-safe_margin-s82-p1-release/phase-memory-5031103.csv
run-a1be9d3b05995de6,cfg-44b1b60788cfb061,rollout,14380.0,completed_run,output/strengthening_same_node_residency/strong-node-qwen25_3b-grpo-gsm8k-safe_margin-s82-p1-release/phase-memory-5031103.csv
run-a1be9d3b05995de6,cfg-44b1b60788cfb061,weight_sync,21540.0,completed_run,output/strengthening_same_node_residency/strong-node-qwen25_3b-grpo-gsm8k-safe_margin-s82-p1-release/phase-memory-5031103.csv
run-a1d85b307c34f9e8,cfg-00e028aa49d34e64,actor_update,19268.0,completed_run,output/strengthening_factorial/strong-factorial-phi4_mini-grpo-gsm8k-joint-s96/phase-memory-5031812.csv
run-a1d85b307c34f9e8,cfg-00e028aa49d34e64,idle,39570.0,completed_run,output/strengthening_factorial/strong-factorial-phi4_mini-grpo-gsm8k-joint-s96/phase-memory-5031812.csv
run-a1d85b307c34f9e8,cfg-00e028aa49d34e64,initializing,39430.0,completed_run,output/strengthening_factorial/strong-factorial-phi4_mini-grpo-gsm8k-joint-s96/phase-memory-5031812.csv
run-a1d85b307c34f9e8,cfg-00e028aa49d34e64,reference_logprob,14232.0,completed_run,output/strengthening_factorial/strong-factorial-phi4_mini-grpo-gsm8k-joint-s96/phase-memory-5031812.csv
run-a1d85b307c34f9e8,cfg-00e028aa49d34e64,rollout,39374.0,completed_run,output/strengthening_factorial/strong-factorial-phi4_mini-grpo-gsm8k-joint-s96/phase-memory-5031812.csv
run-a1d85b307c34f9e8,cfg-00e028aa49d34e64,weight_sync,39570.0,completed_run,output/strengthening_factorial/strong-factorial-phi4_mini-grpo-gsm8k-joint-s96/phase-memory-5031812.csv
run-a21349864d25ee2e,cfg-a330fc0dc0b46c34,actor_update,13868.0,completed_run,output/revision_temporal/rev-temporal-granite33_2b-gsm8k-interpolated-s111-long/attempt-5045341/phase-memory-5045341.csv
run-a21349864d25ee2e,cfg-a330fc0dc0b46c34,checkpoint,13798.0,completed_run,output/revision_temporal/rev-temporal-granite33_2b-gsm8k-interpolated-s111-long/attempt-5045341/phase-memory-5045341.csv
run-a21349864d25ee2e,cfg-a330fc0dc0b46c34,idle,38422.0,completed_run,output/revision_temporal/rev-temporal-granite33_2b-gsm8k-interpolated-s111-long/attempt-5045341/phase-memory-5045341.csv
run-a21349864d25ee2e,cfg-a330fc0dc0b46c34,initializing,37956.0,completed_run,output/revision_temporal/rev-temporal-granite33_2b-gsm8k-interpolated-s111-long/attempt-5045341/phase-memory-5045341.csv
run-a21349864d25ee2e,cfg-a330fc0dc0b46c34,reference_logprob,10452.0,completed_run,output/revision_temporal/rev-temporal-granite33_2b-gsm8k-interpolated-s111-long/attempt-5045341/phase-memory-5045341.csv
run-a21349864d25ee2e,cfg-a330fc0dc0b46c34,rollout,38562.0,completed_run,output/revision_temporal/rev-temporal-granite33_2b-gsm8k-interpolated-s111-long/attempt-5045341/phase-memory-5045341.csv
run-a21349864d25ee2e,cfg-a330fc0dc0b46c34,unknown,38422.0,completed_run,output/revision_temporal/rev-temporal-granite33_2b-gsm8k-interpolated-s111-long/attempt-5045341/phase-memory-5045341.csv
run-a21349864d25ee2e,cfg-a330fc0dc0b46c34,validation,38464.0,completed_run,output/revision_temporal/rev-temporal-granite33_2b-gsm8k-interpolated-s111-long/attempt-5045341/phase-memory-5045341.csv
run-a21349864d25ee2e,cfg-a330fc0dc0b46c34,weight_sync,38422.0,completed_run,output/revision_temporal/rev-temporal-granite33_2b-gsm8k-interpolated-s111-long/attempt-5045341/phase-memory-5045341.csv
run-a30685eae2a6b832,cfg-3221cb24296b28df,actor_update,14432.0,completed_run,output/revision_instrumentation/rev-instrumentation-granite33_2b-math-c3-s111-external/attempt-5045390/phase-memory-5045390.csv
run-a30685eae2a6b832,cfg-3221cb24296b28df,idle,36670.0,completed_run,output/revision_instrumentation/rev-instrumentation-granite33_2b-math-c3-s111-external/attempt-5045390/phase-memory-5045390.csv
run-a30685eae2a6b832,cfg-3221cb24296b28df,initializing,36308.0,completed_run,output/revision_instrumentation/rev-instrumentation-granite33_2b-math-c3-s111-external/attempt-5045390/phase-memory-5045390.csv
run-a30685eae2a6b832,cfg-3221cb24296b28df,reference_logprob,10326.0,completed_run,output/revision_instrumentation/rev-instrumentation-granite33_2b-math-c3-s111-external/attempt-5045390/phase-memory-5045390.csv
run-a30685eae2a6b832,cfg-3221cb24296b28df,rollout,36372.0,completed_run,output/revision_instrumentation/rev-instrumentation-granite33_2b-math-c3-s111-external/attempt-5045390/phase-memory-5045390.csv
run-a30685eae2a6b832,cfg-3221cb24296b28df,weight_sync,36670.0,completed_run,output/revision_instrumentation/rev-instrumentation-granite33_2b-math-c3-s111-external/attempt-5045390/phase-memory-5045390.csv
run-a309b76c39fb1502,cfg-fbe1c0422f98cb38,actor_update,12338.0,completed_run,output/strengthening_granite_confirmatory/strong-granite-confirmatory-grpo-gsm8k_long-c2-s93/phase-memory-5031237.csv
run-a309b76c39fb1502,cfg-fbe1c0422f98cb38,idle,32302.0,completed_run,output/strengthening_granite_confirmatory/strong-granite-confirmatory-grpo-gsm8k_long-c2-s93/phase-memory-5031237.csv
run-a309b76c39fb1502,cfg-fbe1c0422f98cb38,initializing,31876.0,completed_run,output/strengthening_granite_confirmatory/strong-granite-confirmatory-grpo-gsm8k_long-c2-s93/phase-memory-5031237.csv
run-a309b76c39fb1502,cfg-fbe1c0422f98cb38,reference_logprob,9698.0,completed_run,output/strengthening_granite_confirmatory/strong-granite-confirmatory-grpo-gsm8k_long-c2-s93/phase-memory-5031237.csv
run-a309b76c39fb1502,cfg-fbe1c0422f98cb38,rollout,31974.0,completed_run,output/strengthening_granite_confirmatory/strong-granite-confirmatory-grpo-gsm8k_long-c2-s93/phase-memory-5031237.csv
run-a309b76c39fb1502,cfg-fbe1c0422f98cb38,weight_sync,31846.0,completed_run,output/strengthening_granite_confirmatory/strong-granite-confirmatory-grpo-gsm8k_long-c2-s93/phase-memory-5031237.csv
run-a3da3a6fee026dae,cfg-9f624ec22aa3dde0,actor_update,11268.0,completed_run,output/revision_topology/rev-topology-granite33_2b-math-c4-s113-four_gpu/attempt-5045283/phase-memory-5045283.csv
run-a3da3a6fee026dae,cfg-9f624ec22aa3dde0,idle,38108.0,completed_run,output/revision_topology/rev-topology-granite33_2b-math-c4-s113-four_gpu/attempt-5045283/phase-memory-5045283.csv
run-a3da3a6fee026dae,cfg-9f624ec22aa3dde0,initializing,37958.0,completed_run,output/revision_topology/rev-topology-granite33_2b-math-c4-s113-four_gpu/attempt-5045283/phase-memory-5045283.csv
run-a3da3a6fee026dae,cfg-9f624ec22aa3dde0,reference_logprob,7838.0,completed_run,output/revision_topology/rev-topology-granite33_2b-math-c4-s113-four_gpu/attempt-5045283/phase-memory-5045283.csv
run-a3da3a6fee026dae,cfg-9f624ec22aa3dde0,rollout,37896.0,completed_run,output/revision_topology/rev-topology-granite33_2b-math-c4-s113-four_gpu/attempt-5045283/phase-memory-5045283.csv
run-a3da3a6fee026dae,cfg-9f624ec22aa3dde0,weight_sync,38108.0,completed_run,output/revision_topology/rev-topology-granite33_2b-math-c4-s113-four_gpu/attempt-5045283/phase-memory-5045283.csv
run-a46b9fea0e1480b8,cfg-e91942abb5b4f847,actor_update,18764.0,completed_run,output/major_revision_cross_model_confirmatory/mr-xm-confirm-qwen25_3b-grpo-code_heavy_tail-c2-s53/phase-memory-4999701.csv
run-a46b9fea0e1480b8,cfg-e91942abb5b4f847,idle,33108.0,completed_run,output/major_revision_cross_model_confirmatory/mr-xm-confirm-qwen25_3b-grpo-code_heavy_tail-c2-s53/phase-memory-4999701.csv
run-a46b9fea0e1480b8,cfg-e91942abb5b4f847,initializing,32674.0,completed_run,output/major_revision_cross_model_confirmatory/mr-xm-confirm-qwen25_3b-grpo-code_heavy_tail-c2-s53/phase-memory-4999701.csv
run-a46b9fea0e1480b8,cfg-e91942abb5b4f847,reference_logprob,13664.0,completed_run,output/major_revision_cross_model_confirmatory/mr-xm-confirm-qwen25_3b-grpo-code_heavy_tail-c2-s53/phase-memory-4999701.csv
run-a46b9fea0e1480b8,cfg-e91942abb5b4f847,rollout,33386.0,completed_run,output/major_revision_cross_model_confirmatory/mr-xm-confirm-qwen25_3b-grpo-code_heavy_tail-c2-s53/phase-memory-4999701.csv
run-a46b9fea0e1480b8,cfg-e91942abb5b4f847,weight_sync,33108.0,completed_run,output/major_revision_cross_model_confirmatory/mr-xm-confirm-qwen25_3b-grpo-code_heavy_tail-c2-s53/phase-memory-4999701.csv
run-a478e7e097189176,cfg-0f8a31ef7ac4c551,actor_update,16668.0,completed_run,output/benchmark_v2_cross_family_confirmatory/v2cf-confirm-phi4_mini-grpo-math_short-c1-s41/phase-memory-4935669.csv
run-a478e7e097189176,cfg-0f8a31ef7ac4c551,idle,22236.0,completed_run,output/benchmark_v2_cross_family_confirmatory/v2cf-confirm-phi4_mini-grpo-math_short-c1-s41/phase-memory-4935669.csv
run-a478e7e097189176,cfg-0f8a31ef7ac4c551,initializing,25890.0,completed_run,output/benchmark_v2_cross_family_confirmatory/v2cf-confirm-phi4_mini-grpo-math_short-c1-s41/phase-memory-4935669.csv
run-a478e7e097189176,cfg-0f8a31ef7ac4c551,reference_logprob,16982.0,completed_run,output/benchmark_v2_cross_family_confirmatory/v2cf-confirm-phi4_mini-grpo-math_short-c1-s41/phase-memory-4935669.csv
run-a478e7e097189176,cfg-0f8a31ef7ac4c551,rollout,22152.0,completed_run,output/benchmark_v2_cross_family_confirmatory/v2cf-confirm-phi4_mini-grpo-math_short-c1-s41/phase-memory-4935669.csv
run-a478e7e097189176,cfg-0f8a31ef7ac4c551,weight_sync,26348.0,completed_run,output/benchmark_v2_cross_family_confirmatory/v2cf-confirm-phi4_mini-grpo-math_short-c1-s41/phase-memory-4935669.csv
run-a536ad7df271fed1,cfg-73498805917fd151,actor_update,12852.0,completed_run,output/revision_instrumentation/rev-instrumentation-granite33_2b-gsm8k-c3-s112-external/attempt-5045378/phase-memory-5045378.csv
run-a536ad7df271fed1,cfg-73498805917fd151,idle,36302.0,completed_run,output/revision_instrumentation/rev-instrumentation-granite33_2b-gsm8k-c3-s112-external/attempt-5045378/phase-memory-5045378.csv
run-a536ad7df271fed1,cfg-73498805917fd151,initializing,35876.0,completed_run,output/revision_instrumentation/rev-instrumentation-granite33_2b-gsm8k-c3-s112-external/attempt-5045378/phase-memory-5045378.csv
run-a536ad7df271fed1,cfg-73498805917fd151,reference_logprob,9316.0,completed_run,output/revision_instrumentation/rev-instrumentation-granite33_2b-gsm8k-c3-s112-external/attempt-5045378/phase-memory-5045378.csv
run-a536ad7df271fed1,cfg-73498805917fd151,rollout,35978.0,completed_run,output/revision_instrumentation/rev-instrumentation-granite33_2b-gsm8k-c3-s112-external/attempt-5045378/phase-memory-5045378.csv
run-a536ad7df271fed1,cfg-73498805917fd151,weight_sync,36302.0,completed_run,output/revision_instrumentation/rev-instrumentation-granite33_2b-gsm8k-c3-s112-external/attempt-5045378/phase-memory-5045378.csv
run-a55d1210847f469f,cfg-a5e8503dbdd188ac,actor_update,28816.0,completed_run,output/strengthening_factorial/strong-factorial-phi4_mini-grpo-code_standard-joint-s96/phase-memory-5031772.csv
run-a55d1210847f469f,cfg-a5e8503dbdd188ac,idle,39550.0,completed_run,output/strengthening_factorial/strong-factorial-phi4_mini-grpo-code_standard-joint-s96/phase-memory-5031772.csv
run-a55d1210847f469f,cfg-a5e8503dbdd188ac,initializing,39430.0,completed_run,output/strengthening_factorial/strong-factorial-phi4_mini-grpo-code_standard-joint-s96/phase-memory-5031772.csv
run-a55d1210847f469f,cfg-a5e8503dbdd188ac,reference_logprob,16936.0,completed_run,output/strengthening_factorial/strong-factorial-phi4_mini-grpo-code_standard-joint-s96/phase-memory-5031772.csv
run-a55d1210847f469f,cfg-a5e8503dbdd188ac,rollout,39892.0,completed_run,output/strengthening_factorial/strong-factorial-phi4_mini-grpo-code_standard-joint-s96/phase-memory-5031772.csv
run-a55d1210847f469f,cfg-a5e8503dbdd188ac,weight_sync,39550.0,completed_run,output/strengthening_factorial/strong-factorial-phi4_mini-grpo-code_standard-joint-s96/phase-memory-5031772.csv
run-a5b8f82a3d5ca2f1,cfg-bae2977da7957f72,actor_update,10518.0,completed_run,output/strengthening_granite_confirmatory/strong-granite-confirmatory-grpo-code_standard-c0-s93/phase-memory-5031411.csv
run-a5b8f82a3d5ca2f1,cfg-bae2977da7957f72,idle,15068.0,completed_run,output/strengthening_granite_confirmatory/strong-granite-confirmatory-grpo-code_standard-c0-s93/phase-memory-5031411.csv
run-a5b8f82a3d5ca2f1,cfg-bae2977da7957f72,initializing,18526.0,completed_run,output/strengthening_granite_confirmatory/strong-granite-confirmatory-grpo-code_standard-c0-s93/phase-memory-5031411.csv
run-a5b8f82a3d5ca2f1,cfg-bae2977da7957f72,reference_logprob,9752.0,completed_run,output/strengthening_granite_confirmatory/strong-granite-confirmatory-grpo-code_standard-c0-s93/phase-memory-5031411.csv
run-a5b8f82a3d5ca2f1,cfg-bae2977da7957f72,rollout,15216.0,completed_run,output/strengthening_granite_confirmatory/strong-granite-confirmatory-grpo-code_standard-c0-s93/phase-memory-5031411.csv
run-a5b8f82a3d5ca2f1,cfg-bae2977da7957f72,weight_sync,19070.0,completed_run,output/strengthening_granite_confirmatory/strong-granite-confirmatory-grpo-code_standard-c0-s93/phase-memory-5031411.csv
run-a5f3a4a96ab6aa68,cfg-0f8a31ef7ac4c551,actor_update,16388.0,completed_run,output/benchmark_v2_cross_family_confirmatory/v2cf-confirm-phi4_mini-grpo-math_short-c1-s42/phase-memory-4935675.csv
run-a5f3a4a96ab6aa68,cfg-0f8a31ef7ac4c551,idle,22236.0,completed_run,output/benchmark_v2_cross_family_confirmatory/v2cf-confirm-phi4_mini-grpo-math_short-c1-s42/phase-memory-4935675.csv
run-a5f3a4a96ab6aa68,cfg-0f8a31ef7ac4c551,initializing,25890.0,completed_run,output/benchmark_v2_cross_family_confirmatory/v2cf-confirm-phi4_mini-grpo-math_short-c1-s42/phase-memory-4935675.csv
run-a5f3a4a96ab6aa68,cfg-0f8a31ef7ac4c551,reference_logprob,16862.0,completed_run,output/benchmark_v2_cross_family_confirmatory/v2cf-confirm-phi4_mini-grpo-math_short-c1-s42/phase-memory-4935675.csv
run-a5f3a4a96ab6aa68,cfg-0f8a31ef7ac4c551,rollout,22780.0,completed_run,output/benchmark_v2_cross_family_confirmatory/v2cf-confirm-phi4_mini-grpo-math_short-c1-s42/phase-memory-4935675.csv
run-a5f3a4a96ab6aa68,cfg-0f8a31ef7ac4c551,weight_sync,26348.0,completed_run,output/benchmark_v2_cross_family_confirmatory/v2cf-confirm-phi4_mini-grpo-math_short-c1-s42/phase-memory-4935675.csv
run-a5fbb437c8d98b3c,cfg-cadb236b55d403e1,actor_update,21546.0,completed_run,output/revision_temporal/rev-temporal-phi4_mini-gsm8k-interpolated-s111-long/attempt-5045281/phase-memory-5045281.csv
run-a5fbb437c8d98b3c,cfg-cadb236b55d403e1,checkpoint,19464.0,completed_run,output/revision_temporal/rev-temporal-phi4_mini-gsm8k-interpolated-s111-long/attempt-5045281/phase-memory-5045281.csv
run-a5fbb437c8d98b3c,cfg-cadb236b55d403e1,idle,37586.0,completed_run,output/revision_temporal/rev-temporal-phi4_mini-gsm8k-interpolated-s111-long/attempt-5045281/phase-memory-5045281.csv
run-a5fbb437c8d98b3c,cfg-cadb236b55d403e1,initializing,37446.0,completed_run,output/revision_temporal/rev-temporal-phi4_mini-gsm8k-interpolated-s111-long/attempt-5045281/phase-memory-5045281.csv
run-a5fbb437c8d98b3c,cfg-cadb236b55d403e1,reference_logprob,15944.0,completed_run,output/revision_temporal/rev-temporal-phi4_mini-gsm8k-interpolated-s111-long/attempt-5045281/phase-memory-5045281.csv
run-a5fbb437c8d98b3c,cfg-cadb236b55d403e1,rollout,37684.0,completed_run,output/revision_temporal/rev-temporal-phi4_mini-gsm8k-interpolated-s111-long/attempt-5045281/phase-memory-5045281.csv
run-a5fbb437c8d98b3c,cfg-cadb236b55d403e1,unknown,37590.0,completed_run,output/revision_temporal/rev-temporal-phi4_mini-gsm8k-interpolated-s111-long/attempt-5045281/phase-memory-5045281.csv
run-a5fbb437c8d98b3c,cfg-cadb236b55d403e1,validation,37588.0,completed_run,output/revision_temporal/rev-temporal-phi4_mini-gsm8k-interpolated-s111-long/attempt-5045281/phase-memory-5045281.csv
run-a5fbb437c8d98b3c,cfg-cadb236b55d403e1,weight_sync,37586.0,completed_run,output/revision_temporal/rev-temporal-phi4_mini-gsm8k-interpolated-s111-long/attempt-5045281/phase-memory-5045281.csv
run-a6af463eed976a43,cfg-c3f0ad157d299d39,actor_update,15138.0,completed_run,output/strengthening_granite_confirmatory/strong-granite-confirmatory-grpo-code_standard-c3-s92/phase-memory-5031383.csv
run-a6af463eed976a43,cfg-c3f0ad157d299d39,idle,36302.0,completed_run,output/strengthening_granite_confirmatory/strong-granite-confirmatory-grpo-code_standard-c3-s92/phase-memory-5031383.csv
run-a6af463eed976a43,cfg-c3f0ad157d299d39,initializing,35876.0,completed_run,output/strengthening_granite_confirmatory/strong-granite-confirmatory-grpo-code_standard-c3-s92/phase-memory-5031383.csv
run-a6af463eed976a43,cfg-c3f0ad157d299d39,reference_logprob,9676.0,completed_run,output/strengthening_granite_confirmatory/strong-granite-confirmatory-grpo-code_standard-c3-s92/phase-memory-5031383.csv
run-a6af463eed976a43,cfg-c3f0ad157d299d39,rollout,36110.0,completed_run,output/strengthening_granite_confirmatory/strong-granite-confirmatory-grpo-code_standard-c3-s92/phase-memory-5031383.csv
run-a6af463eed976a43,cfg-c3f0ad157d299d39,weight_sync,36302.0,completed_run,output/strengthening_granite_confirmatory/strong-granite-confirmatory-grpo-code_standard-c3-s92/phase-memory-5031383.csv
run-a6bb8cab6766f288,cfg-f80fe9802e1c3860,actor_update,19142.0,completed_run,output/benchmark_v2_telemetry_calibration/v2tel-04-qwen25_3b-grpo-gsm8k-near_boundary-100ms/phase-memory-4935193.csv
run-a6bb8cab6766f288,cfg-f80fe9802e1c3860,idle,35778.0,completed_run,output/benchmark_v2_telemetry_calibration/v2tel-04-qwen25_3b-grpo-gsm8k-near_boundary-100ms/phase-memory-4935193.csv
run-a6bb8cab6766f288,cfg-f80fe9802e1c3860,initializing,35912.0,completed_run,output/benchmark_v2_telemetry_calibration/v2tel-04-qwen25_3b-grpo-gsm8k-near_boundary-100ms/phase-memory-4935193.csv
run-a6bb8cab6766f288,cfg-f80fe9802e1c3860,reference_logprob,14464.0,completed_run,output/benchmark_v2_telemetry_calibration/v2tel-04-qwen25_3b-grpo-gsm8k-near_boundary-100ms/phase-memory-4935193.csv
run-a6bb8cab6766f288,cfg-f80fe9802e1c3860,rollout,36824.0,completed_run,output/benchmark_v2_telemetry_calibration/v2tel-04-qwen25_3b-grpo-gsm8k-near_boundary-100ms/phase-memory-4935193.csv
run-a6bb8cab6766f288,cfg-f80fe9802e1c3860,weight_sync,35778.0,completed_run,output/benchmark_v2_telemetry_calibration/v2tel-04-qwen25_3b-grpo-gsm8k-near_boundary-100ms/phase-memory-4935193.csv
run-a76ba0fa046c7cf4,cfg-08730ad4a3df95fa,actor_update,13806.0,completed_run,output/strengthening_factorial/strong-factorial-granite33_2b-grpo-code_heavy_tail-reservation_only-s94/phase-memory-5031342.csv
run-a76ba0fa046c7cf4,cfg-08730ad4a3df95fa,idle,36342.0,completed_run,output/strengthening_factorial/strong-factorial-granite33_2b-grpo-code_heavy_tail-reservation_only-s94/phase-memory-5031342.csv
run-a76ba0fa046c7cf4,cfg-08730ad4a3df95fa,initializing,35876.0,completed_run,output/strengthening_factorial/strong-factorial-granite33_2b-grpo-code_heavy_tail-reservation_only-s94/phase-memory-5031342.csv
run-a76ba0fa046c7cf4,cfg-08730ad4a3df95fa,reference_logprob,9978.0,completed_run,output/strengthening_factorial/strong-factorial-granite33_2b-grpo-code_heavy_tail-reservation_only-s94/phase-memory-5031342.csv
run-a76ba0fa046c7cf4,cfg-08730ad4a3df95fa,rollout,36572.0,completed_run,output/strengthening_factorial/strong-factorial-granite33_2b-grpo-code_heavy_tail-reservation_only-s94/phase-memory-5031342.csv
run-a76ba0fa046c7cf4,cfg-08730ad4a3df95fa,weight_sync,36322.0,completed_run,output/strengthening_factorial/strong-factorial-granite33_2b-grpo-code_heavy_tail-reservation_only-s94/phase-memory-5031342.csv
run-a91e7c23ce54e99d,cfg-c52a49b3491283c7,actor_update,21272.0,completed_run,output/strengthening_temporal_phases/strong-time-grpo-gsm8k-qwen25_3b-near_boundary-s91/phase-memory-5032511.csv
run-a91e7c23ce54e99d,cfg-c52a49b3491283c7,checkpoint,19726.0,completed_run,output/strengthening_temporal_phases/strong-time-grpo-gsm8k-qwen25_3b-near_boundary-s91/phase-memory-5032511.csv
run-a91e7c23ce54e99d,cfg-c52a49b3491283c7,idle,35778.0,completed_run,output/strengthening_temporal_phases/strong-time-grpo-gsm8k-qwen25_3b-near_boundary-s91/phase-memory-5032511.csv
run-a91e7c23ce54e99d,cfg-c52a49b3491283c7,initializing,35910.0,completed_run,output/strengthening_temporal_phases/strong-time-grpo-gsm8k-qwen25_3b-near_boundary-s91/phase-memory-5032511.csv
run-a91e7c23ce54e99d,cfg-c52a49b3491283c7,reference_logprob,15798.0,completed_run,output/strengthening_temporal_phases/strong-time-grpo-gsm8k-qwen25_3b-near_boundary-s91/phase-memory-5032511.csv
run-a91e7c23ce54e99d,cfg-c52a49b3491283c7,rollout,38080.0,completed_run,output/strengthening_temporal_phases/strong-time-grpo-gsm8k-qwen25_3b-near_boundary-s91/phase-memory-5032511.csv
run-a91e7c23ce54e99d,cfg-c52a49b3491283c7,unknown,35778.0,completed_run,output/strengthening_temporal_phases/strong-time-grpo-gsm8k-qwen25_3b-near_boundary-s91/phase-memory-5032511.csv
run-a91e7c23ce54e99d,cfg-c52a49b3491283c7,validation,36162.0,completed_run,output/strengthening_temporal_phases/strong-time-grpo-gsm8k-qwen25_3b-near_boundary-s91/phase-memory-5032511.csv
run-a91e7c23ce54e99d,cfg-c52a49b3491283c7,weight_sync,35778.0,completed_run,output/strengthening_temporal_phases/strong-time-grpo-gsm8k-qwen25_3b-near_boundary-s91/phase-memory-5032511.csv
run-a92bee1382de2623,cfg-2d4026e56a7ee4fe,actor_update,14588.0,completed_run,output/revision_instrumentation/rev-instrumentation-granite33_2b-math-c4-s111-external/attempt-5045397/phase-memory-5045397.csv
run-a92bee1382de2623,cfg-2d4026e56a7ee4fe,idle,40750.0,completed_run,output/revision_instrumentation/rev-instrumentation-granite33_2b-math-c4-s111-external/attempt-5045397/phase-memory-5045397.csv
run-a92bee1382de2623,cfg-2d4026e56a7ee4fe,initializing,40388.0,completed_run,output/revision_instrumentation/rev-instrumentation-granite33_2b-math-c4-s111-external/attempt-5045397/phase-memory-5045397.csv
run-a92bee1382de2623,cfg-2d4026e56a7ee4fe,reference_logprob,10364.0,completed_run,output/revision_instrumentation/rev-instrumentation-granite33_2b-math-c4-s111-external/attempt-5045397/phase-memory-5045397.csv
run-a92bee1382de2623,cfg-2d4026e56a7ee4fe,rollout,40608.0,completed_run,output/revision_instrumentation/rev-instrumentation-granite33_2b-math-c4-s111-external/attempt-5045397/phase-memory-5045397.csv
run-a92bee1382de2623,cfg-2d4026e56a7ee4fe,weight_sync,40750.0,completed_run,output/revision_instrumentation/rev-instrumentation-granite33_2b-math-c4-s111-external/attempt-5045397/phase-memory-5045397.csv
run-a964bbb227c521cb,cfg-584e6c6664859977,actor_update,13080.0,completed_run,output/strengthening_factorial/strong-factorial-granite33_2b-grpo-gsm8k_long-actor_only-s96/phase-memory-5031366.csv
run-a964bbb227c521cb,cfg-584e6c6664859977,idle,32302.0,completed_run,output/strengthening_factorial/strong-factorial-granite33_2b-grpo-gsm8k_long-actor_only-s96/phase-memory-5031366.csv
run-a964bbb227c521cb,cfg-584e6c6664859977,initializing,31876.0,completed_run,output/strengthening_factorial/strong-factorial-granite33_2b-grpo-gsm8k_long-actor_only-s96/phase-memory-5031366.csv
run-a964bbb227c521cb,cfg-584e6c6664859977,reference_logprob,9454.0,completed_run,output/strengthening_factorial/strong-factorial-granite33_2b-grpo-gsm8k_long-actor_only-s96/phase-memory-5031366.csv
run-a964bbb227c521cb,cfg-584e6c6664859977,rollout,31984.0,completed_run,output/strengthening_factorial/strong-factorial-granite33_2b-grpo-gsm8k_long-actor_only-s96/phase-memory-5031366.csv
run-a964bbb227c521cb,cfg-584e6c6664859977,weight_sync,31390.0,completed_run,output/strengthening_factorial/strong-factorial-granite33_2b-grpo-gsm8k_long-actor_only-s96/phase-memory-5031366.csv
run-a97b718ba5b245d4,cfg-3ffb5c1bf8440754,actor_update,25320.0,completed_run,output/strengthening_factorial/strong-factorial-phi4_mini-grpo-code_heavy_tail-reservation_only-s94/phase-memory-5031720.csv
run-a97b718ba5b245d4,cfg-3ffb5c1bf8440754,idle,39550.0,completed_run,output/strengthening_factorial/strong-factorial-phi4_mini-grpo-code_heavy_tail-reservation_only-s94/phase-memory-5031720.csv
run-a97b718ba5b245d4,cfg-3ffb5c1bf8440754,initializing,39430.0,completed_run,output/strengthening_factorial/strong-factorial-phi4_mini-grpo-code_heavy_tail-reservation_only-s94/phase-memory-5031720.csv
run-a97b718ba5b245d4,cfg-3ffb5c1bf8440754,reference_logprob,17874.0,completed_run,output/strengthening_factorial/strong-factorial-phi4_mini-grpo-code_heavy_tail-reservation_only-s94/phase-memory-5031720.csv
run-a97b718ba5b245d4,cfg-3ffb5c1bf8440754,rollout,40074.0,completed_run,output/strengthening_factorial/strong-factorial-phi4_mini-grpo-code_heavy_tail-reservation_only-s94/phase-memory-5031720.csv
run-a97b718ba5b245d4,cfg-3ffb5c1bf8440754,weight_sync,39550.0,completed_run,output/strengthening_factorial/strong-factorial-phi4_mini-grpo-code_heavy_tail-reservation_only-s94/phase-memory-5031720.csv
run-a989b69685f76038,cfg-62f371a80968a0ba,actor_update,13490.0,completed_run,output/benchmark_v2_cross_family_confirmatory/v2cf-confirm-qwen25_3b-grpo-math_short-c1-s41/phase-memory-4935539.csv
run-a989b69685f76038,cfg-62f371a80968a0ba,idle,21322.0,completed_run,output/benchmark_v2_cross_family_confirmatory/v2cf-confirm-qwen25_3b-grpo-math_short-c1-s41/phase-memory-4935539.csv
run-a989b69685f76038,cfg-62f371a80968a0ba,initializing,21334.0,completed_run,output/benchmark_v2_cross_family_confirmatory/v2cf-confirm-qwen25_3b-grpo-math_short-c1-s41/phase-memory-4935539.csv
run-a989b69685f76038,cfg-62f371a80968a0ba,reference_logprob,14042.0,completed_run,output/benchmark_v2_cross_family_confirmatory/v2cf-confirm-qwen25_3b-grpo-math_short-c1-s41/phase-memory-4935539.csv
run-a989b69685f76038,cfg-62f371a80968a0ba,rollout,21148.0,completed_run,output/benchmark_v2_cross_family_confirmatory/v2cf-confirm-qwen25_3b-grpo-math_short-c1-s41/phase-memory-4935539.csv
run-a989b69685f76038,cfg-62f371a80968a0ba,weight_sync,21900.0,completed_run,output/benchmark_v2_cross_family_confirmatory/v2cf-confirm-qwen25_3b-grpo-math_short-c1-s41/phase-memory-4935539.csv
run-a9c7ac13cacee2ec,cfg-e8893b12558f51dd,initializing,7780.0,terminal_stage_partial,output/strengthening_granite_confirmatory/strong-granite-confirmatory-grpo-gsm8k_long-c5-s91/phase-memory-5031246.csv
run-aa001f1dc0d4cd0c,cfg-2ad5ea3587b997a9,actor_update,21248.0,completed_run,output/strengthening_factorial/strong-factorial-qwen25_3b-grpo-code_standard-joint-s95/phase-memory-5032025.csv
run-aa001f1dc0d4cd0c,cfg-2ad5ea3587b997a9,idle,37140.0,completed_run,output/strengthening_factorial/strong-factorial-qwen25_3b-grpo-code_standard-joint-s95/phase-memory-5032025.csv
run-aa001f1dc0d4cd0c,cfg-2ad5ea3587b997a9,initializing,36708.0,completed_run,output/strengthening_factorial/strong-factorial-qwen25_3b-grpo-code_standard-joint-s95/phase-memory-5032025.csv
run-aa001f1dc0d4cd0c,cfg-2ad5ea3587b997a9,reference_logprob,12866.0,completed_run,output/strengthening_factorial/strong-factorial-qwen25_3b-grpo-code_standard-joint-s95/phase-memory-5032025.csv
run-aa001f1dc0d4cd0c,cfg-2ad5ea3587b997a9,rollout,37418.0,completed_run,output/strengthening_factorial/strong-factorial-qwen25_3b-grpo-code_standard-joint-s95/phase-memory-5032025.csv
run-aa001f1dc0d4cd0c,cfg-2ad5ea3587b997a9,weight_sync,37140.0,completed_run,output/strengthening_factorial/strong-factorial-qwen25_3b-grpo-code_standard-joint-s95/phase-memory-5032025.csv
run-aa79c7ea58f83360,cfg-072bd7669d20f8fa,actor_update,18040.0,completed_run,output/revision_topology/rev-topology-phi4_mini-math-c3-s113-four_gpu/attempt-5045377/phase-memory-5045377.csv
run-aa79c7ea58f83360,cfg-072bd7669d20f8fa,idle,35982.0,completed_run,output/revision_topology/rev-topology-phi4_mini-math-c3-s113-four_gpu/attempt-5045377/phase-memory-5045377.csv
run-aa79c7ea58f83360,cfg-072bd7669d20f8fa,initializing,36204.0,completed_run,output/revision_topology/rev-topology-phi4_mini-math-c3-s113-four_gpu/attempt-5045377/phase-memory-5045377.csv
run-aa79c7ea58f83360,cfg-072bd7669d20f8fa,reference_logprob,12796.0,completed_run,output/revision_topology/rev-topology-phi4_mini-math-c3-s113-four_gpu/attempt-5045377/phase-memory-5045377.csv
run-aa79c7ea58f83360,cfg-072bd7669d20f8fa,rollout,35882.0,completed_run,output/revision_topology/rev-topology-phi4_mini-math-c3-s113-four_gpu/attempt-5045377/phase-memory-5045377.csv
run-aa79c7ea58f83360,cfg-072bd7669d20f8fa,weight_sync,35982.0,completed_run,output/revision_topology/rev-topology-phi4_mini-math-c3-s113-four_gpu/attempt-5045377/phase-memory-5045377.csv
run-aaf49d0ad8e79b98,cfg-2d4026e56a7ee4fe,actor_update,14292.0,completed_run,output/revision_instrumentation/rev-instrumentation-granite33_2b-math-c4-s112-external/attempt-5045400/phase-memory-5045400.csv
run-aaf49d0ad8e79b98,cfg-2d4026e56a7ee4fe,idle,40750.0,completed_run,output/revision_instrumentation/rev-instrumentation-granite33_2b-math-c4-s112-external/attempt-5045400/phase-memory-5045400.csv
run-aaf49d0ad8e79b98,cfg-2d4026e56a7ee4fe,initializing,40388.0,completed_run,output/revision_instrumentation/rev-instrumentation-granite33_2b-math-c4-s112-external/attempt-5045400/phase-memory-5045400.csv
run-aaf49d0ad8e79b98,cfg-2d4026e56a7ee4fe,reference_logprob,10364.0,completed_run,output/revision_instrumentation/rev-instrumentation-granite33_2b-math-c4-s112-external/attempt-5045400/phase-memory-5045400.csv
run-aaf49d0ad8e79b98,cfg-2d4026e56a7ee4fe,rollout,40408.0,completed_run,output/revision_instrumentation/rev-instrumentation-granite33_2b-math-c4-s112-external/attempt-5045400/phase-memory-5045400.csv
run-aaf49d0ad8e79b98,cfg-2d4026e56a7ee4fe,weight_sync,40750.0,completed_run,output/revision_instrumentation/rev-instrumentation-granite33_2b-math-c4-s112-external/attempt-5045400/phase-memory-5045400.csv
run-ab2ea83d230fc434,cfg-445e1547e9317cd0,actor_update,11820.0,completed_run,output/strengthening_factorial/strong-factorial-granite33_2b-grpo-gsm8k_long-base-s96/phase-memory-5031355.csv
run-ab2ea83d230fc434,cfg-445e1547e9317cd0,idle,32322.0,completed_run,output/strengthening_factorial/strong-factorial-granite33_2b-grpo-gsm8k_long-base-s96/phase-memory-5031355.csv
run-ab2ea83d230fc434,cfg-445e1547e9317cd0,initializing,31876.0,completed_run,output/strengthening_factorial/strong-factorial-granite33_2b-grpo-gsm8k_long-base-s96/phase-memory-5031355.csv
run-ab2ea83d230fc434,cfg-445e1547e9317cd0,reference_logprob,9534.0,completed_run,output/strengthening_factorial/strong-factorial-granite33_2b-grpo-gsm8k_long-base-s96/phase-memory-5031355.csv
run-ab2ea83d230fc434,cfg-445e1547e9317cd0,rollout,31966.0,completed_run,output/strengthening_factorial/strong-factorial-granite33_2b-grpo-gsm8k_long-base-s96/phase-memory-5031355.csv
run-ab2ea83d230fc434,cfg-445e1547e9317cd0,weight_sync,32322.0,completed_run,output/strengthening_factorial/strong-factorial-granite33_2b-grpo-gsm8k_long-base-s96/phase-memory-5031355.csv
run-ab5093889c981345,cfg-0d9ba9215ab5683e,actor_update,21328.0,completed_run,output/major_revision_cross_model_confirmatory/mr-xm-confirm-qwen25_3b-grpo-code_standard-c3-s52/phase-memory-4999406.csv
run-ab5093889c981345,cfg-0d9ba9215ab5683e,idle,37140.0,completed_run,output/major_revision_cross_model_confirmatory/mr-xm-confirm-qwen25_3b-grpo-code_standard-c3-s52/phase-memory-4999406.csv
run-ab5093889c981345,cfg-0d9ba9215ab5683e,initializing,36708.0,completed_run,output/major_revision_cross_model_confirmatory/mr-xm-confirm-qwen25_3b-grpo-code_standard-c3-s52/phase-memory-4999406.csv
run-ab5093889c981345,cfg-0d9ba9215ab5683e,reference_logprob,12906.0,completed_run,output/major_revision_cross_model_confirmatory/mr-xm-confirm-qwen25_3b-grpo-code_standard-c3-s52/phase-memory-4999406.csv
run-ab5093889c981345,cfg-0d9ba9215ab5683e,rollout,37412.0,completed_run,output/major_revision_cross_model_confirmatory/mr-xm-confirm-qwen25_3b-grpo-code_standard-c3-s52/phase-memory-4999406.csv
run-ab5093889c981345,cfg-0d9ba9215ab5683e,weight_sync,37140.0,completed_run,output/major_revision_cross_model_confirmatory/mr-xm-confirm-qwen25_3b-grpo-code_standard-c3-s52/phase-memory-4999406.csv
run-ab9e543cf08ac1f2,cfg-b1aeb72d4434b30d,actor_update,16982.0,completed_run,output/strengthening_factorial/strong-factorial-phi4_mini-grpo-gsm8k-reservation_only-s96/phase-memory-5031806.csv
run-ab9e543cf08ac1f2,cfg-b1aeb72d4434b30d,idle,39550.0,completed_run,output/strengthening_factorial/strong-factorial-phi4_mini-grpo-gsm8k-reservation_only-s96/phase-memory-5031806.csv
run-ab9e543cf08ac1f2,cfg-b1aeb72d4434b30d,initializing,39430.0,completed_run,output/strengthening_factorial/strong-factorial-phi4_mini-grpo-gsm8k-reservation_only-s96/phase-memory-5031806.csv
run-ab9e543cf08ac1f2,cfg-b1aeb72d4434b30d,reference_logprob,14192.0,completed_run,output/strengthening_factorial/strong-factorial-phi4_mini-grpo-gsm8k-reservation_only-s96/phase-memory-5031806.csv
run-ab9e543cf08ac1f2,cfg-b1aeb72d4434b30d,rollout,39354.0,completed_run,output/strengthening_factorial/strong-factorial-phi4_mini-grpo-gsm8k-reservation_only-s96/phase-memory-5031806.csv
run-ab9e543cf08ac1f2,cfg-b1aeb72d4434b30d,weight_sync,39550.0,completed_run,output/strengthening_factorial/strong-factorial-phi4_mini-grpo-gsm8k-reservation_only-s96/phase-memory-5031806.csv
run-abb0d7d91a7ed528,cfg-7a0e81934d3398ee,actor_update,10514.0,completed_run,output/strengthening_granite_confirmatory/strong-granite-confirmatory-grpo-code_heavy_tail-c0-s91/phase-memory-5031311.csv
run-abb0d7d91a7ed528,cfg-7a0e81934d3398ee,idle,15068.0,completed_run,output/strengthening_granite_confirmatory/strong-granite-confirmatory-grpo-code_heavy_tail-c0-s91/phase-memory-5031311.csv
run-abb0d7d91a7ed528,cfg-7a0e81934d3398ee,initializing,18526.0,completed_run,output/strengthening_granite_confirmatory/strong-granite-confirmatory-grpo-code_heavy_tail-c0-s91/phase-memory-5031311.csv
run-abb0d7d91a7ed528,cfg-7a0e81934d3398ee,reference_logprob,9872.0,completed_run,output/strengthening_granite_confirmatory/strong-granite-confirmatory-grpo-code_heavy_tail-c0-s91/phase-memory-5031311.csv
run-abb0d7d91a7ed528,cfg-7a0e81934d3398ee,rollout,15212.0,completed_run,output/strengthening_granite_confirmatory/strong-granite-confirmatory-grpo-code_heavy_tail-c0-s91/phase-memory-5031311.csv
run-abb0d7d91a7ed528,cfg-7a0e81934d3398ee,weight_sync,19070.0,completed_run,output/strengthening_granite_confirmatory/strong-granite-confirmatory-grpo-code_heavy_tail-c0-s91/phase-memory-5031311.csv
run-ac2eee8d1d747498,cfg-df5e492a5bd02117,actor_update,16544.0,stage_completion_not_certified,output/revision_instrumentation/rev-instrumentation-qwen25_3b-gsm8k-c4-s111-external/attempt-5045286/phase-memory-5045286.csv
run-ac2eee8d1d747498,cfg-df5e492a5bd02117,initializing,40812.0,stage_completion_not_certified,output/revision_instrumentation/rev-instrumentation-qwen25_3b-gsm8k-c4-s111-external/attempt-5045286/phase-memory-5045286.csv
run-ac2eee8d1d747498,cfg-df5e492a5bd02117,reference_logprob,11686.0,stage_completion_not_certified,output/revision_instrumentation/rev-instrumentation-qwen25_3b-gsm8k-c4-s111-external/attempt-5045286/phase-memory-5045286.csv
run-ac2eee8d1d747498,cfg-df5e492a5bd02117,rollout,40796.0,stage_completion_not_certified,output/revision_instrumentation/rev-instrumentation-qwen25_3b-gsm8k-c4-s111-external/attempt-5045286/phase-memory-5045286.csv
run-ac2eee8d1d747498,cfg-df5e492a5bd02117,weight_sync,40536.0,terminal_stage_partial,output/revision_instrumentation/rev-instrumentation-qwen25_3b-gsm8k-c4-s111-external/attempt-5045286/phase-memory-5045286.csv
run-ac3c7c536c12c910,cfg-7f23cab692546e3f,initializing,7780.0,terminal_stage_partial,output/strengthening_granite_confirmatory/strong-granite-confirmatory-grpo-code_standard-c5-s92/phase-memory-5031309.csv
run-ad4ed013f9d0fc28,cfg-fd5bb0db68b0dae3,actor_update,10234.0,completed_run,output/strengthening_granite_confirmatory/strong-granite-confirmatory-grpo-gsm8k_long-c0-s92/phase-memory-5031219.csv
run-ad4ed013f9d0fc28,cfg-fd5bb0db68b0dae3,idle,15028.0,completed_run,output/strengthening_granite_confirmatory/strong-granite-confirmatory-grpo-gsm8k_long-c0-s92/phase-memory-5031219.csv
run-ad4ed013f9d0fc28,cfg-fd5bb0db68b0dae3,initializing,18526.0,completed_run,output/strengthening_granite_confirmatory/strong-granite-confirmatory-grpo-gsm8k_long-c0-s92/phase-memory-5031219.csv
run-ad4ed013f9d0fc28,cfg-fd5bb0db68b0dae3,reference_logprob,9270.0,completed_run,output/strengthening_granite_confirmatory/strong-granite-confirmatory-grpo-gsm8k_long-c0-s92/phase-memory-5031219.csv
run-ad4ed013f9d0fc28,cfg-fd5bb0db68b0dae3,rollout,14656.0,completed_run,output/strengthening_granite_confirmatory/strong-granite-confirmatory-grpo-gsm8k_long-c0-s92/phase-memory-5031219.csv
run-ad4ed013f9d0fc28,cfg-fd5bb0db68b0dae3,weight_sync,19030.0,completed_run,output/strengthening_granite_confirmatory/strong-granite-confirmatory-grpo-gsm8k_long-c0-s92/phase-memory-5031219.csv
run-ad6ab182d6d9ed41,cfg-4e0b53e75324e5f8,actor_update,19302.0,completed_run,output/strengthening_same_node_residency/strong-node-qwen25_3b-grpo-gsm8k-near_boundary-s81-p1-release/phase-memory-5031091.csv
run-ad6ab182d6d9ed41,cfg-4e0b53e75324e5f8,idle,35778.0,completed_run,output/strengthening_same_node_residency/strong-node-qwen25_3b-grpo-gsm8k-near_boundary-s81-p1-release/phase-memory-5031091.csv
run-ad6ab182d6d9ed41,cfg-4e0b53e75324e5f8,initializing,35912.0,completed_run,output/strengthening_same_node_residency/strong-node-qwen25_3b-grpo-gsm8k-near_boundary-s81-p1-release/phase-memory-5031091.csv
run-ad6ab182d6d9ed41,cfg-4e0b53e75324e5f8,reference_logprob,14244.0,completed_run,output/strengthening_same_node_residency/strong-node-qwen25_3b-grpo-gsm8k-near_boundary-s81-p1-release/phase-memory-5031091.csv
run-ad6ab182d6d9ed41,cfg-4e0b53e75324e5f8,rollout,36706.0,completed_run,output/strengthening_same_node_residency/strong-node-qwen25_3b-grpo-gsm8k-near_boundary-s81-p1-release/phase-memory-5031091.csv
run-ad6ab182d6d9ed41,cfg-4e0b53e75324e5f8,weight_sync,35778.0,completed_run,output/strengthening_same_node_residency/strong-node-qwen25_3b-grpo-gsm8k-near_boundary-s81-p1-release/phase-memory-5031091.csv
run-ad9ab9698d2c072b,cfg-17e69bcf1b041bd9,actor_update,13666.0,completed_run,output/revision_topology/rev-topology-phi4_mini-gsm8k-c3-s112-four_gpu/attempt-5045353/phase-memory-5045353.csv
run-ad9ab9698d2c072b,cfg-17e69bcf1b041bd9,idle,35710.0,completed_run,output/revision_topology/rev-topology-phi4_mini-gsm8k-c3-s112-four_gpu/attempt-5045353/phase-memory-5045353.csv
run-ad9ab9698d2c072b,cfg-17e69bcf1b041bd9,initializing,35618.0,completed_run,output/revision_topology/rev-topology-phi4_mini-gsm8k-c3-s112-four_gpu/attempt-5045353/phase-memory-5045353.csv
run-ad9ab9698d2c072b,cfg-17e69bcf1b041bd9,reference_logprob,9962.0,completed_run,output/revision_topology/rev-topology-phi4_mini-gsm8k-c3-s112-four_gpu/attempt-5045353/phase-memory-5045353.csv
run-ad9ab9698d2c072b,cfg-17e69bcf1b041bd9,rollout,35492.0,completed_run,output/revision_topology/rev-topology-phi4_mini-gsm8k-c3-s112-four_gpu/attempt-5045353/phase-memory-5045353.csv
run-ad9ab9698d2c072b,cfg-17e69bcf1b041bd9,weight_sync,35710.0,completed_run,output/revision_topology/rev-topology-phi4_mini-gsm8k-c3-s112-four_gpu/attempt-5045353/phase-memory-5045353.csv
run-ae2baefbf5ad9baa,cfg-966f5804dc918967,initializing,14790.0,terminal_stage_partial,output/benchmark_v2_cross_family_confirmatory/v2cf-confirm-phi4_mini-grpo-gsm8k_long-c4-s43/phase-memory-4936240.csv
run-ae2edb43bc10b0f1,cfg-cadb236b55d403e1,actor_update,22774.0,completed_run,output/revision_temporal/rev-temporal-phi4_mini-gsm8k-interpolated-s112-long/attempt-5045336/phase-memory-5045336.csv
run-ae2edb43bc10b0f1,cfg-cadb236b55d403e1,checkpoint,19760.0,completed_run,output/revision_temporal/rev-temporal-phi4_mini-gsm8k-interpolated-s112-long/attempt-5045336/phase-memory-5045336.csv
run-ae2edb43bc10b0f1,cfg-cadb236b55d403e1,idle,37586.0,completed_run,output/revision_temporal/rev-temporal-phi4_mini-gsm8k-interpolated-s112-long/attempt-5045336/phase-memory-5045336.csv
run-ae2edb43bc10b0f1,cfg-cadb236b55d403e1,initializing,37446.0,completed_run,output/revision_temporal/rev-temporal-phi4_mini-gsm8k-interpolated-s112-long/attempt-5045336/phase-memory-5045336.csv
run-ae2edb43bc10b0f1,cfg-cadb236b55d403e1,reference_logprob,16926.0,completed_run,output/revision_temporal/rev-temporal-phi4_mini-gsm8k-interpolated-s112-long/attempt-5045336/phase-memory-5045336.csv
run-ae2edb43bc10b0f1,cfg-cadb236b55d403e1,rollout,37716.0,completed_run,output/revision_temporal/rev-temporal-phi4_mini-gsm8k-interpolated-s112-long/attempt-5045336/phase-memory-5045336.csv
run-ae2edb43bc10b0f1,cfg-cadb236b55d403e1,unknown,37586.0,completed_run,output/revision_temporal/rev-temporal-phi4_mini-gsm8k-interpolated-s112-long/attempt-5045336/phase-memory-5045336.csv
run-ae2edb43bc10b0f1,cfg-cadb236b55d403e1,validation,37588.0,completed_run,output/revision_temporal/rev-temporal-phi4_mini-gsm8k-interpolated-s112-long/attempt-5045336/phase-memory-5045336.csv
run-ae2edb43bc10b0f1,cfg-cadb236b55d403e1,weight_sync,37586.0,completed_run,output/revision_temporal/rev-temporal-phi4_mini-gsm8k-interpolated-s112-long/attempt-5045336/phase-memory-5045336.csv
run-ae5b43caaaa5a172,cfg-c31171354027b928,actor_update,20908.0,completed_run,output/strengthening_factorial/strong-factorial-qwen25_3b-grpo-code_standard-actor_only-s94/phase-memory-5032012.csv
run-ae5b43caaaa5a172,cfg-c31171354027b928,idle,33108.0,completed_run,output/strengthening_factorial/strong-factorial-qwen25_3b-grpo-code_standard-actor_only-s94/phase-memory-5032012.csv
run-ae5b43caaaa5a172,cfg-c31171354027b928,initializing,32674.0,completed_run,output/strengthening_factorial/strong-factorial-qwen25_3b-grpo-code_standard-actor_only-s94/phase-memory-5032012.csv
run-ae5b43caaaa5a172,cfg-c31171354027b928,reference_logprob,12562.0,completed_run,output/strengthening_factorial/strong-factorial-qwen25_3b-grpo-code_standard-actor_only-s94/phase-memory-5032012.csv
run-ae5b43caaaa5a172,cfg-c31171354027b928,rollout,32968.0,completed_run,output/strengthening_factorial/strong-factorial-qwen25_3b-grpo-code_standard-actor_only-s94/phase-memory-5032012.csv
run-ae5b43caaaa5a172,cfg-c31171354027b928,weight_sync,32144.0,completed_run,output/strengthening_factorial/strong-factorial-qwen25_3b-grpo-code_standard-actor_only-s94/phase-memory-5032012.csv
run-ae67407be9d63630,cfg-cd3974595f9db882,actor_update,12850.0,completed_run,output/benchmark_v2_cross_family_confirmatory/v2cf-confirm-qwen25_3b-grpo-gsm8k_long-c1-s43/phase-memory-4935537.csv
run-ae67407be9d63630,cfg-cd3974595f9db882,idle,21002.0,completed_run,output/benchmark_v2_cross_family_confirmatory/v2cf-confirm-qwen25_3b-grpo-gsm8k_long-c1-s43/phase-memory-4935537.csv
run-ae67407be9d63630,cfg-cd3974595f9db882,initializing,20996.0,completed_run,output/benchmark_v2_cross_family_confirmatory/v2cf-confirm-qwen25_3b-grpo-gsm8k_long-c1-s43/phase-memory-4935537.csv
run-ae67407be9d63630,cfg-cd3974595f9db882,reference_logprob,11624.0,completed_run,output/benchmark_v2_cross_family_confirmatory/v2cf-confirm-qwen25_3b-grpo-gsm8k_long-c1-s43/phase-memory-4935537.csv
run-ae67407be9d63630,cfg-cd3974595f9db882,rollout,20428.0,completed_run,output/benchmark_v2_cross_family_confirmatory/v2cf-confirm-qwen25_3b-grpo-gsm8k_long-c1-s43/phase-memory-4935537.csv
run-ae67407be9d63630,cfg-cd3974595f9db882,weight_sync,21580.0,completed_run,output/benchmark_v2_cross_family_confirmatory/v2cf-confirm-qwen25_3b-grpo-gsm8k_long-c1-s43/phase-memory-4935537.csv
run-ae84672f90b58eb9,cfg-3c3a7527d888e069,actor_update,19448.0,completed_run,output/revision_instrumentation/rev-instrumentation-phi4_mini-gsm8k-c3-s111-full/attempt-5045351/phase-memory-5045351.csv
run-ae84672f90b58eb9,cfg-3c3a7527d888e069,idle,39550.0,completed_run,output/revision_instrumentation/rev-instrumentation-phi4_mini-gsm8k-c3-s111-full/attempt-5045351/phase-memory-5045351.csv
run-ae84672f90b58eb9,cfg-3c3a7527d888e069,initializing,39430.0,completed_run,output/revision_instrumentation/rev-instrumentation-phi4_mini-gsm8k-c3-s111-full/attempt-5045351/phase-memory-5045351.csv
run-ae84672f90b58eb9,cfg-3c3a7527d888e069,reference_logprob,14212.0,completed_run,output/revision_instrumentation/rev-instrumentation-phi4_mini-gsm8k-c3-s111-full/attempt-5045351/phase-memory-5045351.csv
run-ae84672f90b58eb9,cfg-3c3a7527d888e069,rollout,39370.0,completed_run,output/revision_instrumentation/rev-instrumentation-phi4_mini-gsm8k-c3-s111-full/attempt-5045351/phase-memory-5045351.csv
run-ae84672f90b58eb9,cfg-3c3a7527d888e069,weight_sync,39550.0,completed_run,output/revision_instrumentation/rev-instrumentation-phi4_mini-gsm8k-c3-s111-full/attempt-5045351/phase-memory-5045351.csv
run-af96943b23b14615,cfg-3b9787f775169f3d,actor_update,14116.0,completed_run,output/strengthening_factorial/strong-factorial-granite33_2b-grpo-math_short-actor_only-s95/phase-memory-5031430.csv
run-af96943b23b14615,cfg-3b9787f775169f3d,idle,32670.0,completed_run,output/strengthening_factorial/strong-factorial-granite33_2b-grpo-math_short-actor_only-s95/phase-memory-5031430.csv
run-af96943b23b14615,cfg-3b9787f775169f3d,initializing,32308.0,completed_run,output/strengthening_factorial/strong-factorial-granite33_2b-grpo-math_short-actor_only-s95/phase-memory-5031430.csv
run-af96943b23b14615,cfg-3b9787f775169f3d,reference_logprob,10346.0,completed_run,output/strengthening_factorial/strong-factorial-granite33_2b-grpo-math_short-actor_only-s95/phase-memory-5031430.csv
run-af96943b23b14615,cfg-3b9787f775169f3d,rollout,32490.0,completed_run,output/strengthening_factorial/strong-factorial-granite33_2b-grpo-math_short-actor_only-s95/phase-memory-5031430.csv
run-af96943b23b14615,cfg-3b9787f775169f3d,weight_sync,32670.0,completed_run,output/strengthening_factorial/strong-factorial-granite33_2b-grpo-math_short-actor_only-s95/phase-memory-5031430.csv
run-b02eda6d44f5ae8c,cfg-a24e9cdd2f6143f2,actor_update,15236.0,completed_run,output/major_revision_cross_model_confirmatory/mr-xm-confirm-phi4_mini-grpo-code_heavy_tail-c0-s52/phase-memory-5003506.csv
run-b02eda6d44f5ae8c,cfg-a24e9cdd2f6143f2,idle,15884.0,completed_run,output/major_revision_cross_model_confirmatory/mr-xm-confirm-phi4_mini-grpo-code_heavy_tail-c0-s52/phase-memory-5003506.csv
run-b02eda6d44f5ae8c,cfg-a24e9cdd2f6143f2,initializing,25598.0,completed_run,output/major_revision_cross_model_confirmatory/mr-xm-confirm-phi4_mini-grpo-code_heavy_tail-c0-s52/phase-memory-5003506.csv
run-b02eda6d44f5ae8c,cfg-a24e9cdd2f6143f2,reference_logprob,17588.0,completed_run,output/major_revision_cross_model_confirmatory/mr-xm-confirm-phi4_mini-grpo-code_heavy_tail-c0-s52/phase-memory-5003506.csv
run-b02eda6d44f5ae8c,cfg-a24e9cdd2f6143f2,rollout,15868.0,completed_run,output/major_revision_cross_model_confirmatory/mr-xm-confirm-phi4_mini-grpo-code_heavy_tail-c0-s52/phase-memory-5003506.csv
run-b02eda6d44f5ae8c,cfg-a24e9cdd2f6143f2,weight_sync,26076.0,completed_run,output/major_revision_cross_model_confirmatory/mr-xm-confirm-phi4_mini-grpo-code_heavy_tail-c0-s52/phase-memory-5003506.csv
run-b2130fe29210fc8a,cfg-73498805917fd151,actor_update,13402.0,completed_run,output/revision_instrumentation/rev-instrumentation-granite33_2b-gsm8k-c3-s113-external/attempt-5045379/phase-memory-5045379.csv
run-b2130fe29210fc8a,cfg-73498805917fd151,idle,36302.0,completed_run,output/revision_instrumentation/rev-instrumentation-granite33_2b-gsm8k-c3-s113-external/attempt-5045379/phase-memory-5045379.csv
run-b2130fe29210fc8a,cfg-73498805917fd151,initializing,35876.0,completed_run,output/revision_instrumentation/rev-instrumentation-granite33_2b-gsm8k-c3-s113-external/attempt-5045379/phase-memory-5045379.csv
run-b2130fe29210fc8a,cfg-73498805917fd151,reference_logprob,9696.0,completed_run,output/revision_instrumentation/rev-instrumentation-granite33_2b-gsm8k-c3-s113-external/attempt-5045379/phase-memory-5045379.csv
run-b2130fe29210fc8a,cfg-73498805917fd151,rollout,35984.0,completed_run,output/revision_instrumentation/rev-instrumentation-granite33_2b-gsm8k-c3-s113-external/attempt-5045379/phase-memory-5045379.csv
run-b2130fe29210fc8a,cfg-73498805917fd151,weight_sync,36302.0,completed_run,output/revision_instrumentation/rev-instrumentation-granite33_2b-gsm8k-c3-s113-external/attempt-5045379/phase-memory-5045379.csv
run-b29283ef057ce00e,cfg-cd3974595f9db882,actor_update,12970.0,completed_run,output/benchmark_v2_cross_family_confirmatory/v2cf-confirm-qwen25_3b-grpo-gsm8k_long-c1-s41/phase-memory-4935516.csv
run-b29283ef057ce00e,cfg-cd3974595f9db882,idle,20982.0,completed_run,output/benchmark_v2_cross_family_confirmatory/v2cf-confirm-qwen25_3b-grpo-gsm8k_long-c1-s41/phase-memory-4935516.csv
run-b29283ef057ce00e,cfg-cd3974595f9db882,initializing,20996.0,completed_run,output/benchmark_v2_cross_family_confirmatory/v2cf-confirm-qwen25_3b-grpo-gsm8k_long-c1-s41/phase-memory-4935516.csv
run-b29283ef057ce00e,cfg-cd3974595f9db882,reference_logprob,11664.0,completed_run,output/benchmark_v2_cross_family_confirmatory/v2cf-confirm-qwen25_3b-grpo-gsm8k_long-c1-s41/phase-memory-4935516.csv
run-b29283ef057ce00e,cfg-cd3974595f9db882,rollout,20514.0,completed_run,output/benchmark_v2_cross_family_confirmatory/v2cf-confirm-qwen25_3b-grpo-gsm8k_long-c1-s41/phase-memory-4935516.csv
run-b29283ef057ce00e,cfg-cd3974595f9db882,weight_sync,21560.0,completed_run,output/benchmark_v2_cross_family_confirmatory/v2cf-confirm-qwen25_3b-grpo-gsm8k_long-c1-s41/phase-memory-4935516.csv
run-b2b23d0550d2032f,cfg-5c14e44760909675,actor_update,14586.0,completed_run,output/strengthening_same_node_residency/strong-node-qwen25_1p5b-grpo-math-near_boundary-s83-p2-release/phase-memory-5031046.csv
run-b2b23d0550d2032f,cfg-5c14e44760909675,idle,34208.0,completed_run,output/strengthening_same_node_residency/strong-node-qwen25_1p5b-grpo-math-near_boundary-s83-p2-release/phase-memory-5031046.csv
run-b2b23d0550d2032f,cfg-5c14e44760909675,initializing,34202.0,completed_run,output/strengthening_same_node_residency/strong-node-qwen25_1p5b-grpo-math-near_boundary-s83-p2-release/phase-memory-5031046.csv
run-b2b23d0550d2032f,cfg-5c14e44760909675,reference_logprob,10238.0,completed_run,output/strengthening_same_node_residency/strong-node-qwen25_1p5b-grpo-math-near_boundary-s83-p2-release/phase-memory-5031046.csv
run-b2b23d0550d2032f,cfg-5c14e44760909675,rollout,34104.0,completed_run,output/strengthening_same_node_residency/strong-node-qwen25_1p5b-grpo-math-near_boundary-s83-p2-release/phase-memory-5031046.csv
run-b2b23d0550d2032f,cfg-5c14e44760909675,weight_sync,34208.0,completed_run,output/strengthening_same_node_residency/strong-node-qwen25_1p5b-grpo-math-near_boundary-s83-p2-release/phase-memory-5031046.csv
run-b2b5911434321804,cfg-7f23cab692546e3f,initializing,7780.0,terminal_stage_partial,output/strengthening_granite_confirmatory/strong-granite-confirmatory-grpo-code_standard-c5-s91/phase-memory-5031308.csv
run-b2d0b2735023ffe5,cfg-872fe55d8f69b30c,actor_update,14612.0,completed_run,output/benchmark_v2_temporal_confirmatory/v2time-grpo-math-qwen25_1p5b-near_boundary-s42/phase-memory-4946292.csv
run-b2d0b2735023ffe5,cfg-872fe55d8f69b30c,idle,32300.0,completed_run,output/benchmark_v2_temporal_confirmatory/v2time-grpo-math-qwen25_1p5b-near_boundary-s42/phase-memory-4946292.csv
run-b2d0b2735023ffe5,cfg-872fe55d8f69b30c,initializing,32570.0,completed_run,output/benchmark_v2_temporal_confirmatory/v2time-grpo-math-qwen25_1p5b-near_boundary-s42/phase-memory-4946292.csv
run-b2d0b2735023ffe5,cfg-872fe55d8f69b30c,reference_logprob,14410.0,completed_run,output/benchmark_v2_temporal_confirmatory/v2time-grpo-math-qwen25_1p5b-near_boundary-s42/phase-memory-4946292.csv
run-b2d0b2735023ffe5,cfg-872fe55d8f69b30c,rollout,34582.0,completed_run,output/benchmark_v2_temporal_confirmatory/v2time-grpo-math-qwen25_1p5b-near_boundary-s42/phase-memory-4946292.csv
run-b2d0b2735023ffe5,cfg-872fe55d8f69b30c,unknown,32300.0,completed_run,output/benchmark_v2_temporal_confirmatory/v2time-grpo-math-qwen25_1p5b-near_boundary-s42/phase-memory-4946292.csv
run-b2d0b2735023ffe5,cfg-872fe55d8f69b30c,weight_sync,32300.0,completed_run,output/benchmark_v2_temporal_confirmatory/v2time-grpo-math-qwen25_1p5b-near_boundary-s42/phase-memory-4946292.csv
run-b331a17a3965b10a,cfg-7a9a974958c57abc,actor_update,17028.0,completed_run,output/benchmark_v2_cross_family_confirmatory/v2cf-confirm-qwen25_3b-grpo-gsm8k_long-c3-s41/phase-memory-4935815.csv
run-b331a17a3965b10a,cfg-7a9a974958c57abc,idle,37140.0,completed_run,output/benchmark_v2_cross_family_confirmatory/v2cf-confirm-qwen25_3b-grpo-gsm8k_long-c3-s41/phase-memory-4935815.csv
run-b331a17a3965b10a,cfg-7a9a974958c57abc,initializing,36708.0,completed_run,output/benchmark_v2_cross_family_confirmatory/v2cf-confirm-qwen25_3b-grpo-gsm8k_long-c3-s41/phase-memory-4935815.csv
run-b331a17a3965b10a,cfg-7a9a974958c57abc,reference_logprob,11926.0,completed_run,output/benchmark_v2_cross_family_confirmatory/v2cf-confirm-qwen25_3b-grpo-gsm8k_long-c3-s41/phase-memory-4935815.csv
run-b331a17a3965b10a,cfg-7a9a974958c57abc,rollout,36840.0,completed_run,output/benchmark_v2_cross_family_confirmatory/v2cf-confirm-qwen25_3b-grpo-gsm8k_long-c3-s41/phase-memory-4935815.csv
run-b331a17a3965b10a,cfg-7a9a974958c57abc,weight_sync,36546.0,completed_run,output/benchmark_v2_cross_family_confirmatory/v2cf-confirm-qwen25_3b-grpo-gsm8k_long-c3-s41/phase-memory-4935815.csv
run-b383b6edd3ea3b0b,cfg-b56fb353c2f2fa3e,actor_update,10648.0,completed_run,output/strengthening_granite_confirmatory/strong-granite-confirmatory-grpo-math_short-c0-s92/phase-memory-5031330.csv
run-b383b6edd3ea3b0b,cfg-b56fb353c2f2fa3e,idle,15416.0,completed_run,output/strengthening_granite_confirmatory/strong-granite-confirmatory-grpo-math_short-c0-s92/phase-memory-5031330.csv
run-b383b6edd3ea3b0b,cfg-b56fb353c2f2fa3e,initializing,18894.0,completed_run,output/strengthening_granite_confirmatory/strong-granite-confirmatory-grpo-math_short-c0-s92/phase-memory-5031330.csv
run-b383b6edd3ea3b0b,cfg-b56fb353c2f2fa3e,reference_logprob,10282.0,completed_run,output/strengthening_granite_confirmatory/strong-granite-confirmatory-grpo-math_short-c0-s92/phase-memory-5031330.csv
run-b383b6edd3ea3b0b,cfg-b56fb353c2f2fa3e,rollout,15170.0,completed_run,output/strengthening_granite_confirmatory/strong-granite-confirmatory-grpo-math_short-c0-s92/phase-memory-5031330.csv
run-b383b6edd3ea3b0b,cfg-b56fb353c2f2fa3e,weight_sync,19418.0,completed_run,output/strengthening_granite_confirmatory/strong-granite-confirmatory-grpo-math_short-c0-s92/phase-memory-5031330.csv
run-b38b9aed5e1ded54,cfg-7df2428553b76877,initializing,14790.0,terminal_stage_partial,output/major_revision_cross_model_confirmatory/mr-xm-confirm-phi4_mini-grpo-code_heavy_tail-c4-s51/phase-memory-5003967.csv
run-b38c52a9b53beb98,cfg-a14ab647ea9728c0,actor_update,19258.0,completed_run,output/revision_instrumentation/rev-instrumentation-phi4_mini-gsm8k-c3-s112-external/attempt-5045357/phase-memory-5045357.csv
run-b38c52a9b53beb98,cfg-a14ab647ea9728c0,idle,39550.0,completed_run,output/revision_instrumentation/rev-instrumentation-phi4_mini-gsm8k-c3-s112-external/attempt-5045357/phase-memory-5045357.csv
run-b38c52a9b53beb98,cfg-a14ab647ea9728c0,initializing,39430.0,completed_run,output/revision_instrumentation/rev-instrumentation-phi4_mini-gsm8k-c3-s112-external/attempt-5045357/phase-memory-5045357.csv
run-b38c52a9b53beb98,cfg-a14ab647ea9728c0,reference_logprob,14132.0,completed_run,output/revision_instrumentation/rev-instrumentation-phi4_mini-gsm8k-c3-s112-external/attempt-5045357/phase-memory-5045357.csv
run-b38c52a9b53beb98,cfg-a14ab647ea9728c0,rollout,39396.0,completed_run,output/revision_instrumentation/rev-instrumentation-phi4_mini-gsm8k-c3-s112-external/attempt-5045357/phase-memory-5045357.csv
run-b38c52a9b53beb98,cfg-a14ab647ea9728c0,weight_sync,39550.0,completed_run,output/revision_instrumentation/rev-instrumentation-phi4_mini-gsm8k-c3-s112-external/attempt-5045357/phase-memory-5045357.csv
run-b3bebcf0b0ad32e5,cfg-93d4f41e600c9079,actor_update,17130.0,completed_run,output/strengthening_granite_confirmatory/strong-granite-confirmatory-grpo-code_heavy_tail-c4-s93/phase-memory-5031375.csv
run-b3bebcf0b0ad32e5,cfg-93d4f41e600c9079,idle,40382.0,completed_run,output/strengthening_granite_confirmatory/strong-granite-confirmatory-grpo-code_heavy_tail-c4-s93/phase-memory-5031375.csv
run-b3bebcf0b0ad32e5,cfg-93d4f41e600c9079,initializing,39956.0,completed_run,output/strengthening_granite_confirmatory/strong-granite-confirmatory-grpo-code_heavy_tail-c4-s93/phase-memory-5031375.csv
run-b3bebcf0b0ad32e5,cfg-93d4f41e600c9079,reference_logprob,9878.0,completed_run,output/strengthening_granite_confirmatory/strong-granite-confirmatory-grpo-code_heavy_tail-c4-s93/phase-memory-5031375.csv
run-b3bebcf0b0ad32e5,cfg-93d4f41e600c9079,rollout,40650.0,completed_run,output/strengthening_granite_confirmatory/strong-granite-confirmatory-grpo-code_heavy_tail-c4-s93/phase-memory-5031375.csv
run-b3bebcf0b0ad32e5,cfg-93d4f41e600c9079,weight_sync,40382.0,completed_run,output/strengthening_granite_confirmatory/strong-granite-confirmatory-grpo-code_heavy_tail-c4-s93/phase-memory-5031375.csv
run-b43111e44ab90c3b,cfg-fd41285187ce3c5b,actor_update,26476.0,completed_run,output/strengthening_factorial/strong-factorial-qwen25_3b-grpo-code_heavy_tail-actor_only-s96/phase-memory-5031988.csv
run-b43111e44ab90c3b,cfg-fd41285187ce3c5b,idle,33108.0,completed_run,output/strengthening_factorial/strong-factorial-qwen25_3b-grpo-code_heavy_tail-actor_only-s96/phase-memory-5031988.csv
run-b43111e44ab90c3b,cfg-fd41285187ce3c5b,initializing,32674.0,completed_run,output/strengthening_factorial/strong-factorial-qwen25_3b-grpo-code_heavy_tail-actor_only-s96/phase-memory-5031988.csv
run-b43111e44ab90c3b,cfg-fd41285187ce3c5b,reference_logprob,14044.0,completed_run,output/strengthening_factorial/strong-factorial-qwen25_3b-grpo-code_heavy_tail-actor_only-s96/phase-memory-5031988.csv
run-b43111e44ab90c3b,cfg-fd41285187ce3c5b,rollout,33386.0,completed_run,output/strengthening_factorial/strong-factorial-qwen25_3b-grpo-code_heavy_tail-actor_only-s96/phase-memory-5031988.csv
run-b43111e44ab90c3b,cfg-fd41285187ce3c5b,weight_sync,33108.0,completed_run,output/strengthening_factorial/strong-factorial-qwen25_3b-grpo-code_heavy_tail-actor_only-s96/phase-memory-5031988.csv
run-b4916f4377022693,cfg-a8e7e878a371de68,actor_update,22978.0,completed_run,output/strengthening_factorial/strong-factorial-phi4_mini-grpo-code_standard-base-s95/phase-memory-5031746.csv
run-b4916f4377022693,cfg-a8e7e878a371de68,idle,35538.0,completed_run,output/strengthening_factorial/strong-factorial-phi4_mini-grpo-code_standard-base-s95/phase-memory-5031746.csv
run-b4916f4377022693,cfg-a8e7e878a371de68,initializing,35398.0,completed_run,output/strengthening_factorial/strong-factorial-phi4_mini-grpo-code_standard-base-s95/phase-memory-5031746.csv
run-b4916f4377022693,cfg-a8e7e878a371de68,reference_logprob,16756.0,completed_run,output/strengthening_factorial/strong-factorial-phi4_mini-grpo-code_standard-base-s95/phase-memory-5031746.csv
run-b4916f4377022693,cfg-a8e7e878a371de68,rollout,35958.0,completed_run,output/strengthening_factorial/strong-factorial-phi4_mini-grpo-code_standard-base-s95/phase-memory-5031746.csv
run-b4916f4377022693,cfg-a8e7e878a371de68,weight_sync,35538.0,completed_run,output/strengthening_factorial/strong-factorial-phi4_mini-grpo-code_standard-base-s95/phase-memory-5031746.csv
run-b4a7ae8f4cebf772,cfg-a9973fa41ccc608d,actor_update,18262.0,completed_run,output/review_instrumentation_batch/review-control-phi4_mini-gsm8k-s122-full_b8/attempt-5048577/phase-memory-5048577.csv
run-b4a7ae8f4cebf772,cfg-a9973fa41ccc608d,idle,35518.0,completed_run,output/review_instrumentation_batch/review-control-phi4_mini-gsm8k-s122-full_b8/attempt-5048577/phase-memory-5048577.csv
run-b4a7ae8f4cebf772,cfg-a9973fa41ccc608d,initializing,35398.0,completed_run,output/review_instrumentation_batch/review-control-phi4_mini-gsm8k-s122-full_b8/attempt-5048577/phase-memory-5048577.csv
run-b4a7ae8f4cebf772,cfg-a9973fa41ccc608d,reference_logprob,15152.0,completed_run,output/review_instrumentation_batch/review-control-phi4_mini-gsm8k-s122-full_b8/attempt-5048577/phase-memory-5048577.csv
run-b4a7ae8f4cebf772,cfg-a9973fa41ccc608d,rollout,35316.0,completed_run,output/review_instrumentation_batch/review-control-phi4_mini-gsm8k-s122-full_b8/attempt-5048577/phase-memory-5048577.csv
run-b4a7ae8f4cebf772,cfg-a9973fa41ccc608d,weight_sync,35518.0,completed_run,output/review_instrumentation_batch/review-control-phi4_mini-gsm8k-s122-full_b8/attempt-5048577/phase-memory-5048577.csv
run-b4bdae244de61402,cfg-a988dbb2ba8e6b83,actor_update,14372.0,completed_run,output/strengthening_temporal_phases/strong-time-grpo-math-qwen25_1p5b-safe_margin-s93/phase-memory-5033779.csv
run-b4bdae244de61402,cfg-a988dbb2ba8e6b83,checkpoint,13656.0,completed_run,output/strengthening_temporal_phases/strong-time-grpo-math-qwen25_1p5b-safe_margin-s93/phase-memory-5033779.csv
run-b4bdae244de61402,cfg-a988dbb2ba8e6b83,idle,26252.0,completed_run,output/strengthening_temporal_phases/strong-time-grpo-math-qwen25_1p5b-safe_margin-s93/phase-memory-5033779.csv
run-b4bdae244de61402,cfg-a988dbb2ba8e6b83,initializing,26522.0,completed_run,output/strengthening_temporal_phases/strong-time-grpo-math-qwen25_1p5b-safe_margin-s93/phase-memory-5033779.csv
run-b4bdae244de61402,cfg-a988dbb2ba8e6b83,reference_logprob,14110.0,completed_run,output/strengthening_temporal_phases/strong-time-grpo-math-qwen25_1p5b-safe_margin-s93/phase-memory-5033779.csv
run-b4bdae244de61402,cfg-a988dbb2ba8e6b83,rollout,29140.0,completed_run,output/strengthening_temporal_phases/strong-time-grpo-math-qwen25_1p5b-safe_margin-s93/phase-memory-5033779.csv
run-b4bdae244de61402,cfg-a988dbb2ba8e6b83,unknown,26252.0,completed_run,output/strengthening_temporal_phases/strong-time-grpo-math-qwen25_1p5b-safe_margin-s93/phase-memory-5033779.csv
run-b4bdae244de61402,cfg-a988dbb2ba8e6b83,validation,26424.0,completed_run,output/strengthening_temporal_phases/strong-time-grpo-math-qwen25_1p5b-safe_margin-s93/phase-memory-5033779.csv
run-b4bdae244de61402,cfg-a988dbb2ba8e6b83,weight_sync,26252.0,completed_run,output/strengthening_temporal_phases/strong-time-grpo-math-qwen25_1p5b-safe_margin-s93/phase-memory-5033779.csv
run-b604667ef9f31a2c,cfg-95d55e94877f1b88,actor_update,13968.0,completed_run,output/benchmark_v2_telemetry_calibration/v2tel-07-qwen25_3b-grpo-math-safe_margin-100ms/phase-memory-4935311.csv
run-b604667ef9f31a2c,cfg-95d55e94877f1b88,idle,17586.0,completed_run,output/benchmark_v2_telemetry_calibration/v2tel-07-qwen25_3b-grpo-math-safe_margin-100ms/phase-memory-4935311.csv
run-b604667ef9f31a2c,cfg-95d55e94877f1b88,initializing,21794.0,completed_run,output/benchmark_v2_telemetry_calibration/v2tel-07-qwen25_3b-grpo-math-safe_margin-100ms/phase-memory-4935311.csv
run-b604667ef9f31a2c,cfg-95d55e94877f1b88,reference_logprob,16744.0,completed_run,output/benchmark_v2_telemetry_calibration/v2tel-07-qwen25_3b-grpo-math-safe_margin-100ms/phase-memory-4935311.csv
run-b604667ef9f31a2c,cfg-95d55e94877f1b88,rollout,18136.0,completed_run,output/benchmark_v2_telemetry_calibration/v2tel-07-qwen25_3b-grpo-math-safe_margin-100ms/phase-memory-4935311.csv
run-b604667ef9f31a2c,cfg-95d55e94877f1b88,unknown,4378.0,completed_run,output/benchmark_v2_telemetry_calibration/v2tel-07-qwen25_3b-grpo-math-safe_margin-100ms/phase-memory-4935311.csv
run-b604667ef9f31a2c,cfg-95d55e94877f1b88,weight_sync,22340.0,completed_run,output/benchmark_v2_telemetry_calibration/v2tel-07-qwen25_3b-grpo-math-safe_margin-100ms/phase-memory-4935311.csv
run-b6051c1696c16d90,cfg-bae2977da7957f72,actor_update,10354.0,completed_run,output/strengthening_granite_confirmatory/strong-granite-confirmatory-grpo-code_standard-c0-s91/phase-memory-5031410.csv
run-b6051c1696c16d90,cfg-bae2977da7957f72,idle,15068.0,completed_run,output/strengthening_granite_confirmatory/strong-granite-confirmatory-grpo-code_standard-c0-s91/phase-memory-5031410.csv
run-b6051c1696c16d90,cfg-bae2977da7957f72,initializing,18526.0,completed_run,output/strengthening_granite_confirmatory/strong-granite-confirmatory-grpo-code_standard-c0-s91/phase-memory-5031410.csv
run-b6051c1696c16d90,cfg-bae2977da7957f72,reference_logprob,9632.0,completed_run,output/strengthening_granite_confirmatory/strong-granite-confirmatory-grpo-code_standard-c0-s91/phase-memory-5031410.csv
run-b6051c1696c16d90,cfg-bae2977da7957f72,rollout,15064.0,completed_run,output/strengthening_granite_confirmatory/strong-granite-confirmatory-grpo-code_standard-c0-s91/phase-memory-5031410.csv
run-b6051c1696c16d90,cfg-bae2977da7957f72,weight_sync,19070.0,completed_run,output/strengthening_granite_confirmatory/strong-granite-confirmatory-grpo-code_standard-c0-s91/phase-memory-5031410.csv
run-b6231a02cf307732,cfg-bf9ce8082ed7a2d9,actor_update,19408.0,completed_run,output/strengthening_factorial/strong-factorial-qwen25_3b-grpo-code_heavy_tail-base-s94/phase-memory-5031981.csv
run-b6231a02cf307732,cfg-bf9ce8082ed7a2d9,idle,33108.0,completed_run,output/strengthening_factorial/strong-factorial-qwen25_3b-grpo-code_heavy_tail-base-s94/phase-memory-5031981.csv
run-b6231a02cf307732,cfg-bf9ce8082ed7a2d9,initializing,32676.0,completed_run,output/strengthening_factorial/strong-factorial-qwen25_3b-grpo-code_heavy_tail-base-s94/phase-memory-5031981.csv
run-b6231a02cf307732,cfg-bf9ce8082ed7a2d9,reference_logprob,14284.0,completed_run,output/strengthening_factorial/strong-factorial-qwen25_3b-grpo-code_heavy_tail-base-s94/phase-memory-5031981.csv
run-b6231a02cf307732,cfg-bf9ce8082ed7a2d9,rollout,33430.0,completed_run,output/strengthening_factorial/strong-factorial-qwen25_3b-grpo-code_heavy_tail-base-s94/phase-memory-5031981.csv
run-b6231a02cf307732,cfg-bf9ce8082ed7a2d9,weight_sync,31662.0,completed_run,output/strengthening_factorial/strong-factorial-qwen25_3b-grpo-code_heavy_tail-base-s94/phase-memory-5031981.csv
run-b75c7a58aecd0ad3,cfg-3dc042a103546eac,initializing,7780.0,terminal_stage_partial,output/strengthening_granite_confirmatory/strong-granite-confirmatory-grpo-code_heavy_tail-c5-s93/phase-memory-5031397.csv
run-b7dfe88f55fd6aef,cfg-c5eec07ea9371c25,actor_update,33250.0,completed_run,output/strengthening_factorial/strong-factorial-phi4_mini-grpo-code_heavy_tail-actor_only-s94/phase-memory-5031706.csv
run-b7dfe88f55fd6aef,cfg-c5eec07ea9371c25,idle,35538.0,completed_run,output/strengthening_factorial/strong-factorial-phi4_mini-grpo-code_heavy_tail-actor_only-s94/phase-memory-5031706.csv
run-b7dfe88f55fd6aef,cfg-c5eec07ea9371c25,initializing,35398.0,completed_run,output/strengthening_factorial/strong-factorial-phi4_mini-grpo-code_heavy_tail-actor_only-s94/phase-memory-5031706.csv
run-b7dfe88f55fd6aef,cfg-c5eec07ea9371c25,reference_logprob,17534.0,completed_run,output/strengthening_factorial/strong-factorial-phi4_mini-grpo-code_heavy_tail-actor_only-s94/phase-memory-5031706.csv
run-b7dfe88f55fd6aef,cfg-c5eec07ea9371c25,rollout,35958.0,completed_run,output/strengthening_factorial/strong-factorial-phi4_mini-grpo-code_heavy_tail-actor_only-s94/phase-memory-5031706.csv
run-b7dfe88f55fd6aef,cfg-c5eec07ea9371c25,weight_sync,35036.0,completed_run,output/strengthening_factorial/strong-factorial-phi4_mini-grpo-code_heavy_tail-actor_only-s94/phase-memory-5031706.csv
run-b81c24dd1ee30d1b,cfg-d138048feeb8fe5d,initializing,14790.0,terminal_stage_partial,output/benchmark_v2_cross_family_confirmatory/v2cf-confirm-phi4_mini-grpo-math_short-c4-s41/phase-memory-4936326.csv
run-b82e73d0d30a3d04,cfg-e2763ffc8afa3602,actor_update,11598.0,completed_run,output/strengthening_factorial/strong-factorial-granite33_2b-grpo-gsm8k_long-reservation_only-s96/phase-memory-5031400.csv
run-b82e73d0d30a3d04,cfg-e2763ffc8afa3602,idle,36302.0,completed_run,output/strengthening_factorial/strong-factorial-granite33_2b-grpo-gsm8k_long-reservation_only-s96/phase-memory-5031400.csv
run-b82e73d0d30a3d04,cfg-e2763ffc8afa3602,initializing,35876.0,completed_run,output/strengthening_factorial/strong-factorial-granite33_2b-grpo-gsm8k_long-reservation_only-s96/phase-memory-5031400.csv
run-b82e73d0d30a3d04,cfg-e2763ffc8afa3602,reference_logprob,9396.0,completed_run,output/strengthening_factorial/strong-factorial-granite33_2b-grpo-gsm8k_long-reservation_only-s96/phase-memory-5031400.csv
run-b82e73d0d30a3d04,cfg-e2763ffc8afa3602,rollout,35922.0,completed_run,output/strengthening_factorial/strong-factorial-granite33_2b-grpo-gsm8k_long-reservation_only-s96/phase-memory-5031400.csv
run-b82e73d0d30a3d04,cfg-e2763ffc8afa3602,weight_sync,36302.0,completed_run,output/strengthening_factorial/strong-factorial-granite33_2b-grpo-gsm8k_long-reservation_only-s96/phase-memory-5031400.csv
run-b88da0fed340722e,cfg-9c461415e6bb9702,actor_update,14918.0,completed_run,output/major_revision_cross_model_confirmatory/mr-xm-confirm-phi4_mini-grpo-code_standard-c0-s51/phase-memory-5001892.csv
run-b88da0fed340722e,cfg-9c461415e6bb9702,idle,15844.0,completed_run,output/major_revision_cross_model_confirmatory/mr-xm-confirm-phi4_mini-grpo-code_standard-c0-s51/phase-memory-5001892.csv
run-b88da0fed340722e,cfg-9c461415e6bb9702,initializing,25598.0,completed_run,output/major_revision_cross_model_confirmatory/mr-xm-confirm-phi4_mini-grpo-code_standard-c0-s51/phase-memory-5001892.csv
run-b88da0fed340722e,cfg-9c461415e6bb9702,reference_logprob,16450.0,completed_run,output/major_revision_cross_model_confirmatory/mr-xm-confirm-phi4_mini-grpo-code_standard-c0-s51/phase-memory-5001892.csv
run-b88da0fed340722e,cfg-9c461415e6bb9702,rollout,16100.0,completed_run,output/major_revision_cross_model_confirmatory/mr-xm-confirm-phi4_mini-grpo-code_standard-c0-s51/phase-memory-5001892.csv
run-b88da0fed340722e,cfg-9c461415e6bb9702,weight_sync,26036.0,completed_run,output/major_revision_cross_model_confirmatory/mr-xm-confirm-phi4_mini-grpo-code_standard-c0-s51/phase-memory-5001892.csv
run-bbbacde9e32fa97e,cfg-cc2c35944156e5d4,actor_update,12416.0,completed_run,output/revision_topology/rev-topology-qwen25_3b-gsm8k-c3-s113-four_gpu/attempt-5045296/phase-memory-5045296.csv
run-bbbacde9e32fa97e,cfg-cc2c35944156e5d4,idle,33872.0,completed_run,output/revision_topology/rev-topology-qwen25_3b-gsm8k-c3-s113-four_gpu/attempt-5045296/phase-memory-5045296.csv
run-bbbacde9e32fa97e,cfg-cc2c35944156e5d4,initializing,33580.0,completed_run,output/revision_topology/rev-topology-qwen25_3b-gsm8k-c3-s113-four_gpu/attempt-5045296/phase-memory-5045296.csv
run-bbbacde9e32fa97e,cfg-cc2c35944156e5d4,reference_logprob,8436.0,completed_run,output/revision_topology/rev-topology-qwen25_3b-gsm8k-c3-s113-four_gpu/attempt-5045296/phase-memory-5045296.csv
run-bbbacde9e32fa97e,cfg-cc2c35944156e5d4,rollout,33562.0,completed_run,output/revision_topology/rev-topology-qwen25_3b-gsm8k-c3-s113-four_gpu/attempt-5045296/phase-memory-5045296.csv
run-bbbacde9e32fa97e,cfg-cc2c35944156e5d4,weight_sync,33872.0,completed_run,output/revision_topology/rev-topology-qwen25_3b-gsm8k-c3-s113-four_gpu/attempt-5045296/phase-memory-5045296.csv
run-be71851f7d9212c5,cfg-5047dff55c13e55f,actor_update,14206.0,completed_run,output/strengthening_factorial/strong-factorial-qwen25_3b-grpo-gsm8k-base-s94/phase-memory-5032028.csv
run-be71851f7d9212c5,cfg-5047dff55c13e55f,idle,33108.0,completed_run,output/strengthening_factorial/strong-factorial-qwen25_3b-grpo-gsm8k-base-s94/phase-memory-5032028.csv
run-be71851f7d9212c5,cfg-5047dff55c13e55f,initializing,32676.0,completed_run,output/strengthening_factorial/strong-factorial-qwen25_3b-grpo-gsm8k-base-s94/phase-memory-5032028.csv
run-be71851f7d9212c5,cfg-5047dff55c13e55f,reference_logprob,11646.0,completed_run,output/strengthening_factorial/strong-factorial-qwen25_3b-grpo-gsm8k-base-s94/phase-memory-5032028.csv
run-be71851f7d9212c5,cfg-5047dff55c13e55f,rollout,32660.0,completed_run,output/strengthening_factorial/strong-factorial-qwen25_3b-grpo-gsm8k-base-s94/phase-memory-5032028.csv
run-be71851f7d9212c5,cfg-5047dff55c13e55f,weight_sync,33108.0,completed_run,output/strengthening_factorial/strong-factorial-qwen25_3b-grpo-gsm8k-base-s94/phase-memory-5032028.csv
run-be8120c20d0b390e,cfg-89ca48ce88ea694e,actor_update,33788.0,completed_run,output/major_revision_cross_model_confirmatory/mr-xm-confirm-phi4_mini-grpo-code_heavy_tail-c3-s52/phase-memory-5003957.csv
run-be8120c20d0b390e,cfg-89ca48ce88ea694e,idle,39550.0,completed_run,output/major_revision_cross_model_confirmatory/mr-xm-confirm-phi4_mini-grpo-code_heavy_tail-c3-s52/phase-memory-5003957.csv
run-be8120c20d0b390e,cfg-89ca48ce88ea694e,initializing,39430.0,completed_run,output/major_revision_cross_model_confirmatory/mr-xm-confirm-phi4_mini-grpo-code_heavy_tail-c3-s52/phase-memory-5003957.csv
run-be8120c20d0b390e,cfg-89ca48ce88ea694e,reference_logprob,17794.0,completed_run,output/major_revision_cross_model_confirmatory/mr-xm-confirm-phi4_mini-grpo-code_heavy_tail-c3-s52/phase-memory-5003957.csv
run-be8120c20d0b390e,cfg-89ca48ce88ea694e,rollout,40010.0,completed_run,output/major_revision_cross_model_confirmatory/mr-xm-confirm-phi4_mini-grpo-code_heavy_tail-c3-s52/phase-memory-5003957.csv
run-be8120c20d0b390e,cfg-89ca48ce88ea694e,weight_sync,39550.0,completed_run,output/major_revision_cross_model_confirmatory/mr-xm-confirm-phi4_mini-grpo-code_heavy_tail-c3-s52/phase-memory-5003957.csv
run-c05f93a718bc11c4,cfg-96ccf395b84393f7,actor_update,16662.0,completed_run,output/benchmark_v2_cross_family_confirmatory/v2cf-confirm-phi4_mini-grpo-gsm8k_long-c2-s41/phase-memory-4936179.csv
run-c05f93a718bc11c4,cfg-96ccf395b84393f7,idle,35538.0,completed_run,output/benchmark_v2_cross_family_confirmatory/v2cf-confirm-phi4_mini-grpo-gsm8k_long-c2-s41/phase-memory-4936179.csv
run-c05f93a718bc11c4,cfg-96ccf395b84393f7,initializing,35398.0,completed_run,output/benchmark_v2_cross_family_confirmatory/v2cf-confirm-phi4_mini-grpo-gsm8k_long-c2-s41/phase-memory-4936179.csv
run-c05f93a718bc11c4,cfg-96ccf395b84393f7,reference_logprob,13992.0,completed_run,output/benchmark_v2_cross_family_confirmatory/v2cf-confirm-phi4_mini-grpo-gsm8k_long-c2-s41/phase-memory-4936179.csv
run-c05f93a718bc11c4,cfg-96ccf395b84393f7,rollout,35314.0,completed_run,output/benchmark_v2_cross_family_confirmatory/v2cf-confirm-phi4_mini-grpo-gsm8k_long-c2-s41/phase-memory-4936179.csv
run-c05f93a718bc11c4,cfg-96ccf395b84393f7,weight_sync,35016.0,completed_run,output/benchmark_v2_cross_family_confirmatory/v2cf-confirm-phi4_mini-grpo-gsm8k_long-c2-s41/phase-memory-4936179.csv
run-c06f5724c4fb11d3,cfg-cd3974595f9db882,actor_update,13106.0,completed_run,output/benchmark_v2_cross_family_confirmatory/v2cf-confirm-qwen25_3b-grpo-gsm8k_long-c1-s42/phase-memory-4935523.csv
run-c06f5724c4fb11d3,cfg-cd3974595f9db882,idle,20982.0,completed_run,output/benchmark_v2_cross_family_confirmatory/v2cf-confirm-qwen25_3b-grpo-gsm8k_long-c1-s42/phase-memory-4935523.csv
run-c06f5724c4fb11d3,cfg-cd3974595f9db882,initializing,20996.0,completed_run,output/benchmark_v2_cross_family_confirmatory/v2cf-confirm-qwen25_3b-grpo-gsm8k_long-c1-s42/phase-memory-4935523.csv
run-c06f5724c4fb11d3,cfg-cd3974595f9db882,reference_logprob,11924.0,completed_run,output/benchmark_v2_cross_family_confirmatory/v2cf-confirm-qwen25_3b-grpo-gsm8k_long-c1-s42/phase-memory-4935523.csv
run-c06f5724c4fb11d3,cfg-cd3974595f9db882,rollout,20468.0,completed_run,output/benchmark_v2_cross_family_confirmatory/v2cf-confirm-qwen25_3b-grpo-gsm8k_long-c1-s42/phase-memory-4935523.csv
run-c06f5724c4fb11d3,cfg-cd3974595f9db882,weight_sync,21560.0,completed_run,output/benchmark_v2_cross_family_confirmatory/v2cf-confirm-qwen25_3b-grpo-gsm8k_long-c1-s42/phase-memory-4935523.csv
run-c0f90c2b436767fa,cfg-f439d2dd90137a80,actor_update,9300.0,completed_run,output/revision_topology/rev-topology-granite33_2b-gsm8k-c4-s112-four_gpu/attempt-5045398/phase-memory-5045398.csv
run-c0f90c2b436767fa,cfg-f439d2dd90137a80,idle,37740.0,completed_run,output/revision_topology/rev-topology-granite33_2b-gsm8k-c4-s112-four_gpu/attempt-5045398/phase-memory-5045398.csv
run-c0f90c2b436767fa,cfg-f439d2dd90137a80,initializing,37526.0,completed_run,output/revision_topology/rev-topology-granite33_2b-gsm8k-c4-s112-four_gpu/attempt-5045398/phase-memory-5045398.csv
run-c0f90c2b436767fa,cfg-f439d2dd90137a80,reference_logprob,6848.0,completed_run,output/revision_topology/rev-topology-granite33_2b-gsm8k-c4-s112-four_gpu/attempt-5045398/phase-memory-5045398.csv
run-c0f90c2b436767fa,cfg-f439d2dd90137a80,rollout,37550.0,completed_run,output/revision_topology/rev-topology-granite33_2b-gsm8k-c4-s112-four_gpu/attempt-5045398/phase-memory-5045398.csv
run-c0f90c2b436767fa,cfg-f439d2dd90137a80,weight_sync,37740.0,completed_run,output/revision_topology/rev-topology-granite33_2b-gsm8k-c4-s112-four_gpu/attempt-5045398/phase-memory-5045398.csv
run-c17a3de1776db1a4,cfg-fd5bb0db68b0dae3,actor_update,10174.0,completed_run,output/strengthening_granite_confirmatory/strong-granite-confirmatory-grpo-gsm8k_long-c0-s93/phase-memory-5031220.csv
run-c17a3de1776db1a4,cfg-fd5bb0db68b0dae3,idle,15048.0,completed_run,output/strengthening_granite_confirmatory/strong-granite-confirmatory-grpo-gsm8k_long-c0-s93/phase-memory-5031220.csv
run-c17a3de1776db1a4,cfg-fd5bb0db68b0dae3,initializing,18526.0,completed_run,output/strengthening_granite_confirmatory/strong-granite-confirmatory-grpo-gsm8k_long-c0-s93/phase-memory-5031220.csv
run-c17a3de1776db1a4,cfg-fd5bb0db68b0dae3,reference_logprob,9190.0,completed_run,output/strengthening_granite_confirmatory/strong-granite-confirmatory-grpo-gsm8k_long-c0-s93/phase-memory-5031220.csv
run-c17a3de1776db1a4,cfg-fd5bb0db68b0dae3,rollout,14660.0,completed_run,output/strengthening_granite_confirmatory/strong-granite-confirmatory-grpo-gsm8k_long-c0-s93/phase-memory-5031220.csv
run-c17a3de1776db1a4,cfg-fd5bb0db68b0dae3,weight_sync,19050.0,completed_run,output/strengthening_granite_confirmatory/strong-granite-confirmatory-grpo-gsm8k_long-c0-s93/phase-memory-5031220.csv
run-c1aa231a59c5ad45,cfg-1432bb8a4d9c3b8c,actor_update,18382.0,completed_run,output/revision_topology/rev-topology-phi4_mini-math-c4-s112-four_gpu/attempt-5045382/phase-memory-5045382.csv
run-c1aa231a59c5ad45,cfg-1432bb8a4d9c3b8c,idle,40014.0,completed_run,output/revision_topology/rev-topology-phi4_mini-math-c4-s112-four_gpu/attempt-5045382/phase-memory-5045382.csv
run-c1aa231a59c5ad45,cfg-1432bb8a4d9c3b8c,initializing,40236.0,completed_run,output/revision_topology/rev-topology-phi4_mini-math-c4-s112-four_gpu/attempt-5045382/phase-memory-5045382.csv
run-c1aa231a59c5ad45,cfg-1432bb8a4d9c3b8c,reference_logprob,12776.0,completed_run,output/revision_topology/rev-topology-phi4_mini-math-c4-s112-four_gpu/attempt-5045382/phase-memory-5045382.csv
run-c1aa231a59c5ad45,cfg-1432bb8a4d9c3b8c,rollout,40058.0,completed_run,output/revision_topology/rev-topology-phi4_mini-math-c4-s112-four_gpu/attempt-5045382/phase-memory-5045382.csv
run-c1aa231a59c5ad45,cfg-1432bb8a4d9c3b8c,weight_sync,40014.0,completed_run,output/revision_topology/rev-topology-phi4_mini-math-c4-s112-four_gpu/attempt-5045382/phase-memory-5045382.csv
run-c1b20077e7ccc9a1,cfg-b5007322fb2e1772,actor_update,12406.0,completed_run,output/major_revision_cross_model_confirmatory/mr-xm-confirm-qwen25_3b-grpo-code_heavy_tail-c0-s52/phase-memory-4999504.csv
run-c1b20077e7ccc9a1,cfg-b5007322fb2e1772,idle,14916.0,completed_run,output/major_revision_cross_model_confirmatory/mr-xm-confirm-qwen25_3b-grpo-code_heavy_tail-c0-s52/phase-memory-4999504.csv
run-c1b20077e7ccc9a1,cfg-b5007322fb2e1772,initializing,20996.0,completed_run,output/major_revision_cross_model_confirmatory/mr-xm-confirm-qwen25_3b-grpo-code_heavy_tail-c0-s52/phase-memory-4999504.csv
run-c1b20077e7ccc9a1,cfg-b5007322fb2e1772,reference_logprob,13802.0,completed_run,output/major_revision_cross_model_confirmatory/mr-xm-confirm-qwen25_3b-grpo-code_heavy_tail-c0-s52/phase-memory-4999504.csv
run-c1b20077e7ccc9a1,cfg-b5007322fb2e1772,rollout,15116.0,completed_run,output/major_revision_cross_model_confirmatory/mr-xm-confirm-qwen25_3b-grpo-code_heavy_tail-c0-s52/phase-memory-4999504.csv
run-c1b20077e7ccc9a1,cfg-b5007322fb2e1772,weight_sync,21542.0,completed_run,output/major_revision_cross_model_confirmatory/mr-xm-confirm-qwen25_3b-grpo-code_heavy_tail-c0-s52/phase-memory-4999504.csv
run-c1fcc3ba9b50d596,cfg-5244d13eac3116ad,actor_update,11690.0,completed_run,output/benchmark_v2_cross_family_confirmatory/v2cf-confirm-qwen25_3b-grpo-gsm8k_long-c0-s42/phase-memory-4935735.csv
run-c1fcc3ba9b50d596,cfg-5244d13eac3116ad,idle,14934.0,completed_run,output/benchmark_v2_cross_family_confirmatory/v2cf-confirm-qwen25_3b-grpo-gsm8k_long-c0-s42/phase-memory-4935735.csv
run-c1fcc3ba9b50d596,cfg-5244d13eac3116ad,initializing,20996.0,completed_run,output/benchmark_v2_cross_family_confirmatory/v2cf-confirm-qwen25_3b-grpo-gsm8k_long-c0-s42/phase-memory-4935735.csv
run-c1fcc3ba9b50d596,cfg-5244d13eac3116ad,reference_logprob,11744.0,completed_run,output/benchmark_v2_cross_family_confirmatory/v2cf-confirm-qwen25_3b-grpo-gsm8k_long-c0-s42/phase-memory-4935735.csv
run-c1fcc3ba9b50d596,cfg-5244d13eac3116ad,rollout,14464.0,completed_run,output/benchmark_v2_cross_family_confirmatory/v2cf-confirm-qwen25_3b-grpo-gsm8k_long-c0-s42/phase-memory-4935735.csv
run-c1fcc3ba9b50d596,cfg-5244d13eac3116ad,weight_sync,21560.0,completed_run,output/benchmark_v2_cross_family_confirmatory/v2cf-confirm-qwen25_3b-grpo-gsm8k_long-c0-s42/phase-memory-4935735.csv
run-c1fed50785307d75,cfg-55811d23c5144bb7,initializing,40956.0,terminal_stage_partial,output/benchmark_v2_cross_family_confirmatory/v2cf-confirm-qwen25_3b-grpo-math_short-c4-s41/phase-memory-4935966.csv
run-c2858d4c72a27981,cfg-ea5a23a40ad5ca50,initializing,40812.0,stage_completion_not_certified,output/major_revision_cross_model_confirmatory/mr-xm-confirm-qwen25_3b-grpo-code_standard-c4-s51/phase-memory-4999419.csv
run-c2858d4c72a27981,cfg-ea5a23a40ad5ca50,rollout,40792.0,terminal_stage_partial,output/major_revision_cross_model_confirmatory/mr-xm-confirm-qwen25_3b-grpo-code_standard-c4-s51/phase-memory-4999419.csv
run-c33938745c45d43a,cfg-57f3e6381e2a814a,actor_update,19154.0,completed_run,output/strengthening_factorial/strong-factorial-phi4_mini-grpo-gsm8k-actor_only-s96/phase-memory-5031796.csv
run-c33938745c45d43a,cfg-57f3e6381e2a814a,idle,35538.0,completed_run,output/strengthening_factorial/strong-factorial-phi4_mini-grpo-gsm8k-actor_only-s96/phase-memory-5031796.csv
run-c33938745c45d43a,cfg-57f3e6381e2a814a,initializing,35398.0,completed_run,output/strengthening_factorial/strong-factorial-phi4_mini-grpo-gsm8k-actor_only-s96/phase-memory-5031796.csv
run-c33938745c45d43a,cfg-57f3e6381e2a814a,reference_logprob,14132.0,completed_run,output/strengthening_factorial/strong-factorial-phi4_mini-grpo-gsm8k-actor_only-s96/phase-memory-5031796.csv
run-c33938745c45d43a,cfg-57f3e6381e2a814a,rollout,35338.0,completed_run,output/strengthening_factorial/strong-factorial-phi4_mini-grpo-gsm8k-actor_only-s96/phase-memory-5031796.csv
run-c33938745c45d43a,cfg-57f3e6381e2a814a,weight_sync,34012.0,completed_run,output/strengthening_factorial/strong-factorial-phi4_mini-grpo-gsm8k-actor_only-s96/phase-memory-5031796.csv
run-c3446afcc2d72038,cfg-3fb18b33cd9f8bcf,actor_update,25804.0,completed_run,output/strengthening_same_node_residency/strong-node-qwen25_3b-grpo-math-near_boundary-s82-p2-release/phase-memory-5031126.csv
run-c3446afcc2d72038,cfg-3fb18b33cd9f8bcf,idle,35778.0,completed_run,output/strengthening_same_node_residency/strong-node-qwen25_3b-grpo-math-near_boundary-s82-p2-release/phase-memory-5031126.csv
run-c3446afcc2d72038,cfg-3fb18b33cd9f8bcf,initializing,35912.0,completed_run,output/strengthening_same_node_residency/strong-node-qwen25_3b-grpo-math-near_boundary-s82-p2-release/phase-memory-5031126.csv
run-c3446afcc2d72038,cfg-3fb18b33cd9f8bcf,reference_logprob,16982.0,completed_run,output/strengthening_same_node_residency/strong-node-qwen25_3b-grpo-math-near_boundary-s82-p2-release/phase-memory-5031126.csv
run-c3446afcc2d72038,cfg-3fb18b33cd9f8bcf,rollout,36056.0,completed_run,output/strengthening_same_node_residency/strong-node-qwen25_3b-grpo-math-near_boundary-s82-p2-release/phase-memory-5031126.csv
run-c3446afcc2d72038,cfg-3fb18b33cd9f8bcf,weight_sync,35778.0,completed_run,output/strengthening_same_node_residency/strong-node-qwen25_3b-grpo-math-near_boundary-s82-p2-release/phase-memory-5031126.csv
run-c3990bbf58cf59ac,cfg-b68e9036992511d4,actor_update,28658.0,completed_run,output/strengthening_same_node_residency/strong-node-qwen25_3b-grpo-math-safe_margin-s81-p1-resident/phase-memory-5031603.csv
run-c3990bbf58cf59ac,cfg-b68e9036992511d4,idle,17586.0,completed_run,output/strengthening_same_node_residency/strong-node-qwen25_3b-grpo-math-safe_margin-s81-p1-resident/phase-memory-5031603.csv
run-c3990bbf58cf59ac,cfg-b68e9036992511d4,initializing,29510.0,completed_run,output/strengthening_same_node_residency/strong-node-qwen25_3b-grpo-math-safe_margin-s81-p1-resident/phase-memory-5031603.csv
run-c3990bbf58cf59ac,cfg-b68e9036992511d4,reference_logprob,31696.0,completed_run,output/strengthening_same_node_residency/strong-node-qwen25_3b-grpo-math-safe_margin-s81-p1-resident/phase-memory-5031603.csv
run-c3990bbf58cf59ac,cfg-b68e9036992511d4,rollout,18542.0,completed_run,output/strengthening_same_node_residency/strong-node-qwen25_3b-grpo-math-safe_margin-s81-p1-resident/phase-memory-5031603.csv
run-c3990bbf58cf59ac,cfg-b68e9036992511d4,weight_sync,30984.0,completed_run,output/strengthening_same_node_residency/strong-node-qwen25_3b-grpo-math-safe_margin-s81-p1-resident/phase-memory-5031603.csv
run-c41a226bcf33a96f,cfg-338d9224eb9d2f3a,actor_update,14568.0,completed_run,output/benchmark_v2_cross_family_confirmatory/v2cf-confirm-qwen25_3b-grpo-gsm8k_long-c2-s41/phase-memory-4935808.csv
run-c41a226bcf33a96f,cfg-338d9224eb9d2f3a,idle,33108.0,completed_run,output/benchmark_v2_cross_family_confirmatory/v2cf-confirm-qwen25_3b-grpo-gsm8k_long-c2-s41/phase-memory-4935808.csv
run-c41a226bcf33a96f,cfg-338d9224eb9d2f3a,initializing,32674.0,completed_run,output/benchmark_v2_cross_family_confirmatory/v2cf-confirm-qwen25_3b-grpo-gsm8k_long-c2-s41/phase-memory-4935808.csv
run-c41a226bcf33a96f,cfg-338d9224eb9d2f3a,reference_logprob,12006.0,completed_run,output/benchmark_v2_cross_family_confirmatory/v2cf-confirm-qwen25_3b-grpo-gsm8k_long-c2-s41/phase-memory-4935808.csv
run-c41a226bcf33a96f,cfg-338d9224eb9d2f3a,rollout,32660.0,completed_run,output/benchmark_v2_cross_family_confirmatory/v2cf-confirm-qwen25_3b-grpo-gsm8k_long-c2-s41/phase-memory-4935808.csv
run-c41a226bcf33a96f,cfg-338d9224eb9d2f3a,weight_sync,33108.0,completed_run,output/benchmark_v2_cross_family_confirmatory/v2cf-confirm-qwen25_3b-grpo-gsm8k_long-c2-s41/phase-memory-4935808.csv
run-c4211690a14a8072,cfg-db87c67536995ab0,actor_update,14266.0,completed_run,output/major_revision_cross_model_confirmatory/mr-xm-confirm-qwen25_3b-grpo-code_standard-c1-s51/phase-memory-4999240.csv
run-c4211690a14a8072,cfg-db87c67536995ab0,idle,20962.0,completed_run,output/major_revision_cross_model_confirmatory/mr-xm-confirm-qwen25_3b-grpo-code_standard-c1-s51/phase-memory-4999240.csv
run-c4211690a14a8072,cfg-db87c67536995ab0,initializing,20996.0,completed_run,output/major_revision_cross_model_confirmatory/mr-xm-confirm-qwen25_3b-grpo-code_standard-c1-s51/phase-memory-4999240.csv
run-c4211690a14a8072,cfg-db87c67536995ab0,reference_logprob,12966.0,completed_run,output/major_revision_cross_model_confirmatory/mr-xm-confirm-qwen25_3b-grpo-code_standard-c1-s51/phase-memory-4999240.csv
run-c4211690a14a8072,cfg-db87c67536995ab0,rollout,21002.0,completed_run,output/major_revision_cross_model_confirmatory/mr-xm-confirm-qwen25_3b-grpo-code_standard-c1-s51/phase-memory-4999240.csv
run-c4211690a14a8072,cfg-db87c67536995ab0,weight_sync,21540.0,completed_run,output/major_revision_cross_model_confirmatory/mr-xm-confirm-qwen25_3b-grpo-code_standard-c1-s51/phase-memory-4999240.csv
run-c48030a2af4a0e7c,cfg-3171760c4182a3cf,actor_update,23732.0,completed_run,output/revision_temporal/rev-temporal-phi4_mini-math-interpolated-s111-source/attempt-5045338/phase-memory-5045338.csv
run-c48030a2af4a0e7c,cfg-3171760c4182a3cf,checkpoint,23732.0,completed_run,output/revision_temporal/rev-temporal-phi4_mini-math-interpolated-s111-source/attempt-5045338/phase-memory-5045338.csv
run-c48030a2af4a0e7c,cfg-3171760c4182a3cf,idle,37606.0,completed_run,output/revision_temporal/rev-temporal-phi4_mini-math-interpolated-s111-source/attempt-5045338/phase-memory-5045338.csv
run-c48030a2af4a0e7c,cfg-3171760c4182a3cf,initializing,37968.0,completed_run,output/revision_temporal/rev-temporal-phi4_mini-math-interpolated-s111-source/attempt-5045338/phase-memory-5045338.csv
run-c48030a2af4a0e7c,cfg-3171760c4182a3cf,reference_logprob,16868.0,completed_run,output/revision_temporal/rev-temporal-phi4_mini-math-interpolated-s111-source/attempt-5045338/phase-memory-5045338.csv
run-c48030a2af4a0e7c,cfg-3171760c4182a3cf,rollout,37916.0,completed_run,output/revision_temporal/rev-temporal-phi4_mini-math-interpolated-s111-source/attempt-5045338/phase-memory-5045338.csv
run-c48030a2af4a0e7c,cfg-3171760c4182a3cf,validation,37878.0,completed_run,output/revision_temporal/rev-temporal-phi4_mini-math-interpolated-s111-source/attempt-5045338/phase-memory-5045338.csv
run-c48030a2af4a0e7c,cfg-3171760c4182a3cf,weight_sync,37794.0,completed_run,output/revision_temporal/rev-temporal-phi4_mini-math-interpolated-s111-source/attempt-5045338/phase-memory-5045338.csv
run-c49a84e89922d298,cfg-d4a213515805a9a7,actor_update,11394.0,completed_run,output/strengthening_granite_confirmatory/strong-granite-confirmatory-grpo-gsm8k_long-c1-s91/phase-memory-5031221.csv
run-c49a84e89922d298,cfg-d4a213515805a9a7,idle,21108.0,completed_run,output/strengthening_granite_confirmatory/strong-granite-confirmatory-grpo-gsm8k_long-c1-s91/phase-memory-5031221.csv
run-c49a84e89922d298,cfg-d4a213515805a9a7,initializing,20636.0,completed_run,output/strengthening_granite_confirmatory/strong-granite-confirmatory-grpo-gsm8k_long-c1-s91/phase-memory-5031221.csv
run-c49a84e89922d298,cfg-d4a213515805a9a7,reference_logprob,9590.0,completed_run,output/strengthening_granite_confirmatory/strong-granite-confirmatory-grpo-gsm8k_long-c1-s91/phase-memory-5031221.csv
run-c49a84e89922d298,cfg-d4a213515805a9a7,rollout,20732.0,completed_run,output/strengthening_granite_confirmatory/strong-granite-confirmatory-grpo-gsm8k_long-c1-s91/phase-memory-5031221.csv
run-c49a84e89922d298,cfg-d4a213515805a9a7,unknown,3168.0,completed_run,output/strengthening_granite_confirmatory/strong-granite-confirmatory-grpo-gsm8k_long-c1-s91/phase-memory-5031221.csv
run-c49a84e89922d298,cfg-d4a213515805a9a7,weight_sync,19030.0,completed_run,output/strengthening_granite_confirmatory/strong-granite-confirmatory-grpo-gsm8k_long-c1-s91/phase-memory-5031221.csv
run-c53b3eb973ecad5a,cfg-b3fe40f61c5686ea,actor_update,40888.0,terminal_stage_partial,output/strengthening_same_node_residency/strong-node-qwen25_1p5b-grpo-math-near_boundary-s83-p1-resident/phase-memory-5031046.csv
run-c53b3eb973ecad5a,cfg-b3fe40f61c5686ea,initializing,36918.0,stage_completion_not_certified,output/strengthening_same_node_residency/strong-node-qwen25_1p5b-grpo-math-near_boundary-s83-p1-resident/phase-memory-5031046.csv
run-c53b3eb973ecad5a,cfg-b3fe40f61c5686ea,reference_logprob,38174.0,stage_completion_not_certified,output/strengthening_same_node_residency/strong-node-qwen25_1p5b-grpo-math-near_boundary-s83-p1-resident/phase-memory-5031046.csv
run-c53b3eb973ecad5a,cfg-b3fe40f61c5686ea,rollout,34104.0,stage_completion_not_certified,output/strengthening_same_node_residency/strong-node-qwen25_1p5b-grpo-math-near_boundary-s83-p1-resident/phase-memory-5031046.csv
run-c55b0ccc21f5fe5d,cfg-ca5490162c750c31,actor_update,12494.0,completed_run,output/strengthening_same_node_residency/strong-node-qwen25_1p5b-grpo-gsm8k-near_boundary-s81-p1-release/phase-memory-5031041.csv
run-c55b0ccc21f5fe5d,cfg-ca5490162c750c31,idle,33956.0,completed_run,output/strengthening_same_node_residency/strong-node-qwen25_1p5b-grpo-gsm8k-near_boundary-s81-p1-release/phase-memory-5031041.csv
run-c55b0ccc21f5fe5d,cfg-ca5490162c750c31,initializing,33736.0,completed_run,output/strengthening_same_node_residency/strong-node-qwen25_1p5b-grpo-gsm8k-near_boundary-s81-p1-release/phase-memory-5031041.csv
run-c55b0ccc21f5fe5d,cfg-ca5490162c750c31,reference_logprob,9364.0,completed_run,output/strengthening_same_node_residency/strong-node-qwen25_1p5b-grpo-gsm8k-near_boundary-s81-p1-release/phase-memory-5031041.csv
run-c55b0ccc21f5fe5d,cfg-ca5490162c750c31,rollout,33662.0,completed_run,output/strengthening_same_node_residency/strong-node-qwen25_1p5b-grpo-gsm8k-near_boundary-s81-p1-release/phase-memory-5031041.csv
run-c55b0ccc21f5fe5d,cfg-ca5490162c750c31,weight_sync,33956.0,completed_run,output/strengthening_same_node_residency/strong-node-qwen25_1p5b-grpo-gsm8k-near_boundary-s81-p1-release/phase-memory-5031041.csv
run-c601b173501df212,cfg-96ccf395b84393f7,actor_update,16882.0,completed_run,output/benchmark_v2_cross_family_confirmatory/v2cf-confirm-phi4_mini-grpo-gsm8k_long-c2-s42/phase-memory-4936181.csv
run-c601b173501df212,cfg-96ccf395b84393f7,idle,35518.0,completed_run,output/benchmark_v2_cross_family_confirmatory/v2cf-confirm-phi4_mini-grpo-gsm8k_long-c2-s42/phase-memory-4936181.csv
run-c601b173501df212,cfg-96ccf395b84393f7,initializing,35398.0,completed_run,output/benchmark_v2_cross_family_confirmatory/v2cf-confirm-phi4_mini-grpo-gsm8k_long-c2-s42/phase-memory-4936181.csv
run-c601b173501df212,cfg-96ccf395b84393f7,reference_logprob,14012.0,completed_run,output/benchmark_v2_cross_family_confirmatory/v2cf-confirm-phi4_mini-grpo-gsm8k_long-c2-s42/phase-memory-4936181.csv
run-c601b173501df212,cfg-96ccf395b84393f7,rollout,35316.0,completed_run,output/benchmark_v2_cross_family_confirmatory/v2cf-confirm-phi4_mini-grpo-gsm8k_long-c2-s42/phase-memory-4936181.csv
run-c601b173501df212,cfg-96ccf395b84393f7,weight_sync,35518.0,completed_run,output/benchmark_v2_cross_family_confirmatory/v2cf-confirm-phi4_mini-grpo-gsm8k_long-c2-s42/phase-memory-4936181.csv
run-c7ba2c863fb5bd4d,cfg-3197439008c27071,actor_update,15184.0,completed_run,output/revision_temporal/rev-temporal-granite33_2b-math-interpolated-s111-long/attempt-5045431/phase-memory-5045431.csv
run-c7ba2c863fb5bd4d,cfg-3197439008c27071,checkpoint,14992.0,completed_run,output/revision_temporal/rev-temporal-granite33_2b-math-interpolated-s111-long/attempt-5045431/phase-memory-5045431.csv
run-c7ba2c863fb5bd4d,cfg-3197439008c27071,idle,38752.0,completed_run,output/revision_temporal/rev-temporal-granite33_2b-math-interpolated-s111-long/attempt-5045431/phase-memory-5045431.csv
run-c7ba2c863fb5bd4d,cfg-3197439008c27071,initializing,38388.0,completed_run,output/revision_temporal/rev-temporal-granite33_2b-math-interpolated-s111-long/attempt-5045431/phase-memory-5045431.csv
run-c7ba2c863fb5bd4d,cfg-3197439008c27071,reference_logprob,11042.0,completed_run,output/revision_temporal/rev-temporal-granite33_2b-math-interpolated-s111-long/attempt-5045431/phase-memory-5045431.csv
run-c7ba2c863fb5bd4d,cfg-3197439008c27071,rollout,39410.0,completed_run,output/revision_temporal/rev-temporal-granite33_2b-math-interpolated-s111-long/attempt-5045431/phase-memory-5045431.csv
run-c7ba2c863fb5bd4d,cfg-3197439008c27071,unknown,38750.0,completed_run,output/revision_temporal/rev-temporal-granite33_2b-math-interpolated-s111-long/attempt-5045431/phase-memory-5045431.csv
run-c7ba2c863fb5bd4d,cfg-3197439008c27071,validation,38854.0,completed_run,output/revision_temporal/rev-temporal-granite33_2b-math-interpolated-s111-long/attempt-5045431/phase-memory-5045431.csv
run-c7ba2c863fb5bd4d,cfg-3197439008c27071,weight_sync,38752.0,completed_run,output/revision_temporal/rev-temporal-granite33_2b-math-interpolated-s111-long/attempt-5045431/phase-memory-5045431.csv
run-c828499eee4a8498,cfg-445e1547e9317cd0,actor_update,11624.0,completed_run,output/strengthening_factorial/strong-factorial-granite33_2b-grpo-gsm8k_long-base-s94/phase-memory-5031353.csv
run-c828499eee4a8498,cfg-445e1547e9317cd0,idle,32322.0,completed_run,output/strengthening_factorial/strong-factorial-granite33_2b-grpo-gsm8k_long-base-s94/phase-memory-5031353.csv
run-c828499eee4a8498,cfg-445e1547e9317cd0,initializing,31876.0,completed_run,output/strengthening_factorial/strong-factorial-granite33_2b-grpo-gsm8k_long-base-s94/phase-memory-5031353.csv
run-c828499eee4a8498,cfg-445e1547e9317cd0,reference_logprob,9336.0,completed_run,output/strengthening_factorial/strong-factorial-granite33_2b-grpo-gsm8k_long-base-s94/phase-memory-5031353.csv
run-c828499eee4a8498,cfg-445e1547e9317cd0,rollout,31924.0,completed_run,output/strengthening_factorial/strong-factorial-granite33_2b-grpo-gsm8k_long-base-s94/phase-memory-5031353.csv
run-c828499eee4a8498,cfg-445e1547e9317cd0,weight_sync,31866.0,completed_run,output/strengthening_factorial/strong-factorial-granite33_2b-grpo-gsm8k_long-base-s94/phase-memory-5031353.csv
run-c84ffdee1a2d99cb,cfg-71a1a1a191bc4135,actor_update,13618.0,completed_run,output/revision_instrumentation/rev-instrumentation-granite33_2b-gsm8k-c4-s112-external/attempt-5045386/phase-memory-5045386.csv
run-c84ffdee1a2d99cb,cfg-71a1a1a191bc4135,idle,40382.0,completed_run,output/revision_instrumentation/rev-instrumentation-granite33_2b-gsm8k-c4-s112-external/attempt-5045386/phase-memory-5045386.csv
run-c84ffdee1a2d99cb,cfg-71a1a1a191bc4135,initializing,39956.0,completed_run,output/revision_instrumentation/rev-instrumentation-granite33_2b-gsm8k-c4-s112-external/attempt-5045386/phase-memory-5045386.csv
run-c84ffdee1a2d99cb,cfg-71a1a1a191bc4135,reference_logprob,9676.0,completed_run,output/revision_instrumentation/rev-instrumentation-granite33_2b-gsm8k-c4-s112-external/attempt-5045386/phase-memory-5045386.csv
run-c84ffdee1a2d99cb,cfg-71a1a1a191bc4135,rollout,40058.0,completed_run,output/revision_instrumentation/rev-instrumentation-granite33_2b-gsm8k-c4-s112-external/attempt-5045386/phase-memory-5045386.csv
run-c84ffdee1a2d99cb,cfg-71a1a1a191bc4135,weight_sync,40382.0,completed_run,output/revision_instrumentation/rev-instrumentation-granite33_2b-gsm8k-c4-s112-external/attempt-5045386/phase-memory-5045386.csv
run-c85130f3388b6df1,cfg-40dbe09dcfdb5368,actor_update,17660.0,completed_run,output/strengthening_factorial/strong-factorial-granite33_2b-grpo-code_heavy_tail-actor_only-s96/phase-memory-5031341.csv
run-c85130f3388b6df1,cfg-40dbe09dcfdb5368,idle,32302.0,completed_run,output/strengthening_factorial/strong-factorial-granite33_2b-grpo-code_heavy_tail-actor_only-s96/phase-memory-5031341.csv
run-c85130f3388b6df1,cfg-40dbe09dcfdb5368,initializing,31876.0,completed_run,output/strengthening_factorial/strong-factorial-granite33_2b-grpo-code_heavy_tail-actor_only-s96/phase-memory-5031341.csv
run-c85130f3388b6df1,cfg-40dbe09dcfdb5368,reference_logprob,10096.0,completed_run,output/strengthening_factorial/strong-factorial-granite33_2b-grpo-code_heavy_tail-actor_only-s96/phase-memory-5031341.csv
run-c85130f3388b6df1,cfg-40dbe09dcfdb5368,rollout,32536.0,completed_run,output/strengthening_factorial/strong-factorial-granite33_2b-grpo-code_heavy_tail-actor_only-s96/phase-memory-5031341.csv
run-c85130f3388b6df1,cfg-40dbe09dcfdb5368,weight_sync,31390.0,completed_run,output/strengthening_factorial/strong-factorial-granite33_2b-grpo-code_heavy_tail-actor_only-s96/phase-memory-5031341.csv
run-c8e9eb1e53bd83a4,cfg-af3c23f421a50a52,actor_update,25090.0,completed_run,output/strengthening_factorial/strong-factorial-phi4_mini-grpo-code_heavy_tail-base-s95/phase-memory-5031695.csv
run-c8e9eb1e53bd83a4,cfg-af3c23f421a50a52,idle,35538.0,completed_run,output/strengthening_factorial/strong-factorial-phi4_mini-grpo-code_heavy_tail-base-s95/phase-memory-5031695.csv
run-c8e9eb1e53bd83a4,cfg-af3c23f421a50a52,initializing,35398.0,completed_run,output/strengthening_factorial/strong-factorial-phi4_mini-grpo-code_heavy_tail-base-s95/phase-memory-5031695.csv
run-c8e9eb1e53bd83a4,cfg-af3c23f421a50a52,reference_logprob,17754.0,completed_run,output/strengthening_factorial/strong-factorial-phi4_mini-grpo-code_heavy_tail-base-s95/phase-memory-5031695.csv
run-c8e9eb1e53bd83a4,cfg-af3c23f421a50a52,rollout,35958.0,completed_run,output/strengthening_factorial/strong-factorial-phi4_mini-grpo-code_heavy_tail-base-s95/phase-memory-5031695.csv
run-c8e9eb1e53bd83a4,cfg-af3c23f421a50a52,weight_sync,35538.0,completed_run,output/strengthening_factorial/strong-factorial-phi4_mini-grpo-code_heavy_tail-base-s95/phase-memory-5031695.csv
run-ca6cba61abc4d184,cfg-61c14de21a34d0e6,actor_update,15164.0,completed_run,output/strengthening_granite_confirmatory/strong-granite-confirmatory-grpo-code_standard-c4-s93/phase-memory-5031373.csv
run-ca6cba61abc4d184,cfg-61c14de21a34d0e6,idle,40382.0,completed_run,output/strengthening_granite_confirmatory/strong-granite-confirmatory-grpo-code_standard-c4-s93/phase-memory-5031373.csv
run-ca6cba61abc4d184,cfg-61c14de21a34d0e6,initializing,39956.0,completed_run,output/strengthening_granite_confirmatory/strong-granite-confirmatory-grpo-code_standard-c4-s93/phase-memory-5031373.csv
run-ca6cba61abc4d184,cfg-61c14de21a34d0e6,reference_logprob,9696.0,completed_run,output/strengthening_granite_confirmatory/strong-granite-confirmatory-grpo-code_standard-c4-s93/phase-memory-5031373.csv
run-ca6cba61abc4d184,cfg-61c14de21a34d0e6,rollout,40614.0,completed_run,output/strengthening_granite_confirmatory/strong-granite-confirmatory-grpo-code_standard-c4-s93/phase-memory-5031373.csv
run-ca6cba61abc4d184,cfg-61c14de21a34d0e6,weight_sync,40382.0,completed_run,output/strengthening_granite_confirmatory/strong-granite-confirmatory-grpo-code_standard-c4-s93/phase-memory-5031373.csv
run-ca8868353ceb4e9e,cfg-161de6cc5f566679,actor_update,26068.0,completed_run,output/strengthening_factorial/strong-factorial-qwen25_3b-grpo-code_heavy_tail-joint-s94/phase-memory-5031992.csv
run-ca8868353ceb4e9e,cfg-161de6cc5f566679,idle,37140.0,completed_run,output/strengthening_factorial/strong-factorial-qwen25_3b-grpo-code_heavy_tail-joint-s94/phase-memory-5031992.csv
run-ca8868353ceb4e9e,cfg-161de6cc5f566679,initializing,36708.0,completed_run,output/strengthening_factorial/strong-factorial-qwen25_3b-grpo-code_heavy_tail-joint-s94/phase-memory-5031992.csv
run-ca8868353ceb4e9e,cfg-161de6cc5f566679,reference_logprob,13864.0,completed_run,output/strengthening_factorial/strong-factorial-qwen25_3b-grpo-code_heavy_tail-joint-s94/phase-memory-5031992.csv
run-ca8868353ceb4e9e,cfg-161de6cc5f566679,rollout,37418.0,completed_run,output/strengthening_factorial/strong-factorial-qwen25_3b-grpo-code_heavy_tail-joint-s94/phase-memory-5031992.csv
run-ca8868353ceb4e9e,cfg-161de6cc5f566679,weight_sync,37140.0,completed_run,output/strengthening_factorial/strong-factorial-qwen25_3b-grpo-code_heavy_tail-joint-s94/phase-memory-5031992.csv
run-cad7ab87f2343281,cfg-371ae37408089efe,actor_update,14236.0,completed_run,output/revision_topology/rev-topology-phi4_mini-math-c2-s113-four_gpu/attempt-5045370/phase-memory-5045370.csv
run-cad7ab87f2343281,cfg-371ae37408089efe,idle,31886.0,completed_run,output/revision_topology/rev-topology-phi4_mini-math-c2-s113-four_gpu/attempt-5045370/phase-memory-5045370.csv
run-cad7ab87f2343281,cfg-371ae37408089efe,initializing,32108.0,completed_run,output/revision_topology/rev-topology-phi4_mini-math-c2-s113-four_gpu/attempt-5045370/phase-memory-5045370.csv
run-cad7ab87f2343281,cfg-371ae37408089efe,reference_logprob,12556.0,completed_run,output/revision_topology/rev-topology-phi4_mini-math-c2-s113-four_gpu/attempt-5045370/phase-memory-5045370.csv
run-cad7ab87f2343281,cfg-371ae37408089efe,rollout,31798.0,completed_run,output/revision_topology/rev-topology-phi4_mini-math-c2-s113-four_gpu/attempt-5045370/phase-memory-5045370.csv
run-cad7ab87f2343281,cfg-371ae37408089efe,unknown,31886.0,completed_run,output/revision_topology/rev-topology-phi4_mini-math-c2-s113-four_gpu/attempt-5045370/phase-memory-5045370.csv
run-cad7ab87f2343281,cfg-371ae37408089efe,weight_sync,31886.0,completed_run,output/revision_topology/rev-topology-phi4_mini-math-c2-s113-four_gpu/attempt-5045370/phase-memory-5045370.csv
run-cc9aa403bccbf9fd,cfg-331bb196cd92fe75,actor_update,21066.0,completed_run,output/strengthening_temporal_phases/strong-time-grpo-gsm8k-qwen25_3b-safe_margin-s92/phase-memory-5032501.csv
run-cc9aa403bccbf9fd,cfg-331bb196cd92fe75,checkpoint,19506.0,completed_run,output/strengthening_temporal_phases/strong-time-grpo-gsm8k-qwen25_3b-safe_margin-s92/phase-memory-5032501.csv
run-cc9aa403bccbf9fd,cfg-331bb196cd92fe75,idle,29730.0,completed_run,output/strengthening_temporal_phases/strong-time-grpo-gsm8k-qwen25_3b-safe_margin-s92/phase-memory-5032501.csv
run-cc9aa403bccbf9fd,cfg-331bb196cd92fe75,initializing,29864.0,completed_run,output/strengthening_temporal_phases/strong-time-grpo-gsm8k-qwen25_3b-safe_margin-s92/phase-memory-5032501.csv
run-cc9aa403bccbf9fd,cfg-331bb196cd92fe75,reference_logprob,15700.0,completed_run,output/strengthening_temporal_phases/strong-time-grpo-gsm8k-qwen25_3b-safe_margin-s92/phase-memory-5032501.csv
run-cc9aa403bccbf9fd,cfg-331bb196cd92fe75,rollout,31698.0,completed_run,output/strengthening_temporal_phases/strong-time-grpo-gsm8k-qwen25_3b-safe_margin-s92/phase-memory-5032501.csv
run-cc9aa403bccbf9fd,cfg-331bb196cd92fe75,unknown,29730.0,completed_run,output/strengthening_temporal_phases/strong-time-grpo-gsm8k-qwen25_3b-safe_margin-s92/phase-memory-5032501.csv
run-cc9aa403bccbf9fd,cfg-331bb196cd92fe75,validation,29976.0,completed_run,output/strengthening_temporal_phases/strong-time-grpo-gsm8k-qwen25_3b-safe_margin-s92/phase-memory-5032501.csv
run-cc9aa403bccbf9fd,cfg-331bb196cd92fe75,weight_sync,29730.0,completed_run,output/strengthening_temporal_phases/strong-time-grpo-gsm8k-qwen25_3b-safe_margin-s92/phase-memory-5032501.csv
run-cca5576255a63eeb,cfg-b3fe40f61c5686ea,actor_update,40054.0,terminal_stage_partial,output/strengthening_same_node_residency/strong-node-qwen25_1p5b-grpo-math-near_boundary-s81-p1-resident/phase-memory-5031044.csv
run-cca5576255a63eeb,cfg-b3fe40f61c5686ea,initializing,36918.0,stage_completion_not_certified,output/strengthening_same_node_residency/strong-node-qwen25_1p5b-grpo-math-near_boundary-s81-p1-resident/phase-memory-5031044.csv
run-cca5576255a63eeb,cfg-b3fe40f61c5686ea,reference_logprob,38290.0,stage_completion_not_certified,output/strengthening_same_node_residency/strong-node-qwen25_1p5b-grpo-math-near_boundary-s81-p1-resident/phase-memory-5031044.csv
run-cca5576255a63eeb,cfg-b3fe40f61c5686ea,rollout,34200.0,stage_completion_not_certified,output/strengthening_same_node_residency/strong-node-qwen25_1p5b-grpo-math-near_boundary-s81-p1-resident/phase-memory-5031044.csv
run-cd116b743ea3a0ee,cfg-d02503f8c9804a2d,actor_update,14184.0,completed_run,output/strengthening_granite_confirmatory/strong-granite-confirmatory-grpo-math_short-c4-s92/phase-memory-5031601.csv
run-cd116b743ea3a0ee,cfg-d02503f8c9804a2d,idle,40750.0,completed_run,output/strengthening_granite_confirmatory/strong-granite-confirmatory-grpo-math_short-c4-s92/phase-memory-5031601.csv
run-cd116b743ea3a0ee,cfg-d02503f8c9804a2d,initializing,40388.0,completed_run,output/strengthening_granite_confirmatory/strong-granite-confirmatory-grpo-math_short-c4-s92/phase-memory-5031601.csv
run-cd116b743ea3a0ee,cfg-d02503f8c9804a2d,reference_logprob,10304.0,completed_run,output/strengthening_granite_confirmatory/strong-granite-confirmatory-grpo-math_short-c4-s92/phase-memory-5031601.csv
run-cd116b743ea3a0ee,cfg-d02503f8c9804a2d,rollout,40568.0,completed_run,output/strengthening_granite_confirmatory/strong-granite-confirmatory-grpo-math_short-c4-s92/phase-memory-5031601.csv
run-cd116b743ea3a0ee,cfg-d02503f8c9804a2d,weight_sync,40750.0,completed_run,output/strengthening_granite_confirmatory/strong-granite-confirmatory-grpo-math_short-c4-s92/phase-memory-5031601.csv
run-cd8706bf20c76ecc,cfg-584e6c6664859977,actor_update,12898.0,completed_run,output/strengthening_factorial/strong-factorial-granite33_2b-grpo-gsm8k_long-actor_only-s94/phase-memory-5031356.csv
run-cd8706bf20c76ecc,cfg-584e6c6664859977,idle,32302.0,completed_run,output/strengthening_factorial/strong-factorial-granite33_2b-grpo-gsm8k_long-actor_only-s94/phase-memory-5031356.csv
run-cd8706bf20c76ecc,cfg-584e6c6664859977,initializing,31876.0,completed_run,output/strengthening_factorial/strong-factorial-granite33_2b-grpo-gsm8k_long-actor_only-s94/phase-memory-5031356.csv
run-cd8706bf20c76ecc,cfg-584e6c6664859977,reference_logprob,9314.0,completed_run,output/strengthening_factorial/strong-factorial-granite33_2b-grpo-gsm8k_long-actor_only-s94/phase-memory-5031356.csv
run-cd8706bf20c76ecc,cfg-584e6c6664859977,rollout,31930.0,completed_run,output/strengthening_factorial/strong-factorial-granite33_2b-grpo-gsm8k_long-actor_only-s94/phase-memory-5031356.csv
run-cd8706bf20c76ecc,cfg-584e6c6664859977,weight_sync,32302.0,completed_run,output/strengthening_factorial/strong-factorial-granite33_2b-grpo-gsm8k_long-actor_only-s94/phase-memory-5031356.csv
run-cdb185f1541bbf3d,cfg-a3987314cb2f9f12,actor_update,22636.0,completed_run,output/benchmark_v2_cross_family_confirmatory/v2cf-confirm-phi4_mini-grpo-math_short-c3-s41/phase-memory-4936293.csv
run-cdb185f1541bbf3d,cfg-a3987314cb2f9f12,idle,39842.0,completed_run,output/benchmark_v2_cross_family_confirmatory/v2cf-confirm-phi4_mini-grpo-math_short-c3-s41/phase-memory-4936293.csv
run-cdb185f1541bbf3d,cfg-a3987314cb2f9f12,initializing,40016.0,completed_run,output/benchmark_v2_cross_family_confirmatory/v2cf-confirm-phi4_mini-grpo-math_short-c3-s41/phase-memory-4936293.csv
run-cdb185f1541bbf3d,cfg-a3987314cb2f9f12,reference_logprob,16846.0,completed_run,output/benchmark_v2_cross_family_confirmatory/v2cf-confirm-phi4_mini-grpo-math_short-c3-s41/phase-memory-4936293.csv
run-cdb185f1541bbf3d,cfg-a3987314cb2f9f12,rollout,39886.0,completed_run,output/benchmark_v2_cross_family_confirmatory/v2cf-confirm-phi4_mini-grpo-math_short-c3-s41/phase-memory-4936293.csv
run-cdb185f1541bbf3d,cfg-a3987314cb2f9f12,weight_sync,39842.0,completed_run,output/benchmark_v2_cross_family_confirmatory/v2cf-confirm-phi4_mini-grpo-math_short-c3-s41/phase-memory-4936293.csv
run-cdcada2885d77ab6,cfg-90f4a9f55e2f827d,actor_update,18988.0,completed_run,output/review_instrumentation_batch/review-control-qwen25_3b-code_heavy_tail-s123-full_b8/attempt-5048501/phase-memory-5048501.csv
run-cdcada2885d77ab6,cfg-90f4a9f55e2f827d,idle,33108.0,completed_run,output/review_instrumentation_batch/review-control-qwen25_3b-code_heavy_tail-s123-full_b8/attempt-5048501/phase-memory-5048501.csv
run-cdcada2885d77ab6,cfg-90f4a9f55e2f827d,initializing,32676.0,completed_run,output/review_instrumentation_batch/review-control-qwen25_3b-code_heavy_tail-s123-full_b8/attempt-5048501/phase-memory-5048501.csv
run-cdcada2885d77ab6,cfg-90f4a9f55e2f827d,reference_logprob,13944.0,completed_run,output/review_instrumentation_batch/review-control-qwen25_3b-code_heavy_tail-s123-full_b8/attempt-5048501/phase-memory-5048501.csv
run-cdcada2885d77ab6,cfg-90f4a9f55e2f827d,rollout,33386.0,completed_run,output/review_instrumentation_batch/review-control-qwen25_3b-code_heavy_tail-s123-full_b8/attempt-5048501/phase-memory-5048501.csv
run-cdcada2885d77ab6,cfg-90f4a9f55e2f827d,weight_sync,33108.0,completed_run,output/review_instrumentation_batch/review-control-qwen25_3b-code_heavy_tail-s123-full_b8/attempt-5048501/phase-memory-5048501.csv
run-cdee123860eee2ab,cfg-3ffb5c1bf8440754,actor_update,25962.0,completed_run,output/strengthening_factorial/strong-factorial-phi4_mini-grpo-code_heavy_tail-reservation_only-s96/phase-memory-5031728.csv
run-cdee123860eee2ab,cfg-3ffb5c1bf8440754,idle,39550.0,completed_run,output/strengthening_factorial/strong-factorial-phi4_mini-grpo-code_heavy_tail-reservation_only-s96/phase-memory-5031728.csv
run-cdee123860eee2ab,cfg-3ffb5c1bf8440754,initializing,39430.0,completed_run,output/strengthening_factorial/strong-factorial-phi4_mini-grpo-code_heavy_tail-reservation_only-s96/phase-memory-5031728.csv
run-cdee123860eee2ab,cfg-3ffb5c1bf8440754,reference_logprob,17914.0,completed_run,output/strengthening_factorial/strong-factorial-phi4_mini-grpo-code_heavy_tail-reservation_only-s96/phase-memory-5031728.csv
run-cdee123860eee2ab,cfg-3ffb5c1bf8440754,rollout,40062.0,completed_run,output/strengthening_factorial/strong-factorial-phi4_mini-grpo-code_heavy_tail-reservation_only-s96/phase-memory-5031728.csv
run-cdee123860eee2ab,cfg-3ffb5c1bf8440754,weight_sync,39550.0,completed_run,output/strengthening_factorial/strong-factorial-phi4_mini-grpo-code_heavy_tail-reservation_only-s96/phase-memory-5031728.csv
run-cdfddce708a6b2c5,cfg-41e61e03ad83499f,actor_update,14668.0,completed_run,output/benchmark_v2_telemetry_calibration/v2tel-01-qwen25_1p5b-grpo-math-near_boundary-100ms/phase-memory-4935081.csv
run-cdfddce708a6b2c5,cfg-41e61e03ad83499f,idle,34230.0,completed_run,output/benchmark_v2_telemetry_calibration/v2tel-01-qwen25_1p5b-grpo-math-near_boundary-100ms/phase-memory-4935081.csv
run-cdfddce708a6b2c5,cfg-41e61e03ad83499f,initializing,34202.0,completed_run,output/benchmark_v2_telemetry_calibration/v2tel-01-qwen25_1p5b-grpo-math-near_boundary-100ms/phase-memory-4935081.csv
run-cdfddce708a6b2c5,cfg-41e61e03ad83499f,reference_logprob,10240.0,completed_run,output/benchmark_v2_telemetry_calibration/v2tel-01-qwen25_1p5b-grpo-math-near_boundary-100ms/phase-memory-4935081.csv
run-cdfddce708a6b2c5,cfg-41e61e03ad83499f,rollout,34060.0,completed_run,output/benchmark_v2_telemetry_calibration/v2tel-01-qwen25_1p5b-grpo-math-near_boundary-100ms/phase-memory-4935081.csv
run-cdfddce708a6b2c5,cfg-41e61e03ad83499f,weight_sync,34230.0,completed_run,output/benchmark_v2_telemetry_calibration/v2tel-01-qwen25_1p5b-grpo-math-near_boundary-100ms/phase-memory-4935081.csv
run-ce00853c23a2ed32,cfg-195974eaa7e946e0,actor_update,14512.0,completed_run,output/revision_temporal/rev-temporal-granite33_2b-math-interpolated-s111-source/attempt-5045431/phase-memory-5045431.csv
run-ce00853c23a2ed32,cfg-195974eaa7e946e0,checkpoint,14512.0,completed_run,output/revision_temporal/rev-temporal-granite33_2b-math-interpolated-s111-source/attempt-5045431/phase-memory-5045431.csv
run-ce00853c23a2ed32,cfg-195974eaa7e946e0,initializing,38388.0,completed_run,output/revision_temporal/rev-temporal-granite33_2b-math-interpolated-s111-source/attempt-5045431/phase-memory-5045431.csv
run-ce00853c23a2ed32,cfg-195974eaa7e946e0,reference_logprob,10366.0,completed_run,output/revision_temporal/rev-temporal-granite33_2b-math-interpolated-s111-source/attempt-5045431/phase-memory-5045431.csv
run-ce00853c23a2ed32,cfg-195974eaa7e946e0,rollout,38558.0,completed_run,output/revision_temporal/rev-temporal-granite33_2b-math-interpolated-s111-source/attempt-5045431/phase-memory-5045431.csv
run-ce00853c23a2ed32,cfg-195974eaa7e946e0,validation,40898.0,completed_run,output/revision_temporal/rev-temporal-granite33_2b-math-interpolated-s111-source/attempt-5045431/phase-memory-5045431.csv
run-ce00853c23a2ed32,cfg-195974eaa7e946e0,weight_sync,40190.0,completed_run,output/revision_temporal/rev-temporal-granite33_2b-math-interpolated-s111-source/attempt-5045431/phase-memory-5045431.csv
run-cecb9ef9d4768a37,cfg-32977d5aa42a41cb,initializing,7780.0,terminal_stage_partial,output/strengthening_granite_confirmatory/strong-granite-confirmatory-grpo-math_short-c5-s91/phase-memory-5031269.csv
run-cef469d9b68c446d,cfg-40dbe09dcfdb5368,actor_update,17382.0,completed_run,output/strengthening_factorial/strong-factorial-granite33_2b-grpo-code_heavy_tail-actor_only-s94/phase-memory-5031339.csv
run-cef469d9b68c446d,cfg-40dbe09dcfdb5368,idle,32302.0,completed_run,output/strengthening_factorial/strong-factorial-granite33_2b-grpo-code_heavy_tail-actor_only-s94/phase-memory-5031339.csv
run-cef469d9b68c446d,cfg-40dbe09dcfdb5368,initializing,31876.0,completed_run,output/strengthening_factorial/strong-factorial-granite33_2b-grpo-code_heavy_tail-actor_only-s94/phase-memory-5031339.csv
run-cef469d9b68c446d,cfg-40dbe09dcfdb5368,reference_logprob,9958.0,completed_run,output/strengthening_factorial/strong-factorial-granite33_2b-grpo-code_heavy_tail-actor_only-s94/phase-memory-5031339.csv
run-cef469d9b68c446d,cfg-40dbe09dcfdb5368,rollout,32534.0,completed_run,output/strengthening_factorial/strong-factorial-granite33_2b-grpo-code_heavy_tail-actor_only-s94/phase-memory-5031339.csv
run-cef469d9b68c446d,cfg-40dbe09dcfdb5368,weight_sync,32302.0,completed_run,output/strengthening_factorial/strong-factorial-granite33_2b-grpo-code_heavy_tail-actor_only-s94/phase-memory-5031339.csv
run-d0e5e0fc7f89d0e8,cfg-a24e9cdd2f6143f2,actor_update,15138.0,completed_run,output/major_revision_cross_model_confirmatory/mr-xm-confirm-phi4_mini-grpo-code_heavy_tail-c0-s53/phase-memory-5003608.csv
run-d0e5e0fc7f89d0e8,cfg-a24e9cdd2f6143f2,idle,15864.0,completed_run,output/major_revision_cross_model_confirmatory/mr-xm-confirm-phi4_mini-grpo-code_heavy_tail-c0-s53/phase-memory-5003608.csv
run-d0e5e0fc7f89d0e8,cfg-a24e9cdd2f6143f2,initializing,25598.0,completed_run,output/major_revision_cross_model_confirmatory/mr-xm-confirm-phi4_mini-grpo-code_heavy_tail-c0-s53/phase-memory-5003608.csv
run-d0e5e0fc7f89d0e8,cfg-a24e9cdd2f6143f2,reference_logprob,17648.0,completed_run,output/major_revision_cross_model_confirmatory/mr-xm-confirm-phi4_mini-grpo-code_heavy_tail-c0-s53/phase-memory-5003608.csv
run-d0e5e0fc7f89d0e8,cfg-a24e9cdd2f6143f2,rollout,16188.0,completed_run,output/major_revision_cross_model_confirmatory/mr-xm-confirm-phi4_mini-grpo-code_heavy_tail-c0-s53/phase-memory-5003608.csv
run-d0e5e0fc7f89d0e8,cfg-a24e9cdd2f6143f2,unknown,15408.0,completed_run,output/major_revision_cross_model_confirmatory/mr-xm-confirm-phi4_mini-grpo-code_heavy_tail-c0-s53/phase-memory-5003608.csv
run-d0e5e0fc7f89d0e8,cfg-a24e9cdd2f6143f2,weight_sync,26056.0,completed_run,output/major_revision_cross_model_confirmatory/mr-xm-confirm-phi4_mini-grpo-code_heavy_tail-c0-s53/phase-memory-5003608.csv
run-d1a2dd19ba5375d7,cfg-cc900fb7731c3f49,initializing,14790.0,terminal_stage_partial,output/benchmark_v2_cross_family_confirmatory/v2cf-confirm-phi4_mini-grpo-math_short-c5-s43/phase-memory-4936400.csv
run-d1bf6711fc6651dd,cfg-83aadaf7687932d9,actor_update,16948.0,stage_completion_not_certified,output/revision_instrumentation/rev-instrumentation-qwen25_3b-gsm8k-c4-s111-full/attempt-5045286/phase-memory-5045286.csv
run-d1bf6711fc6651dd,cfg-83aadaf7687932d9,initializing,40812.0,stage_completion_not_certified,output/revision_instrumentation/rev-instrumentation-qwen25_3b-gsm8k-c4-s111-full/attempt-5045286/phase-memory-5045286.csv
run-d1bf6711fc6651dd,cfg-83aadaf7687932d9,reference_logprob,11786.0,stage_completion_not_certified,output/revision_instrumentation/rev-instrumentation-qwen25_3b-gsm8k-c4-s111-full/attempt-5045286/phase-memory-5045286.csv
run-d1bf6711fc6651dd,cfg-83aadaf7687932d9,rollout,40796.0,stage_completion_not_certified,output/revision_instrumentation/rev-instrumentation-qwen25_3b-gsm8k-c4-s111-full/attempt-5045286/phase-memory-5045286.csv
run-d1bf6711fc6651dd,cfg-83aadaf7687932d9,weight_sync,40536.0,terminal_stage_partial,output/revision_instrumentation/rev-instrumentation-qwen25_3b-gsm8k-c4-s111-full/attempt-5045286/phase-memory-5045286.csv
run-d1f250f534fb8678,cfg-73c06764ba28a56b,actor_update,12920.0,completed_run,output/strengthening_granite_confirmatory/strong-granite-confirmatory-grpo-gsm8k_long-c3-s92/phase-memory-5031239.csv
run-d1f250f534fb8678,cfg-73c06764ba28a56b,idle,36302.0,completed_run,output/strengthening_granite_confirmatory/strong-granite-confirmatory-grpo-gsm8k_long-c3-s92/phase-memory-5031239.csv
run-d1f250f534fb8678,cfg-73c06764ba28a56b,initializing,35876.0,completed_run,output/strengthening_granite_confirmatory/strong-granite-confirmatory-grpo-gsm8k_long-c3-s92/phase-memory-5031239.csv
run-d1f250f534fb8678,cfg-73c06764ba28a56b,reference_logprob,9354.0,completed_run,output/strengthening_granite_confirmatory/strong-granite-confirmatory-grpo-gsm8k_long-c3-s92/phase-memory-5031239.csv
run-d1f250f534fb8678,cfg-73c06764ba28a56b,rollout,35992.0,completed_run,output/strengthening_granite_confirmatory/strong-granite-confirmatory-grpo-gsm8k_long-c3-s92/phase-memory-5031239.csv
run-d1f250f534fb8678,cfg-73c06764ba28a56b,weight_sync,35746.0,completed_run,output/strengthening_granite_confirmatory/strong-granite-confirmatory-grpo-gsm8k_long-c3-s92/phase-memory-5031239.csv
run-d29e87d17c317703,cfg-3bbff1090fab73f9,actor_update,16804.0,completed_run,output/revision_instrumentation/rev-instrumentation-qwen25_3b-gsm8k-c3-s112-full/attempt-5045284/phase-memory-5045284.csv
run-d29e87d17c317703,cfg-3bbff1090fab73f9,idle,37140.0,completed_run,output/revision_instrumentation/rev-instrumentation-qwen25_3b-gsm8k-c3-s112-full/attempt-5045284/phase-memory-5045284.csv
run-d29e87d17c317703,cfg-3bbff1090fab73f9,initializing,36708.0,completed_run,output/revision_instrumentation/rev-instrumentation-qwen25_3b-gsm8k-c3-s112-full/attempt-5045284/phase-memory-5045284.csv
run-d29e87d17c317703,cfg-3bbff1090fab73f9,reference_logprob,11844.0,completed_run,output/revision_instrumentation/rev-instrumentation-qwen25_3b-gsm8k-c3-s112-full/attempt-5045284/phase-memory-5045284.csv
run-d29e87d17c317703,cfg-3bbff1090fab73f9,rollout,36836.0,completed_run,output/revision_instrumentation/rev-instrumentation-qwen25_3b-gsm8k-c3-s112-full/attempt-5045284/phase-memory-5045284.csv
run-d29e87d17c317703,cfg-3bbff1090fab73f9,weight_sync,37140.0,completed_run,output/revision_instrumentation/rev-instrumentation-qwen25_3b-gsm8k-c3-s112-full/attempt-5045284/phase-memory-5045284.csv
run-d2bcadcdc478f9ba,cfg-9139b72537023523,actor_update,15158.0,completed_run,output/strengthening_factorial/strong-factorial-granite33_2b-grpo-code_standard-joint-s94/phase-memory-5031323.csv
run-d2bcadcdc478f9ba,cfg-9139b72537023523,idle,36302.0,completed_run,output/strengthening_factorial/strong-factorial-granite33_2b-grpo-code_standard-joint-s94/phase-memory-5031323.csv
run-d2bcadcdc478f9ba,cfg-9139b72537023523,initializing,35876.0,completed_run,output/strengthening_factorial/strong-factorial-granite33_2b-grpo-code_standard-joint-s94/phase-memory-5031323.csv
run-d2bcadcdc478f9ba,cfg-9139b72537023523,reference_logprob,9618.0,completed_run,output/strengthening_factorial/strong-factorial-granite33_2b-grpo-code_standard-joint-s94/phase-memory-5031323.csv
run-d2bcadcdc478f9ba,cfg-9139b72537023523,rollout,36322.0,completed_run,output/strengthening_factorial/strong-factorial-granite33_2b-grpo-code_standard-joint-s94/phase-memory-5031323.csv
run-d2bcadcdc478f9ba,cfg-9139b72537023523,weight_sync,35746.0,completed_run,output/strengthening_factorial/strong-factorial-granite33_2b-grpo-code_standard-joint-s94/phase-memory-5031323.csv
run-d366b0949a17a42e,cfg-f03e4e98c682240e,actor_update,11890.0,completed_run,output/revision_topology/rev-topology-qwen25_3b-math-c2-s111-four_gpu/attempt-5045316/phase-memory-5045316.csv
run-d366b0949a17a42e,cfg-f03e4e98c682240e,idle,30178.0,completed_run,output/revision_topology/rev-topology-qwen25_3b-math-c2-s111-four_gpu/attempt-5045316/phase-memory-5045316.csv
run-d366b0949a17a42e,cfg-f03e4e98c682240e,initializing,30154.0,completed_run,output/revision_topology/rev-topology-qwen25_3b-math-c2-s111-four_gpu/attempt-5045316/phase-memory-5045316.csv
run-d366b0949a17a42e,cfg-f03e4e98c682240e,reference_logprob,10532.0,completed_run,output/revision_topology/rev-topology-qwen25_3b-math-c2-s111-four_gpu/attempt-5045316/phase-memory-5045316.csv
run-d366b0949a17a42e,cfg-f03e4e98c682240e,rollout,29866.0,completed_run,output/revision_topology/rev-topology-qwen25_3b-math-c2-s111-four_gpu/attempt-5045316/phase-memory-5045316.csv
run-d366b0949a17a42e,cfg-f03e4e98c682240e,weight_sync,30178.0,completed_run,output/revision_topology/rev-topology-qwen25_3b-math-c2-s111-four_gpu/attempt-5045316/phase-memory-5045316.csv
run-d37473a655b0ca1b,cfg-89ca48ce88ea694e,actor_update,34670.0,completed_run,output/major_revision_cross_model_confirmatory/mr-xm-confirm-phi4_mini-grpo-code_heavy_tail-c3-s53/phase-memory-5003964.csv
run-d37473a655b0ca1b,cfg-89ca48ce88ea694e,idle,39550.0,completed_run,output/major_revision_cross_model_confirmatory/mr-xm-confirm-phi4_mini-grpo-code_heavy_tail-c3-s53/phase-memory-5003964.csv
run-d37473a655b0ca1b,cfg-89ca48ce88ea694e,initializing,39430.0,completed_run,output/major_revision_cross_model_confirmatory/mr-xm-confirm-phi4_mini-grpo-code_heavy_tail-c3-s53/phase-memory-5003964.csv
run-d37473a655b0ca1b,cfg-89ca48ce88ea694e,reference_logprob,18134.0,completed_run,output/major_revision_cross_model_confirmatory/mr-xm-confirm-phi4_mini-grpo-code_heavy_tail-c3-s53/phase-memory-5003964.csv
run-d37473a655b0ca1b,cfg-89ca48ce88ea694e,rollout,40048.0,completed_run,output/major_revision_cross_model_confirmatory/mr-xm-confirm-phi4_mini-grpo-code_heavy_tail-c3-s53/phase-memory-5003964.csv
run-d37473a655b0ca1b,cfg-89ca48ce88ea694e,weight_sync,39550.0,completed_run,output/major_revision_cross_model_confirmatory/mr-xm-confirm-phi4_mini-grpo-code_heavy_tail-c3-s53/phase-memory-5003964.csv
run-d37e2798582e8124,cfg-792be3e27c84b0cb,actor_update,21972.0,completed_run,output/benchmark_v2_temporal_confirmatory/v2time-grpo-math-qwen25_1p5b-one_step_unsafe-s42/phase-memory-4946975.csv
run-d37e2798582e8124,cfg-792be3e27c84b0cb,idle,38328.0,completed_run,output/benchmark_v2_temporal_confirmatory/v2time-grpo-math-qwen25_1p5b-one_step_unsafe-s42/phase-memory-4946975.csv
run-d37e2798582e8124,cfg-792be3e27c84b0cb,initializing,38618.0,completed_run,output/benchmark_v2_temporal_confirmatory/v2time-grpo-math-qwen25_1p5b-one_step_unsafe-s42/phase-memory-4946975.csv
run-d37e2798582e8124,cfg-792be3e27c84b0cb,reference_logprob,13852.0,completed_run,output/benchmark_v2_temporal_confirmatory/v2time-grpo-math-qwen25_1p5b-one_step_unsafe-s42/phase-memory-4946975.csv
run-d37e2798582e8124,cfg-792be3e27c84b0cb,rollout,40902.0,completed_run,output/benchmark_v2_temporal_confirmatory/v2time-grpo-math-qwen25_1p5b-one_step_unsafe-s42/phase-memory-4946975.csv
run-d37e2798582e8124,cfg-792be3e27c84b0cb,unknown,38328.0,completed_run,output/benchmark_v2_temporal_confirmatory/v2time-grpo-math-qwen25_1p5b-one_step_unsafe-s42/phase-memory-4946975.csv
run-d37e2798582e8124,cfg-792be3e27c84b0cb,weight_sync,38328.0,completed_run,output/benchmark_v2_temporal_confirmatory/v2time-grpo-math-qwen25_1p5b-one_step_unsafe-s42/phase-memory-4946975.csv
run-d39a60e3e6cadc51,cfg-714c540f76d9525d,actor_update,15438.0,completed_run,output/revision_topology/rev-topology-qwen25_3b-math-c3-s113-four_gpu/attempt-5045329/phase-memory-5045329.csv
run-d39a60e3e6cadc51,cfg-714c540f76d9525d,idle,34210.0,completed_run,output/revision_topology/rev-topology-qwen25_3b-math-c3-s113-four_gpu/attempt-5045329/phase-memory-5045329.csv
run-d39a60e3e6cadc51,cfg-714c540f76d9525d,initializing,34186.0,completed_run,output/revision_topology/rev-topology-qwen25_3b-math-c3-s113-four_gpu/attempt-5045329/phase-memory-5045329.csv
run-d39a60e3e6cadc51,cfg-714c540f76d9525d,reference_logprob,10632.0,completed_run,output/revision_topology/rev-topology-qwen25_3b-math-c3-s113-four_gpu/attempt-5045329/phase-memory-5045329.csv
run-d39a60e3e6cadc51,cfg-714c540f76d9525d,rollout,33898.0,completed_run,output/revision_topology/rev-topology-qwen25_3b-math-c3-s113-four_gpu/attempt-5045329/phase-memory-5045329.csv
run-d39a60e3e6cadc51,cfg-714c540f76d9525d,weight_sync,34210.0,completed_run,output/revision_topology/rev-topology-qwen25_3b-math-c3-s113-four_gpu/attempt-5045329/phase-memory-5045329.csv
run-d3d97288abc9c706,cfg-bf9ce8082ed7a2d9,actor_update,19248.0,completed_run,output/strengthening_factorial/strong-factorial-qwen25_3b-grpo-code_heavy_tail-base-s95/phase-memory-5031982.csv
run-d3d97288abc9c706,cfg-bf9ce8082ed7a2d9,idle,33108.0,completed_run,output/strengthening_factorial/strong-factorial-qwen25_3b-grpo-code_heavy_tail-base-s95/phase-memory-5031982.csv
run-d3d97288abc9c706,cfg-bf9ce8082ed7a2d9,initializing,32676.0,completed_run,output/strengthening_factorial/strong-factorial-qwen25_3b-grpo-code_heavy_tail-base-s95/phase-memory-5031982.csv
run-d3d97288abc9c706,cfg-bf9ce8082ed7a2d9,reference_logprob,13924.0,completed_run,output/strengthening_factorial/strong-factorial-qwen25_3b-grpo-code_heavy_tail-base-s95/phase-memory-5031982.csv
run-d3d97288abc9c706,cfg-bf9ce8082ed7a2d9,rollout,33546.0,completed_run,output/strengthening_factorial/strong-factorial-qwen25_3b-grpo-code_heavy_tail-base-s95/phase-memory-5031982.csv
run-d3d97288abc9c706,cfg-bf9ce8082ed7a2d9,weight_sync,31662.0,completed_run,output/strengthening_factorial/strong-factorial-qwen25_3b-grpo-code_heavy_tail-base-s95/phase-memory-5031982.csv
run-d404d335716bdc89,cfg-831b7ab9490a8a5f,actor_update,19760.0,completed_run,output/review_instrumentation_batch/review-control-phi4_mini-gsm8k-s121-full_b16/attempt-5048502/phase-memory-5048502.csv
run-d404d335716bdc89,cfg-831b7ab9490a8a5f,idle,35518.0,completed_run,output/review_instrumentation_batch/review-control-phi4_mini-gsm8k-s121-full_b16/attempt-5048502/phase-memory-5048502.csv
run-d404d335716bdc89,cfg-831b7ab9490a8a5f,initializing,35398.0,completed_run,output/review_instrumentation_batch/review-control-phi4_mini-gsm8k-s121-full_b16/attempt-5048502/phase-memory-5048502.csv
run-d404d335716bdc89,cfg-831b7ab9490a8a5f,reference_logprob,14394.0,completed_run,output/review_instrumentation_batch/review-control-phi4_mini-gsm8k-s121-full_b16/attempt-5048502/phase-memory-5048502.csv
run-d404d335716bdc89,cfg-831b7ab9490a8a5f,rollout,35364.0,completed_run,output/review_instrumentation_batch/review-control-phi4_mini-gsm8k-s121-full_b16/attempt-5048502/phase-memory-5048502.csv
run-d404d335716bdc89,cfg-831b7ab9490a8a5f,weight_sync,35518.0,completed_run,output/review_instrumentation_batch/review-control-phi4_mini-gsm8k-s121-full_b16/attempt-5048502/phase-memory-5048502.csv
run-d4bd02f259ea7182,cfg-cc030db9324662ea,actor_update,12706.0,completed_run,output/revision_temporal/rev-temporal-granite33_2b-gsm8k-interpolated-s112-source/attempt-5045429/phase-memory-5045429.csv
run-d4bd02f259ea7182,cfg-cc030db9324662ea,checkpoint,12918.0,completed_run,output/revision_temporal/rev-temporal-granite33_2b-gsm8k-interpolated-s112-source/attempt-5045429/phase-memory-5045429.csv
run-d4bd02f259ea7182,cfg-cc030db9324662ea,initializing,37956.0,completed_run,output/revision_temporal/rev-temporal-granite33_2b-gsm8k-interpolated-s112-source/attempt-5045429/phase-memory-5045429.csv
run-d4bd02f259ea7182,cfg-cc030db9324662ea,reference_logprob,9354.0,completed_run,output/revision_temporal/rev-temporal-granite33_2b-gsm8k-interpolated-s112-source/attempt-5045429/phase-memory-5045429.csv
run-d4bd02f259ea7182,cfg-cc030db9324662ea,rollout,38012.0,completed_run,output/revision_temporal/rev-temporal-granite33_2b-gsm8k-interpolated-s112-source/attempt-5045429/phase-memory-5045429.csv
run-d4bd02f259ea7182,cfg-cc030db9324662ea,validation,38416.0,completed_run,output/revision_temporal/rev-temporal-granite33_2b-gsm8k-interpolated-s112-source/attempt-5045429/phase-memory-5045429.csv
run-d4bd02f259ea7182,cfg-cc030db9324662ea,weight_sync,38382.0,completed_run,output/revision_temporal/rev-temporal-granite33_2b-gsm8k-interpolated-s112-source/attempt-5045429/phase-memory-5045429.csv
run-d4cad7d32873b7a5,cfg-a46e1a352338ca99,actor_update,19046.0,completed_run,output/revision_instrumentation/rev-instrumentation-qwen25_3b-math-c3-s111-external/attempt-5045289/phase-memory-5045289.csv
run-d4cad7d32873b7a5,cfg-a46e1a352338ca99,idle,37478.0,completed_run,output/revision_instrumentation/rev-instrumentation-qwen25_3b-math-c3-s111-external/attempt-5045289/phase-memory-5045289.csv
run-d4cad7d32873b7a5,cfg-a46e1a352338ca99,initializing,37314.0,completed_run,output/revision_instrumentation/rev-instrumentation-qwen25_3b-math-c3-s111-external/attempt-5045289/phase-memory-5045289.csv
run-d4cad7d32873b7a5,cfg-a46e1a352338ca99,reference_logprob,14122.0,completed_run,output/revision_instrumentation/rev-instrumentation-qwen25_3b-math-c3-s111-external/attempt-5045289/phase-memory-5045289.csv
run-d4cad7d32873b7a5,cfg-a46e1a352338ca99,rollout,37278.0,completed_run,output/revision_instrumentation/rev-instrumentation-qwen25_3b-math-c3-s111-external/attempt-5045289/phase-memory-5045289.csv
run-d4cad7d32873b7a5,cfg-a46e1a352338ca99,weight_sync,37478.0,completed_run,output/revision_instrumentation/rev-instrumentation-qwen25_3b-math-c3-s111-external/attempt-5045289/phase-memory-5045289.csv
run-d4e55ad8d89e06ce,cfg-c3f0ad157d299d39,actor_update,14980.0,completed_run,output/strengthening_granite_confirmatory/strong-granite-confirmatory-grpo-code_standard-c3-s93/phase-memory-5031384.csv
run-d4e55ad8d89e06ce,cfg-c3f0ad157d299d39,idle,36302.0,completed_run,output/strengthening_granite_confirmatory/strong-granite-confirmatory-grpo-code_standard-c3-s93/phase-memory-5031384.csv
run-d4e55ad8d89e06ce,cfg-c3f0ad157d299d39,initializing,35876.0,completed_run,output/strengthening_granite_confirmatory/strong-granite-confirmatory-grpo-code_standard-c3-s93/phase-memory-5031384.csv
run-d4e55ad8d89e06ce,cfg-c3f0ad157d299d39,reference_logprob,9638.0,completed_run,output/strengthening_granite_confirmatory/strong-granite-confirmatory-grpo-code_standard-c3-s93/phase-memory-5031384.csv
run-d4e55ad8d89e06ce,cfg-c3f0ad157d299d39,rollout,36506.0,completed_run,output/strengthening_granite_confirmatory/strong-granite-confirmatory-grpo-code_standard-c3-s93/phase-memory-5031384.csv
run-d4e55ad8d89e06ce,cfg-c3f0ad157d299d39,weight_sync,35746.0,completed_run,output/strengthening_granite_confirmatory/strong-granite-confirmatory-grpo-code_standard-c3-s93/phase-memory-5031384.csv
run-d5ac3858ed309427,cfg-18edbed17d1a0c2e,actor_update,13826.0,completed_run,output/strengthening_same_node_residency/strong-node-qwen25_3b-grpo-math-safe_margin-s83-p2-release/phase-memory-5031149.csv
run-d5ac3858ed309427,cfg-18edbed17d1a0c2e,idle,17602.0,completed_run,output/strengthening_same_node_residency/strong-node-qwen25_3b-grpo-math-safe_margin-s83-p2-release/phase-memory-5031149.csv
run-d5ac3858ed309427,cfg-18edbed17d1a0c2e,initializing,21794.0,completed_run,output/strengthening_same_node_residency/strong-node-qwen25_3b-grpo-math-safe_margin-s83-p2-release/phase-memory-5031149.csv
run-d5ac3858ed309427,cfg-18edbed17d1a0c2e,reference_logprob,16844.0,completed_run,output/strengthening_same_node_residency/strong-node-qwen25_3b-grpo-math-safe_margin-s83-p2-release/phase-memory-5031149.csv
run-d5ac3858ed309427,cfg-18edbed17d1a0c2e,rollout,19174.0,completed_run,output/strengthening_same_node_residency/strong-node-qwen25_3b-grpo-math-safe_margin-s83-p2-release/phase-memory-5031149.csv
run-d5ac3858ed309427,cfg-18edbed17d1a0c2e,weight_sync,22356.0,completed_run,output/strengthening_same_node_residency/strong-node-qwen25_3b-grpo-math-safe_margin-s83-p2-release/phase-memory-5031149.csv
run-d5efcd676f94dc1c,cfg-d50136695367867d,actor_update,18090.0,completed_run,output/revision_instrumentation/rev-instrumentation-phi4_mini-gsm8k-c2-s111-external/attempt-5045334/phase-memory-5045334.csv
run-d5efcd676f94dc1c,cfg-d50136695367867d,idle,35518.0,completed_run,output/revision_instrumentation/rev-instrumentation-phi4_mini-gsm8k-c2-s111-external/attempt-5045334/phase-memory-5045334.csv
run-d5efcd676f94dc1c,cfg-d50136695367867d,initializing,35398.0,completed_run,output/revision_instrumentation/rev-instrumentation-phi4_mini-gsm8k-c2-s111-external/attempt-5045334/phase-memory-5045334.csv
run-d5efcd676f94dc1c,cfg-d50136695367867d,reference_logprob,15092.0,completed_run,output/revision_instrumentation/rev-instrumentation-phi4_mini-gsm8k-c2-s111-external/attempt-5045334/phase-memory-5045334.csv
run-d5efcd676f94dc1c,cfg-d50136695367867d,rollout,35316.0,completed_run,output/revision_instrumentation/rev-instrumentation-phi4_mini-gsm8k-c2-s111-external/attempt-5045334/phase-memory-5045334.csv
run-d5efcd676f94dc1c,cfg-d50136695367867d,weight_sync,35016.0,completed_run,output/revision_instrumentation/rev-instrumentation-phi4_mini-gsm8k-c2-s111-external/attempt-5045334/phase-memory-5045334.csv
run-d5f6634208d6b70f,cfg-211b6fafd167a310,actor_update,23046.0,completed_run,output/strengthening_factorial/strong-factorial-phi4_mini-grpo-math-actor_only-s96/phase-memory-5031837.csv
run-d5f6634208d6b70f,cfg-211b6fafd167a310,idle,35746.0,completed_run,output/strengthening_factorial/strong-factorial-phi4_mini-grpo-math-actor_only-s96/phase-memory-5031837.csv
run-d5f6634208d6b70f,cfg-211b6fafd167a310,initializing,35920.0,completed_run,output/strengthening_factorial/strong-factorial-phi4_mini-grpo-math-actor_only-s96/phase-memory-5031837.csv
run-d5f6634208d6b70f,cfg-211b6fafd167a310,reference_logprob,16868.0,completed_run,output/strengthening_factorial/strong-factorial-phi4_mini-grpo-math-actor_only-s96/phase-memory-5031837.csv
run-d5f6634208d6b70f,cfg-211b6fafd167a310,rollout,35730.0,completed_run,output/strengthening_factorial/strong-factorial-phi4_mini-grpo-math-actor_only-s96/phase-memory-5031837.csv
run-d5f6634208d6b70f,cfg-211b6fafd167a310,weight_sync,35746.0,completed_run,output/strengthening_factorial/strong-factorial-phi4_mini-grpo-math-actor_only-s96/phase-memory-5031837.csv
run-d6465565f199d6c7,cfg-96fe21ab209bd8ca,actor_update,27336.0,completed_run,output/strengthening_factorial/strong-factorial-phi4_mini-grpo-code_standard-actor_only-s94/phase-memory-5031749.csv
run-d6465565f199d6c7,cfg-96fe21ab209bd8ca,idle,35538.0,completed_run,output/strengthening_factorial/strong-factorial-phi4_mini-grpo-code_standard-actor_only-s94/phase-memory-5031749.csv
run-d6465565f199d6c7,cfg-96fe21ab209bd8ca,initializing,35398.0,completed_run,output/strengthening_factorial/strong-factorial-phi4_mini-grpo-code_standard-actor_only-s94/phase-memory-5031749.csv
run-d6465565f199d6c7,cfg-96fe21ab209bd8ca,reference_logprob,16174.0,completed_run,output/strengthening_factorial/strong-factorial-phi4_mini-grpo-code_standard-actor_only-s94/phase-memory-5031749.csv
run-d6465565f199d6c7,cfg-96fe21ab209bd8ca,rollout,35720.0,completed_run,output/strengthening_factorial/strong-factorial-phi4_mini-grpo-code_standard-actor_only-s94/phase-memory-5031749.csv
run-d6465565f199d6c7,cfg-96fe21ab209bd8ca,weight_sync,35538.0,completed_run,output/strengthening_factorial/strong-factorial-phi4_mini-grpo-code_standard-actor_only-s94/phase-memory-5031749.csv
run-d646fd6f6a621fc3,cfg-371ae37408089efe,actor_update,14588.0,completed_run,output/revision_topology/rev-topology-phi4_mini-math-c2-s111-four_gpu/attempt-5045367/phase-memory-5045367.csv
run-d646fd6f6a621fc3,cfg-371ae37408089efe,idle,31886.0,completed_run,output/revision_topology/rev-topology-phi4_mini-math-c2-s111-four_gpu/attempt-5045367/phase-memory-5045367.csv
run-d646fd6f6a621fc3,cfg-371ae37408089efe,initializing,32108.0,completed_run,output/revision_topology/rev-topology-phi4_mini-math-c2-s111-four_gpu/attempt-5045367/phase-memory-5045367.csv
run-d646fd6f6a621fc3,cfg-371ae37408089efe,reference_logprob,12776.0,completed_run,output/revision_topology/rev-topology-phi4_mini-math-c2-s111-four_gpu/attempt-5045367/phase-memory-5045367.csv
run-d646fd6f6a621fc3,cfg-371ae37408089efe,rollout,31894.0,completed_run,output/revision_topology/rev-topology-phi4_mini-math-c2-s111-four_gpu/attempt-5045367/phase-memory-5045367.csv
run-d646fd6f6a621fc3,cfg-371ae37408089efe,weight_sync,31886.0,completed_run,output/revision_topology/rev-topology-phi4_mini-math-c2-s111-four_gpu/attempt-5045367/phase-memory-5045367.csv
run-d657f591d51aee84,cfg-1c5278f8be90a50a,actor_update,25668.0,completed_run,output/major_revision_cross_model_confirmatory/mr-xm-confirm-qwen25_3b-grpo-code_heavy_tail-c3-s53/phase-memory-4999813.csv
run-d657f591d51aee84,cfg-1c5278f8be90a50a,idle,37140.0,completed_run,output/major_revision_cross_model_confirmatory/mr-xm-confirm-qwen25_3b-grpo-code_heavy_tail-c3-s53/phase-memory-4999813.csv
run-d657f591d51aee84,cfg-1c5278f8be90a50a,initializing,36706.0,completed_run,output/major_revision_cross_model_confirmatory/mr-xm-confirm-qwen25_3b-grpo-code_heavy_tail-c3-s53/phase-memory-4999813.csv
run-d657f591d51aee84,cfg-1c5278f8be90a50a,reference_logprob,14004.0,completed_run,output/major_revision_cross_model_confirmatory/mr-xm-confirm-qwen25_3b-grpo-code_heavy_tail-c3-s53/phase-memory-4999813.csv
run-d657f591d51aee84,cfg-1c5278f8be90a50a,rollout,37418.0,completed_run,output/major_revision_cross_model_confirmatory/mr-xm-confirm-qwen25_3b-grpo-code_heavy_tail-c3-s53/phase-memory-4999813.csv
run-d657f591d51aee84,cfg-1c5278f8be90a50a,weight_sync,37140.0,completed_run,output/major_revision_cross_model_confirmatory/mr-xm-confirm-qwen25_3b-grpo-code_heavy_tail-c3-s53/phase-memory-4999813.csv
run-d65f0e29c8d45395,cfg-fb0b705fb78cbfa7,actor_update,12998.0,completed_run,output/strengthening_factorial/strong-factorial-granite33_2b-grpo-code_standard-reservation_only-s95/phase-memory-5031321.csv
run-d65f0e29c8d45395,cfg-fb0b705fb78cbfa7,idle,36302.0,completed_run,output/strengthening_factorial/strong-factorial-granite33_2b-grpo-code_standard-reservation_only-s95/phase-memory-5031321.csv
run-d65f0e29c8d45395,cfg-fb0b705fb78cbfa7,initializing,35876.0,completed_run,output/strengthening_factorial/strong-factorial-granite33_2b-grpo-code_standard-reservation_only-s95/phase-memory-5031321.csv
run-d65f0e29c8d45395,cfg-fb0b705fb78cbfa7,reference_logprob,9734.0,completed_run,output/strengthening_factorial/strong-factorial-granite33_2b-grpo-code_standard-reservation_only-s95/phase-memory-5031321.csv
run-d65f0e29c8d45395,cfg-fb0b705fb78cbfa7,rollout,36506.0,completed_run,output/strengthening_factorial/strong-factorial-granite33_2b-grpo-code_standard-reservation_only-s95/phase-memory-5031321.csv
run-d65f0e29c8d45395,cfg-fb0b705fb78cbfa7,weight_sync,35746.0,completed_run,output/strengthening_factorial/strong-factorial-granite33_2b-grpo-code_standard-reservation_only-s95/phase-memory-5031321.csv
run-d6884e184ae73656,cfg-06e80279db3caed1,actor_update,19076.0,completed_run,output/revision_instrumentation/rev-instrumentation-phi4_mini-math-c2-s112-external/attempt-5045360/phase-memory-5045360.csv
run-d6884e184ae73656,cfg-06e80279db3caed1,idle,35746.0,completed_run,output/revision_instrumentation/rev-instrumentation-phi4_mini-math-c2-s112-external/attempt-5045360/phase-memory-5045360.csv
run-d6884e184ae73656,cfg-06e80279db3caed1,initializing,35920.0,completed_run,output/revision_instrumentation/rev-instrumentation-phi4_mini-math-c2-s112-external/attempt-5045360/phase-memory-5045360.csv
run-d6884e184ae73656,cfg-06e80279db3caed1,reference_logprob,17008.0,completed_run,output/revision_instrumentation/rev-instrumentation-phi4_mini-math-c2-s112-external/attempt-5045360/phase-memory-5045360.csv
run-d6884e184ae73656,cfg-06e80279db3caed1,rollout,36498.0,completed_run,output/revision_instrumentation/rev-instrumentation-phi4_mini-math-c2-s112-external/attempt-5045360/phase-memory-5045360.csv
run-d6884e184ae73656,cfg-06e80279db3caed1,weight_sync,35746.0,completed_run,output/revision_instrumentation/rev-instrumentation-phi4_mini-math-c2-s112-external/attempt-5045360/phase-memory-5045360.csv
run-d81986810c3eed57,cfg-3dc042a103546eac,initializing,7780.0,terminal_stage_partial,output/strengthening_granite_confirmatory/strong-granite-confirmatory-grpo-code_heavy_tail-c5-s92/phase-memory-5031392.csv
run-d8264ad3472e3d2f,cfg-49d9bccfe873f5c6,initializing,40812.0,stage_completion_not_certified,output/major_revision_cross_model_confirmatory/mr-xm-confirm-qwen25_3b-grpo-code_heavy_tail-c4-s51/phase-memory-4999823.csv
run-d8264ad3472e3d2f,cfg-49d9bccfe873f5c6,rollout,40930.0,terminal_stage_partial,output/major_revision_cross_model_confirmatory/mr-xm-confirm-qwen25_3b-grpo-code_heavy_tail-c4-s51/phase-memory-4999823.csv
run-d83bd9cb435b7a6c,cfg-9139b72537023523,actor_update,14958.0,completed_run,output/strengthening_factorial/strong-factorial-granite33_2b-grpo-code_standard-joint-s96/phase-memory-5031352.csv
run-d83bd9cb435b7a6c,cfg-9139b72537023523,idle,36302.0,completed_run,output/strengthening_factorial/strong-factorial-granite33_2b-grpo-code_standard-joint-s96/phase-memory-5031352.csv
run-d83bd9cb435b7a6c,cfg-9139b72537023523,initializing,35876.0,completed_run,output/strengthening_factorial/strong-factorial-granite33_2b-grpo-code_standard-joint-s96/phase-memory-5031352.csv
run-d83bd9cb435b7a6c,cfg-9139b72537023523,reference_logprob,9636.0,completed_run,output/strengthening_factorial/strong-factorial-granite33_2b-grpo-code_standard-joint-s96/phase-memory-5031352.csv
run-d83bd9cb435b7a6c,cfg-9139b72537023523,rollout,36392.0,completed_run,output/strengthening_factorial/strong-factorial-granite33_2b-grpo-code_standard-joint-s96/phase-memory-5031352.csv
run-d83bd9cb435b7a6c,cfg-9139b72537023523,weight_sync,35746.0,completed_run,output/strengthening_factorial/strong-factorial-granite33_2b-grpo-code_standard-joint-s96/phase-memory-5031352.csv
run-d8591fa7f0920d96,cfg-14d47144a7cbb833,actor_update,17146.0,completed_run,output/strengthening_factorial/strong-factorial-phi4_mini-grpo-gsm8k-base-s94/phase-memory-5031778.csv
run-d8591fa7f0920d96,cfg-14d47144a7cbb833,idle,35518.0,completed_run,output/strengthening_factorial/strong-factorial-phi4_mini-grpo-gsm8k-base-s94/phase-memory-5031778.csv
run-d8591fa7f0920d96,cfg-14d47144a7cbb833,initializing,35398.0,completed_run,output/strengthening_factorial/strong-factorial-phi4_mini-grpo-gsm8k-base-s94/phase-memory-5031778.csv
run-d8591fa7f0920d96,cfg-14d47144a7cbb833,reference_logprob,14374.0,completed_run,output/strengthening_factorial/strong-factorial-phi4_mini-grpo-gsm8k-base-s94/phase-memory-5031778.csv
run-d8591fa7f0920d96,cfg-14d47144a7cbb833,rollout,35348.0,completed_run,output/strengthening_factorial/strong-factorial-phi4_mini-grpo-gsm8k-base-s94/phase-memory-5031778.csv
run-d8591fa7f0920d96,cfg-14d47144a7cbb833,weight_sync,35518.0,completed_run,output/strengthening_factorial/strong-factorial-phi4_mini-grpo-gsm8k-base-s94/phase-memory-5031778.csv
run-d8c3d935676cadd8,cfg-409a2028c2748c88,actor_update,19362.0,completed_run,output/review_instrumentation_batch/review-control-phi4_mini-gsm8k-s121-external_b16/attempt-5048502/phase-memory-5048502.csv
run-d8c3d935676cadd8,cfg-409a2028c2748c88,idle,35518.0,completed_run,output/review_instrumentation_batch/review-control-phi4_mini-gsm8k-s121-external_b16/attempt-5048502/phase-memory-5048502.csv
run-d8c3d935676cadd8,cfg-409a2028c2748c88,initializing,35398.0,completed_run,output/review_instrumentation_batch/review-control-phi4_mini-gsm8k-s121-external_b16/attempt-5048502/phase-memory-5048502.csv
run-d8c3d935676cadd8,cfg-409a2028c2748c88,reference_logprob,14112.0,completed_run,output/review_instrumentation_batch/review-control-phi4_mini-gsm8k-s121-external_b16/attempt-5048502/phase-memory-5048502.csv
run-d8c3d935676cadd8,cfg-409a2028c2748c88,rollout,35342.0,completed_run,output/review_instrumentation_batch/review-control-phi4_mini-gsm8k-s121-external_b16/attempt-5048502/phase-memory-5048502.csv
run-d8c3d935676cadd8,cfg-409a2028c2748c88,weight_sync,35518.0,completed_run,output/review_instrumentation_batch/review-control-phi4_mini-gsm8k-s121-external_b16/attempt-5048502/phase-memory-5048502.csv
run-d8d74f67e2fd5933,cfg-301e4dae7048c6ec,actor_update,12372.0,completed_run,output/revision_topology/rev-topology-phi4_mini-gsm8k-c2-s111-four_gpu/attempt-5045345/phase-memory-5045345.csv
run-d8d74f67e2fd5933,cfg-301e4dae7048c6ec,idle,31658.0,completed_run,output/revision_topology/rev-topology-phi4_mini-gsm8k-c2-s111-four_gpu/attempt-5045345/phase-memory-5045345.csv
run-d8d74f67e2fd5933,cfg-301e4dae7048c6ec,initializing,31586.0,completed_run,output/revision_topology/rev-topology-phi4_mini-gsm8k-c2-s111-four_gpu/attempt-5045345/phase-memory-5045345.csv
run-d8d74f67e2fd5933,cfg-301e4dae7048c6ec,reference_logprob,10022.0,completed_run,output/revision_topology/rev-topology-phi4_mini-gsm8k-c2-s111-four_gpu/attempt-5045345/phase-memory-5045345.csv
run-d8d74f67e2fd5933,cfg-301e4dae7048c6ec,rollout,31460.0,completed_run,output/revision_topology/rev-topology-phi4_mini-gsm8k-c2-s111-four_gpu/attempt-5045345/phase-memory-5045345.csv
run-d8d74f67e2fd5933,cfg-301e4dae7048c6ec,weight_sync,31658.0,completed_run,output/revision_topology/rev-topology-phi4_mini-gsm8k-c2-s111-four_gpu/attempt-5045345/phase-memory-5045345.csv
run-d902cc2fc5f6b65f,cfg-872fe55d8f69b30c,actor_update,14394.0,completed_run,output/benchmark_v2_temporal_confirmatory/v2time-grpo-math-qwen25_1p5b-near_boundary-s41/phase-memory-4946123.csv
run-d902cc2fc5f6b65f,cfg-872fe55d8f69b30c,idle,32300.0,completed_run,output/benchmark_v2_temporal_confirmatory/v2time-grpo-math-qwen25_1p5b-near_boundary-s41/phase-memory-4946123.csv
run-d902cc2fc5f6b65f,cfg-872fe55d8f69b30c,initializing,32570.0,completed_run,output/benchmark_v2_temporal_confirmatory/v2time-grpo-math-qwen25_1p5b-near_boundary-s41/phase-memory-4946123.csv
run-d902cc2fc5f6b65f,cfg-872fe55d8f69b30c,reference_logprob,14090.0,completed_run,output/benchmark_v2_temporal_confirmatory/v2time-grpo-math-qwen25_1p5b-near_boundary-s41/phase-memory-4946123.csv
run-d902cc2fc5f6b65f,cfg-872fe55d8f69b30c,rollout,35304.0,completed_run,output/benchmark_v2_temporal_confirmatory/v2time-grpo-math-qwen25_1p5b-near_boundary-s41/phase-memory-4946123.csv
run-d902cc2fc5f6b65f,cfg-872fe55d8f69b30c,unknown,32300.0,completed_run,output/benchmark_v2_temporal_confirmatory/v2time-grpo-math-qwen25_1p5b-near_boundary-s41/phase-memory-4946123.csv
run-d902cc2fc5f6b65f,cfg-872fe55d8f69b30c,weight_sync,32300.0,completed_run,output/benchmark_v2_temporal_confirmatory/v2time-grpo-math-qwen25_1p5b-near_boundary-s41/phase-memory-4946123.csv
run-d93be60895b5579e,cfg-d138048feeb8fe5d,initializing,14790.0,terminal_stage_partial,output/benchmark_v2_cross_family_confirmatory/v2cf-confirm-phi4_mini-grpo-math_short-c4-s43/phase-memory-4936381.csv
run-d94adccd6e5a8a40,cfg-f009e9e3891c06f4,actor_update,18802.0,completed_run,output/benchmark_v2_cross_family_confirmatory/v2cf-confirm-qwen25_3b-grpo-math_short-c3-s42/phase-memory-4935955.csv
run-d94adccd6e5a8a40,cfg-f009e9e3891c06f4,idle,37478.0,completed_run,output/benchmark_v2_cross_family_confirmatory/v2cf-confirm-qwen25_3b-grpo-math_short-c3-s42/phase-memory-4935955.csv
run-d94adccd6e5a8a40,cfg-f009e9e3891c06f4,initializing,37314.0,completed_run,output/benchmark_v2_cross_family_confirmatory/v2cf-confirm-qwen25_3b-grpo-math_short-c3-s42/phase-memory-4935955.csv
run-d94adccd6e5a8a40,cfg-f009e9e3891c06f4,reference_logprob,14042.0,completed_run,output/benchmark_v2_cross_family_confirmatory/v2cf-confirm-qwen25_3b-grpo-math_short-c3-s42/phase-memory-4935955.csv
run-d94adccd6e5a8a40,cfg-f009e9e3891c06f4,rollout,37116.0,completed_run,output/benchmark_v2_cross_family_confirmatory/v2cf-confirm-qwen25_3b-grpo-math_short-c3-s42/phase-memory-4935955.csv
run-d94adccd6e5a8a40,cfg-f009e9e3891c06f4,weight_sync,37478.0,completed_run,output/benchmark_v2_cross_family_confirmatory/v2cf-confirm-qwen25_3b-grpo-math_short-c3-s42/phase-memory-4935955.csv
run-d9798309559a273a,cfg-d50136695367867d,actor_update,16682.0,completed_run,output/revision_instrumentation/rev-instrumentation-phi4_mini-gsm8k-c2-s113-external/attempt-5045343/phase-memory-5045343.csv
run-d9798309559a273a,cfg-d50136695367867d,idle,35538.0,completed_run,output/revision_instrumentation/rev-instrumentation-phi4_mini-gsm8k-c2-s113-external/attempt-5045343/phase-memory-5045343.csv
run-d9798309559a273a,cfg-d50136695367867d,initializing,35398.0,completed_run,output/revision_instrumentation/rev-instrumentation-phi4_mini-gsm8k-c2-s113-external/attempt-5045343/phase-memory-5045343.csv
run-d9798309559a273a,cfg-d50136695367867d,reference_logprob,13952.0,completed_run,output/revision_instrumentation/rev-instrumentation-phi4_mini-gsm8k-c2-s113-external/attempt-5045343/phase-memory-5045343.csv
run-d9798309559a273a,cfg-d50136695367867d,rollout,35314.0,completed_run,output/revision_instrumentation/rev-instrumentation-phi4_mini-gsm8k-c2-s113-external/attempt-5045343/phase-memory-5045343.csv
run-d9798309559a273a,cfg-d50136695367867d,weight_sync,35538.0,completed_run,output/revision_instrumentation/rev-instrumentation-phi4_mini-gsm8k-c2-s113-external/attempt-5045343/phase-memory-5045343.csv
run-d9acb29a5079bf10,cfg-f21b459aeb04a6a7,initializing,40954.0,terminal_stage_partial,output/revision_instrumentation/rev-instrumentation-qwen25_3b-math-c4-s112-external/attempt-5045319/phase-memory-5045319.csv
run-d9fa54ef81313893,cfg-30e348e68aa5fb5c,initializing,40926.0,terminal_stage_partial,output/strengthening_same_node_residency/strong-node-qwen25_3b-grpo-math-near_boundary-s82-p1-resident/phase-memory-5031126.csv
run-da2744a2f7834766,cfg-aa33c72e0a449b9c,actor_update,17382.0,completed_run,output/strengthening_granite_confirmatory/strong-granite-confirmatory-grpo-code_heavy_tail-c3-s91/phase-memory-5031350.csv
run-da2744a2f7834766,cfg-aa33c72e0a449b9c,idle,36302.0,completed_run,output/strengthening_granite_confirmatory/strong-granite-confirmatory-grpo-code_heavy_tail-c3-s91/phase-memory-5031350.csv
run-da2744a2f7834766,cfg-aa33c72e0a449b9c,initializing,35876.0,completed_run,output/strengthening_granite_confirmatory/strong-granite-confirmatory-grpo-code_heavy_tail-c3-s91/phase-memory-5031350.csv
run-da2744a2f7834766,cfg-aa33c72e0a449b9c,reference_logprob,9958.0,completed_run,output/strengthening_granite_confirmatory/strong-granite-confirmatory-grpo-code_heavy_tail-c3-s91/phase-memory-5031350.csv
run-da2744a2f7834766,cfg-aa33c72e0a449b9c,rollout,36562.0,completed_run,output/strengthening_granite_confirmatory/strong-granite-confirmatory-grpo-code_heavy_tail-c3-s91/phase-memory-5031350.csv
run-da2744a2f7834766,cfg-aa33c72e0a449b9c,weight_sync,36302.0,completed_run,output/strengthening_granite_confirmatory/strong-granite-confirmatory-grpo-code_heavy_tail-c3-s91/phase-memory-5031350.csv
run-db83349aad195c4a,cfg-8b7eb5281a925727,actor_update,13412.0,completed_run,output/strengthening_factorial/strong-factorial-granite33_2b-grpo-gsm8k_long-joint-s96/phase-memory-5031403.csv
run-db83349aad195c4a,cfg-8b7eb5281a925727,idle,36302.0,completed_run,output/strengthening_factorial/strong-factorial-granite33_2b-grpo-gsm8k_long-joint-s96/phase-memory-5031403.csv
run-db83349aad195c4a,cfg-8b7eb5281a925727,initializing,35876.0,completed_run,output/strengthening_factorial/strong-factorial-granite33_2b-grpo-gsm8k_long-joint-s96/phase-memory-5031403.csv
run-db83349aad195c4a,cfg-8b7eb5281a925727,reference_logprob,9656.0,completed_run,output/strengthening_factorial/strong-factorial-granite33_2b-grpo-gsm8k_long-joint-s96/phase-memory-5031403.csv
run-db83349aad195c4a,cfg-8b7eb5281a925727,rollout,35982.0,completed_run,output/strengthening_factorial/strong-factorial-granite33_2b-grpo-gsm8k_long-joint-s96/phase-memory-5031403.csv
run-db83349aad195c4a,cfg-8b7eb5281a925727,weight_sync,36302.0,completed_run,output/strengthening_factorial/strong-factorial-granite33_2b-grpo-gsm8k_long-joint-s96/phase-memory-5031403.csv
run-dc6b102502cb6436,cfg-b8dd70ab682c13b2,actor_update,15236.0,completed_run,output/benchmark_v2_cross_family_confirmatory/v2cf-confirm-phi4_mini-grpo-gsm8k_long-c1-s42/phase-memory-4935662.csv
run-dc6b102502cb6436,cfg-b8dd70ab682c13b2,idle,21942.0,completed_run,output/benchmark_v2_cross_family_confirmatory/v2cf-confirm-phi4_mini-grpo-gsm8k_long-c1-s42/phase-memory-4935662.csv
run-dc6b102502cb6436,cfg-b8dd70ab682c13b2,initializing,25598.0,completed_run,output/benchmark_v2_cross_family_confirmatory/v2cf-confirm-phi4_mini-grpo-gsm8k_long-c1-s42/phase-memory-4935662.csv
run-dc6b102502cb6436,cfg-b8dd70ab682c13b2,reference_logprob,13968.0,completed_run,output/benchmark_v2_cross_family_confirmatory/v2cf-confirm-phi4_mini-grpo-gsm8k_long-c1-s42/phase-memory-4935662.csv
run-dc6b102502cb6436,cfg-b8dd70ab682c13b2,rollout,21536.0,completed_run,output/benchmark_v2_cross_family_confirmatory/v2cf-confirm-phi4_mini-grpo-gsm8k_long-c1-s42/phase-memory-4935662.csv
run-dc6b102502cb6436,cfg-b8dd70ab682c13b2,weight_sync,26054.0,completed_run,output/benchmark_v2_cross_family_confirmatory/v2cf-confirm-phi4_mini-grpo-gsm8k_long-c1-s42/phase-memory-4935662.csv
run-de7b33427d3245b8,cfg-4fc35dde1bc7253c,actor_update,13018.0,completed_run,output/revision_instrumentation/rev-instrumentation-granite33_2b-gsm8k-c4-s113-full/attempt-5045387/phase-memory-5045387.csv
run-de7b33427d3245b8,cfg-4fc35dde1bc7253c,idle,40382.0,completed_run,output/revision_instrumentation/rev-instrumentation-granite33_2b-gsm8k-c4-s113-full/attempt-5045387/phase-memory-5045387.csv
run-de7b33427d3245b8,cfg-4fc35dde1bc7253c,initializing,39956.0,completed_run,output/revision_instrumentation/rev-instrumentation-granite33_2b-gsm8k-c4-s113-full/attempt-5045387/phase-memory-5045387.csv
run-de7b33427d3245b8,cfg-4fc35dde1bc7253c,reference_logprob,9396.0,completed_run,output/revision_instrumentation/rev-instrumentation-granite33_2b-gsm8k-c4-s113-full/attempt-5045387/phase-memory-5045387.csv
run-de7b33427d3245b8,cfg-4fc35dde1bc7253c,rollout,40004.0,completed_run,output/revision_instrumentation/rev-instrumentation-granite33_2b-gsm8k-c4-s113-full/attempt-5045387/phase-memory-5045387.csv
run-de7b33427d3245b8,cfg-4fc35dde1bc7253c,weight_sync,40382.0,completed_run,output/revision_instrumentation/rev-instrumentation-granite33_2b-gsm8k-c4-s113-full/attempt-5045387/phase-memory-5045387.csv
run-de7e40ee93e9d49a,cfg-96fe21ab209bd8ca,actor_update,27416.0,completed_run,output/strengthening_factorial/strong-factorial-phi4_mini-grpo-code_standard-actor_only-s95/phase-memory-5031754.csv
run-de7e40ee93e9d49a,cfg-96fe21ab209bd8ca,idle,35518.0,completed_run,output/strengthening_factorial/strong-factorial-phi4_mini-grpo-code_standard-actor_only-s95/phase-memory-5031754.csv
run-de7e40ee93e9d49a,cfg-96fe21ab209bd8ca,initializing,35398.0,completed_run,output/strengthening_factorial/strong-factorial-phi4_mini-grpo-code_standard-actor_only-s95/phase-memory-5031754.csv
run-de7e40ee93e9d49a,cfg-96fe21ab209bd8ca,reference_logprob,16596.0,completed_run,output/strengthening_factorial/strong-factorial-phi4_mini-grpo-code_standard-actor_only-s95/phase-memory-5031754.csv
run-de7e40ee93e9d49a,cfg-96fe21ab209bd8ca,rollout,35588.0,completed_run,output/strengthening_factorial/strong-factorial-phi4_mini-grpo-code_standard-actor_only-s95/phase-memory-5031754.csv
run-de7e40ee93e9d49a,cfg-96fe21ab209bd8ca,weight_sync,35518.0,completed_run,output/strengthening_factorial/strong-factorial-phi4_mini-grpo-code_standard-actor_only-s95/phase-memory-5031754.csv
run-df59f08bfb96d055,cfg-967e29810f12167f,initializing,40954.0,terminal_stage_partial,output/benchmark_v2_temporal_confirmatory/v2time-grpo-gsm8k-qwen25_3b-one_step_unsafe-s43/phase-memory-4943155.csv
run-df76f86b863b9c95,cfg-8b7eb5281a925727,actor_update,12938.0,completed_run,output/strengthening_factorial/strong-factorial-granite33_2b-grpo-gsm8k_long-joint-s95/phase-memory-5031402.csv
run-df76f86b863b9c95,cfg-8b7eb5281a925727,idle,36302.0,completed_run,output/strengthening_factorial/strong-factorial-granite33_2b-grpo-gsm8k_long-joint-s95/phase-memory-5031402.csv
run-df76f86b863b9c95,cfg-8b7eb5281a925727,initializing,35876.0,completed_run,output/strengthening_factorial/strong-factorial-granite33_2b-grpo-gsm8k_long-joint-s95/phase-memory-5031402.csv
run-df76f86b863b9c95,cfg-8b7eb5281a925727,reference_logprob,9336.0,completed_run,output/strengthening_factorial/strong-factorial-granite33_2b-grpo-gsm8k_long-joint-s95/phase-memory-5031402.csv
run-df76f86b863b9c95,cfg-8b7eb5281a925727,rollout,35876.0,completed_run,output/strengthening_factorial/strong-factorial-granite33_2b-grpo-gsm8k_long-joint-s95/phase-memory-5031402.csv
run-df76f86b863b9c95,cfg-8b7eb5281a925727,weight_sync,36302.0,completed_run,output/strengthening_factorial/strong-factorial-granite33_2b-grpo-gsm8k_long-joint-s95/phase-memory-5031402.csv
run-dfa366c7fd5f63e3,cfg-c8c150029ddeb5ed,initializing,40956.0,terminal_stage_partial,output/revision_instrumentation/rev-instrumentation-qwen25_3b-math-c4-s113-full/attempt-5045333/phase-memory-5045333.csv
run-dfea065c6b10771e,cfg-3221cb24296b28df,actor_update,14274.0,completed_run,output/revision_instrumentation/rev-instrumentation-granite33_2b-math-c3-s113-external/attempt-5045393/phase-memory-5045393.csv
run-dfea065c6b10771e,cfg-3221cb24296b28df,idle,36670.0,completed_run,output/revision_instrumentation/rev-instrumentation-granite33_2b-math-c3-s113-external/attempt-5045393/phase-memory-5045393.csv
run-dfea065c6b10771e,cfg-3221cb24296b28df,initializing,36308.0,completed_run,output/revision_instrumentation/rev-instrumentation-granite33_2b-math-c3-s113-external/attempt-5045393/phase-memory-5045393.csv
run-dfea065c6b10771e,cfg-3221cb24296b28df,reference_logprob,10344.0,completed_run,output/revision_instrumentation/rev-instrumentation-granite33_2b-math-c3-s113-external/attempt-5045393/phase-memory-5045393.csv
run-dfea065c6b10771e,cfg-3221cb24296b28df,rollout,36598.0,completed_run,output/revision_instrumentation/rev-instrumentation-granite33_2b-math-c3-s113-external/attempt-5045393/phase-memory-5045393.csv
run-dfea065c6b10771e,cfg-3221cb24296b28df,weight_sync,36670.0,completed_run,output/revision_instrumentation/rev-instrumentation-granite33_2b-math-c3-s113-external/attempt-5045393/phase-memory-5045393.csv
run-dffe79c047eecc01,cfg-bae2977da7957f72,actor_update,10378.0,completed_run,output/strengthening_granite_confirmatory/strong-granite-confirmatory-grpo-code_standard-c0-s92/phase-memory-5031274.csv
run-dffe79c047eecc01,cfg-bae2977da7957f72,idle,15048.0,completed_run,output/strengthening_granite_confirmatory/strong-granite-confirmatory-grpo-code_standard-c0-s92/phase-memory-5031274.csv
run-dffe79c047eecc01,cfg-bae2977da7957f72,initializing,18526.0,completed_run,output/strengthening_granite_confirmatory/strong-granite-confirmatory-grpo-code_standard-c0-s92/phase-memory-5031274.csv
run-dffe79c047eecc01,cfg-bae2977da7957f72,reference_logprob,9552.0,completed_run,output/strengthening_granite_confirmatory/strong-granite-confirmatory-grpo-code_standard-c0-s92/phase-memory-5031274.csv
run-dffe79c047eecc01,cfg-bae2977da7957f72,rollout,15186.0,completed_run,output/strengthening_granite_confirmatory/strong-granite-confirmatory-grpo-code_standard-c0-s92/phase-memory-5031274.csv
run-dffe79c047eecc01,cfg-bae2977da7957f72,weight_sync,19050.0,completed_run,output/strengthening_granite_confirmatory/strong-granite-confirmatory-grpo-code_standard-c0-s92/phase-memory-5031274.csv
run-e00099747ec97bc6,cfg-57f3e6381e2a814a,actor_update,19494.0,completed_run,output/strengthening_factorial/strong-factorial-phi4_mini-grpo-gsm8k-actor_only-s94/phase-memory-5031783.csv
run-e00099747ec97bc6,cfg-57f3e6381e2a814a,idle,35538.0,completed_run,output/strengthening_factorial/strong-factorial-phi4_mini-grpo-gsm8k-actor_only-s94/phase-memory-5031783.csv
run-e00099747ec97bc6,cfg-57f3e6381e2a814a,initializing,35398.0,completed_run,output/strengthening_factorial/strong-factorial-phi4_mini-grpo-gsm8k-actor_only-s94/phase-memory-5031783.csv
run-e00099747ec97bc6,cfg-57f3e6381e2a814a,reference_logprob,14212.0,completed_run,output/strengthening_factorial/strong-factorial-phi4_mini-grpo-gsm8k-actor_only-s94/phase-memory-5031783.csv
run-e00099747ec97bc6,cfg-57f3e6381e2a814a,rollout,35340.0,completed_run,output/strengthening_factorial/strong-factorial-phi4_mini-grpo-gsm8k-actor_only-s94/phase-memory-5031783.csv
run-e00099747ec97bc6,cfg-57f3e6381e2a814a,weight_sync,35518.0,completed_run,output/strengthening_factorial/strong-factorial-phi4_mini-grpo-gsm8k-actor_only-s94/phase-memory-5031783.csv
run-e010360db953ecea,cfg-9f624ec22aa3dde0,actor_update,11134.0,completed_run,output/revision_topology/rev-topology-granite33_2b-math-c4-s112-four_gpu/attempt-5045433/phase-memory-5045433.csv
run-e010360db953ecea,cfg-9f624ec22aa3dde0,idle,38148.0,completed_run,output/revision_topology/rev-topology-granite33_2b-math-c4-s112-four_gpu/attempt-5045433/phase-memory-5045433.csv
run-e010360db953ecea,cfg-9f624ec22aa3dde0,initializing,37958.0,completed_run,output/revision_topology/rev-topology-granite33_2b-math-c4-s112-four_gpu/attempt-5045433/phase-memory-5045433.csv
run-e010360db953ecea,cfg-9f624ec22aa3dde0,reference_logprob,7818.0,completed_run,output/revision_topology/rev-topology-granite33_2b-math-c4-s112-four_gpu/attempt-5045433/phase-memory-5045433.csv
run-e010360db953ecea,cfg-9f624ec22aa3dde0,rollout,37964.0,completed_run,output/revision_topology/rev-topology-granite33_2b-math-c4-s112-four_gpu/attempt-5045433/phase-memory-5045433.csv
run-e010360db953ecea,cfg-9f624ec22aa3dde0,weight_sync,38148.0,completed_run,output/revision_topology/rev-topology-granite33_2b-math-c4-s112-four_gpu/attempt-5045433/phase-memory-5045433.csv
run-e0163b299f44b734,cfg-17e69bcf1b041bd9,actor_update,13596.0,completed_run,output/revision_topology/rev-topology-phi4_mini-gsm8k-c3-s111-four_gpu/attempt-5045352/phase-memory-5045352.csv
run-e0163b299f44b734,cfg-17e69bcf1b041bd9,idle,35690.0,completed_run,output/revision_topology/rev-topology-phi4_mini-gsm8k-c3-s111-four_gpu/attempt-5045352/phase-memory-5045352.csv
run-e0163b299f44b734,cfg-17e69bcf1b041bd9,initializing,35618.0,completed_run,output/revision_topology/rev-topology-phi4_mini-gsm8k-c3-s111-four_gpu/attempt-5045352/phase-memory-5045352.csv
run-e0163b299f44b734,cfg-17e69bcf1b041bd9,reference_logprob,9982.0,completed_run,output/revision_topology/rev-topology-phi4_mini-gsm8k-c3-s111-four_gpu/attempt-5045352/phase-memory-5045352.csv
run-e0163b299f44b734,cfg-17e69bcf1b041bd9,rollout,35492.0,completed_run,output/revision_topology/rev-topology-phi4_mini-gsm8k-c3-s111-four_gpu/attempt-5045352/phase-memory-5045352.csv
run-e0163b299f44b734,cfg-17e69bcf1b041bd9,weight_sync,35690.0,completed_run,output/revision_topology/rev-topology-phi4_mini-gsm8k-c3-s111-four_gpu/attempt-5045352/phase-memory-5045352.csv
run-e01fd14d06cfc60d,cfg-10644b5d0a82d5c3,initializing,14790.0,terminal_stage_partial,output/major_revision_cross_model_confirmatory/mr-xm-confirm-phi4_mini-grpo-code_heavy_tail-c5-s51/phase-memory-5003970.csv
run-e044bac34208b194,cfg-fad1b555f8b37235,initializing,10742.0,terminal_stage_partial,output/major_revision_cross_model_confirmatory/mr-xm-confirm-qwen25_3b-grpo-code_heavy_tail-c5-s52/phase-memory-4999865.csv
run-e08b06da8fc5c5ae,cfg-818aa43be2ebba5e,actor_update,25510.0,completed_run,output/revision_temporal/rev-temporal-phi4_mini-math-interpolated-s112-long/attempt-5045339/phase-memory-5045339.csv
run-e08b06da8fc5c5ae,cfg-818aa43be2ebba5e,checkpoint,24594.0,completed_run,output/revision_temporal/rev-temporal-phi4_mini-math-interpolated-s112-long/attempt-5045339/phase-memory-5045339.csv
run-e08b06da8fc5c5ae,cfg-818aa43be2ebba5e,idle,37794.0,completed_run,output/revision_temporal/rev-temporal-phi4_mini-math-interpolated-s112-long/attempt-5045339/phase-memory-5045339.csv
run-e08b06da8fc5c5ae,cfg-818aa43be2ebba5e,initializing,37968.0,completed_run,output/revision_temporal/rev-temporal-phi4_mini-math-interpolated-s112-long/attempt-5045339/phase-memory-5045339.csv
run-e08b06da8fc5c5ae,cfg-818aa43be2ebba5e,reference_logprob,18158.0,completed_run,output/revision_temporal/rev-temporal-phi4_mini-math-interpolated-s112-long/attempt-5045339/phase-memory-5045339.csv
run-e08b06da8fc5c5ae,cfg-818aa43be2ebba5e,rollout,38492.0,completed_run,output/revision_temporal/rev-temporal-phi4_mini-math-interpolated-s112-long/attempt-5045339/phase-memory-5045339.csv
run-e08b06da8fc5c5ae,cfg-818aa43be2ebba5e,unknown,37798.0,completed_run,output/revision_temporal/rev-temporal-phi4_mini-math-interpolated-s112-long/attempt-5045339/phase-memory-5045339.csv
run-e08b06da8fc5c5ae,cfg-818aa43be2ebba5e,validation,37886.0,completed_run,output/revision_temporal/rev-temporal-phi4_mini-math-interpolated-s112-long/attempt-5045339/phase-memory-5045339.csv
run-e08b06da8fc5c5ae,cfg-818aa43be2ebba5e,weight_sync,37794.0,completed_run,output/revision_temporal/rev-temporal-phi4_mini-math-interpolated-s112-long/attempt-5045339/phase-memory-5045339.csv
run-e0a0fa7d046edb49,cfg-c0605c1607caa079,actor_update,19228.0,completed_run,output/benchmark_v2_cross_family_confirmatory/v2cf-confirm-phi4_mini-grpo-gsm8k_long-c3-s42/phase-memory-4936207.csv
run-e0a0fa7d046edb49,cfg-c0605c1607caa079,idle,39570.0,completed_run,output/benchmark_v2_cross_family_confirmatory/v2cf-confirm-phi4_mini-grpo-gsm8k_long-c3-s42/phase-memory-4936207.csv
run-e0a0fa7d046edb49,cfg-c0605c1607caa079,initializing,39426.0,completed_run,output/benchmark_v2_cross_family_confirmatory/v2cf-confirm-phi4_mini-grpo-gsm8k_long-c3-s42/phase-memory-4936207.csv
run-e0a0fa7d046edb49,cfg-c0605c1607caa079,reference_logprob,14232.0,completed_run,output/benchmark_v2_cross_family_confirmatory/v2cf-confirm-phi4_mini-grpo-gsm8k_long-c3-s42/phase-memory-4936207.csv
run-e0a0fa7d046edb49,cfg-c0605c1607caa079,rollout,39372.0,completed_run,output/benchmark_v2_cross_family_confirmatory/v2cf-confirm-phi4_mini-grpo-gsm8k_long-c3-s42/phase-memory-4936207.csv
run-e0a0fa7d046edb49,cfg-c0605c1607caa079,weight_sync,39570.0,completed_run,output/benchmark_v2_cross_family_confirmatory/v2cf-confirm-phi4_mini-grpo-gsm8k_long-c3-s42/phase-memory-4936207.csv
run-e0da6f76046de898,cfg-7d5384d3ac8311c8,actor_update,19334.0,completed_run,output/revision_temporal/rev-temporal-phi4_mini-gsm8k-interpolated-s112-source/attempt-5045336/phase-memory-5045336.csv
run-e0da6f76046de898,cfg-7d5384d3ac8311c8,checkpoint,19458.0,completed_run,output/revision_temporal/rev-temporal-phi4_mini-gsm8k-interpolated-s112-source/attempt-5045336/phase-memory-5045336.csv
run-e0da6f76046de898,cfg-7d5384d3ac8311c8,initializing,37446.0,completed_run,output/revision_temporal/rev-temporal-phi4_mini-gsm8k-interpolated-s112-source/attempt-5045336/phase-memory-5045336.csv
run-e0da6f76046de898,cfg-7d5384d3ac8311c8,reference_logprob,14112.0,completed_run,output/revision_temporal/rev-temporal-phi4_mini-gsm8k-interpolated-s112-source/attempt-5045336/phase-memory-5045336.csv
run-e0da6f76046de898,cfg-7d5384d3ac8311c8,rollout,37384.0,completed_run,output/revision_temporal/rev-temporal-phi4_mini-gsm8k-interpolated-s112-source/attempt-5045336/phase-memory-5045336.csv
run-e0da6f76046de898,cfg-7d5384d3ac8311c8,validation,37568.0,completed_run,output/revision_temporal/rev-temporal-phi4_mini-gsm8k-interpolated-s112-source/attempt-5045336/phase-memory-5045336.csv
run-e0da6f76046de898,cfg-7d5384d3ac8311c8,weight_sync,37566.0,completed_run,output/revision_temporal/rev-temporal-phi4_mini-gsm8k-interpolated-s112-source/attempt-5045336/phase-memory-5045336.csv
run-e165c7c8a265cc06,cfg-ca5490162c750c31,actor_update,11714.0,completed_run,output/strengthening_same_node_residency/strong-node-qwen25_1p5b-grpo-gsm8k-near_boundary-s83-p1-release/phase-memory-5031043.csv
run-e165c7c8a265cc06,cfg-ca5490162c750c31,idle,33936.0,completed_run,output/strengthening_same_node_residency/strong-node-qwen25_1p5b-grpo-gsm8k-near_boundary-s83-p1-release/phase-memory-5031043.csv
run-e165c7c8a265cc06,cfg-ca5490162c750c31,initializing,33736.0,completed_run,output/strengthening_same_node_residency/strong-node-qwen25_1p5b-grpo-gsm8k-near_boundary-s83-p1-release/phase-memory-5031043.csv
run-e165c7c8a265cc06,cfg-ca5490162c750c31,reference_logprob,9106.0,completed_run,output/strengthening_same_node_residency/strong-node-qwen25_1p5b-grpo-gsm8k-near_boundary-s83-p1-release/phase-memory-5031043.csv
run-e165c7c8a265cc06,cfg-ca5490162c750c31,rollout,33636.0,completed_run,output/strengthening_same_node_residency/strong-node-qwen25_1p5b-grpo-gsm8k-near_boundary-s83-p1-release/phase-memory-5031043.csv
run-e165c7c8a265cc06,cfg-ca5490162c750c31,weight_sync,33936.0,completed_run,output/strengthening_same_node_residency/strong-node-qwen25_1p5b-grpo-gsm8k-near_boundary-s83-p1-release/phase-memory-5031043.csv
run-e1f4cf5c4be99c07,cfg-32977d5aa42a41cb,initializing,7780.0,terminal_stage_partial,output/strengthening_granite_confirmatory/strong-granite-confirmatory-grpo-math_short-c5-s93/phase-memory-5031408.csv
run-e29d0dd4f2b96c10,cfg-6467c4b5acff38f3,actor_update,23164.0,completed_run,output/revision_instrumentation/rev-instrumentation-phi4_mini-math-c3-s112-full/attempt-5045373/phase-memory-5045373.csv
run-e29d0dd4f2b96c10,cfg-6467c4b5acff38f3,idle,39862.0,completed_run,output/revision_instrumentation/rev-instrumentation-phi4_mini-math-c3-s112-full/attempt-5045373/phase-memory-5045373.csv
run-e29d0dd4f2b96c10,cfg-6467c4b5acff38f3,initializing,40016.0,completed_run,output/revision_instrumentation/rev-instrumentation-phi4_mini-math-c3-s112-full/attempt-5045373/phase-memory-5045373.csv
run-e29d0dd4f2b96c10,cfg-6467c4b5acff38f3,reference_logprob,16888.0,completed_run,output/revision_instrumentation/rev-instrumentation-phi4_mini-math-c3-s112-full/attempt-5045373/phase-memory-5045373.csv
run-e29d0dd4f2b96c10,cfg-6467c4b5acff38f3,rollout,39888.0,completed_run,output/revision_instrumentation/rev-instrumentation-phi4_mini-math-c3-s112-full/attempt-5045373/phase-memory-5045373.csv
run-e29d0dd4f2b96c10,cfg-6467c4b5acff38f3,weight_sync,39862.0,completed_run,output/revision_instrumentation/rev-instrumentation-phi4_mini-math-c3-s112-full/attempt-5045373/phase-memory-5045373.csv
run-e2a6c31b90b46bb1,cfg-c8c150029ddeb5ed,initializing,40956.0,terminal_stage_partial,output/revision_instrumentation/rev-instrumentation-qwen25_3b-math-c4-s112-full/attempt-5045319/phase-memory-5045319.csv
run-e3117ee4920184d8,cfg-3ca7715d60421fe4,actor_update,23778.0,completed_run,output/strengthening_factorial/strong-factorial-phi4_mini-grpo-math-joint-s96/phase-memory-5031862.csv
run-e3117ee4920184d8,cfg-3ca7715d60421fe4,idle,39842.0,completed_run,output/strengthening_factorial/strong-factorial-phi4_mini-grpo-math-joint-s96/phase-memory-5031862.csv
run-e3117ee4920184d8,cfg-3ca7715d60421fe4,initializing,40016.0,completed_run,output/strengthening_factorial/strong-factorial-phi4_mini-grpo-math-joint-s96/phase-memory-5031862.csv
run-e3117ee4920184d8,cfg-3ca7715d60421fe4,reference_logprob,16908.0,completed_run,output/strengthening_factorial/strong-factorial-phi4_mini-grpo-math-joint-s96/phase-memory-5031862.csv
run-e3117ee4920184d8,cfg-3ca7715d60421fe4,rollout,39986.0,completed_run,output/strengthening_factorial/strong-factorial-phi4_mini-grpo-math-joint-s96/phase-memory-5031862.csv
run-e3117ee4920184d8,cfg-3ca7715d60421fe4,weight_sync,39842.0,completed_run,output/strengthening_factorial/strong-factorial-phi4_mini-grpo-math-joint-s96/phase-memory-5031862.csv
run-e3729383a988d1a4,cfg-42a07dcd991102a7,actor_update,12798.0,completed_run,output/strengthening_factorial/strong-factorial-granite33_2b-grpo-code_standard-base-s94/phase-memory-5031380.csv
run-e3729383a988d1a4,cfg-42a07dcd991102a7,idle,32302.0,completed_run,output/strengthening_factorial/strong-factorial-granite33_2b-grpo-code_standard-base-s94/phase-memory-5031380.csv
run-e3729383a988d1a4,cfg-42a07dcd991102a7,initializing,31876.0,completed_run,output/strengthening_factorial/strong-factorial-granite33_2b-grpo-code_standard-base-s94/phase-memory-5031380.csv
run-e3729383a988d1a4,cfg-42a07dcd991102a7,reference_logprob,9658.0,completed_run,output/strengthening_factorial/strong-factorial-granite33_2b-grpo-code_standard-base-s94/phase-memory-5031380.csv
run-e3729383a988d1a4,cfg-42a07dcd991102a7,rollout,32506.0,completed_run,output/strengthening_factorial/strong-factorial-granite33_2b-grpo-code_standard-base-s94/phase-memory-5031380.csv
run-e3729383a988d1a4,cfg-42a07dcd991102a7,weight_sync,32302.0,completed_run,output/strengthening_factorial/strong-factorial-granite33_2b-grpo-code_standard-base-s94/phase-memory-5031380.csv
run-e3ae6689588a56eb,cfg-3f0f48a3c570a0c8,actor_update,12070.0,completed_run,output/benchmark_v2_cross_family_confirmatory/v2cf-confirm-qwen25_3b-grpo-math_short-c0-s42/phase-memory-4935924.csv
run-e3ae6689588a56eb,cfg-3f0f48a3c570a0c8,idle,15234.0,completed_run,output/benchmark_v2_cross_family_confirmatory/v2cf-confirm-qwen25_3b-grpo-math_short-c0-s42/phase-memory-4935924.csv
run-e3ae6689588a56eb,cfg-3f0f48a3c570a0c8,initializing,21334.0,completed_run,output/benchmark_v2_cross_family_confirmatory/v2cf-confirm-qwen25_3b-grpo-math_short-c0-s42/phase-memory-4935924.csv
run-e3ae6689588a56eb,cfg-3f0f48a3c570a0c8,reference_logprob,13882.0,completed_run,output/benchmark_v2_cross_family_confirmatory/v2cf-confirm-qwen25_3b-grpo-math_short-c0-s42/phase-memory-4935924.csv
run-e3ae6689588a56eb,cfg-3f0f48a3c570a0c8,rollout,14806.0,completed_run,output/benchmark_v2_cross_family_confirmatory/v2cf-confirm-qwen25_3b-grpo-math_short-c0-s42/phase-memory-4935924.csv
run-e3ae6689588a56eb,cfg-3f0f48a3c570a0c8,weight_sync,21860.0,completed_run,output/benchmark_v2_cross_family_confirmatory/v2cf-confirm-qwen25_3b-grpo-math_short-c0-s42/phase-memory-4935924.csv
run-e50aad49ebdcc0b3,cfg-7df2428553b76877,initializing,14790.0,terminal_stage_partial,output/major_revision_cross_model_confirmatory/mr-xm-confirm-phi4_mini-grpo-code_heavy_tail-c4-s53/phase-memory-5003969.csv
run-e57665a8a80a80da,cfg-f009e9e3891c06f4,actor_update,19146.0,completed_run,output/benchmark_v2_cross_family_confirmatory/v2cf-confirm-qwen25_3b-grpo-math_short-c3-s41/phase-memory-4935953.csv
run-e57665a8a80a80da,cfg-f009e9e3891c06f4,idle,37478.0,completed_run,output/benchmark_v2_cross_family_confirmatory/v2cf-confirm-qwen25_3b-grpo-math_short-c3-s41/phase-memory-4935953.csv
run-e57665a8a80a80da,cfg-f009e9e3891c06f4,initializing,37314.0,completed_run,output/benchmark_v2_cross_family_confirmatory/v2cf-confirm-qwen25_3b-grpo-math_short-c3-s41/phase-memory-4935953.csv
run-e57665a8a80a80da,cfg-f009e9e3891c06f4,reference_logprob,13922.0,completed_run,output/benchmark_v2_cross_family_confirmatory/v2cf-confirm-qwen25_3b-grpo-math_short-c3-s41/phase-memory-4935953.csv
run-e57665a8a80a80da,cfg-f009e9e3891c06f4,rollout,37268.0,completed_run,output/benchmark_v2_cross_family_confirmatory/v2cf-confirm-qwen25_3b-grpo-math_short-c3-s41/phase-memory-4935953.csv
run-e57665a8a80a80da,cfg-f009e9e3891c06f4,weight_sync,37478.0,completed_run,output/benchmark_v2_cross_family_confirmatory/v2cf-confirm-qwen25_3b-grpo-math_short-c3-s41/phase-memory-4935953.csv
run-e595efa2ebb4ad0a,cfg-b5912aa6ea40b7fd,actor_update,15324.0,completed_run,output/strengthening_factorial/strong-factorial-qwen25_3b-grpo-math-base-s94/phase-memory-5032043.csv
run-e595efa2ebb4ad0a,cfg-b5912aa6ea40b7fd,idle,33446.0,completed_run,output/strengthening_factorial/strong-factorial-qwen25_3b-grpo-math-base-s94/phase-memory-5032043.csv
run-e595efa2ebb4ad0a,cfg-b5912aa6ea40b7fd,initializing,33280.0,completed_run,output/strengthening_factorial/strong-factorial-qwen25_3b-grpo-math-base-s94/phase-memory-5032043.csv
run-e595efa2ebb4ad0a,cfg-b5912aa6ea40b7fd,reference_logprob,13862.0,completed_run,output/strengthening_factorial/strong-factorial-qwen25_3b-grpo-math-base-s94/phase-memory-5032043.csv
run-e595efa2ebb4ad0a,cfg-b5912aa6ea40b7fd,rollout,33234.0,completed_run,output/strengthening_factorial/strong-factorial-qwen25_3b-grpo-math-base-s94/phase-memory-5032043.csv
run-e595efa2ebb4ad0a,cfg-b5912aa6ea40b7fd,weight_sync,33446.0,completed_run,output/strengthening_factorial/strong-factorial-qwen25_3b-grpo-math-base-s94/phase-memory-5032043.csv
run-e5db79e55e615703,cfg-3fb18b33cd9f8bcf,actor_update,25442.0,completed_run,output/strengthening_same_node_residency/strong-node-qwen25_3b-grpo-math-near_boundary-s83-p1-release/phase-memory-5031131.csv
run-e5db79e55e615703,cfg-3fb18b33cd9f8bcf,idle,35778.0,completed_run,output/strengthening_same_node_residency/strong-node-qwen25_3b-grpo-math-near_boundary-s83-p1-release/phase-memory-5031131.csv
run-e5db79e55e615703,cfg-3fb18b33cd9f8bcf,initializing,35912.0,completed_run,output/strengthening_same_node_residency/strong-node-qwen25_3b-grpo-math-near_boundary-s83-p1-release/phase-memory-5031131.csv
run-e5db79e55e615703,cfg-3fb18b33cd9f8bcf,reference_logprob,16666.0,completed_run,output/strengthening_same_node_residency/strong-node-qwen25_3b-grpo-math-near_boundary-s83-p1-release/phase-memory-5031131.csv
run-e5db79e55e615703,cfg-3fb18b33cd9f8bcf,rollout,36422.0,completed_run,output/strengthening_same_node_residency/strong-node-qwen25_3b-grpo-math-near_boundary-s83-p1-release/phase-memory-5031131.csv
run-e5db79e55e615703,cfg-3fb18b33cd9f8bcf,weight_sync,35778.0,completed_run,output/strengthening_same_node_residency/strong-node-qwen25_3b-grpo-math-near_boundary-s83-p1-release/phase-memory-5031131.csv
run-e6591b25fb8637d8,cfg-c38f036ca97204f7,actor_update,20812.0,completed_run,output/benchmark_v2_temporal_confirmatory/v2time-grpo-gsm8k-qwen25_3b-safe_margin-s42/phase-memory-4940917.csv
run-e6591b25fb8637d8,cfg-c38f036ca97204f7,idle,29730.0,completed_run,output/benchmark_v2_temporal_confirmatory/v2time-grpo-gsm8k-qwen25_3b-safe_margin-s42/phase-memory-4940917.csv
run-e6591b25fb8637d8,cfg-c38f036ca97204f7,initializing,29864.0,completed_run,output/benchmark_v2_temporal_confirmatory/v2time-grpo-gsm8k-qwen25_3b-safe_margin-s42/phase-memory-4940917.csv
run-e6591b25fb8637d8,cfg-c38f036ca97204f7,reference_logprob,15620.0,completed_run,output/benchmark_v2_temporal_confirmatory/v2time-grpo-gsm8k-qwen25_3b-safe_margin-s42/phase-memory-4940917.csv
run-e6591b25fb8637d8,cfg-c38f036ca97204f7,rollout,31670.0,completed_run,output/benchmark_v2_temporal_confirmatory/v2time-grpo-gsm8k-qwen25_3b-safe_margin-s42/phase-memory-4940917.csv
run-e6591b25fb8637d8,cfg-c38f036ca97204f7,unknown,15120.0,completed_run,output/benchmark_v2_temporal_confirmatory/v2time-grpo-gsm8k-qwen25_3b-safe_margin-s42/phase-memory-4940917.csv
run-e6591b25fb8637d8,cfg-c38f036ca97204f7,weight_sync,29730.0,completed_run,output/benchmark_v2_temporal_confirmatory/v2time-grpo-gsm8k-qwen25_3b-safe_margin-s42/phase-memory-4940917.csv
run-e6773e5a92df64b2,cfg-4feb2171d2cb6476,actor_update,25188.0,completed_run,output/review_instrumentation_batch/review-control-qwen25_3b-code_heavy_tail-s122-external_b16/attempt-5048560/phase-memory-5048560.csv
run-e6773e5a92df64b2,cfg-4feb2171d2cb6476,idle,33108.0,completed_run,output/review_instrumentation_batch/review-control-qwen25_3b-code_heavy_tail-s122-external_b16/attempt-5048560/phase-memory-5048560.csv
run-e6773e5a92df64b2,cfg-4feb2171d2cb6476,initializing,32674.0,completed_run,output/review_instrumentation_batch/review-control-qwen25_3b-code_heavy_tail-s122-external_b16/attempt-5048560/phase-memory-5048560.csv
run-e6773e5a92df64b2,cfg-4feb2171d2cb6476,reference_logprob,13424.0,completed_run,output/review_instrumentation_batch/review-control-qwen25_3b-code_heavy_tail-s122-external_b16/attempt-5048560/phase-memory-5048560.csv
run-e6773e5a92df64b2,cfg-4feb2171d2cb6476,rollout,33386.0,completed_run,output/review_instrumentation_batch/review-control-qwen25_3b-code_heavy_tail-s122-external_b16/attempt-5048560/phase-memory-5048560.csv
run-e6773e5a92df64b2,cfg-4feb2171d2cb6476,weight_sync,33108.0,completed_run,output/review_instrumentation_batch/review-control-qwen25_3b-code_heavy_tail-s122-external_b16/attempt-5048560/phase-memory-5048560.csv
run-e67e44ab2e0555d6,cfg-b8dd70ab682c13b2,actor_update,15216.0,completed_run,output/benchmark_v2_cross_family_confirmatory/v2cf-confirm-phi4_mini-grpo-gsm8k_long-c1-s41/phase-memory-4935658.csv
run-e67e44ab2e0555d6,cfg-b8dd70ab682c13b2,idle,21942.0,completed_run,output/benchmark_v2_cross_family_confirmatory/v2cf-confirm-phi4_mini-grpo-gsm8k_long-c1-s41/phase-memory-4935658.csv
run-e67e44ab2e0555d6,cfg-b8dd70ab682c13b2,initializing,25598.0,completed_run,output/benchmark_v2_cross_family_confirmatory/v2cf-confirm-phi4_mini-grpo-gsm8k_long-c1-s41/phase-memory-4935658.csv
run-e67e44ab2e0555d6,cfg-b8dd70ab682c13b2,reference_logprob,13928.0,completed_run,output/benchmark_v2_cross_family_confirmatory/v2cf-confirm-phi4_mini-grpo-gsm8k_long-c1-s41/phase-memory-4935658.csv
run-e67e44ab2e0555d6,cfg-b8dd70ab682c13b2,rollout,21544.0,completed_run,output/benchmark_v2_cross_family_confirmatory/v2cf-confirm-phi4_mini-grpo-gsm8k_long-c1-s41/phase-memory-4935658.csv
run-e67e44ab2e0555d6,cfg-b8dd70ab682c13b2,weight_sync,26054.0,completed_run,output/benchmark_v2_cross_family_confirmatory/v2cf-confirm-phi4_mini-grpo-gsm8k_long-c1-s41/phase-memory-4935658.csv
run-e6e0fb6b8c6ded64,cfg-9758870c0a0b4d69,actor_update,9408.0,completed_run,output/revision_topology/rev-topology-granite33_2b-math-c2-s112-four_gpu/attempt-5045402/phase-memory-5045402.csv
run-e6e0fb6b8c6ded64,cfg-9758870c0a0b4d69,idle,30068.0,completed_run,output/revision_topology/rev-topology-granite33_2b-math-c2-s112-four_gpu/attempt-5045402/phase-memory-5045402.csv
run-e6e0fb6b8c6ded64,cfg-9758870c0a0b4d69,initializing,29878.0,completed_run,output/revision_topology/rev-topology-granite33_2b-math-c2-s112-four_gpu/attempt-5045402/phase-memory-5045402.csv
run-e6e0fb6b8c6ded64,cfg-9758870c0a0b4d69,reference_logprob,7838.0,completed_run,output/revision_topology/rev-topology-granite33_2b-math-c2-s112-four_gpu/attempt-5045402/phase-memory-5045402.csv
run-e6e0fb6b8c6ded64,cfg-9758870c0a0b4d69,rollout,29854.0,completed_run,output/revision_topology/rev-topology-granite33_2b-math-c2-s112-four_gpu/attempt-5045402/phase-memory-5045402.csv
run-e6e0fb6b8c6ded64,cfg-9758870c0a0b4d69,unknown,30068.0,completed_run,output/revision_topology/rev-topology-granite33_2b-math-c2-s112-four_gpu/attempt-5045402/phase-memory-5045402.csv
run-e6e0fb6b8c6ded64,cfg-9758870c0a0b4d69,weight_sync,30048.0,completed_run,output/revision_topology/rev-topology-granite33_2b-math-c2-s112-four_gpu/attempt-5045402/phase-memory-5045402.csv
run-e79b0e7ad4674811,cfg-9758870c0a0b4d69,actor_update,9448.0,completed_run,output/revision_topology/rev-topology-granite33_2b-math-c2-s113-four_gpu/attempt-5045403/phase-memory-5045403.csv
run-e79b0e7ad4674811,cfg-9758870c0a0b4d69,idle,30068.0,completed_run,output/revision_topology/rev-topology-granite33_2b-math-c2-s113-four_gpu/attempt-5045403/phase-memory-5045403.csv
run-e79b0e7ad4674811,cfg-9758870c0a0b4d69,initializing,29878.0,completed_run,output/revision_topology/rev-topology-granite33_2b-math-c2-s113-four_gpu/attempt-5045403/phase-memory-5045403.csv
run-e79b0e7ad4674811,cfg-9758870c0a0b4d69,reference_logprob,7838.0,completed_run,output/revision_topology/rev-topology-granite33_2b-math-c2-s113-four_gpu/attempt-5045403/phase-memory-5045403.csv
run-e79b0e7ad4674811,cfg-9758870c0a0b4d69,rollout,29834.0,completed_run,output/revision_topology/rev-topology-granite33_2b-math-c2-s113-four_gpu/attempt-5045403/phase-memory-5045403.csv
run-e79b0e7ad4674811,cfg-9758870c0a0b4d69,weight_sync,30068.0,completed_run,output/revision_topology/rev-topology-granite33_2b-math-c2-s113-four_gpu/attempt-5045403/phase-memory-5045403.csv
run-e7f931541613c5fa,cfg-a9973fa41ccc608d,actor_update,16452.0,completed_run,output/review_instrumentation_batch/review-control-phi4_mini-gsm8k-s121-full_b8/attempt-5048502/phase-memory-5048502.csv
run-e7f931541613c5fa,cfg-a9973fa41ccc608d,idle,35518.0,completed_run,output/review_instrumentation_batch/review-control-phi4_mini-gsm8k-s121-full_b8/attempt-5048502/phase-memory-5048502.csv
run-e7f931541613c5fa,cfg-a9973fa41ccc608d,initializing,35398.0,completed_run,output/review_instrumentation_batch/review-control-phi4_mini-gsm8k-s121-full_b8/attempt-5048502/phase-memory-5048502.csv
run-e7f931541613c5fa,cfg-a9973fa41ccc608d,reference_logprob,14012.0,completed_run,output/review_instrumentation_batch/review-control-phi4_mini-gsm8k-s121-full_b8/attempt-5048502/phase-memory-5048502.csv
run-e7f931541613c5fa,cfg-a9973fa41ccc608d,rollout,35342.0,completed_run,output/review_instrumentation_batch/review-control-phi4_mini-gsm8k-s121-full_b8/attempt-5048502/phase-memory-5048502.csv
run-e7f931541613c5fa,cfg-a9973fa41ccc608d,weight_sync,35518.0,completed_run,output/review_instrumentation_batch/review-control-phi4_mini-gsm8k-s121-full_b8/attempt-5048502/phase-memory-5048502.csv
run-e94a9b80aec54873,cfg-c0605c1607caa079,actor_update,19168.0,completed_run,output/benchmark_v2_cross_family_confirmatory/v2cf-confirm-phi4_mini-grpo-gsm8k_long-c3-s43/phase-memory-4936213.csv
run-e94a9b80aec54873,cfg-c0605c1607caa079,idle,39550.0,completed_run,output/benchmark_v2_cross_family_confirmatory/v2cf-confirm-phi4_mini-grpo-gsm8k_long-c3-s43/phase-memory-4936213.csv
run-e94a9b80aec54873,cfg-c0605c1607caa079,initializing,39430.0,completed_run,output/benchmark_v2_cross_family_confirmatory/v2cf-confirm-phi4_mini-grpo-gsm8k_long-c3-s43/phase-memory-4936213.csv
run-e94a9b80aec54873,cfg-c0605c1607caa079,reference_logprob,13992.0,completed_run,output/benchmark_v2_cross_family_confirmatory/v2cf-confirm-phi4_mini-grpo-gsm8k_long-c3-s43/phase-memory-4936213.csv
run-e94a9b80aec54873,cfg-c0605c1607caa079,rollout,39348.0,completed_run,output/benchmark_v2_cross_family_confirmatory/v2cf-confirm-phi4_mini-grpo-gsm8k_long-c3-s43/phase-memory-4936213.csv
run-e94a9b80aec54873,cfg-c0605c1607caa079,unknown,19280.0,completed_run,output/benchmark_v2_cross_family_confirmatory/v2cf-confirm-phi4_mini-grpo-gsm8k_long-c3-s43/phase-memory-4936213.csv
run-e94a9b80aec54873,cfg-c0605c1607caa079,weight_sync,39550.0,completed_run,output/benchmark_v2_cross_family_confirmatory/v2cf-confirm-phi4_mini-grpo-gsm8k_long-c3-s43/phase-memory-4936213.csv
run-e9e0028e80632136,cfg-c8c150029ddeb5ed,initializing,40956.0,terminal_stage_partial,output/revision_instrumentation/rev-instrumentation-qwen25_3b-math-c4-s111-full/attempt-5045317/phase-memory-5045317.csv
run-ea41328221a33187,cfg-301e4dae7048c6ec,actor_update,12552.0,completed_run,output/revision_topology/rev-topology-phi4_mini-gsm8k-c2-s112-four_gpu/attempt-5045346/phase-memory-5045346.csv
run-ea41328221a33187,cfg-301e4dae7048c6ec,idle,31658.0,completed_run,output/revision_topology/rev-topology-phi4_mini-gsm8k-c2-s112-four_gpu/attempt-5045346/phase-memory-5045346.csv
run-ea41328221a33187,cfg-301e4dae7048c6ec,initializing,31586.0,completed_run,output/revision_topology/rev-topology-phi4_mini-gsm8k-c2-s112-four_gpu/attempt-5045346/phase-memory-5045346.csv
run-ea41328221a33187,cfg-301e4dae7048c6ec,reference_logprob,10222.0,completed_run,output/revision_topology/rev-topology-phi4_mini-gsm8k-c2-s112-four_gpu/attempt-5045346/phase-memory-5045346.csv
run-ea41328221a33187,cfg-301e4dae7048c6ec,rollout,31460.0,completed_run,output/revision_topology/rev-topology-phi4_mini-gsm8k-c2-s112-four_gpu/attempt-5045346/phase-memory-5045346.csv
run-ea41328221a33187,cfg-301e4dae7048c6ec,weight_sync,31658.0,completed_run,output/revision_topology/rev-topology-phi4_mini-gsm8k-c2-s112-four_gpu/attempt-5045346/phase-memory-5045346.csv
run-ea417d5206d8c55c,cfg-18edbed17d1a0c2e,actor_update,13788.0,completed_run,output/strengthening_same_node_residency/strong-node-qwen25_3b-grpo-math-safe_margin-s82-p1-release/phase-memory-5031148.csv
run-ea417d5206d8c55c,cfg-18edbed17d1a0c2e,idle,17606.0,completed_run,output/strengthening_same_node_residency/strong-node-qwen25_3b-grpo-math-safe_margin-s82-p1-release/phase-memory-5031148.csv
run-ea417d5206d8c55c,cfg-18edbed17d1a0c2e,initializing,21794.0,completed_run,output/strengthening_same_node_residency/strong-node-qwen25_3b-grpo-math-safe_margin-s82-p1-release/phase-memory-5031148.csv
run-ea417d5206d8c55c,cfg-18edbed17d1a0c2e,reference_logprob,16624.0,completed_run,output/strengthening_same_node_residency/strong-node-qwen25_3b-grpo-math-safe_margin-s82-p1-release/phase-memory-5031148.csv
run-ea417d5206d8c55c,cfg-18edbed17d1a0c2e,rollout,17876.0,completed_run,output/strengthening_same_node_residency/strong-node-qwen25_3b-grpo-math-safe_margin-s82-p1-release/phase-memory-5031148.csv
run-ea417d5206d8c55c,cfg-18edbed17d1a0c2e,weight_sync,22360.0,completed_run,output/strengthening_same_node_residency/strong-node-qwen25_3b-grpo-math-safe_margin-s82-p1-release/phase-memory-5031148.csv
run-ea61e52982eecfed,cfg-7ee75feb0b09675f,actor_update,18966.0,completed_run,output/strengthening_factorial/strong-factorial-qwen25_3b-grpo-math-actor_only-s94/phase-memory-5032047.csv
run-ea61e52982eecfed,cfg-7ee75feb0b09675f,idle,33446.0,completed_run,output/strengthening_factorial/strong-factorial-qwen25_3b-grpo-math-actor_only-s94/phase-memory-5032047.csv
run-ea61e52982eecfed,cfg-7ee75feb0b09675f,initializing,33282.0,completed_run,output/strengthening_factorial/strong-factorial-qwen25_3b-grpo-math-actor_only-s94/phase-memory-5032047.csv
run-ea61e52982eecfed,cfg-7ee75feb0b09675f,reference_logprob,13942.0,completed_run,output/strengthening_factorial/strong-factorial-qwen25_3b-grpo-math-actor_only-s94/phase-memory-5032047.csv
run-ea61e52982eecfed,cfg-7ee75feb0b09675f,rollout,33138.0,completed_run,output/strengthening_factorial/strong-factorial-qwen25_3b-grpo-math-actor_only-s94/phase-memory-5032047.csv
run-ea61e52982eecfed,cfg-7ee75feb0b09675f,weight_sync,33446.0,completed_run,output/strengthening_factorial/strong-factorial-qwen25_3b-grpo-math-actor_only-s94/phase-memory-5032047.csv
run-eb39c1889d967ed8,cfg-d9397d15f234d541,actor_update,11996.0,completed_run,output/strengthening_granite_confirmatory/strong-granite-confirmatory-grpo-code_heavy_tail-c1-s93/phase-memory-5031344.csv
run-eb39c1889d967ed8,cfg-d9397d15f234d541,idle,21148.0,completed_run,output/strengthening_granite_confirmatory/strong-granite-confirmatory-grpo-code_heavy_tail-c1-s93/phase-memory-5031344.csv
run-eb39c1889d967ed8,cfg-d9397d15f234d541,initializing,20638.0,completed_run,output/strengthening_granite_confirmatory/strong-granite-confirmatory-grpo-code_heavy_tail-c1-s93/phase-memory-5031344.csv
run-eb39c1889d967ed8,cfg-d9397d15f234d541,reference_logprob,9892.0,completed_run,output/strengthening_granite_confirmatory/strong-granite-confirmatory-grpo-code_heavy_tail-c1-s93/phase-memory-5031344.csv
run-eb39c1889d967ed8,cfg-d9397d15f234d541,rollout,21220.0,completed_run,output/strengthening_granite_confirmatory/strong-granite-confirmatory-grpo-code_heavy_tail-c1-s93/phase-memory-5031344.csv
run-eb39c1889d967ed8,cfg-d9397d15f234d541,weight_sync,19070.0,completed_run,output/strengthening_granite_confirmatory/strong-granite-confirmatory-grpo-code_heavy_tail-c1-s93/phase-memory-5031344.csv
run-eb4771b31d7c9c6d,cfg-e8893b12558f51dd,initializing,7780.0,terminal_stage_partial,output/strengthening_granite_confirmatory/strong-granite-confirmatory-grpo-gsm8k_long-c5-s93/phase-memory-5031249.csv
run-eb4b8af04b8d5a83,cfg-fd41285187ce3c5b,actor_update,25950.0,completed_run,output/strengthening_factorial/strong-factorial-qwen25_3b-grpo-code_heavy_tail-actor_only-s94/phase-memory-5031985.csv
run-eb4b8af04b8d5a83,cfg-fd41285187ce3c5b,idle,33108.0,completed_run,output/strengthening_factorial/strong-factorial-qwen25_3b-grpo-code_heavy_tail-actor_only-s94/phase-memory-5031985.csv
run-eb4b8af04b8d5a83,cfg-fd41285187ce3c5b,initializing,32676.0,completed_run,output/strengthening_factorial/strong-factorial-qwen25_3b-grpo-code_heavy_tail-actor_only-s94/phase-memory-5031985.csv
run-eb4b8af04b8d5a83,cfg-fd41285187ce3c5b,reference_logprob,14004.0,completed_run,output/strengthening_factorial/strong-factorial-qwen25_3b-grpo-code_heavy_tail-actor_only-s94/phase-memory-5031985.csv
run-eb4b8af04b8d5a83,cfg-fd41285187ce3c5b,rollout,33498.0,completed_run,output/strengthening_factorial/strong-factorial-qwen25_3b-grpo-code_heavy_tail-actor_only-s94/phase-memory-5031985.csv
run-eb4b8af04b8d5a83,cfg-fd41285187ce3c5b,weight_sync,33108.0,completed_run,output/strengthening_factorial/strong-factorial-qwen25_3b-grpo-code_heavy_tail-actor_only-s94/phase-memory-5031985.csv
run-ebb9b667353371b0,cfg-e5f3439a7c655274,actor_update,21192.0,completed_run,output/benchmark_v2_temporal_confirmatory/v2time-grpo-gsm8k-qwen25_3b-near_boundary-s42/phase-memory-4942924.csv
run-ebb9b667353371b0,cfg-e5f3439a7c655274,idle,35778.0,completed_run,output/benchmark_v2_temporal_confirmatory/v2time-grpo-gsm8k-qwen25_3b-near_boundary-s42/phase-memory-4942924.csv
run-ebb9b667353371b0,cfg-e5f3439a7c655274,initializing,35910.0,completed_run,output/benchmark_v2_temporal_confirmatory/v2time-grpo-gsm8k-qwen25_3b-near_boundary-s42/phase-memory-4942924.csv
run-ebb9b667353371b0,cfg-e5f3439a7c655274,reference_logprob,15758.0,completed_run,output/benchmark_v2_temporal_confirmatory/v2time-grpo-gsm8k-qwen25_3b-near_boundary-s42/phase-memory-4942924.csv
run-ebb9b667353371b0,cfg-e5f3439a7c655274,rollout,37990.0,completed_run,output/benchmark_v2_temporal_confirmatory/v2time-grpo-gsm8k-qwen25_3b-near_boundary-s42/phase-memory-4942924.csv
run-ebb9b667353371b0,cfg-e5f3439a7c655274,unknown,35778.0,completed_run,output/benchmark_v2_temporal_confirmatory/v2time-grpo-gsm8k-qwen25_3b-near_boundary-s42/phase-memory-4942924.csv
run-ebb9b667353371b0,cfg-e5f3439a7c655274,weight_sync,35778.0,completed_run,output/benchmark_v2_temporal_confirmatory/v2time-grpo-gsm8k-qwen25_3b-near_boundary-s42/phase-memory-4942924.csv
run-ebf3aa7a5144268b,cfg-5244d13eac3116ad,actor_update,11610.0,completed_run,output/benchmark_v2_cross_family_confirmatory/v2cf-confirm-qwen25_3b-grpo-gsm8k_long-c0-s41/phase-memory-4935724.csv
run-ebf3aa7a5144268b,cfg-5244d13eac3116ad,idle,14914.0,completed_run,output/benchmark_v2_cross_family_confirmatory/v2cf-confirm-qwen25_3b-grpo-gsm8k_long-c0-s41/phase-memory-4935724.csv
run-ebf3aa7a5144268b,cfg-5244d13eac3116ad,initializing,20996.0,completed_run,output/benchmark_v2_cross_family_confirmatory/v2cf-confirm-qwen25_3b-grpo-gsm8k_long-c0-s41/phase-memory-4935724.csv
run-ebf3aa7a5144268b,cfg-5244d13eac3116ad,reference_logprob,11724.0,completed_run,output/benchmark_v2_cross_family_confirmatory/v2cf-confirm-qwen25_3b-grpo-gsm8k_long-c0-s41/phase-memory-4935724.csv
run-ebf3aa7a5144268b,cfg-5244d13eac3116ad,rollout,14524.0,completed_run,output/benchmark_v2_cross_family_confirmatory/v2cf-confirm-qwen25_3b-grpo-gsm8k_long-c0-s41/phase-memory-4935724.csv
run-ebf3aa7a5144268b,cfg-5244d13eac3116ad,weight_sync,21540.0,completed_run,output/benchmark_v2_cross_family_confirmatory/v2cf-confirm-qwen25_3b-grpo-gsm8k_long-c0-s41/phase-memory-4935724.csv
run-ebf6cc3e367056a2,cfg-7898c5f5e25f7757,actor_update,14534.0,completed_run,output/strengthening_temporal_phases/strong-time-grpo-math-qwen25_1p5b-near_boundary-s91/phase-memory-5034325.csv
run-ebf6cc3e367056a2,cfg-7898c5f5e25f7757,checkpoint,14396.0,completed_run,output/strengthening_temporal_phases/strong-time-grpo-math-qwen25_1p5b-near_boundary-s91/phase-memory-5034325.csv
run-ebf6cc3e367056a2,cfg-7898c5f5e25f7757,idle,32280.0,completed_run,output/strengthening_temporal_phases/strong-time-grpo-math-qwen25_1p5b-near_boundary-s91/phase-memory-5034325.csv
run-ebf6cc3e367056a2,cfg-7898c5f5e25f7757,initializing,32570.0,completed_run,output/strengthening_temporal_phases/strong-time-grpo-math-qwen25_1p5b-near_boundary-s91/phase-memory-5034325.csv
run-ebf6cc3e367056a2,cfg-7898c5f5e25f7757,reference_logprob,14190.0,completed_run,output/strengthening_temporal_phases/strong-time-grpo-math-qwen25_1p5b-near_boundary-s91/phase-memory-5034325.csv
run-ebf6cc3e367056a2,cfg-7898c5f5e25f7757,rollout,35590.0,completed_run,output/strengthening_temporal_phases/strong-time-grpo-math-qwen25_1p5b-near_boundary-s91/phase-memory-5034325.csv
run-ebf6cc3e367056a2,cfg-7898c5f5e25f7757,unknown,32490.0,completed_run,output/strengthening_temporal_phases/strong-time-grpo-math-qwen25_1p5b-near_boundary-s91/phase-memory-5034325.csv
run-ebf6cc3e367056a2,cfg-7898c5f5e25f7757,validation,32494.0,completed_run,output/strengthening_temporal_phases/strong-time-grpo-math-qwen25_1p5b-near_boundary-s91/phase-memory-5034325.csv
run-ebf6cc3e367056a2,cfg-7898c5f5e25f7757,weight_sync,32280.0,completed_run,output/strengthening_temporal_phases/strong-time-grpo-math-qwen25_1p5b-near_boundary-s91/phase-memory-5034325.csv
run-ed204f30ccc94238,cfg-191bdf2aa4d09de2,actor_update,19078.0,completed_run,output/strengthening_factorial/strong-factorial-phi4_mini-grpo-math-base-s96/phase-memory-5031826.csv
run-ed204f30ccc94238,cfg-191bdf2aa4d09de2,idle,35766.0,completed_run,output/strengthening_factorial/strong-factorial-phi4_mini-grpo-math-base-s96/phase-memory-5031826.csv
run-ed204f30ccc94238,cfg-191bdf2aa4d09de2,initializing,35920.0,completed_run,output/strengthening_factorial/strong-factorial-phi4_mini-grpo-math-base-s96/phase-memory-5031826.csv
run-ed204f30ccc94238,cfg-191bdf2aa4d09de2,reference_logprob,17008.0,completed_run,output/strengthening_factorial/strong-factorial-phi4_mini-grpo-math-base-s96/phase-memory-5031826.csv
run-ed204f30ccc94238,cfg-191bdf2aa4d09de2,rollout,35892.0,completed_run,output/strengthening_factorial/strong-factorial-phi4_mini-grpo-math-base-s96/phase-memory-5031826.csv
run-ed204f30ccc94238,cfg-191bdf2aa4d09de2,weight_sync,35766.0,completed_run,output/strengthening_factorial/strong-factorial-phi4_mini-grpo-math-base-s96/phase-memory-5031826.csv
run-ed61ae004b9b3e3b,cfg-3c86a11fdb8455cb,initializing,14790.0,terminal_stage_partial,output/benchmark_v2_cross_family_confirmatory/v2cf-confirm-phi4_mini-grpo-gsm8k_long-c5-s42/phase-memory-4936248.csv
run-ed826144e11ec0fe,cfg-bfb83ff32b7fd921,actor_update,15286.0,completed_run,output/major_revision_cross_model_confirmatory/mr-xm-confirm-qwen25_3b-grpo-code_heavy_tail-c1-s53/phase-memory-4999664.csv
run-ed826144e11ec0fe,cfg-bfb83ff32b7fd921,idle,20964.0,completed_run,output/major_revision_cross_model_confirmatory/mr-xm-confirm-qwen25_3b-grpo-code_heavy_tail-c1-s53/phase-memory-4999664.csv
run-ed826144e11ec0fe,cfg-bfb83ff32b7fd921,initializing,20996.0,completed_run,output/major_revision_cross_model_confirmatory/mr-xm-confirm-qwen25_3b-grpo-code_heavy_tail-c1-s53/phase-memory-4999664.csv
run-ed826144e11ec0fe,cfg-bfb83ff32b7fd921,reference_logprob,13742.0,completed_run,output/major_revision_cross_model_confirmatory/mr-xm-confirm-qwen25_3b-grpo-code_heavy_tail-c1-s53/phase-memory-4999664.csv
run-ed826144e11ec0fe,cfg-bfb83ff32b7fd921,rollout,21154.0,completed_run,output/major_revision_cross_model_confirmatory/mr-xm-confirm-qwen25_3b-grpo-code_heavy_tail-c1-s53/phase-memory-4999664.csv
run-ed826144e11ec0fe,cfg-bfb83ff32b7fd921,weight_sync,21542.0,completed_run,output/major_revision_cross_model_confirmatory/mr-xm-confirm-qwen25_3b-grpo-code_heavy_tail-c1-s53/phase-memory-4999664.csv
run-ed849bbca851e576,cfg-3171760c4182a3cf,actor_update,23876.0,completed_run,output/revision_temporal/rev-temporal-phi4_mini-math-interpolated-s112-source/attempt-5045339/phase-memory-5045339.csv
run-ed849bbca851e576,cfg-3171760c4182a3cf,checkpoint,23876.0,completed_run,output/revision_temporal/rev-temporal-phi4_mini-math-interpolated-s112-source/attempt-5045339/phase-memory-5045339.csv
run-ed849bbca851e576,cfg-3171760c4182a3cf,initializing,37968.0,completed_run,output/revision_temporal/rev-temporal-phi4_mini-math-interpolated-s112-source/attempt-5045339/phase-memory-5045339.csv
run-ed849bbca851e576,cfg-3171760c4182a3cf,reference_logprob,17068.0,completed_run,output/revision_temporal/rev-temporal-phi4_mini-math-interpolated-s112-source/attempt-5045339/phase-memory-5045339.csv
run-ed849bbca851e576,cfg-3171760c4182a3cf,rollout,37898.0,completed_run,output/revision_temporal/rev-temporal-phi4_mini-math-interpolated-s112-source/attempt-5045339/phase-memory-5045339.csv
run-ed849bbca851e576,cfg-3171760c4182a3cf,validation,37882.0,completed_run,output/revision_temporal/rev-temporal-phi4_mini-math-interpolated-s112-source/attempt-5045339/phase-memory-5045339.csv
run-ed849bbca851e576,cfg-3171760c4182a3cf,weight_sync,37794.0,completed_run,output/revision_temporal/rev-temporal-phi4_mini-math-interpolated-s112-source/attempt-5045339/phase-memory-5045339.csv
run-ed9c9c0c64c7434e,cfg-896685010703c0fb,initializing,14790.0,terminal_stage_partial,output/major_revision_cross_model_confirmatory/mr-xm-confirm-phi4_mini-grpo-code_standard-c5-s51/phase-memory-5003153.csv
run-ed9dc39bc0529cc9,cfg-a94bf7877633dfda,actor_update,12538.0,completed_run,output/strengthening_granite_confirmatory/strong-granite-confirmatory-grpo-code_standard-c2-s92/phase-memory-5031326.csv
run-ed9dc39bc0529cc9,cfg-a94bf7877633dfda,idle,32322.0,completed_run,output/strengthening_granite_confirmatory/strong-granite-confirmatory-grpo-code_standard-c2-s92/phase-memory-5031326.csv
run-ed9dc39bc0529cc9,cfg-a94bf7877633dfda,initializing,31876.0,completed_run,output/strengthening_granite_confirmatory/strong-granite-confirmatory-grpo-code_standard-c2-s92/phase-memory-5031326.csv
run-ed9dc39bc0529cc9,cfg-a94bf7877633dfda,reference_logprob,9638.0,completed_run,output/strengthening_granite_confirmatory/strong-granite-confirmatory-grpo-code_standard-c2-s92/phase-memory-5031326.csv
run-ed9dc39bc0529cc9,cfg-a94bf7877633dfda,rollout,32384.0,completed_run,output/strengthening_granite_confirmatory/strong-granite-confirmatory-grpo-code_standard-c2-s92/phase-memory-5031326.csv
run-ed9dc39bc0529cc9,cfg-a94bf7877633dfda,weight_sync,32302.0,completed_run,output/strengthening_granite_confirmatory/strong-granite-confirmatory-grpo-code_standard-c2-s92/phase-memory-5031326.csv
run-eda49e73113c511f,cfg-a8e7e878a371de68,actor_update,21526.0,completed_run,output/strengthening_factorial/strong-factorial-phi4_mini-grpo-code_standard-base-s94/phase-memory-5031745.csv
run-eda49e73113c511f,cfg-a8e7e878a371de68,idle,35518.0,completed_run,output/strengthening_factorial/strong-factorial-phi4_mini-grpo-code_standard-base-s94/phase-memory-5031745.csv
run-eda49e73113c511f,cfg-a8e7e878a371de68,initializing,35398.0,completed_run,output/strengthening_factorial/strong-factorial-phi4_mini-grpo-code_standard-base-s94/phase-memory-5031745.csv
run-eda49e73113c511f,cfg-a8e7e878a371de68,reference_logprob,16656.0,completed_run,output/strengthening_factorial/strong-factorial-phi4_mini-grpo-code_standard-base-s94/phase-memory-5031745.csv
run-eda49e73113c511f,cfg-a8e7e878a371de68,rollout,35694.0,completed_run,output/strengthening_factorial/strong-factorial-phi4_mini-grpo-code_standard-base-s94/phase-memory-5031745.csv
run-eda49e73113c511f,cfg-a8e7e878a371de68,weight_sync,35518.0,completed_run,output/strengthening_factorial/strong-factorial-phi4_mini-grpo-code_standard-base-s94/phase-memory-5031745.csv
run-edb765b6c0e1171f,cfg-71b33248b3cb3190,actor_update,14472.0,completed_run,output/strengthening_factorial/strong-factorial-granite33_2b-grpo-math_short-joint-s95/phase-memory-5031497.csv
run-edb765b6c0e1171f,cfg-71b33248b3cb3190,idle,36670.0,completed_run,output/strengthening_factorial/strong-factorial-granite33_2b-grpo-math_short-joint-s95/phase-memory-5031497.csv
run-edb765b6c0e1171f,cfg-71b33248b3cb3190,initializing,36308.0,completed_run,output/strengthening_factorial/strong-factorial-granite33_2b-grpo-math_short-joint-s95/phase-memory-5031497.csv
run-edb765b6c0e1171f,cfg-71b33248b3cb3190,reference_logprob,10366.0,completed_run,output/strengthening_factorial/strong-factorial-granite33_2b-grpo-math_short-joint-s95/phase-memory-5031497.csv
run-edb765b6c0e1171f,cfg-71b33248b3cb3190,rollout,36478.0,completed_run,output/strengthening_factorial/strong-factorial-granite33_2b-grpo-math_short-joint-s95/phase-memory-5031497.csv
run-edb765b6c0e1171f,cfg-71b33248b3cb3190,weight_sync,35558.0,completed_run,output/strengthening_factorial/strong-factorial-granite33_2b-grpo-math_short-joint-s95/phase-memory-5031497.csv
run-edebf862fda8253c,cfg-e82e70f37087dd01,actor_update,15944.0,completed_run,output/strengthening_factorial/strong-factorial-qwen25_3b-grpo-code_standard-reservation_only-s96/phase-memory-5032020.csv
run-edebf862fda8253c,cfg-e82e70f37087dd01,idle,37140.0,completed_run,output/strengthening_factorial/strong-factorial-qwen25_3b-grpo-code_standard-reservation_only-s96/phase-memory-5032020.csv
run-edebf862fda8253c,cfg-e82e70f37087dd01,initializing,36706.0,completed_run,output/strengthening_factorial/strong-factorial-qwen25_3b-grpo-code_standard-reservation_only-s96/phase-memory-5032020.csv
run-edebf862fda8253c,cfg-e82e70f37087dd01,reference_logprob,12364.0,completed_run,output/strengthening_factorial/strong-factorial-qwen25_3b-grpo-code_standard-reservation_only-s96/phase-memory-5032020.csv
run-edebf862fda8253c,cfg-e82e70f37087dd01,rollout,37418.0,completed_run,output/strengthening_factorial/strong-factorial-qwen25_3b-grpo-code_standard-reservation_only-s96/phase-memory-5032020.csv
run-edebf862fda8253c,cfg-e82e70f37087dd01,weight_sync,37140.0,completed_run,output/strengthening_factorial/strong-factorial-qwen25_3b-grpo-code_standard-reservation_only-s96/phase-memory-5032020.csv
run-ee034e3f7145d551,cfg-fd41285187ce3c5b,actor_update,25146.0,completed_run,output/strengthening_factorial/strong-factorial-qwen25_3b-grpo-code_heavy_tail-actor_only-s95/phase-memory-5031987.csv
run-ee034e3f7145d551,cfg-fd41285187ce3c5b,idle,33108.0,completed_run,output/strengthening_factorial/strong-factorial-qwen25_3b-grpo-code_heavy_tail-actor_only-s95/phase-memory-5031987.csv
run-ee034e3f7145d551,cfg-fd41285187ce3c5b,initializing,32676.0,completed_run,output/strengthening_factorial/strong-factorial-qwen25_3b-grpo-code_heavy_tail-actor_only-s95/phase-memory-5031987.csv
run-ee034e3f7145d551,cfg-fd41285187ce3c5b,reference_logprob,13644.0,completed_run,output/strengthening_factorial/strong-factorial-qwen25_3b-grpo-code_heavy_tail-actor_only-s95/phase-memory-5031987.csv
run-ee034e3f7145d551,cfg-fd41285187ce3c5b,rollout,33524.0,completed_run,output/strengthening_factorial/strong-factorial-qwen25_3b-grpo-code_heavy_tail-actor_only-s95/phase-memory-5031987.csv
run-ee034e3f7145d551,cfg-fd41285187ce3c5b,weight_sync,33108.0,completed_run,output/strengthening_factorial/strong-factorial-qwen25_3b-grpo-code_heavy_tail-actor_only-s95/phase-memory-5031987.csv
run-ee3dfb789877d8fe,cfg-a0eeadfadfa890b0,actor_update,19266.0,completed_run,output/review_instrumentation_batch/review-control-qwen25_3b-code_heavy_tail-s122-external_b8/attempt-5048560/phase-memory-5048560.csv
run-ee3dfb789877d8fe,cfg-a0eeadfadfa890b0,idle,33108.0,completed_run,output/review_instrumentation_batch/review-control-qwen25_3b-code_heavy_tail-s122-external_b8/attempt-5048560/phase-memory-5048560.csv
run-ee3dfb789877d8fe,cfg-a0eeadfadfa890b0,initializing,32674.0,completed_run,output/review_instrumentation_batch/review-control-qwen25_3b-code_heavy_tail-s122-external_b8/attempt-5048560/phase-memory-5048560.csv
run-ee3dfb789877d8fe,cfg-a0eeadfadfa890b0,reference_logprob,14084.0,completed_run,output/review_instrumentation_batch/review-control-qwen25_3b-code_heavy_tail-s122-external_b8/attempt-5048560/phase-memory-5048560.csv
run-ee3dfb789877d8fe,cfg-a0eeadfadfa890b0,rollout,33546.0,completed_run,output/review_instrumentation_batch/review-control-qwen25_3b-code_heavy_tail-s122-external_b8/attempt-5048560/phase-memory-5048560.csv
run-ee3dfb789877d8fe,cfg-a0eeadfadfa890b0,weight_sync,33108.0,completed_run,output/review_instrumentation_batch/review-control-qwen25_3b-code_heavy_tail-s122-external_b8/attempt-5048560/phase-memory-5048560.csv
run-ee4d12759665a841,cfg-d50136695367867d,actor_update,16786.0,completed_run,output/revision_instrumentation/rev-instrumentation-phi4_mini-gsm8k-c2-s112-external/attempt-5045342/phase-memory-5045342.csv
run-ee4d12759665a841,cfg-d50136695367867d,idle,35518.0,completed_run,output/revision_instrumentation/rev-instrumentation-phi4_mini-gsm8k-c2-s112-external/attempt-5045342/phase-memory-5045342.csv
run-ee4d12759665a841,cfg-d50136695367867d,initializing,35398.0,completed_run,output/revision_instrumentation/rev-instrumentation-phi4_mini-gsm8k-c2-s112-external/attempt-5045342/phase-memory-5045342.csv
run-ee4d12759665a841,cfg-d50136695367867d,reference_logprob,14012.0,completed_run,output/revision_instrumentation/rev-instrumentation-phi4_mini-gsm8k-c2-s112-external/attempt-5045342/phase-memory-5045342.csv
run-ee4d12759665a841,cfg-d50136695367867d,rollout,35314.0,completed_run,output/revision_instrumentation/rev-instrumentation-phi4_mini-gsm8k-c2-s112-external/attempt-5045342/phase-memory-5045342.csv
run-ee4d12759665a841,cfg-d50136695367867d,weight_sync,35518.0,completed_run,output/revision_instrumentation/rev-instrumentation-phi4_mini-gsm8k-c2-s112-external/attempt-5045342/phase-memory-5045342.csv
run-ee4d14c91da3596d,cfg-f989b39cd682f07b,actor_update,12428.0,completed_run,output/strengthening_factorial/strong-factorial-granite33_2b-grpo-math_short-reservation_only-s96/phase-memory-5031438.csv
run-ee4d14c91da3596d,cfg-f989b39cd682f07b,idle,36690.0,completed_run,output/strengthening_factorial/strong-factorial-granite33_2b-grpo-math_short-reservation_only-s96/phase-memory-5031438.csv
run-ee4d14c91da3596d,cfg-f989b39cd682f07b,initializing,36308.0,completed_run,output/strengthening_factorial/strong-factorial-granite33_2b-grpo-math_short-reservation_only-s96/phase-memory-5031438.csv
run-ee4d14c91da3596d,cfg-f989b39cd682f07b,reference_logprob,10346.0,completed_run,output/strengthening_factorial/strong-factorial-granite33_2b-grpo-math_short-reservation_only-s96/phase-memory-5031438.csv
run-ee4d14c91da3596d,cfg-f989b39cd682f07b,rollout,36514.0,completed_run,output/strengthening_factorial/strong-factorial-granite33_2b-grpo-math_short-reservation_only-s96/phase-memory-5031438.csv
run-ee4d14c91da3596d,cfg-f989b39cd682f07b,weight_sync,36690.0,completed_run,output/strengthening_factorial/strong-factorial-granite33_2b-grpo-math_short-reservation_only-s96/phase-memory-5031438.csv
run-eece780f74517192,cfg-a23a9ffc1f670139,actor_update,15498.0,completed_run,output/revision_topology/rev-topology-qwen25_3b-math-c4-s113-four_gpu/attempt-5045344/phase-memory-5045344.csv
run-eece780f74517192,cfg-a23a9ffc1f670139,idle,38314.0,completed_run,output/revision_topology/rev-topology-qwen25_3b-math-c4-s113-four_gpu/attempt-5045344/phase-memory-5045344.csv
run-eece780f74517192,cfg-a23a9ffc1f670139,initializing,38290.0,completed_run,output/revision_topology/rev-topology-qwen25_3b-math-c4-s113-four_gpu/attempt-5045344/phase-memory-5045344.csv
run-eece780f74517192,cfg-a23a9ffc1f670139,reference_logprob,10652.0,completed_run,output/revision_topology/rev-topology-qwen25_3b-math-c4-s113-four_gpu/attempt-5045344/phase-memory-5045344.csv
run-eece780f74517192,cfg-a23a9ffc1f670139,rollout,38002.0,completed_run,output/revision_topology/rev-topology-qwen25_3b-math-c4-s113-four_gpu/attempt-5045344/phase-memory-5045344.csv
run-eece780f74517192,cfg-a23a9ffc1f670139,weight_sync,38294.0,completed_run,output/revision_topology/rev-topology-qwen25_3b-math-c4-s113-four_gpu/attempt-5045344/phase-memory-5045344.csv
run-ef93d18945132e53,cfg-28f3c14e91d01934,actor_update,17742.0,completed_run,output/strengthening_factorial/strong-factorial-granite33_2b-grpo-code_heavy_tail-joint-s94/phase-memory-5031377.csv
run-ef93d18945132e53,cfg-28f3c14e91d01934,idle,36302.0,completed_run,output/strengthening_factorial/strong-factorial-granite33_2b-grpo-code_heavy_tail-joint-s94/phase-memory-5031377.csv
run-ef93d18945132e53,cfg-28f3c14e91d01934,initializing,35876.0,completed_run,output/strengthening_factorial/strong-factorial-granite33_2b-grpo-code_heavy_tail-joint-s94/phase-memory-5031377.csv
run-ef93d18945132e53,cfg-28f3c14e91d01934,reference_logprob,10078.0,completed_run,output/strengthening_factorial/strong-factorial-granite33_2b-grpo-code_heavy_tail-joint-s94/phase-memory-5031377.csv
run-ef93d18945132e53,cfg-28f3c14e91d01934,rollout,36532.0,completed_run,output/strengthening_factorial/strong-factorial-granite33_2b-grpo-code_heavy_tail-joint-s94/phase-memory-5031377.csv
run-ef93d18945132e53,cfg-28f3c14e91d01934,weight_sync,35190.0,completed_run,output/strengthening_factorial/strong-factorial-granite33_2b-grpo-code_heavy_tail-joint-s94/phase-memory-5031377.csv
run-f035efd246f89db8,cfg-a5e8503dbdd188ac,actor_update,27198.0,completed_run,output/strengthening_factorial/strong-factorial-phi4_mini-grpo-code_standard-joint-s94/phase-memory-5031768.csv
run-f035efd246f89db8,cfg-a5e8503dbdd188ac,idle,39550.0,completed_run,output/strengthening_factorial/strong-factorial-phi4_mini-grpo-code_standard-joint-s94/phase-memory-5031768.csv
run-f035efd246f89db8,cfg-a5e8503dbdd188ac,initializing,39430.0,completed_run,output/strengthening_factorial/strong-factorial-phi4_mini-grpo-code_standard-joint-s94/phase-memory-5031768.csv
run-f035efd246f89db8,cfg-a5e8503dbdd188ac,reference_logprob,16356.0,completed_run,output/strengthening_factorial/strong-factorial-phi4_mini-grpo-code_standard-joint-s94/phase-memory-5031768.csv
run-f035efd246f89db8,cfg-a5e8503dbdd188ac,rollout,39668.0,completed_run,output/strengthening_factorial/strong-factorial-phi4_mini-grpo-code_standard-joint-s94/phase-memory-5031768.csv
run-f035efd246f89db8,cfg-a5e8503dbdd188ac,weight_sync,39550.0,completed_run,output/strengthening_factorial/strong-factorial-phi4_mini-grpo-code_standard-joint-s94/phase-memory-5031768.csv
run-f06af21ca6640b55,cfg-9758870c0a0b4d69,actor_update,9408.0,completed_run,output/revision_topology/rev-topology-granite33_2b-math-c2-s111-four_gpu/attempt-5045401/phase-memory-5045401.csv
run-f06af21ca6640b55,cfg-9758870c0a0b4d69,idle,30068.0,completed_run,output/revision_topology/rev-topology-granite33_2b-math-c2-s111-four_gpu/attempt-5045401/phase-memory-5045401.csv
run-f06af21ca6640b55,cfg-9758870c0a0b4d69,initializing,29878.0,completed_run,output/revision_topology/rev-topology-granite33_2b-math-c2-s111-four_gpu/attempt-5045401/phase-memory-5045401.csv
run-f06af21ca6640b55,cfg-9758870c0a0b4d69,reference_logprob,7816.0,completed_run,output/revision_topology/rev-topology-granite33_2b-math-c2-s111-four_gpu/attempt-5045401/phase-memory-5045401.csv
run-f06af21ca6640b55,cfg-9758870c0a0b4d69,rollout,29836.0,completed_run,output/revision_topology/rev-topology-granite33_2b-math-c2-s111-four_gpu/attempt-5045401/phase-memory-5045401.csv
run-f06af21ca6640b55,cfg-9758870c0a0b4d69,weight_sync,30048.0,completed_run,output/revision_topology/rev-topology-granite33_2b-math-c2-s111-four_gpu/attempt-5045401/phase-memory-5045401.csv
run-f0b87a0c1acf70f4,cfg-5ff9621270e710ed,actor_update,13926.0,completed_run,output/revision_topology/rev-topology-phi4_mini-gsm8k-c4-s111-four_gpu/attempt-5045355/phase-memory-5045355.csv
run-f0b87a0c1acf70f4,cfg-5ff9621270e710ed,idle,39786.0,completed_run,output/revision_topology/rev-topology-phi4_mini-gsm8k-c4-s111-four_gpu/attempt-5045355/phase-memory-5045355.csv
run-f0b87a0c1acf70f4,cfg-5ff9621270e710ed,initializing,39714.0,completed_run,output/revision_topology/rev-topology-phi4_mini-gsm8k-c4-s111-four_gpu/attempt-5045355/phase-memory-5045355.csv
run-f0b87a0c1acf70f4,cfg-5ff9621270e710ed,reference_logprob,10142.0,completed_run,output/revision_topology/rev-topology-phi4_mini-gsm8k-c4-s111-four_gpu/attempt-5045355/phase-memory-5045355.csv
run-f0b87a0c1acf70f4,cfg-5ff9621270e710ed,rollout,39588.0,completed_run,output/revision_topology/rev-topology-phi4_mini-gsm8k-c4-s111-four_gpu/attempt-5045355/phase-memory-5045355.csv
run-f0b87a0c1acf70f4,cfg-5ff9621270e710ed,weight_sync,39786.0,completed_run,output/revision_topology/rev-topology-phi4_mini-gsm8k-c4-s111-four_gpu/attempt-5045355/phase-memory-5045355.csv
run-f106e84ecf5dacbe,cfg-18285c3cb50308d4,actor_update,20092.0,completed_run,output/major_revision_cross_model_confirmatory/mr-xm-confirm-phi4_mini-grpo-code_heavy_tail-c1-s51/phase-memory-5003709.csv
run-f106e84ecf5dacbe,cfg-18285c3cb50308d4,idle,21944.0,completed_run,output/major_revision_cross_model_confirmatory/mr-xm-confirm-phi4_mini-grpo-code_heavy_tail-c1-s51/phase-memory-5003709.csv
run-f106e84ecf5dacbe,cfg-18285c3cb50308d4,initializing,25598.0,completed_run,output/major_revision_cross_model_confirmatory/mr-xm-confirm-phi4_mini-grpo-code_heavy_tail-c1-s51/phase-memory-5003709.csv
run-f106e84ecf5dacbe,cfg-18285c3cb50308d4,reference_logprob,17728.0,completed_run,output/major_revision_cross_model_confirmatory/mr-xm-confirm-phi4_mini-grpo-code_heavy_tail-c1-s51/phase-memory-5003709.csv
run-f106e84ecf5dacbe,cfg-18285c3cb50308d4,rollout,22286.0,completed_run,output/major_revision_cross_model_confirmatory/mr-xm-confirm-phi4_mini-grpo-code_heavy_tail-c1-s51/phase-memory-5003709.csv
run-f106e84ecf5dacbe,cfg-18285c3cb50308d4,unknown,21944.0,completed_run,output/major_revision_cross_model_confirmatory/mr-xm-confirm-phi4_mini-grpo-code_heavy_tail-c1-s51/phase-memory-5003709.csv
run-f106e84ecf5dacbe,cfg-18285c3cb50308d4,weight_sync,26056.0,completed_run,output/major_revision_cross_model_confirmatory/mr-xm-confirm-phi4_mini-grpo-code_heavy_tail-c1-s51/phase-memory-5003709.csv
run-f1193abc3c10cefb,cfg-aa33c72e0a449b9c,actor_update,17342.0,completed_run,output/strengthening_granite_confirmatory/strong-granite-confirmatory-grpo-code_heavy_tail-c3-s92/phase-memory-5031363.csv
run-f1193abc3c10cefb,cfg-aa33c72e0a449b9c,idle,36302.0,completed_run,output/strengthening_granite_confirmatory/strong-granite-confirmatory-grpo-code_heavy_tail-c3-s92/phase-memory-5031363.csv
run-f1193abc3c10cefb,cfg-aa33c72e0a449b9c,initializing,35876.0,completed_run,output/strengthening_granite_confirmatory/strong-granite-confirmatory-grpo-code_heavy_tail-c3-s92/phase-memory-5031363.csv
run-f1193abc3c10cefb,cfg-aa33c72e0a449b9c,reference_logprob,9976.0,completed_run,output/strengthening_granite_confirmatory/strong-granite-confirmatory-grpo-code_heavy_tail-c3-s92/phase-memory-5031363.csv
run-f1193abc3c10cefb,cfg-aa33c72e0a449b9c,rollout,36758.0,completed_run,output/strengthening_granite_confirmatory/strong-granite-confirmatory-grpo-code_heavy_tail-c3-s92/phase-memory-5031363.csv
run-f1193abc3c10cefb,cfg-aa33c72e0a449b9c,weight_sync,35190.0,completed_run,output/strengthening_granite_confirmatory/strong-granite-confirmatory-grpo-code_heavy_tail-c3-s92/phase-memory-5031363.csv
run-f1957d9f65e4126b,cfg-6d54ac65d934f404,actor_update,16748.0,completed_run,output/major_revision_cross_model_confirmatory/mr-xm-confirm-qwen25_3b-grpo-code_standard-c2-s52/phase-memory-4999376.csv
run-f1957d9f65e4126b,cfg-6d54ac65d934f404,idle,33108.0,completed_run,output/major_revision_cross_model_confirmatory/mr-xm-confirm-qwen25_3b-grpo-code_standard-c2-s52/phase-memory-4999376.csv
run-f1957d9f65e4126b,cfg-6d54ac65d934f404,initializing,32674.0,completed_run,output/major_revision_cross_model_confirmatory/mr-xm-confirm-qwen25_3b-grpo-code_standard-c2-s52/phase-memory-4999376.csv
run-f1957d9f65e4126b,cfg-6d54ac65d934f404,reference_logprob,12966.0,completed_run,output/major_revision_cross_model_confirmatory/mr-xm-confirm-qwen25_3b-grpo-code_standard-c2-s52/phase-memory-4999376.csv
run-f1957d9f65e4126b,cfg-6d54ac65d934f404,rollout,33388.0,completed_run,output/major_revision_cross_model_confirmatory/mr-xm-confirm-qwen25_3b-grpo-code_standard-c2-s52/phase-memory-4999376.csv
run-f1957d9f65e4126b,cfg-6d54ac65d934f404,weight_sync,33108.0,completed_run,output/major_revision_cross_model_confirmatory/mr-xm-confirm-qwen25_3b-grpo-code_standard-c2-s52/phase-memory-4999376.csv
run-f1f9fe4af42f16c8,cfg-c2a8e6e8e140e109,actor_update,9886.0,completed_run,output/revision_topology/rev-topology-granite33_2b-gsm8k-c3-s113-four_gpu/attempt-5045395/phase-memory-5045395.csv
run-f1f9fe4af42f16c8,cfg-c2a8e6e8e140e109,idle,33660.0,completed_run,output/revision_topology/rev-topology-granite33_2b-gsm8k-c3-s113-four_gpu/attempt-5045395/phase-memory-5045395.csv
run-f1f9fe4af42f16c8,cfg-c2a8e6e8e140e109,initializing,33446.0,completed_run,output/revision_topology/rev-topology-granite33_2b-gsm8k-c3-s113-four_gpu/attempt-5045395/phase-memory-5045395.csv
run-f1f9fe4af42f16c8,cfg-c2a8e6e8e140e109,reference_logprob,7150.0,completed_run,output/revision_topology/rev-topology-granite33_2b-gsm8k-c3-s113-four_gpu/attempt-5045395/phase-memory-5045395.csv
run-f1f9fe4af42f16c8,cfg-c2a8e6e8e140e109,rollout,33422.0,completed_run,output/revision_topology/rev-topology-granite33_2b-gsm8k-c3-s113-four_gpu/attempt-5045395/phase-memory-5045395.csv
run-f1f9fe4af42f16c8,cfg-c2a8e6e8e140e109,weight_sync,33660.0,completed_run,output/revision_topology/rev-topology-granite33_2b-gsm8k-c3-s113-four_gpu/attempt-5045395/phase-memory-5045395.csv
run-f1fe650adee2d921,cfg-8bd7050cd7f49e78,actor_update,13976.0,completed_run,output/benchmark_v2_cross_family_confirmatory/v2cf-confirm-phi4_mini-grpo-gsm8k_long-c0-s42/phase-memory-4936174.csv
run-f1fe650adee2d921,cfg-8bd7050cd7f49e78,idle,15842.0,completed_run,output/benchmark_v2_cross_family_confirmatory/v2cf-confirm-phi4_mini-grpo-gsm8k_long-c0-s42/phase-memory-4936174.csv
run-f1fe650adee2d921,cfg-8bd7050cd7f49e78,initializing,25598.0,completed_run,output/benchmark_v2_cross_family_confirmatory/v2cf-confirm-phi4_mini-grpo-gsm8k_long-c0-s42/phase-memory-4936174.csv
run-f1fe650adee2d921,cfg-8bd7050cd7f49e78,reference_logprob,13746.0,completed_run,output/benchmark_v2_cross_family_confirmatory/v2cf-confirm-phi4_mini-grpo-gsm8k_long-c0-s42/phase-memory-4936174.csv
run-f1fe650adee2d921,cfg-8bd7050cd7f49e78,rollout,15454.0,completed_run,output/benchmark_v2_cross_family_confirmatory/v2cf-confirm-phi4_mini-grpo-gsm8k_long-c0-s42/phase-memory-4936174.csv
run-f1fe650adee2d921,cfg-8bd7050cd7f49e78,weight_sync,26034.0,completed_run,output/benchmark_v2_cross_family_confirmatory/v2cf-confirm-phi4_mini-grpo-gsm8k_long-c0-s42/phase-memory-4936174.csv
run-f2729e96e20cf2b2,cfg-c52a49b3491283c7,actor_update,21190.0,completed_run,output/strengthening_temporal_phases/strong-time-grpo-gsm8k-qwen25_3b-near_boundary-s93/phase-memory-5032507.csv
run-f2729e96e20cf2b2,cfg-c52a49b3491283c7,checkpoint,19466.0,completed_run,output/strengthening_temporal_phases/strong-time-grpo-gsm8k-qwen25_3b-near_boundary-s93/phase-memory-5032507.csv
run-f2729e96e20cf2b2,cfg-c52a49b3491283c7,idle,35778.0,completed_run,output/strengthening_temporal_phases/strong-time-grpo-gsm8k-qwen25_3b-near_boundary-s93/phase-memory-5032507.csv
run-f2729e96e20cf2b2,cfg-c52a49b3491283c7,initializing,35912.0,completed_run,output/strengthening_temporal_phases/strong-time-grpo-gsm8k-qwen25_3b-near_boundary-s93/phase-memory-5032507.csv
run-f2729e96e20cf2b2,cfg-c52a49b3491283c7,reference_logprob,15860.0,completed_run,output/strengthening_temporal_phases/strong-time-grpo-gsm8k-qwen25_3b-near_boundary-s93/phase-memory-5032507.csv
run-f2729e96e20cf2b2,cfg-c52a49b3491283c7,rollout,37768.0,completed_run,output/strengthening_temporal_phases/strong-time-grpo-gsm8k-qwen25_3b-near_boundary-s93/phase-memory-5032507.csv
run-f2729e96e20cf2b2,cfg-c52a49b3491283c7,unknown,15082.0,completed_run,output/strengthening_temporal_phases/strong-time-grpo-gsm8k-qwen25_3b-near_boundary-s93/phase-memory-5032507.csv
run-f2729e96e20cf2b2,cfg-c52a49b3491283c7,validation,36040.0,completed_run,output/strengthening_temporal_phases/strong-time-grpo-gsm8k-qwen25_3b-near_boundary-s93/phase-memory-5032507.csv
run-f2729e96e20cf2b2,cfg-c52a49b3491283c7,weight_sync,35778.0,completed_run,output/strengthening_temporal_phases/strong-time-grpo-gsm8k-qwen25_3b-near_boundary-s93/phase-memory-5032507.csv
run-f323ddf716602d2e,cfg-55811d23c5144bb7,initializing,40956.0,terminal_stage_partial,output/benchmark_v2_cross_family_confirmatory/v2cf-confirm-qwen25_3b-grpo-math_short-c4-s43/phase-memory-4935968.csv
run-f37c2b4e90ae31ef,cfg-d4a213515805a9a7,actor_update,11358.0,completed_run,output/strengthening_granite_confirmatory/strong-granite-confirmatory-grpo-gsm8k_long-c1-s92/phase-memory-5031222.csv
run-f37c2b4e90ae31ef,cfg-d4a213515805a9a7,idle,21128.0,completed_run,output/strengthening_granite_confirmatory/strong-granite-confirmatory-grpo-gsm8k_long-c1-s92/phase-memory-5031222.csv
run-f37c2b4e90ae31ef,cfg-d4a213515805a9a7,initializing,20638.0,completed_run,output/strengthening_granite_confirmatory/strong-granite-confirmatory-grpo-gsm8k_long-c1-s92/phase-memory-5031222.csv
run-f37c2b4e90ae31ef,cfg-d4a213515805a9a7,reference_logprob,9572.0,completed_run,output/strengthening_granite_confirmatory/strong-granite-confirmatory-grpo-gsm8k_long-c1-s92/phase-memory-5031222.csv
run-f37c2b4e90ae31ef,cfg-d4a213515805a9a7,rollout,20740.0,completed_run,output/strengthening_granite_confirmatory/strong-granite-confirmatory-grpo-gsm8k_long-c1-s92/phase-memory-5031222.csv
run-f37c2b4e90ae31ef,cfg-d4a213515805a9a7,weight_sync,19050.0,completed_run,output/strengthening_granite_confirmatory/strong-granite-confirmatory-grpo-gsm8k_long-c1-s92/phase-memory-5031222.csv
run-f3aff601db08f5c2,cfg-8bd7050cd7f49e78,actor_update,15578.0,completed_run,output/benchmark_v2_cross_family_confirmatory/v2cf-confirm-phi4_mini-grpo-gsm8k_long-c0-s43/phase-memory-4936175.csv
run-f3aff601db08f5c2,cfg-8bd7050cd7f49e78,idle,15844.0,completed_run,output/benchmark_v2_cross_family_confirmatory/v2cf-confirm-phi4_mini-grpo-gsm8k_long-c0-s43/phase-memory-4936175.csv
run-f3aff601db08f5c2,cfg-8bd7050cd7f49e78,initializing,25598.0,completed_run,output/benchmark_v2_cross_family_confirmatory/v2cf-confirm-phi4_mini-grpo-gsm8k_long-c0-s43/phase-memory-4936175.csv
run-f3aff601db08f5c2,cfg-8bd7050cd7f49e78,reference_logprob,14926.0,completed_run,output/benchmark_v2_cross_family_confirmatory/v2cf-confirm-phi4_mini-grpo-gsm8k_long-c0-s43/phase-memory-4936175.csv
run-f3aff601db08f5c2,cfg-8bd7050cd7f49e78,rollout,15484.0,completed_run,output/benchmark_v2_cross_family_confirmatory/v2cf-confirm-phi4_mini-grpo-gsm8k_long-c0-s43/phase-memory-4936175.csv
run-f3aff601db08f5c2,cfg-8bd7050cd7f49e78,unknown,15408.0,completed_run,output/benchmark_v2_cross_family_confirmatory/v2cf-confirm-phi4_mini-grpo-gsm8k_long-c0-s43/phase-memory-4936175.csv
run-f3aff601db08f5c2,cfg-8bd7050cd7f49e78,weight_sync,26036.0,completed_run,output/benchmark_v2_cross_family_confirmatory/v2cf-confirm-phi4_mini-grpo-gsm8k_long-c0-s43/phase-memory-4936175.csv
run-f537031bdae01833,cfg-08730ad4a3df95fa,actor_update,13628.0,completed_run,output/strengthening_factorial/strong-factorial-granite33_2b-grpo-code_heavy_tail-reservation_only-s95/phase-memory-5031327.csv
run-f537031bdae01833,cfg-08730ad4a3df95fa,idle,36322.0,completed_run,output/strengthening_factorial/strong-factorial-granite33_2b-grpo-code_heavy_tail-reservation_only-s95/phase-memory-5031327.csv
run-f537031bdae01833,cfg-08730ad4a3df95fa,initializing,35876.0,completed_run,output/strengthening_factorial/strong-factorial-granite33_2b-grpo-code_heavy_tail-reservation_only-s95/phase-memory-5031327.csv
run-f537031bdae01833,cfg-08730ad4a3df95fa,reference_logprob,9916.0,completed_run,output/strengthening_factorial/strong-factorial-granite33_2b-grpo-code_heavy_tail-reservation_only-s95/phase-memory-5031327.csv
run-f537031bdae01833,cfg-08730ad4a3df95fa,rollout,36534.0,completed_run,output/strengthening_factorial/strong-factorial-granite33_2b-grpo-code_heavy_tail-reservation_only-s95/phase-memory-5031327.csv
run-f537031bdae01833,cfg-08730ad4a3df95fa,weight_sync,36322.0,completed_run,output/strengthening_factorial/strong-factorial-granite33_2b-grpo-code_heavy_tail-reservation_only-s95/phase-memory-5031327.csv
run-f5e7e1435963c664,cfg-d559324a0b1e4ecd,actor_update,12978.0,completed_run,output/revision_instrumentation/rev-instrumentation-granite33_2b-gsm8k-c3-s113-full/attempt-5045379/phase-memory-5045379.csv
run-f5e7e1435963c664,cfg-d559324a0b1e4ecd,idle,36302.0,completed_run,output/revision_instrumentation/rev-instrumentation-granite33_2b-gsm8k-c3-s113-full/attempt-5045379/phase-memory-5045379.csv
run-f5e7e1435963c664,cfg-d559324a0b1e4ecd,initializing,35876.0,completed_run,output/revision_instrumentation/rev-instrumentation-granite33_2b-gsm8k-c3-s113-full/attempt-5045379/phase-memory-5045379.csv
run-f5e7e1435963c664,cfg-d559324a0b1e4ecd,reference_logprob,9376.0,completed_run,output/revision_instrumentation/rev-instrumentation-granite33_2b-gsm8k-c3-s113-full/attempt-5045379/phase-memory-5045379.csv
run-f5e7e1435963c664,cfg-d559324a0b1e4ecd,rollout,35884.0,completed_run,output/revision_instrumentation/rev-instrumentation-granite33_2b-gsm8k-c3-s113-full/attempt-5045379/phase-memory-5045379.csv
run-f5e7e1435963c664,cfg-d559324a0b1e4ecd,weight_sync,36302.0,completed_run,output/revision_instrumentation/rev-instrumentation-granite33_2b-gsm8k-c3-s113-full/attempt-5045379/phase-memory-5045379.csv
run-f66bcb2e3044e8be,cfg-9160dc45a0171a10,actor_update,12030.0,completed_run,output/major_revision_cross_model_confirmatory/mr-xm-confirm-qwen25_3b-grpo-code_standard-c0-s53/phase-memory-4999002.csv
run-f66bcb2e3044e8be,cfg-9160dc45a0171a10,idle,14934.0,completed_run,output/major_revision_cross_model_confirmatory/mr-xm-confirm-qwen25_3b-grpo-code_standard-c0-s53/phase-memory-4999002.csv
run-f66bcb2e3044e8be,cfg-9160dc45a0171a10,initializing,20996.0,completed_run,output/major_revision_cross_model_confirmatory/mr-xm-confirm-qwen25_3b-grpo-code_standard-c0-s53/phase-memory-4999002.csv
run-f66bcb2e3044e8be,cfg-9160dc45a0171a10,reference_logprob,12566.0,completed_run,output/major_revision_cross_model_confirmatory/mr-xm-confirm-qwen25_3b-grpo-code_standard-c0-s53/phase-memory-4999002.csv
run-f66bcb2e3044e8be,cfg-9160dc45a0171a10,rollout,15106.0,completed_run,output/major_revision_cross_model_confirmatory/mr-xm-confirm-qwen25_3b-grpo-code_standard-c0-s53/phase-memory-4999002.csv
run-f66bcb2e3044e8be,cfg-9160dc45a0171a10,weight_sync,21560.0,completed_run,output/major_revision_cross_model_confirmatory/mr-xm-confirm-qwen25_3b-grpo-code_standard-c0-s53/phase-memory-4999002.csv
run-f6cbb7c1efef2be9,cfg-4feb2171d2cb6476,actor_update,26148.0,completed_run,output/review_instrumentation_batch/review-control-qwen25_3b-code_heavy_tail-s123-external_b16/attempt-5048501/phase-memory-5048501.csv
run-f6cbb7c1efef2be9,cfg-4feb2171d2cb6476,idle,33108.0,completed_run,output/review_instrumentation_batch/review-control-qwen25_3b-code_heavy_tail-s123-external_b16/attempt-5048501/phase-memory-5048501.csv
run-f6cbb7c1efef2be9,cfg-4feb2171d2cb6476,initializing,32674.0,completed_run,output/review_instrumentation_batch/review-control-qwen25_3b-code_heavy_tail-s123-external_b16/attempt-5048501/phase-memory-5048501.csv
run-f6cbb7c1efef2be9,cfg-4feb2171d2cb6476,reference_logprob,14084.0,completed_run,output/review_instrumentation_batch/review-control-qwen25_3b-code_heavy_tail-s123-external_b16/attempt-5048501/phase-memory-5048501.csv
run-f6cbb7c1efef2be9,cfg-4feb2171d2cb6476,rollout,33288.0,completed_run,output/review_instrumentation_batch/review-control-qwen25_3b-code_heavy_tail-s123-external_b16/attempt-5048501/phase-memory-5048501.csv
run-f6cbb7c1efef2be9,cfg-4feb2171d2cb6476,weight_sync,33108.0,completed_run,output/review_instrumentation_batch/review-control-qwen25_3b-code_heavy_tail-s123-external_b16/attempt-5048501/phase-memory-5048501.csv
run-f70a60a14b0a97e8,cfg-b3fe40f61c5686ea,actor_update,40380.0,terminal_stage_partial,output/strengthening_same_node_residency/strong-node-qwen25_1p5b-grpo-math-near_boundary-s82-p2-resident/phase-memory-5031045.csv
run-f70a60a14b0a97e8,cfg-b3fe40f61c5686ea,initializing,36918.0,stage_completion_not_certified,output/strengthening_same_node_residency/strong-node-qwen25_1p5b-grpo-math-near_boundary-s82-p2-resident/phase-memory-5031045.csv
run-f70a60a14b0a97e8,cfg-b3fe40f61c5686ea,reference_logprob,38000.0,stage_completion_not_certified,output/strengthening_same_node_residency/strong-node-qwen25_1p5b-grpo-math-near_boundary-s82-p2-resident/phase-memory-5031045.csv
run-f70a60a14b0a97e8,cfg-b3fe40f61c5686ea,rollout,34104.0,stage_completion_not_certified,output/strengthening_same_node_residency/strong-node-qwen25_1p5b-grpo-math-near_boundary-s82-p2-resident/phase-memory-5031045.csv
run-f7700409b956d387,cfg-e2a205be8efba055,actor_update,14630.0,completed_run,output/benchmark_v2_cross_family_confirmatory/v2cf-confirm-phi4_mini-grpo-math_short-c0-s42/phase-memory-4936271.csv
run-f7700409b956d387,cfg-e2a205be8efba055,idle,16156.0,completed_run,output/benchmark_v2_cross_family_confirmatory/v2cf-confirm-phi4_mini-grpo-math_short-c0-s42/phase-memory-4936271.csv
run-f7700409b956d387,cfg-e2a205be8efba055,initializing,25890.0,completed_run,output/benchmark_v2_cross_family_confirmatory/v2cf-confirm-phi4_mini-grpo-math_short-c0-s42/phase-memory-4936271.csv
run-f7700409b956d387,cfg-e2a205be8efba055,reference_logprob,16702.0,completed_run,output/benchmark_v2_cross_family_confirmatory/v2cf-confirm-phi4_mini-grpo-math_short-c0-s42/phase-memory-4936271.csv
run-f7700409b956d387,cfg-e2a205be8efba055,rollout,16450.0,completed_run,output/benchmark_v2_cross_family_confirmatory/v2cf-confirm-phi4_mini-grpo-math_short-c0-s42/phase-memory-4936271.csv
run-f7700409b956d387,cfg-e2a205be8efba055,unknown,3120.0,completed_run,output/benchmark_v2_cross_family_confirmatory/v2cf-confirm-phi4_mini-grpo-math_short-c0-s42/phase-memory-4936271.csv
run-f7700409b956d387,cfg-e2a205be8efba055,weight_sync,26348.0,completed_run,output/benchmark_v2_cross_family_confirmatory/v2cf-confirm-phi4_mini-grpo-math_short-c0-s42/phase-memory-4936271.csv
run-f7c11cc96b9c35f9,cfg-997a5dca920f4fb3,actor_update,40656.0,completed_run,output/strengthening_same_node_residency/strong-node-qwen25_1p5b-grpo-gsm8k-near_boundary-s81-p2-resident/phase-memory-5031041.csv
run-f7c11cc96b9c35f9,cfg-997a5dca920f4fb3,idle,33946.0,completed_run,output/strengthening_same_node_residency/strong-node-qwen25_1p5b-grpo-gsm8k-near_boundary-s81-p2-resident/phase-memory-5031041.csv
run-f7c11cc96b9c35f9,cfg-997a5dca920f4fb3,initializing,36452.0,completed_run,output/strengthening_same_node_residency/strong-node-qwen25_1p5b-grpo-gsm8k-near_boundary-s81-p2-resident/phase-memory-5031041.csv
run-f7c11cc96b9c35f9,cfg-997a5dca920f4fb3,reference_logprob,37576.0,completed_run,output/strengthening_same_node_residency/strong-node-qwen25_1p5b-grpo-gsm8k-near_boundary-s81-p2-resident/phase-memory-5031041.csv
run-f7c11cc96b9c35f9,cfg-997a5dca920f4fb3,rollout,33626.0,completed_run,output/strengthening_same_node_residency/strong-node-qwen25_1p5b-grpo-gsm8k-near_boundary-s81-p2-resident/phase-memory-5031041.csv
run-f7c11cc96b9c35f9,cfg-997a5dca920f4fb3,weight_sync,40706.0,completed_run,output/strengthening_same_node_residency/strong-node-qwen25_1p5b-grpo-gsm8k-near_boundary-s81-p2-resident/phase-memory-5031041.csv
run-f8624c48095b7ced,cfg-df5e492a5bd02117,actor_update,16808.0,stage_completion_not_certified,output/revision_instrumentation/rev-instrumentation-qwen25_3b-gsm8k-c4-s112-external/attempt-5045362/phase-memory-5045362.csv
run-f8624c48095b7ced,cfg-df5e492a5bd02117,initializing,40812.0,stage_completion_not_certified,output/revision_instrumentation/rev-instrumentation-qwen25_3b-gsm8k-c4-s112-external/attempt-5045362/phase-memory-5045362.csv
run-f8624c48095b7ced,cfg-df5e492a5bd02117,reference_logprob,11846.0,stage_completion_not_certified,output/revision_instrumentation/rev-instrumentation-qwen25_3b-gsm8k-c4-s112-external/attempt-5045362/phase-memory-5045362.csv
run-f8624c48095b7ced,cfg-df5e492a5bd02117,rollout,40932.0,stage_completion_not_certified,output/revision_instrumentation/rev-instrumentation-qwen25_3b-gsm8k-c4-s112-external/attempt-5045362/phase-memory-5045362.csv
run-f8624c48095b7ced,cfg-df5e492a5bd02117,weight_sync,40536.0,terminal_stage_partial,output/revision_instrumentation/rev-instrumentation-qwen25_3b-gsm8k-c4-s112-external/attempt-5045362/phase-memory-5045362.csv
run-f88dcbf2482f36ce,cfg-30f98456fdb322c1,actor_update,15286.0,completed_run,output/benchmark_v2_cross_family_confirmatory/v2cf-confirm-qwen25_3b-grpo-math_short-c2-s42/phase-memory-4935948.csv
run-f88dcbf2482f36ce,cfg-30f98456fdb322c1,idle,33446.0,completed_run,output/benchmark_v2_cross_family_confirmatory/v2cf-confirm-qwen25_3b-grpo-math_short-c2-s42/phase-memory-4935948.csv
run-f88dcbf2482f36ce,cfg-30f98456fdb322c1,initializing,33280.0,completed_run,output/benchmark_v2_cross_family_confirmatory/v2cf-confirm-qwen25_3b-grpo-math_short-c2-s42/phase-memory-4935948.csv
run-f88dcbf2482f36ce,cfg-30f98456fdb322c1,reference_logprob,13682.0,completed_run,output/benchmark_v2_cross_family_confirmatory/v2cf-confirm-qwen25_3b-grpo-math_short-c2-s42/phase-memory-4935948.csv
run-f88dcbf2482f36ce,cfg-30f98456fdb322c1,rollout,33180.0,completed_run,output/benchmark_v2_cross_family_confirmatory/v2cf-confirm-qwen25_3b-grpo-math_short-c2-s42/phase-memory-4935948.csv
run-f88dcbf2482f36ce,cfg-30f98456fdb322c1,weight_sync,33446.0,completed_run,output/benchmark_v2_cross_family_confirmatory/v2cf-confirm-qwen25_3b-grpo-math_short-c2-s42/phase-memory-4935948.csv
run-f8f4faaa9af2d8fe,cfg-ca71b56dc3189305,initializing,10742.0,terminal_stage_partial,output/major_revision_cross_model_confirmatory/mr-xm-confirm-qwen25_3b-grpo-code_standard-c5-s52/phase-memory-4999484.csv
run-f95d96d625cb93c9,cfg-ea92cccc91029465,initializing,14790.0,terminal_stage_partial,output/major_revision_cross_model_confirmatory/mr-xm-confirm-phi4_mini-grpo-code_standard-c4-s53/phase-memory-5003101.csv
run-fa05b099624c4f19,cfg-00e900d266f3e8a4,actor_update,16488.0,completed_run,output/strengthening_factorial/strong-factorial-qwen25_3b-grpo-code_standard-base-s94/phase-memory-5032005.csv
run-fa05b099624c4f19,cfg-00e900d266f3e8a4,idle,33108.0,completed_run,output/strengthening_factorial/strong-factorial-qwen25_3b-grpo-code_standard-base-s94/phase-memory-5032005.csv
run-fa05b099624c4f19,cfg-00e900d266f3e8a4,initializing,32674.0,completed_run,output/strengthening_factorial/strong-factorial-qwen25_3b-grpo-code_standard-base-s94/phase-memory-5032005.csv
run-fa05b099624c4f19,cfg-00e900d266f3e8a4,reference_logprob,12768.0,completed_run,output/strengthening_factorial/strong-factorial-qwen25_3b-grpo-code_standard-base-s94/phase-memory-5032005.csv
run-fa05b099624c4f19,cfg-00e900d266f3e8a4,rollout,33386.0,completed_run,output/strengthening_factorial/strong-factorial-qwen25_3b-grpo-code_standard-base-s94/phase-memory-5032005.csv
run-fa05b099624c4f19,cfg-00e900d266f3e8a4,weight_sync,33108.0,completed_run,output/strengthening_factorial/strong-factorial-qwen25_3b-grpo-code_standard-base-s94/phase-memory-5032005.csv
run-fa530835ea82e2cf,cfg-5c14e44760909675,actor_update,14758.0,completed_run,output/strengthening_same_node_residency/strong-node-qwen25_1p5b-grpo-math-near_boundary-s82-p1-release/phase-memory-5031045.csv
run-fa530835ea82e2cf,cfg-5c14e44760909675,idle,34230.0,completed_run,output/strengthening_same_node_residency/strong-node-qwen25_1p5b-grpo-math-near_boundary-s82-p1-release/phase-memory-5031045.csv
run-fa530835ea82e2cf,cfg-5c14e44760909675,initializing,34202.0,completed_run,output/strengthening_same_node_residency/strong-node-qwen25_1p5b-grpo-math-near_boundary-s82-p1-release/phase-memory-5031045.csv
run-fa530835ea82e2cf,cfg-5c14e44760909675,reference_logprob,10340.0,completed_run,output/strengthening_same_node_residency/strong-node-qwen25_1p5b-grpo-math-near_boundary-s82-p1-release/phase-memory-5031045.csv
run-fa530835ea82e2cf,cfg-5c14e44760909675,rollout,34102.0,completed_run,output/strengthening_same_node_residency/strong-node-qwen25_1p5b-grpo-math-near_boundary-s82-p1-release/phase-memory-5031045.csv
run-fa530835ea82e2cf,cfg-5c14e44760909675,weight_sync,34210.0,completed_run,output/strengthening_same_node_residency/strong-node-qwen25_1p5b-grpo-math-near_boundary-s82-p1-release/phase-memory-5031045.csv
run-facbd0205e2a4e65,cfg-3c86a11fdb8455cb,initializing,14790.0,terminal_stage_partial,output/benchmark_v2_cross_family_confirmatory/v2cf-confirm-phi4_mini-grpo-gsm8k_long-c5-s41/phase-memory-4936243.csv
run-fb011ce5a4016104,cfg-93d4f41e600c9079,actor_update,17320.0,completed_run,output/strengthening_granite_confirmatory/strong-granite-confirmatory-grpo-code_heavy_tail-c4-s91/phase-memory-5031365.csv
run-fb011ce5a4016104,cfg-93d4f41e600c9079,idle,40382.0,completed_run,output/strengthening_granite_confirmatory/strong-granite-confirmatory-grpo-code_heavy_tail-c4-s91/phase-memory-5031365.csv
run-fb011ce5a4016104,cfg-93d4f41e600c9079,initializing,39956.0,completed_run,output/strengthening_granite_confirmatory/strong-granite-confirmatory-grpo-code_heavy_tail-c4-s91/phase-memory-5031365.csv
run-fb011ce5a4016104,cfg-93d4f41e600c9079,reference_logprob,10076.0,completed_run,output/strengthening_granite_confirmatory/strong-granite-confirmatory-grpo-code_heavy_tail-c4-s91/phase-memory-5031365.csv
run-fb011ce5a4016104,cfg-93d4f41e600c9079,rollout,40622.0,completed_run,output/strengthening_granite_confirmatory/strong-granite-confirmatory-grpo-code_heavy_tail-c4-s91/phase-memory-5031365.csv
run-fb011ce5a4016104,cfg-93d4f41e600c9079,weight_sync,40382.0,completed_run,output/strengthening_granite_confirmatory/strong-granite-confirmatory-grpo-code_heavy_tail-c4-s91/phase-memory-5031365.csv
run-fb3b15c480823d85,cfg-3c86a11fdb8455cb,initializing,14790.0,terminal_stage_partial,output/benchmark_v2_cross_family_confirmatory/v2cf-confirm-phi4_mini-grpo-gsm8k_long-c5-s43/phase-memory-4936261.csv
run-fb6a70d0a299d594,cfg-fd4d4789145230df,actor_update,11362.0,completed_run,output/strengthening_granite_confirmatory/strong-granite-confirmatory-grpo-math_short-c1-s92/phase-memory-5031333.csv
run-fb6a70d0a299d594,cfg-fd4d4789145230df,idle,21516.0,completed_run,output/strengthening_granite_confirmatory/strong-granite-confirmatory-grpo-math_short-c1-s92/phase-memory-5031333.csv
run-fb6a70d0a299d594,cfg-fd4d4789145230df,initializing,21068.0,completed_run,output/strengthening_granite_confirmatory/strong-granite-confirmatory-grpo-math_short-c1-s92/phase-memory-5031333.csv
run-fb6a70d0a299d594,cfg-fd4d4789145230df,reference_logprob,10280.0,completed_run,output/strengthening_granite_confirmatory/strong-granite-confirmatory-grpo-math_short-c1-s92/phase-memory-5031333.csv
run-fb6a70d0a299d594,cfg-fd4d4789145230df,rollout,21120.0,completed_run,output/strengthening_granite_confirmatory/strong-granite-confirmatory-grpo-math_short-c1-s92/phase-memory-5031333.csv
run-fb6a70d0a299d594,cfg-fd4d4789145230df,weight_sync,19438.0,completed_run,output/strengthening_granite_confirmatory/strong-granite-confirmatory-grpo-math_short-c1-s92/phase-memory-5031333.csv
run-fbb3a8f011745b2a,cfg-b062fc673112f583,actor_update,35526.0,completed_run,output/strengthening_factorial/strong-factorial-phi4_mini-grpo-code_heavy_tail-joint-s96/phase-memory-5031737.csv
run-fbb3a8f011745b2a,cfg-b062fc673112f583,idle,39550.0,completed_run,output/strengthening_factorial/strong-factorial-phi4_mini-grpo-code_heavy_tail-joint-s96/phase-memory-5031737.csv
run-fbb3a8f011745b2a,cfg-b062fc673112f583,initializing,39430.0,completed_run,output/strengthening_factorial/strong-factorial-phi4_mini-grpo-code_heavy_tail-joint-s96/phase-memory-5031737.csv
run-fbb3a8f011745b2a,cfg-b062fc673112f583,reference_logprob,18034.0,completed_run,output/strengthening_factorial/strong-factorial-phi4_mini-grpo-code_heavy_tail-joint-s96/phase-memory-5031737.csv
run-fbb3a8f011745b2a,cfg-b062fc673112f583,rollout,39920.0,completed_run,output/strengthening_factorial/strong-factorial-phi4_mini-grpo-code_heavy_tail-joint-s96/phase-memory-5031737.csv
run-fbb3a8f011745b2a,cfg-b062fc673112f583,weight_sync,39550.0,completed_run,output/strengthening_factorial/strong-factorial-phi4_mini-grpo-code_heavy_tail-joint-s96/phase-memory-5031737.csv
run-fc2cda15374c9699,cfg-cc5f4f0c2e1256ba,actor_update,11414.0,completed_run,output/strengthening_granite_confirmatory/strong-granite-confirmatory-grpo-code_standard-c1-s92/phase-memory-5031413.csv
run-fc2cda15374c9699,cfg-cc5f4f0c2e1256ba,idle,21148.0,completed_run,output/strengthening_granite_confirmatory/strong-granite-confirmatory-grpo-code_standard-c1-s92/phase-memory-5031413.csv
run-fc2cda15374c9699,cfg-cc5f4f0c2e1256ba,initializing,20636.0,completed_run,output/strengthening_granite_confirmatory/strong-granite-confirmatory-grpo-code_standard-c1-s92/phase-memory-5031413.csv
run-fc2cda15374c9699,cfg-cc5f4f0c2e1256ba,reference_logprob,9548.0,completed_run,output/strengthening_granite_confirmatory/strong-granite-confirmatory-grpo-code_standard-c1-s92/phase-memory-5031413.csv
run-fc2cda15374c9699,cfg-cc5f4f0c2e1256ba,rollout,21298.0,completed_run,output/strengthening_granite_confirmatory/strong-granite-confirmatory-grpo-code_standard-c1-s92/phase-memory-5031413.csv
run-fc2cda15374c9699,cfg-cc5f4f0c2e1256ba,weight_sync,21148.0,completed_run,output/strengthening_granite_confirmatory/strong-granite-confirmatory-grpo-code_standard-c1-s92/phase-memory-5031413.csv
run-fcc80554a19438a4,cfg-57f3e6381e2a814a,actor_update,19438.0,completed_run,output/strengthening_factorial/strong-factorial-phi4_mini-grpo-gsm8k-actor_only-s95/phase-memory-5031791.csv
run-fcc80554a19438a4,cfg-57f3e6381e2a814a,idle,35518.0,completed_run,output/strengthening_factorial/strong-factorial-phi4_mini-grpo-gsm8k-actor_only-s95/phase-memory-5031791.csv
run-fcc80554a19438a4,cfg-57f3e6381e2a814a,initializing,35398.0,completed_run,output/strengthening_factorial/strong-factorial-phi4_mini-grpo-gsm8k-actor_only-s95/phase-memory-5031791.csv
run-fcc80554a19438a4,cfg-57f3e6381e2a814a,reference_logprob,14032.0,completed_run,output/strengthening_factorial/strong-factorial-phi4_mini-grpo-gsm8k-actor_only-s95/phase-memory-5031791.csv
run-fcc80554a19438a4,cfg-57f3e6381e2a814a,rollout,35332.0,completed_run,output/strengthening_factorial/strong-factorial-phi4_mini-grpo-gsm8k-actor_only-s95/phase-memory-5031791.csv
run-fcc80554a19438a4,cfg-57f3e6381e2a814a,weight_sync,35518.0,completed_run,output/strengthening_factorial/strong-factorial-phi4_mini-grpo-gsm8k-actor_only-s95/phase-memory-5031791.csv
run-fce414976fd56dae,cfg-331bb196cd92fe75,actor_update,20950.0,completed_run,output/strengthening_temporal_phases/strong-time-grpo-gsm8k-qwen25_3b-safe_margin-s93/phase-memory-5032256.csv
run-fce414976fd56dae,cfg-331bb196cd92fe75,checkpoint,19586.0,completed_run,output/strengthening_temporal_phases/strong-time-grpo-gsm8k-qwen25_3b-safe_margin-s93/phase-memory-5032256.csv
run-fce414976fd56dae,cfg-331bb196cd92fe75,idle,29730.0,completed_run,output/strengthening_temporal_phases/strong-time-grpo-gsm8k-qwen25_3b-safe_margin-s93/phase-memory-5032256.csv
run-fce414976fd56dae,cfg-331bb196cd92fe75,initializing,29864.0,completed_run,output/strengthening_temporal_phases/strong-time-grpo-gsm8k-qwen25_3b-safe_margin-s93/phase-memory-5032256.csv
run-fce414976fd56dae,cfg-331bb196cd92fe75,reference_logprob,15720.0,completed_run,output/strengthening_temporal_phases/strong-time-grpo-gsm8k-qwen25_3b-safe_margin-s93/phase-memory-5032256.csv
run-fce414976fd56dae,cfg-331bb196cd92fe75,rollout,31748.0,completed_run,output/strengthening_temporal_phases/strong-time-grpo-gsm8k-qwen25_3b-safe_margin-s93/phase-memory-5032256.csv
run-fce414976fd56dae,cfg-331bb196cd92fe75,unknown,29730.0,completed_run,output/strengthening_temporal_phases/strong-time-grpo-gsm8k-qwen25_3b-safe_margin-s93/phase-memory-5032256.csv
run-fce414976fd56dae,cfg-331bb196cd92fe75,validation,29974.0,completed_run,output/strengthening_temporal_phases/strong-time-grpo-gsm8k-qwen25_3b-safe_margin-s93/phase-memory-5032256.csv
run-fce414976fd56dae,cfg-331bb196cd92fe75,weight_sync,29730.0,completed_run,output/strengthening_temporal_phases/strong-time-grpo-gsm8k-qwen25_3b-safe_margin-s93/phase-memory-5032256.csv
run-fda07fd3e1252859,cfg-b8dd70ab682c13b2,actor_update,15376.0,completed_run,output/benchmark_v2_cross_family_confirmatory/v2cf-confirm-phi4_mini-grpo-gsm8k_long-c1-s43/phase-memory-4935665.csv
run-fda07fd3e1252859,cfg-b8dd70ab682c13b2,idle,21942.0,completed_run,output/benchmark_v2_cross_family_confirmatory/v2cf-confirm-phi4_mini-grpo-gsm8k_long-c1-s43/phase-memory-4935665.csv
run-fda07fd3e1252859,cfg-b8dd70ab682c13b2,initializing,25598.0,completed_run,output/benchmark_v2_cross_family_confirmatory/v2cf-confirm-phi4_mini-grpo-gsm8k_long-c1-s43/phase-memory-4935665.csv
run-fda07fd3e1252859,cfg-b8dd70ab682c13b2,reference_logprob,14046.0,completed_run,output/benchmark_v2_cross_family_confirmatory/v2cf-confirm-phi4_mini-grpo-gsm8k_long-c1-s43/phase-memory-4935665.csv
run-fda07fd3e1252859,cfg-b8dd70ab682c13b2,rollout,21564.0,completed_run,output/benchmark_v2_cross_family_confirmatory/v2cf-confirm-phi4_mini-grpo-gsm8k_long-c1-s43/phase-memory-4935665.csv
run-fda07fd3e1252859,cfg-b8dd70ab682c13b2,weight_sync,26054.0,completed_run,output/benchmark_v2_cross_family_confirmatory/v2cf-confirm-phi4_mini-grpo-gsm8k_long-c1-s43/phase-memory-4935665.csv
run-fdb175c88623ad37,cfg-7a9a974958c57abc,actor_update,16650.0,completed_run,output/benchmark_v2_cross_family_confirmatory/v2cf-confirm-qwen25_3b-grpo-gsm8k_long-c3-s42/phase-memory-4935817.csv
run-fdb175c88623ad37,cfg-7a9a974958c57abc,idle,37140.0,completed_run,output/benchmark_v2_cross_family_confirmatory/v2cf-confirm-qwen25_3b-grpo-gsm8k_long-c3-s42/phase-memory-4935817.csv
run-fdb175c88623ad37,cfg-7a9a974958c57abc,initializing,36706.0,completed_run,output/benchmark_v2_cross_family_confirmatory/v2cf-confirm-qwen25_3b-grpo-gsm8k_long-c3-s42/phase-memory-4935817.csv
run-fdb175c88623ad37,cfg-7a9a974958c57abc,reference_logprob,11586.0,completed_run,output/benchmark_v2_cross_family_confirmatory/v2cf-confirm-qwen25_3b-grpo-gsm8k_long-c3-s42/phase-memory-4935817.csv
run-fdb175c88623ad37,cfg-7a9a974958c57abc,rollout,36774.0,completed_run,output/benchmark_v2_cross_family_confirmatory/v2cf-confirm-qwen25_3b-grpo-gsm8k_long-c3-s42/phase-memory-4935817.csv
run-fdb175c88623ad37,cfg-7a9a974958c57abc,weight_sync,37140.0,completed_run,output/benchmark_v2_cross_family_confirmatory/v2cf-confirm-qwen25_3b-grpo-gsm8k_long-c3-s42/phase-memory-4935817.csv
run-fdc320c99c899125,cfg-fbe1c0422f98cb38,actor_update,11658.0,completed_run,output/strengthening_granite_confirmatory/strong-granite-confirmatory-grpo-gsm8k_long-c2-s92/phase-memory-5031225.csv
run-fdc320c99c899125,cfg-fbe1c0422f98cb38,idle,32302.0,completed_run,output/strengthening_granite_confirmatory/strong-granite-confirmatory-grpo-gsm8k_long-c2-s92/phase-memory-5031225.csv
run-fdc320c99c899125,cfg-fbe1c0422f98cb38,initializing,31876.0,completed_run,output/strengthening_granite_confirmatory/strong-granite-confirmatory-grpo-gsm8k_long-c2-s92/phase-memory-5031225.csv
run-fdc320c99c899125,cfg-fbe1c0422f98cb38,reference_logprob,9356.0,completed_run,output/strengthening_granite_confirmatory/strong-granite-confirmatory-grpo-gsm8k_long-c2-s92/phase-memory-5031225.csv
run-fdc320c99c899125,cfg-fbe1c0422f98cb38,rollout,31990.0,completed_run,output/strengthening_granite_confirmatory/strong-granite-confirmatory-grpo-gsm8k_long-c2-s92/phase-memory-5031225.csv
run-fdc320c99c899125,cfg-fbe1c0422f98cb38,weight_sync,31846.0,completed_run,output/strengthening_granite_confirmatory/strong-granite-confirmatory-grpo-gsm8k_long-c2-s92/phase-memory-5031225.csv
run-fed2d540bcebaa8f,cfg-a9973fa41ccc608d,actor_update,16470.0,completed_run,output/review_instrumentation_batch/review-control-phi4_mini-gsm8k-s123-full_b8/attempt-5048576/phase-memory-5048576.csv
run-fed2d540bcebaa8f,cfg-a9973fa41ccc608d,idle,35518.0,completed_run,output/review_instrumentation_batch/review-control-phi4_mini-gsm8k-s123-full_b8/attempt-5048576/phase-memory-5048576.csv
run-fed2d540bcebaa8f,cfg-a9973fa41ccc608d,initializing,35398.0,completed_run,output/review_instrumentation_batch/review-control-phi4_mini-gsm8k-s123-full_b8/attempt-5048576/phase-memory-5048576.csv
run-fed2d540bcebaa8f,cfg-a9973fa41ccc608d,reference_logprob,13992.0,completed_run,output/review_instrumentation_batch/review-control-phi4_mini-gsm8k-s123-full_b8/attempt-5048576/phase-memory-5048576.csv
run-fed2d540bcebaa8f,cfg-a9973fa41ccc608d,rollout,35346.0,completed_run,output/review_instrumentation_batch/review-control-phi4_mini-gsm8k-s123-full_b8/attempt-5048576/phase-memory-5048576.csv
run-fed2d540bcebaa8f,cfg-a9973fa41ccc608d,weight_sync,35518.0,completed_run,output/review_instrumentation_batch/review-control-phi4_mini-gsm8k-s123-full_b8/attempt-5048576/phase-memory-5048576.csv
run-fed723e12bda1744,cfg-1432bb8a4d9c3b8c,actor_update,18500.0,completed_run,output/revision_topology/rev-topology-phi4_mini-math-c4-s111-four_gpu/attempt-5045381/phase-memory-5045381.csv
run-fed723e12bda1744,cfg-1432bb8a4d9c3b8c,idle,40014.0,completed_run,output/revision_topology/rev-topology-phi4_mini-math-c4-s111-four_gpu/attempt-5045381/phase-memory-5045381.csv
run-fed723e12bda1744,cfg-1432bb8a4d9c3b8c,initializing,40236.0,completed_run,output/revision_topology/rev-topology-phi4_mini-math-c4-s111-four_gpu/attempt-5045381/phase-memory-5045381.csv
run-fed723e12bda1744,cfg-1432bb8a4d9c3b8c,reference_logprob,12756.0,completed_run,output/revision_topology/rev-topology-phi4_mini-math-c4-s111-four_gpu/attempt-5045381/phase-memory-5045381.csv
run-fed723e12bda1744,cfg-1432bb8a4d9c3b8c,rollout,39948.0,completed_run,output/revision_topology/rev-topology-phi4_mini-math-c4-s111-four_gpu/attempt-5045381/phase-memory-5045381.csv
run-fed723e12bda1744,cfg-1432bb8a4d9c3b8c,weight_sync,40014.0,completed_run,output/revision_topology/rev-topology-phi4_mini-math-c4-s111-four_gpu/attempt-5045381/phase-memory-5045381.csv
run-feecb0898b4b6240,cfg-714c540f76d9525d,actor_update,15400.0,completed_run,output/revision_topology/rev-topology-qwen25_3b-math-c3-s111-four_gpu/attempt-5045321/phase-memory-5045321.csv
run-feecb0898b4b6240,cfg-714c540f76d9525d,idle,34212.0,completed_run,output/revision_topology/rev-topology-qwen25_3b-math-c3-s111-four_gpu/attempt-5045321/phase-memory-5045321.csv
run-feecb0898b4b6240,cfg-714c540f76d9525d,initializing,34186.0,completed_run,output/revision_topology/rev-topology-qwen25_3b-math-c3-s111-four_gpu/attempt-5045321/phase-memory-5045321.csv
run-feecb0898b4b6240,cfg-714c540f76d9525d,reference_logprob,10674.0,completed_run,output/revision_topology/rev-topology-qwen25_3b-math-c3-s111-four_gpu/attempt-5045321/phase-memory-5045321.csv
run-feecb0898b4b6240,cfg-714c540f76d9525d,rollout,33932.0,completed_run,output/revision_topology/rev-topology-qwen25_3b-math-c3-s111-four_gpu/attempt-5045321/phase-memory-5045321.csv
run-feecb0898b4b6240,cfg-714c540f76d9525d,weight_sync,34212.0,completed_run,output/revision_topology/rev-topology-qwen25_3b-math-c3-s111-four_gpu/attempt-5045321/phase-memory-5045321.csv
run-ff1284c713a6436e,cfg-c5eec07ea9371c25,actor_update,35290.0,completed_run,output/strengthening_factorial/strong-factorial-phi4_mini-grpo-code_heavy_tail-actor_only-s96/phase-memory-5031719.csv
run-ff1284c713a6436e,cfg-c5eec07ea9371c25,idle,35538.0,completed_run,output/strengthening_factorial/strong-factorial-phi4_mini-grpo-code_heavy_tail-actor_only-s96/phase-memory-5031719.csv
run-ff1284c713a6436e,cfg-c5eec07ea9371c25,initializing,35398.0,completed_run,output/strengthening_factorial/strong-factorial-phi4_mini-grpo-code_heavy_tail-actor_only-s96/phase-memory-5031719.csv
run-ff1284c713a6436e,cfg-c5eec07ea9371c25,reference_logprob,17914.0,completed_run,output/strengthening_factorial/strong-factorial-phi4_mini-grpo-code_heavy_tail-actor_only-s96/phase-memory-5031719.csv
run-ff1284c713a6436e,cfg-c5eec07ea9371c25,rollout,36100.0,completed_run,output/strengthening_factorial/strong-factorial-phi4_mini-grpo-code_heavy_tail-actor_only-s96/phase-memory-5031719.csv
run-ff1284c713a6436e,cfg-c5eec07ea9371c25,weight_sync,35538.0,completed_run,output/strengthening_factorial/strong-factorial-phi4_mini-grpo-code_heavy_tail-actor_only-s96/phase-memory-5031719.csv
run-ffb8d5eed847dd66,cfg-4743c1c830bad982,actor_update,18858.0,completed_run,output/revision_instrumentation/rev-instrumentation-phi4_mini-math-c2-s111-full/attempt-5045359/phase-memory-5045359.csv
run-ffb8d5eed847dd66,cfg-4743c1c830bad982,idle,35746.0,completed_run,output/revision_instrumentation/rev-instrumentation-phi4_mini-math-c2-s111-full/attempt-5045359/phase-memory-5045359.csv
run-ffb8d5eed847dd66,cfg-4743c1c830bad982,initializing,35920.0,completed_run,output/revision_instrumentation/rev-instrumentation-phi4_mini-math-c2-s111-full/attempt-5045359/phase-memory-5045359.csv
run-ffb8d5eed847dd66,cfg-4743c1c830bad982,reference_logprob,16848.0,completed_run,output/revision_instrumentation/rev-instrumentation-phi4_mini-math-c2-s111-full/attempt-5045359/phase-memory-5045359.csv
run-ffb8d5eed847dd66,cfg-4743c1c830bad982,rollout,36056.0,completed_run,output/revision_instrumentation/rev-instrumentation-phi4_mini-math-c2-s111-full/attempt-5045359/phase-memory-5045359.csv
run-ffb8d5eed847dd66,cfg-4743c1c830bad982,weight_sync,35746.0,completed_run,output/revision_instrumentation/rev-instrumentation-phi4_mini-math-c2-s111-full/attempt-5045359/phase-memory-5045359.csv
run-ffd4cbe677d09435,cfg-75662a6552e74f29,actor_update,12446.0,completed_run,output/strengthening_factorial/strong-factorial-granite33_2b-grpo-math_short-base-s94/phase-memory-5031406.csv
run-ffd4cbe677d09435,cfg-75662a6552e74f29,idle,32710.0,completed_run,output/strengthening_factorial/strong-factorial-granite33_2b-grpo-math_short-base-s94/phase-memory-5031406.csv
run-ffd4cbe677d09435,cfg-75662a6552e74f29,initializing,32308.0,completed_run,output/strengthening_factorial/strong-factorial-granite33_2b-grpo-math_short-base-s94/phase-memory-5031406.csv
run-ffd4cbe677d09435,cfg-75662a6552e74f29,reference_logprob,10364.0,completed_run,output/strengthening_factorial/strong-factorial-granite33_2b-grpo-math_short-base-s94/phase-memory-5031406.csv
run-ffd4cbe677d09435,cfg-75662a6552e74f29,rollout,32420.0,completed_run,output/strengthening_factorial/strong-factorial-granite33_2b-grpo-math_short-base-s94/phase-memory-5031406.csv
run-ffd4cbe677d09435,cfg-75662a6552e74f29,weight_sync,32710.0,completed_run,output/strengthening_factorial/strong-factorial-granite33_2b-grpo-math_short-base-s94/phase-memory-5031406.csv
